release	subset	condition	construct	analysis_class	evidence_class	truth_unit	metric_unit	opportunities	eligible	native_explicit	retained_records	opportunities_control	opportunities_modified	eligible_control	eligible_modified	explicit_control	explicit_modified	retained_control	retained_modified	scored	scored_control	scored_modified	Brier_control	Brier_modified	Brier_observed	Brier_equal_class	log_loss	log_loss_control	log_loss_modified	balanced_accuracy	FPR	TP	TN	FP	FN	native_interval_points	Brier_interval_infimum	Brier_interval_supremum	log_loss_interval_infimum	log_loss_interval_supremum	conditional_scope	explicit_coverage_0	explicit_coverage_1
2025_DRACH	full	canonical	ALL	POSTHOC_ROBUSTNESS_ANALYSIS	OBSERVED_NATIVE_INPUT	provider_construct_condition	read_site	393828	389127	213372	393828	197563	196265	195537	193590	20877	192495	197563	196265	213372	20877	192495	0.12208715896471231	0.03115281807286061	0.04005012528654932	0.07661998851878646	0.13151708050783012	0.4484841698167955	0.09714048930544425	0.9026438165594005	0.1475786750969967	183422	17796	3081	9073	213372	0.03974858706582485	0.04035929290180504	0.1281202937408935	INFINITE	eligible explicit probability subset	0.10567262088548969	0.9807912770998395
2025_DRACH	full	canonical	DRACH_oligo_0	POSTHOC_ROBUSTNESS_ANALYSIS	OBSERVED_NATIVE_INPUT	provider_construct_condition	read_site	78921	78221	42504	78921	39383	39538	39081	39140	3655	38849	39383	39538	42504	3655	38849	0.12306261284406796	0.0366810693063068	0.04410918293397754	0.07987184107518738	0.145079747608243	0.46460567205569236	0.11501804064396005	0.8990641235054423	0.146374829001368	36693	3120	535	2156	42504	0.043776234103173564	0.04444976115931276	0.14149073198392567	INFINITE	eligible explicit probability subset	0.09280654089327883	0.982573726541555
2025_DRACH	full	canonical	DRACH_oligo_1	POSTHOC_ROBUSTNESS_ANALYSIS	OBSERVED_NATIVE_INPUT	provider_construct_condition	read_site	78279	77439	41946	78279	39197	39082	38816	38623	3535	38411	39197	39082	41946	3535	38411	0.11466407074449424	0.030832121371043564	0.037897060603274246	0.0727480960577689	0.12361107802940469	0.4115161662960693	0.09711490539597523	0.9077586766550144	0.13889674681753889	36660	3044	491	1751	41946	0.037611187848616	0.038190562752463734	0.12062173921761747	INFINITE	eligible explicit probability subset	0.09018547337806465	0.982830970779387
2025_DRACH	full	canonical	DRACH_oligo_2	POSTHOC_ROBUSTNESS_ANALYSIS	OBSERVED_NATIVE_INPUT	provider_construct_condition	read_site	79007	77733	45197	79007	39772	39235	39238	38495	6944	38253	39772	39235	45197	6944	38253	0.11647083352787703	0.04219315980888269	0.053605071358425724	0.07933199666837987	0.1740639887452934	0.4084262305932538	0.1315206220187037	0.8950616117605787	0.1461693548387097	35816	5929	1015	2437	45197	0.05319329463562813	0.054024477475754576	0.17067655700681664	INFINITE	eligible explicit probability subset	0.1745951925978075	0.9749713266216389
2025_DRACH	full	canonical	DRACH_oligo_3	POSTHOC_ROBUSTNESS_ANALYSIS	OBSERVED_NATIVE_INPUT	provider_construct_condition	read_site	78788	77963	42219	78788	39634	39154	39295	38668	3732	38487	39634	39154	42219	3732	38487	0.1489173055078439	0.022404819216648792	0.03358804475109395	0.08566106236224635	0.11533952152063866	0.5963918006073551	0.06869293681537128	0.8955458255123854	0.17416934619506966	37150	3082	650	1337	42219	0.03334432527069603	0.033839393626023125	0.11102381752976344	INFINITE	eligible explicit probability subset	0.09416157844275118	0.9829647034785718
2025_DRACH	full	canonical	DRACH_oligo_4	POSTHOC_ROBUSTNESS_ANALYSIS	OBSERVED_NATIVE_INPUT	provider_construct_condition	read_site	78833	77771	41506	78833	39577	39256	39107	38664	3011	38495	39577	39256	41506	3011	38495	0.10931565111477642	0.023668970518537058	0.029882100072704566	0.06649231081665674	0.0957431039453012	0.38137319459942004	0.07340170368657793	0.9171571924720412	0.12952507472600466	37103	2621	390	1392	41506	0.029658125893601978	0.030113703646338405	0.09305591652505046	INFINITE	eligible explicit probability subset	0.07607954114763625	0.980614428367638
2025_DRACH	full	high_p_filter	ALL	POSTHOC_ROBUSTNESS_ANALYSIS	CONTROLLED_ERROR_INJECTION	provider_construct_condition	read_site	393828	389127	213372	170214	197563	196265	195537	193590	20877	192495	742	169472	170214	742	169472	0.9349669896046107	0.00031135287529752336	0.004385720920541454	0.4676391712399541	0.026348031921533413	4.185880234476164	0.008136333857572784	0.5	1.0	169472	0	742	0	170214	0.004342068550902054	0.004437002684712104	0.023282973037689975	INFINITE	selected p>=0.9 subset; whole-population claim invalid	0.10567262088548969	0.9807912770998395
2025_DRACH	full	high_p_filter	DRACH_oligo_0	POSTHOC_ROBUSTNESS_ANALYSIS	CONTROLLED_ERROR_INJECTION	provider_construct_condition	read_site	78921	78221	42504	33313	39383	39538	39081	39140	3655	38849	134	33179	33313	134	33179	0.9468383219704699	0.00040306710554486414	0.004210059095215562	0.47362069453800737	0.02799786162334085	4.517999966569384	0.009864093816512137	0.5	1.0	33179	0	134	0	33313	0.004161035546136268	0.004266712038826106	0.024763696303862735	INFINITE	selected p>=0.9 subset; whole-population claim invalid	0.09280654089327883	0.982573726541555
2025_DRACH	full	high_p_filter	DRACH_oligo_1	POSTHOC_ROBUSTNESS_ANALYSIS	CONTROLLED_ERROR_INJECTION	provider_construct_condition	read_site	78279	77439	41946	33958	39197	39082	38816	38623	3535	38411	122	33836	33958	122	33836	0.9212079282666816	0.0003325830665459403	0.003640987334006231	0.4607702556666138	0.0220451183294078	3.7504446450406443	0.008601899797111697	0.5	1.0	33836	0	122	0	33958	0.0035985358802314163	0.0036910681823122955	0.019497074774287568	INFINITE	selected p>=0.9 subset; whole-population claim invalid	0.09018547337806465	0.982830970779387
2025_DRACH	full	high_p_filter	DRACH_oligo_2	POSTHOC_ROBUSTNESS_ANALYSIS	CONTROLLED_ERROR_INJECTION	provider_construct_condition	read_site	79007	77733	45197	32058	39772	39235	39238	38495	6944	38253	194	31864	32058	194	31864	0.9206304255220079	0.00047119029526611144	0.006039562983331115	0.460550807908637	0.033959505678015714	3.7661629014739018	0.01123644960268299	0.5	1.0	31864	0	194	0	32058	0.005978039239303567	0.006108716121889914	0.03097001533193892	INFINITE	selected p>=0.9 subset; whole-population claim invalid	0.1745951925978075	0.9749713266216389
2025_DRACH	full	high_p_filter	DRACH_oligo_3	POSTHOC_ROBUSTNESS_ANALYSIS	CONTROLLED_ERROR_INJECTION	provider_construct_condition	read_site	78788	77963	42219	35561	39634	39154	39295	38668	3732	38487	232	35329	35561	232	35329	0.9516009626717403	0.00018500596088315592	0.00639204462562596	0.4758929843163117	0.036331769843466095	4.701759404267609	0.005694638557938593	0.5	1.0	35329	0	232	0	35561	0.006349286783405627	0.006442431862377543	0.03203501813624841	INFINITE	selected p>=0.9 subset; whole-population claim invalid	0.09416157844275118	0.9829647034785718
2025_DRACH	full	high_p_filter	DRACH_oligo_4	POSTHOC_ROBUSTNESS_ANALYSIS	CONTROLLED_ERROR_INJECTION	provider_construct_condition	read_site	78833	77771	41506	35324	39577	39256	39107	38664	3011	38495	60	35264	35324	60	35264	0.9184679667154948	0.00018684401053482304	0.0017466013246073403	0.4593274053630148	0.011970193425834478	3.691885118167205	0.005708995164591219	0.5	1.0	35264	0	60	0	35324	0.0017221783635948647	0.001778653680151066	0.009738966737263634	INFINITE	selected p>=0.9 subset; whole-population claim invalid	0.07607954114763625	0.980614428367638
2025_DRACH	full	missing_zero	ALL	POSTHOC_ROBUSTNESS_ANALYSIS	CONTROLLED_ERROR_INJECTION	provider_construct_condition	read_site	393828	389127	213372	393828	197563	196265	195537	193590	20877	192495	197563	196265	389127	195537	193590	0.013034942837960585	0.036632892788549525	0.02477488154931835	0.024833917813255054	INFINITE	0.0478835412902174	INFINITE	0.9658600085675525	0.015756608723668665	183422	192456	3081	10168	213372					invalid probability: missing replaced by zero	0.10567262088548969	0.9807912770998395
2025_DRACH	full	missing_zero	DRACH_oligo_0	POSTHOC_ROBUSTNESS_ANALYSIS	CONTROLLED_ERROR_INJECTION	provider_construct_condition	read_site	78921	78221	42504	78921	39383	39538	39081	39140	3655	38849	39383	39538	78221	39081	39140	0.01150927176748467	0.04384320034442291	0.02768843036301992	0.02767623605595379	INFINITE	0.04345164482391842	INFINITE	0.9618956606862283	0.013689516644916968	36693	38546	535	2447	42504					invalid probability: missing replaced by zero	0.09280654089327883	0.982573726541555
2025_DRACH	full	missing_zero	DRACH_oligo_1	POSTHOC_ROBUSTNESS_ANALYSIS	CONTROLLED_ERROR_INJECTION	provider_construct_condition	read_site	78279	77439	41946	78279	39197	39082	38816	38623	3535	38411	39197	39082	77439	38816	38623	0.010442536327333756	0.03615184252862683	0.023265151978524277	0.023297189427980293	INFINITE	0.03747706223868005	INFINITE	0.9682629694563246	0.012649422918384171	36660	38325	491	1963	41946					invalid probability: missing replaced by zero	0.09018547337806465	0.982830970779387
2025_DRACH	full	missing_zero	DRACH_oligo_2	POSTHOC_ROBUSTNESS_ANALYSIS	CONTROLLED_ERROR_INJECTION	provider_construct_condition	read_site	79007	77733	45197	79007	39772	39235	39238	38495	6944	38253	39772	39235	77733	39238	38495	0.02061199520917422	0.04821444193191816	0.034281301508841386	0.03441321857054619	INFINITE	0.07227972234159627	INFINITE	0.952269382536118	0.02586778123247872	35816	38223	1015	2679	45197					invalid probability: missing replaced by zero	0.1745951925978075	0.9749713266216389
2025_DRACH	full	missing_zero	DRACH_oligo_3	POSTHOC_ROBUSTNESS_ANALYSIS	CONTROLLED_ERROR_INJECTION	provider_construct_condition	read_site	78788	77963	42219	78788	39634	39154	39295	38668	3732	38487	39634	39154	77963	39295	38668	0.014143259553512493	0.02698081817500678	0.020510417266478145	0.020562038864259637	INFINITE	0.056641664330491136	INFINITE	0.9721005941417071	0.016541544725792084	37150	38645	650	1518	42219					invalid probability: missing replaced by zero	0.09416157844275118	0.9829647034785718
2025_DRACH	full	missing_zero	DRACH_oligo_4	POSTHOC_ROBUSTNESS_ANALYSIS	CONTROLLED_ERROR_INJECTION	provider_construct_condition	read_site	78833	77771	41506	78833	39577	39256	39107	38664	3011	38495	39577	39256	77771	39107	38664	0.008416637060029963	0.027936504761821954	0.01812097627158807	0.01817657091092596	INFINITE	0.029363405245578893	INFINITE	0.974826943398925	0.009972639169458153	37103	38717	390	1561	41506					invalid probability: missing replaced by zero	0.07607954114763625	0.980614428367638
2025_DRACH	full	site_mean_as_read	ALL	POSTHOC_ROBUSTNESS_ANALYSIS	CONTROLLED_ERROR_INJECTION	provider_construct_condition	read_site	393828	389127	213372	393828	197563	196265	195537	193590	20877	192495	197563	196265	213372	20877	192495	0.06509199804925263	0.0042108672087982375	0.01016767207802272	0.03465143262902543	0.08407232716186869	0.2916380540854969	0.06156083501410076	1.0	0.0	192495	20877	0	0	0					invalid unit: repeated site means	0.10567262088548969	0.9807912770998395
2025_DRACH	full	site_mean_as_read	DRACH_oligo_0	POSTHOC_ROBUSTNESS_ANALYSIS	CONTROLLED_ERROR_INJECTION	provider_construct_condition	read_site	78921	78221	42504	78921	39383	39538	39081	39140	3655	38849	39383	39538	42504	3655	38849	0.06407759509926698	0.0056064485945068665	0.010634493966116555	0.03484202184688692	0.09227678115706199	0.2910347302729489	0.07357719290463421	1.0	0.0	38849	3655	0	0	0					invalid unit: repeated site means	0.09280654089327883	0.982573726541555
2025_DRACH	full	site_mean_as_read	DRACH_oligo_1	POSTHOC_ROBUSTNESS_ANALYSIS	CONTROLLED_ERROR_INJECTION	provider_construct_condition	read_site	78279	77439	41946	78279	39197	39082	38816	38623	3535	38411	39197	39082	41946	3535	38411	0.05911373780122423	0.003530718868201145	0.00821497891512425	0.03132222833471269	0.07886374441226641	0.2748158411103405	0.060830090984141875	1.0	0.0	38411	3535	0	0	0					invalid unit: repeated site means	0.09018547337806465	0.982830970779387
2025_DRACH	full	site_mean_as_read	DRACH_oligo_2	POSTHOC_ROBUSTNESS_ANALYSIS	CONTROLLED_ERROR_INJECTION	provider_construct_condition	read_site	79007	77733	45197	79007	39772	39235	39238	38495	6944	38253	39772	39235	45197	6944	38253	0.06290018756485916	0.007835153484697264	0.016295263594940074	0.03536767052477821	0.11587354146243442	0.2840500105041585	0.08534476199348474	1.0	0.0	38253	6944	0	0	0					invalid unit: repeated site means	0.1745951925978075	0.9749713266216389
2025_DRACH	full	site_mean_as_read	DRACH_oligo_3	POSTHOC_ROBUSTNESS_ANALYSIS	CONTROLLED_ERROR_INJECTION	provider_construct_condition	read_site	78788	77963	42219	78788	39634	39154	39295	38668	3732	38487	39634	39154	42219	3732	38487	0.07966368318228086	0.002083691798681682	0.008941469762242926	0.04087368749048127	0.0687274201165663	0.33113441546736083	0.0432823891541851	1.0	0.0	38487	3732	0	0	0					invalid unit: repeated site means	0.09416157844275118	0.9829647034785718
2025_DRACH	full	site_mean_as_read	DRACH_oligo_4	POSTHOC_ROBUSTNESS_ANALYSIS	CONTROLLED_ERROR_INJECTION	provider_construct_condition	read_site	78833	77771	41506	78833	39577	39256	39107	38664	3011	38495	39577	39256	41506	3011	38495	0.060335835925753624	0.0020063474985623857	0.006237786077425028	0.031171091712158004	0.061913705449491416	0.28066582736804097	0.04480336283105389	1.0	0.0	38495	3011	0	0	0					invalid unit: repeated site means	0.07607954114763625	0.980614428367638
2025_DRACH	original_first100	canonical	ALL	POSTHOC_ROBUSTNESS_ANALYSIS	OBSERVED_NATIVE_INPUT	provider_construct_condition	read_site	3957	3909	2332	3957	1978	1979	1957	1952	389	1943	1978	1979	2332	389	1943	0.08808821455065573	0.07067409128610215	0.07357893431779655	0.07938115291837894	0.21659751617016468	0.3268645436312642	0.1945214103120238	0.9030207970871642	0.06940874035989718	1701	362	27	242	2332	0.07305994573629128	0.07410555229383309	0.2136674255742453	0.21955688128380801	eligible explicit probability subset	0.19666329625884732	0.9818089944416372
2025_DRACH	original_first100	canonical	DRACH_oligo_0	POSTHOC_ROBUSTNESS_ANALYSIS	OBSERVED_NATIVE_INPUT	provider_construct_condition	read_site	796	784	432	796	397	399	394	390	46	386	397	399	432	46	386	0.10248515916907269	0.04437321084768661	0.05056105719672309	0.07342918500837965	0.1553624334982176	0.3409471127483769	0.1332461245720328	0.8850529398513178	0.15217391304347827	356	39	7	30	432	0.050175101668746384	0.05095464211923105	0.15277844048762293	0.1579587519261135	eligible explicit probability subset	0.11586901763224182	0.9674185463659147
2025_DRACH	original_first100	canonical	DRACH_oligo_1	POSTHOC_ROBUSTNESS_ANALYSIS	OBSERVED_NATIVE_INPUT	provider_construct_condition	read_site	798	795	441	798	400	398	398	397	44	397	400	398	441	44	397	0.1063964150168679	0.03270297687059686	0.04005561015503206	0.06954969594373238	0.13147706944245696	0.40517624487834425	0.1011426520137944	0.9394607281886879	0.06818181818181818	376	41	3	21	441	0.03975495837983631	0.04036389132475907	0.12855896814877119	0.1344723319111313	eligible explicit probability subset	0.11	0.9974874371859297
2025_DRACH	original_first100	canonical	DRACH_oligo_2	POSTHOC_ROBUSTNESS_ANALYSIS	OBSERVED_NATIVE_INPUT	provider_construct_condition	read_site	795	780	465	795	400	395	391	389	78	387	400	395	465	78	387	0.09383010864257812	0.05003198234301821	0.05737876481907342	0.07193104549279816	0.1777018035665172	0.32918415216769165	0.1471704774918619	0.9137845358775593	0.08974358974358974	355	71	7	32	465	0.05693241242439516	0.05783274660828293	0.17503284632256574	0.1803844834440423	eligible explicit probability subset	0.195	0.979746835443038
2025_DRACH	original_first100	canonical	DRACH_oligo_3	POSTHOC_ROBUSTNESS_ANALYSIS	OBSERVED_NATIVE_INPUT	provider_construct_condition	read_site	773	767	574	773	383	390	381	386	190	384	383	390	574	190	384	0.08096277337325247	0.20293426513671875	0.16256042639968288	0.1419485192549856	0.4511432024742544	0.3166108837255986	0.5177086726884329	0.7901178728070175	0.04736842105263158	241	181	9	143	574	0.1614862634745209	0.1636422187193761	0.44740969961501653	0.45489990636519173	eligible explicit probability subset	0.4960835509138381	0.9846153846153847
2025_DRACH	original_first100	canonical	DRACH_oligo_4	POSTHOC_ROBUSTNESS_ANALYSIS	OBSERVED_NATIVE_INPUT	provider_construct_condition	read_site	795	783	420	795	398	397	393	390	31	389	398	397	420	31	389	0.06996388589182208	0.025499956773301937	0.02878181820824033	0.04773192133256201	0.09147598079718637	0.2518243140175991	0.07869757892100951	0.9633054150427067	0.03225806451612903	373	30	1	16	420	0.02857506161644345	0.028996204194568453	0.08898620018063359	0.09398770689012073	eligible explicit probability subset	0.07788944723618091	0.9798488664987406
2025_DRACH	original_first100	high_p_filter	ALL	POSTHOC_ROBUSTNESS_ANALYSIS	CONTROLLED_ERROR_INJECTION	provider_construct_condition	read_site	3957	3909	2332	1585	1978	1979	1957	1952	389	1943	3	1582	1585	3	1582	0.9077898661295573	0.0003385242409109316	0.00205609775868124	0.4540641951852341	0.014585986236148067	3.2599094866962166	0.008431769737171956	0.5	1.0	1582	0	3	0	1585	0.0020206872597101737	0.0020991376521835568	0.012499642311219401	0.016690385869838974	selected p>=0.9 subset; whole-population claim invalid	0.19666329625884732	0.9818089944416372
2025_DRACH	original_first100	high_p_filter	DRACH_oligo_0	POSTHOC_ROBUSTNESS_ANALYSIS	CONTROLLED_ERROR_INJECTION	provider_construct_condition	read_site	796	784	432	324	397	399	394	390	46	386	0	324	324	0	324		0.00041768580307195214	0.00041768580307195214		0.010345451836499913		0.010345451836499913			324	0	0	0	324	0.0003819406768422068	0.00046106032383294755	0.00837362163787111	0.012321179227720159	selected p>=0.9 subset; whole-population claim invalid	0.11586901763224182	0.9674185463659147
2025_DRACH	original_first100	high_p_filter	DRACH_oligo_1	POSTHOC_ROBUSTNESS_ANALYSIS	CONTROLLED_ERROR_INJECTION	provider_construct_condition	read_site	798	795	441	353	400	398	398	397	44	397	2	351	353	2	351	0.9277076721191406	0.0003752423147869925	0.005629250415661517	0.4640414572169638	0.029036029210936416	3.548375948269278	0.008982810298923076	0.5	1.0	351	0	2	0	353	0.005577627727735481	0.005688502498118803	0.02660983900387838	0.031527444796176765	selected p>=0.9 subset; whole-population claim invalid	0.11	0.9974874371859297
2025_DRACH	original_first100	high_p_filter	DRACH_oligo_2	POSTHOC_ROBUSTNESS_ANALYSIS	CONTROLLED_ERROR_INJECTION	provider_construct_condition	read_site	795	780	465	319	400	395	391	389	78	387	1	318	319	1	318	0.8679542541503906	0.0004714629935018671	0.0031908447839623334	0.43421285857194625	0.018857871901024524	2.682976563550094	0.01048014016627902	0.5	1.0	318	0	1	0	319	0.0031434062132641065	0.0032459127491918103	0.0168035881849726	0.020918602199254132	selected p>=0.9 subset; whole-population claim invalid	0.195	0.979746835443038
2025_DRACH	original_first100	high_p_filter	DRACH_oligo_3	POSTHOC_ROBUSTNESS_ANALYSIS	CONTROLLED_ERROR_INJECTION	provider_construct_condition	read_site	773	767	574	228	383	390	381	386	190	384	0	228	228	0	228		0.00019695884303042762	0.00019695884303042762		0.0061332217545677055		0.0061332217545677055			228	0	0	0	228	0.00017721611156798245	0.0002243309690241228	0.0041698382931182046	0.008100468377245141	selected p>=0.9 subset; whole-population claim invalid	0.4960835509138381	0.9846153846153847
2025_DRACH	original_first100	high_p_filter	DRACH_oligo_4	POSTHOC_ROBUSTNESS_ANALYSIS	CONTROLLED_ERROR_INJECTION	provider_construct_condition	read_site	795	783	420	361	398	397	393	390	31	389	0	361	361	0	361		0.0002040810201967192	0.0002040810201967192		0.005825783327811377		0.005825783327811377			361	0	0	0	361	0.00018555701934729917	0.00023023441557738918	0.0038629881507097987	0.00779243941631329	selected p>=0.9 subset; whole-population claim invalid	0.07788944723618091	0.9798488664987406
2025_DRACH	original_first100	missing_zero	ALL	POSTHOC_ROBUSTNESS_ANALYSIS	CONTROLLED_ERROR_INJECTION	provider_construct_condition	read_site	3957	3909	2332	3957	1978	1979	1957	1952	389	1943	1978	1979	3909	1957	1952	0.0175096144405749	0.07495889311931173	0.04619751210772616	0.046234253779943314	INFINITE	0.0649720528730515	INFINITE	0.9288086534675859	0.013796627491057742	1701	1930	27	251	2332					invalid probability: missing replaced by zero	0.19666329625884732	0.9818089944416372
2025_DRACH	original_first100	missing_zero	DRACH_oligo_0	POSTHOC_ROBUSTNESS_ANALYSIS	CONTROLLED_ERROR_INJECTION	provider_construct_condition	read_site	796	784	432	796	397	399	394	390	46	386	397	399	784	394	390	0.011965272390297826	0.0541745112492488	0.03296221519003109	0.03306989181977331	INFINITE	0.03980600808737395	INFINITE	0.9475270076792919	0.017766497461928935	356	387	7	34	432					invalid probability: missing replaced by zero	0.11586901763224182	0.9674185463659147
2025_DRACH	original_first100	missing_zero	DRACH_oligo_1	POSTHOC_ROBUSTNESS_ANALYSIS	CONTROLLED_ERROR_INJECTION	provider_construct_condition	read_site	798	795	441	798	400	398	398	397	44	397	400	398	795	398	397	0.01176241774055826	0.03270297687059686	0.022219527142602693	0.02223269730557756	0.07293256304921197	0.04479335370514358	0.1011426520137944	0.9697827930584914	0.007537688442211055	376	395	3	21	441					invalid probability: missing replaced by zero	0.11	0.9974874371859297
2025_DRACH	original_first100	missing_zero	DRACH_oligo_2	POSTHOC_ROBUSTNESS_ANALYSIS	CONTROLLED_ERROR_INJECTION	provider_construct_condition	read_site	795	780	465	795	400	395	391	389	78	387	400	395	780	391	389	0.018718026788033488	0.05491613667544485	0.03677067389855018	0.03681708173173917	INFINITE	0.06566844979304334	INFINITE	0.9473467938645225	0.017902813299232736	355	384	7	34	465					invalid probability: missing replaced by zero	0.195	0.979746835443038
2025_DRACH	original_first100	missing_zero	DRACH_oligo_3	POSTHOC_ROBUSTNESS_ANALYSIS	CONTROLLED_ERROR_INJECTION	provider_construct_condition	read_site	773	767	574	773	383	390	381	386	190	384	383	390	767	381	386	0.04037513632786868	0.20706413941062177	0.12426295274239631	0.12371963786924522	INFINITE	0.1578899420153904	INFINITE	0.8003651421810616	0.023622047244094488	241	372	9	145	574					invalid probability: missing replaced by zero	0.4960835509138381	0.9846153846153847
2025_DRACH	original_first100	missing_zero	DRACH_oligo_4	POSTHOC_ROBUSTNESS_ANALYSIS	CONTROLLED_ERROR_INJECTION	provider_construct_condition	read_site	795	783	420	795	398	397	393	390	31	389	398	397	783	393	390	0.005518779803171716	0.027998674832857572	0.016715662385007584	0.016758727318014643	INFINITE	0.019864004413601963	INFINITE	0.976932863574085	0.002544529262086514	373	392	1	17	420					invalid probability: missing replaced by zero	0.07788944723618091	0.9798488664987406
2025_DRACH	original_first100	site_mean_as_read	ALL	POSTHOC_ROBUSTNESS_ANALYSIS	CONTROLLED_ERROR_INJECTION	provider_construct_condition	read_site	3957	3909	2332	3957	1978	1979	1957	1952	389	1943	1978	1979	2332	389	1943	0.06263842501475986	0.02072915217266758	0.0277200214417816	0.041683788593713716	0.15063576064615558	0.28455250128859955	0.12382484345114234	1.0	0.0	1943	389	0	0	0					invalid unit: repeated site means	0.19666329625884732	0.9818089944416372
2025_DRACH	original_first100	site_mean_as_read	DRACH_oligo_0	POSTHOC_ROBUSTNESS_ANALYSIS	CONTROLLED_ERROR_INJECTION	provider_construct_condition	read_site	796	784	432	796	397	399	394	390	46	386	397	399	432	46	386	0.06603848909492573	0.007148412390460591	0.01341911500251012	0.03659345074269316	0.10748515331774515	0.2949628858346167	0.0851432473701387	1.0	0.0	386	46	0	0	0					invalid unit: repeated site means	0.11586901763224182	0.9674185463659147
2025_DRACH	original_first100	site_mean_as_read	DRACH_oligo_1	POSTHOC_ROBUSTNESS_ANALYSIS	CONTROLLED_ERROR_INJECTION	provider_construct_condition	read_site	798	795	441	798	400	398	398	397	44	397	400	398	441	44	397	0.0599886819350818	0.003801322676700341	0.00940731770474747	0.03189500230589107	0.08350463059553549	0.26555471066821723	0.06332779552450779	1.0	0.0	397	44	0	0	0					invalid unit: repeated site means	0.11	0.9974874371859297
2025_DRACH	original_first100	site_mean_as_read	DRACH_oligo_2	POSTHOC_ROBUSTNESS_ANALYSIS	CONTROLLED_ERROR_INJECTION	provider_construct_condition	read_site	795	780	465	795	400	395	391	389	78	387	400	395	465	78	387	0.057528072530345274	0.0104385939649814	0.01833747424046179	0.03398333324766334	0.12583356515504626	0.27236141622455345	0.09630081997824635	1.0	0.0	387	78	0	0	0					invalid unit: repeated site means	0.195	0.979746835443038
2025_DRACH	original_first100	site_mean_as_read	DRACH_oligo_3	POSTHOC_ROBUSTNESS_ANALYSIS	CONTROLLED_ERROR_INJECTION	provider_construct_condition	read_site	773	767	574	773	383	390	381	386	190	384	383	390	574	190	384	0.06827515512593713	0.08097571291022797	0.07677169552518397	0.07462543401808255	0.32350499955242845	0.3026341097689646	0.3338317418932048	1.0	0.0	384	190	0	0	0					invalid unit: repeated site means	0.4960835509138381	0.9846153846153847
2025_DRACH	original_first100	site_mean_as_read	DRACH_oligo_4	POSTHOC_ROBUSTNESS_ANALYSIS	CONTROLLED_ERROR_INJECTION	provider_construct_condition	read_site	795	783	420	795	398	397	393	390	31	389	398	397	420	31	389	0.03966469986891661	0.0022465829412594792	0.005008396333538934	0.020955641405088044	0.056711876097017465	0.21592102135009222	0.044024257837775006	1.0	0.0	389	31	0	0	0					invalid unit: repeated site means	0.07788944723618091	0.9798488664987406
2025_DRACH	seed_101	canonical	ALL	POSTHOC_ROBUSTNESS_ANALYSIS	OBSERVED_NATIVE_INPUT	provider_construct_condition	read_site	3940	3891	2164	3940	1968	1972	1945	1946	227	1937	1968	1972	2164	227	1937	0.17344354637919018	0.029270156364066734	0.04439370513182691	0.10135685137162846	0.15469558712450576	0.6814460186383267	0.09296489638953552	0.8703874696098921	0.21585903083700442	1853	178	49	84	2164	0.0440749981046384	0.044720041553546676	0.14945712822964327	INFINITE	eligible explicit probability subset	0.11534552845528455	0.9822515212981744
2025_DRACH	seed_101	canonical	DRACH_oligo_0	POSTHOC_ROBUSTNESS_ANALYSIS	OBSERVED_NATIVE_INPUT	provider_construct_condition	read_site	789	782	427	789	393	396	392	390	41	386	393	396	427	41	386	0.19824600219726562	0.036364797483454094	0.05190842603911282	0.11730539984035986	0.18862791841658527	0.8597778748895011	0.11733996967205276	0.8290471376216353	0.2926829268292683	367	29	12	19	427	0.05153879348790618	0.052285687984850705	0.180900996943837	INFINITE	eligible explicit probability subset	0.10432569974554708	0.9747474747474747
2025_DRACH	seed_101	canonical	DRACH_oligo_1	POSTHOC_ROBUSTNESS_ANALYSIS	OBSERVED_NATIVE_INPUT	provider_construct_condition	read_site	787	776	424	787	394	393	387	389	37	387	394	393	424	37	387	0.13932893082902237	0.025099673012430355	0.035067792208689566	0.08221430192072636	0.11218381790638017	0.42720146558755256	0.08206585159060917	0.902123053285844	0.16216216216216217	374	31	6	13	424	0.03479676876427992	0.03534644504763045	0.10972640357890753	0.11465353521413496	eligible explicit probability subset	0.09390862944162437	0.9847328244274809
2025_DRACH	seed_101	canonical	DRACH_oligo_2	POSTHOC_ROBUSTNESS_ANALYSIS	OBSERVED_NATIVE_INPUT	provider_construct_condition	read_site	792	778	466	792	396	396	388	390	77	389	396	396	466	77	389	0.22147027548257406	0.035162025981206824	0.06594686549108938	0.12831615073189045	0.24379888212564543	0.9086990092178971	0.11218626056753905	0.8301505692251194	0.2857142857142857	368	55	22	21	466	0.0654922943770118	0.06640906599969823	0.2341430772155563	INFINITE	eligible explicit probability subset	0.19444444444444445	0.9823232323232324
2025_DRACH	seed_101	canonical	DRACH_oligo_3	POSTHOC_ROBUSTNESS_ANALYSIS	OBSERVED_NATIVE_INPUT	provider_construct_condition	read_site	786	778	425	786	395	391	392	386	39	386	395	391	425	39	386	0.10157726972531049	0.014076529389218346	0.022106009090647978	0.057826899557264416	0.07321195213340953	0.3505390058866605	0.04519186121015362	0.9383552544174305	0.10256410256410256	378	35	4	8	425	0.02191144157858456	0.022308205997242647	0.07098319570427715	0.07544882848890154	eligible explicit probability subset	0.09873417721518987	0.9872122762148338
2025_DRACH	seed_101	canonical	DRACH_oligo_4	POSTHOC_ROBUSTNESS_ANALYSIS	OBSERVED_NATIVE_INPUT	provider_construct_condition	read_site	786	777	422	786	390	396	386	391	33	389	390	396	422	33	389	0.15374859896573154	0.03556385383507893	0.044805788880840865	0.09465622640040523	0.14674367737913172	0.6057592180101017	0.10780405568036047	0.8946794422372828	0.15151515151515152	366	28	5	23	422	0.04451570917644772	0.045103497979765254	0.1430757642647057	0.15075578515526802	eligible explicit probability subset	0.08461538461538462	0.9823232323232324
2025_DRACH	seed_101	high_p_filter	ALL	POSTHOC_ROBUSTNESS_ANALYSIS	CONTROLLED_ERROR_INJECTION	provider_construct_condition	read_site	3940	3891	2164	1719	1968	1972	1945	1946	227	1937	16	1703	1719	16	1703	0.9660320281982422	0.0002691724758181793	0.009258239195747664	0.48315060033703017	0.052841462707882	4.875944699780394	0.007527515677253584	0.5	1.0	1703	0	16	0	1719	0.009197738851621583	0.009326368934404996	0.04747041397264785	INFINITE	selected p>=0.9 subset; whole-population claim invalid	0.11534552845528455	0.9822515212981744
2025_DRACH	seed_101	high_p_filter	DRACH_oligo_0	POSTHOC_ROBUSTNESS_ANALYSIS	CONTROLLED_ERROR_INJECTION	provider_construct_condition	read_site	789	782	427	327	393	396	392	390	41	386	4	323	327	4	323	0.9807472229003906	0.0002947237469463526	0.012288026488884508	0.4905209733236685	0.07540152071073429	5.530021289025453	0.007852049895691335	0.5	1.0	323	0	4	0	327	0.012214823964903478	0.01236885840739679	0.06692479374508406	INFINITE	selected p>=0.9 subset; whole-population claim invalid	0.10432569974554708	0.9747474747474747
2025_DRACH	seed_101	high_p_filter	DRACH_oligo_1	POSTHOC_ROBUSTNESS_ANALYSIS	CONTROLLED_ERROR_INJECTION	provider_construct_condition	read_site	787	776	424	344	394	393	387	389	37	387	0	344	344	0	344		0.00029825609783793605	0.00029825609783793605		0.008399242330991659		0.008399242330991659			344	0	0	0	344	0.0002698676530704942	0.0003342739371366279	0.006431334883189741	0.010371031083598234	selected p>=0.9 subset; whole-population claim invalid	0.09390862944162437	0.9847328244274809
2025_DRACH	seed_101	high_p_filter	DRACH_oligo_2	POSTHOC_ROBUSTNESS_ANALYSIS	CONTROLLED_ERROR_INJECTION	provider_construct_condition	read_site	792	778	466	337	396	396	388	390	77	389	8	329	337	8	329	0.9768600463867188	0.00044553113201106575	0.023624510722627272	0.4886527887593649	0.1327084409866943	5.137671474710469	0.011007212203137457	0.5	1.0	329	0	8	0	337	0.023495592066371477	0.023761058773414317	0.12101645752607498	INFINITE	selected p>=0.9 subset; whole-population claim invalid	0.19444444444444445	0.9823232323232324
2025_DRACH	seed_101	high_p_filter	DRACH_oligo_3	POSTHOC_ROBUSTNESS_ANALYSIS	CONTROLLED_ERROR_INJECTION	provider_construct_condition	read_site	786	778	425	359	395	391	392	386	39	386	1	358	359	1	358	0.8899269104003906	0.00011872446070836243	0.002597298794802185	0.4450228174305495	0.012661683217624722	2.8710287950530335	0.00467741754210682	0.5	1.0	358	0	1	0	359	0.0025728698560454387	0.002629357128090181	0.010612247132989692	0.014718274090850941	selected p>=0.9 subset; whole-population claim invalid	0.09873417721518987	0.9872122762148338
2025_DRACH	seed_101	high_p_filter	DRACH_oligo_4	POSTHOC_ROBUSTNESS_ANALYSIS	CONTROLLED_ERROR_INJECTION	provider_construct_condition	read_site	786	777	422	352	390	396	386	391	33	389	3	349	352	3	349	0.9429054260253906	0.00020493340697192873	0.00823931260542436	0.47155517971618127	0.039831104752655326	3.974209815882571	0.006011230444948313	0.5	1.0	349	0	3	0	352	0.008187944238836115	0.008298310366543856	0.03668327260650938	0.043355278373647284	selected p>=0.9 subset; whole-population claim invalid	0.08461538461538462	0.9823232323232324
2025_DRACH	seed_101	missing_zero	ALL	POSTHOC_ROBUSTNESS_ANALYSIS	CONTROLLED_ERROR_INJECTION	provider_construct_condition	read_site	3940	3891	2164	3940	1968	1972	1945	1946	227	1937	1968	1972	3891	1945	1946	0.020242511582558444	0.03375965718252686	0.027002821358332933	0.027001084382542652	INFINITE	0.07953123199532142	INFINITE	0.9635084293930996	0.02519280205655527	1853	1896	49	93	2164					invalid probability: missing replaced by zero	0.11534552845528455	0.9822515212981744
2025_DRACH	seed_101	missing_zero	DRACH_oligo_0	POSTHOC_ROBUSTNESS_ANALYSIS	CONTROLLED_ERROR_INJECTION	provider_construct_condition	read_site	789	782	427	789	393	396	392	390	41	386	393	396	782	392	390	0.02073491349512217	0.046248235457982775	0.033458948745142165	0.033491574476552474	INFINITE	0.08992574711854474	INFINITE	0.955206698063841	0.030612244897959183	367	380	12	23	427					invalid probability: missing replaced by zero	0.10432569974554708	0.9747474747474747
2025_DRACH	seed_101	missing_zero	DRACH_oligo_1	POSTHOC_ROBUSTNESS_ANALYSIS	CONTROLLED_ERROR_INJECTION	provider_construct_condition	read_site	787	776	424	787	394	393	387	389	37	387	394	393	776	387	389	0.013320853851870356	0.030112014025219916	0.02173807203155203	0.021716433938545138	INFINITE	0.040843550973486936	INFINITE	0.9729678563599768	0.015503875968992248	374	381	6	15	424					invalid probability: missing replaced by zero	0.09390862944162437	0.9847328244274809
2025_DRACH	seed_101	missing_zero	DRACH_oligo_2	POSTHOC_ROBUSTNESS_ANALYSIS	CONTROLLED_ERROR_INJECTION	provider_construct_condition	read_site	792	778	466	792	396	396	388	390	77	389	396	396	778	388	390	0.043951575289067533	0.03763596950433193	0.040785654651475135	0.040793772396699735	INFINITE	0.1803345971901497	INFINITE	0.9434443563309542	0.05670103092783505	368	366	22	22	466					invalid probability: missing replaced by zero	0.19444444444444445	0.9823232323232324
2025_DRACH	seed_101	missing_zero	DRACH_oligo_3	POSTHOC_ROBUSTNESS_ANALYSIS	CONTROLLED_ERROR_INJECTION	provider_construct_condition	read_site	786	778	425	786	395	391	392	386	39	386	395	391	778	392	386	0.010105901834916095	0.014076529389218346	0.01207590470890153	0.01209121561206722	0.03999367565128413	0.034875054157091225	0.04519186121015362	0.9845352648831553	0.01020408163265306	378	388	4	8	425					invalid probability: missing replaced by zero	0.09873417721518987	0.9872122762148338
2025_DRACH	seed_101	missing_zero	DRACH_oligo_4	POSTHOC_ROBUSTNESS_ANALYSIS	CONTROLLED_ERROR_INJECTION	provider_construct_condition	read_site	786	777	422	786	390	396	386	391	33	389	390	396	777	386	391	0.013144310274272385	0.04049703105331382	0.026908678130907134	0.0268206706637931	INFINITE	0.051787705166666725	INFINITE	0.9615540065992605	0.012953367875647668	366	381	5	25	422					invalid probability: missing replaced by zero	0.08461538461538462	0.9823232323232324
2025_DRACH	seed_101	site_mean_as_read	ALL	POSTHOC_ROBUSTNESS_ANALYSIS	CONTROLLED_ERROR_INJECTION	provider_construct_condition	read_site	3940	3891	2164	3940	1968	1972	1945	1946	227	1937	1968	1972	2164	227	1937	0.09542184256080687	0.003916328819126197	0.013515104983341313	0.04966908568996653	0.09096363571301802	0.3622359645467273	0.05917281555542793	1.0	0.0	1937	227	0	0	0					invalid unit: repeated site means	0.11534552845528455	0.9822515212981744
2025_DRACH	seed_101	site_mean_as_read	DRACH_oligo_0	POSTHOC_ROBUSTNESS_ANALYSIS	CONTROLLED_ERROR_INJECTION	provider_construct_condition	read_site	789	782	427	789	393	396	392	390	41	386	393	396	427	41	386	0.1124449460536757	0.006107561962654163	0.0163179431048834	0.059276254008164934	0.10587827425411764	0.39879397662213684	0.07476546648963892	1.0	0.0	386	41	0	0	0					invalid unit: repeated site means	0.10432569974554708	0.9747474747474747
2025_DRACH	seed_101	site_mean_as_read	DRACH_oligo_1	POSTHOC_ROBUSTNESS_ANALYSIS	CONTROLLED_ERROR_INJECTION	provider_construct_condition	read_site	787	776	424	787	394	393	387	389	37	387	394	393	424	37	387	0.08106178889794001	0.002605284935434867	0.00945172513971008	0.04183353691668744	0.07607904781511449	0.3275654648603537	0.05203512680562134	1.0	0.0	387	37	0	0	0					invalid unit: repeated site means	0.09390862944162437	0.9847328244274809
2025_DRACH	seed_101	site_mean_as_read	DRACH_oligo_2	POSTHOC_ROBUSTNESS_ANALYSIS	CONTROLLED_ERROR_INJECTION	provider_construct_condition	read_site	792	778	466	792	396	396	388	390	77	389	396	396	466	77	389	0.12033051046679323	0.006128566015422728	0.024998844390434594	0.06322953824110798	0.13335568365604106	0.4227329562828016	0.07607534948570545	1.0	0.0	389	77	0	0	0					invalid unit: repeated site means	0.19444444444444445	0.9823232323232324
2025_DRACH	seed_101	site_mean_as_read	DRACH_oligo_3	POSTHOC_ROBUSTNESS_ANALYSIS	CONTROLLED_ERROR_INJECTION	provider_construct_condition	read_site	786	778	425	786	395	391	392	386	39	386	395	391	425	39	386	0.059218860419727126	0.0011195542198800454	0.0064510199652777775	0.030169207319803586	0.054595410395161754	0.2762664416391236	0.03219859635755938	1.0	0.0	386	39	0	0	0					invalid unit: repeated site means	0.09873417721518987	0.9872122762148338
2025_DRACH	seed_101	site_mean_as_read	DRACH_oligo_4	POSTHOC_ROBUSTNESS_ANALYSIS	CONTROLLED_ERROR_INJECTION	provider_construct_condition	read_site	786	777	422	786	390	396	386	391	33	389	390	396	422	33	389	0.07503770974443133	0.0036092663911992404	0.009194902956736346	0.039323488067815285	0.08064210971847227	0.31612908645651	0.060665065419358524	1.0	0.0	389	33	0	0	0					invalid unit: repeated site means	0.08461538461538462	0.9823232323232324
2025_DRACH	seed_11	canonical	ALL	POSTHOC_ROBUSTNESS_ANALYSIS	OBSERVED_NATIVE_INPUT	provider_construct_condition	read_site	3934	3880	2142	3934	1972	1962	1942	1938	212	1930	1972	1962	2142	212	1930	0.12056854535948555	0.033436627956252025	0.042060328464882044	0.07700258665786879	0.13129939631201204	0.39479280679642975	0.10235607868367187	0.8983624987779841	0.1509433962264151	1829	180	32	101	2142	0.04175014121859681	0.04237814510569853	0.12869136936813477	0.13392973579028175	eligible explicit probability subset	0.1075050709939148	0.9836901121304791
2025_DRACH	seed_11	canonical	DRACH_oligo_0	POSTHOC_ROBUSTNESS_ANALYSIS	OBSERVED_NATIVE_INPUT	provider_construct_condition	read_site	789	783	428	789	395	394	392	391	38	390	395	394	428	38	390	0.11065573441354852	0.032772181584284854	0.03968707646164939	0.0717139579989167	0.12580871526712983	0.34840369227611623	0.10411997391753629	0.9111336032388665	0.13157894736842105	372	33	5	18	428	0.039377765120746935	0.04000401719708309	0.12332489877216274	0.12830413231226107	eligible explicit probability subset	0.09620253164556962	0.9898477157360406
2025_DRACH	seed_11	canonical	DRACH_oligo_1	POSTHOC_ROBUSTNESS_ANALYSIS	OBSERVED_NATIVE_INPUT	provider_construct_condition	read_site	782	774	417	782	395	387	389	385	34	383	395	387	417	34	383	0.13951043521656709	0.03881181562538247	0.04702225463281719	0.08916112542097478	0.1480153221976913	0.45817429549988525	0.1204816274397942	0.8938335125172785	0.14705882352941177	358	29	5	25	417	0.04670590919842251	0.047346229461743106	0.14506328360847615	0.15101810937846438	eligible explicit probability subset	0.08607594936708861	0.9896640826873385
2025_DRACH	seed_11	canonical	DRACH_oligo_2	POSTHOC_ROBUSTNESS_ANALYSIS	OBSERVED_NATIVE_INPUT	provider_construct_condition	read_site	790	777	446	790	397	393	391	386	62	384	397	393	446	62	384	0.11379155805034022	0.040023247400919594	0.050278034979987035	0.0769074027256299	0.15911559627215457	0.3806243237122442	0.12335116632089009	0.9029317876344087	0.12903225806451613	359	54	8	25	446	0.049882726284420545	0.05068097307008478	0.15643802190611225	0.1618165302537852	eligible explicit probability subset	0.1561712846347607	0.9770992366412213
2025_DRACH	seed_11	canonical	DRACH_oligo_3	POSTHOC_ROBUSTNESS_ANALYSIS	OBSERVED_NATIVE_INPUT	provider_construct_condition	read_site	789	780	427	789	395	394	391	389	40	387	395	394	427	40	387	0.15110626220703124	0.03320662427010154	0.04425108684030573	0.0921564432385664	0.13515811076862627	0.48782902578861176	0.09870633660635388	0.8629521963824289	0.225	368	31	9	19	427	0.043940273883471166	0.04456952919167154	0.1325238347689987	0.13781094048015996	eligible explicit probability subset	0.10126582278481013	0.9822335025380711
2025_DRACH	seed_11	canonical	DRACH_oligo_4	POSTHOC_ROBUSTNESS_ANALYSIS	OBSERVED_NATIVE_INPUT	provider_construct_condition	read_site	784	766	424	784	390	394	379	387	38	386	390	394	424	38	386	0.09244557430869654	0.022452655851532142	0.02872560609061763	0.05744911508011434	0.08725641078768025	0.30965630488555035	0.06536212069514381	0.9160758112898827	0.13157894736842105	372	33	5	14	424	0.028510759461600827	0.028948082114165684	0.08496092460102841	0.08955973996249877	eligible explicit probability subset	0.09743589743589744	0.9796954314720813
2025_DRACH	seed_11	high_p_filter	ALL	POSTHOC_ROBUSTNESS_ANALYSIS	CONTROLLED_ERROR_INJECTION	provider_construct_condition	read_site	3934	3880	2142	1708	1972	1962	1942	1938	212	1930	5	1703	1708	5	1703	0.8890663146972656	0.0003537902115235522	0.0029554076719619073	0.4447100524543946	0.017477176097185076	2.9599111673460023	0.008838203721234351	0.5	1.0	1703	0	5	0	1708	0.00291474139104124	0.0030037033474138246	0.015394091019955954	0.019570489775587983	selected p>=0.9 subset; whole-population claim invalid	0.1075050709939148	0.9836901121304791
2025_DRACH	seed_11	high_p_filter	DRACH_oligo_0	POSTHOC_ROBUSTNESS_ANALYSIS	CONTROLLED_ERROR_INJECTION	provider_construct_condition	read_site	789	783	428	336	395	394	392	391	38	390	0	336	336	0	336		0.0004930042085193452	0.0004930042085193452		0.010768402437663981		0.010768402437663981			336	0	0	0	336	0.0004557654971168155	0.000537872314453125	0.00879566264778305	0.012745043340883958	selected p>=0.9 subset; whole-population claim invalid	0.09620253164556962	0.9898477157360406
2025_DRACH	seed_11	high_p_filter	DRACH_oligo_1	POSTHOC_ROBUSTNESS_ANALYSIS	CONTROLLED_ERROR_INJECTION	provider_construct_condition	read_site	782	774	417	340	395	387	389	385	34	383	2	338	340	2	338	0.8754920959472656	0.00034014007748936763	0.005488092759076287	0.4379161180123775	0.025111174527965196	2.7721006792532537	0.00885679876035994	0.5	1.0	338	0	2	0	340	0.00543670654296875	0.005547108369715074	0.022967680233596726	0.027264990968735633	selected p>=0.9 subset; whole-population claim invalid	0.08607594936708861	0.9896640826873385
2025_DRACH	seed_11	high_p_filter	DRACH_oligo_2	POSTHOC_ROBUSTNESS_ANALYSIS	CONTROLLED_ERROR_INJECTION	provider_construct_condition	read_site	790	777	446	321	397	393	391	386	62	384	1	320	321	1	320	0.9498634338378906	0.0005931854248046875	0.0035504136130074474	0.47522830963134766	0.024603621248011704	3.673375267577971	0.013201209853230584	0.5	1.0	320	0	1	0	321	0.003492171147902064	0.003616285472644081	0.02240132941824998	0.026828309645502164	selected p>=0.9 subset; whole-population claim invalid	0.1561712846347607	0.9770992366412213
2025_DRACH	seed_11	high_p_filter	DRACH_oligo_3	POSTHOC_ROBUSTNESS_ANALYSIS	CONTROLLED_ERROR_INJECTION	provider_construct_condition	read_site	789	780	427	351	395	394	391	389	40	387	2	349	351	2	349	0.8722419738769531	0.00026369504737307485	0.005232232248681223	0.4362528344621631	0.022823271851924905	2.7909896053227667	0.006959854468137845	0.5	1.0	349	0	2	0	351	0.005188770783253205	0.005283323108640491	0.020676884056442597	0.024981265331307678	selected p>=0.9 subset; whole-population claim invalid	0.10126582278481013	0.9822335025380711
2025_DRACH	seed_11	high_p_filter	DRACH_oligo_4	POSTHOC_ROBUSTNESS_ANALYSIS	CONTROLLED_ERROR_INJECTION	provider_construct_condition	read_site	784	766	424	360	390	394	379	387	38	386	0	360	360	0	360		0.00011121961805555555	0.00011121961805555555		0.004961953818865167		0.004961953818865167			360	0	0	0	360	9.587605794270833e-05	0.00013419257269965278	0.0030009457942699737	0.006926815325838834	selected p>=0.9 subset; whole-population claim invalid	0.09743589743589744	0.9796954314720813
2025_DRACH	seed_11	missing_zero	ALL	POSTHOC_ROBUSTNESS_ANALYSIS	CONTROLLED_ERROR_INJECTION	provider_construct_condition	read_site	3934	3880	2142	3934	1972	1962	1942	1938	212	1930	1972	1962	3880	1942	1938	0.013161962727194098	0.037426569636515174	0.025281758652519935	0.025294266181854635	INFINITE	0.043097875922164325	INFINITE	0.9636392960349622	0.016477857878475798	1829	1910	32	109	2142					invalid probability: missing replaced by zero	0.1075050709939148	0.9836901121304791
2025_DRACH	seed_11	missing_zero	DRACH_oligo_0	POSTHOC_ROBUSTNESS_ANALYSIS	CONTROLLED_ERROR_INJECTION	provider_construct_condition	read_site	789	783	428	789	395	394	392	391	38	390	395	394	783	392	391	0.010726831397231745	0.03524591002013067	0.02297071357035241	0.02298637070868121	INFINITE	0.03377382731248065	INFINITE	0.969325773787776	0.012755102040816327	372	387	5	19	428					invalid probability: missing replaced by zero	0.09620253164556962	0.9898477157360406
2025_DRACH	seed_11	missing_zero	DRACH_oligo_1	POSTHOC_ROBUSTNESS_ANALYSIS	CONTROLLED_ERROR_INJECTION	provider_construct_condition	read_site	782	774	417	782	395	387	389	385	34	383	395	387	774	389	385	0.012193714132039284	0.0438050009987571	0.027917674653597888	0.027999357565398193	INFINITE	0.040046082383023394	INFINITE	0.958508329716556	0.012853470437017995	358	384	5	27	417					invalid probability: missing replaced by zero	0.08607594936708861	0.9896640826873385
2025_DRACH	seed_11	missing_zero	DRACH_oligo_2	POSTHOC_ROBUSTNESS_ANALYSIS	CONTROLLED_ERROR_INJECTION	provider_construct_condition	read_site	790	777	446	790	397	393	391	386	62	384	397	393	777	391	386	0.018043674166550113	0.044997220212313796	0.031433724068306586	0.031520447189431956	INFINITE	0.06035475209759371	INFINITE	0.9547957277076183	0.020460358056265986	359	383	8	27	446					invalid probability: missing replaced by zero	0.1561712846347607	0.9770992366412213
2025_DRACH	seed_11	missing_zero	DRACH_oligo_3	POSTHOC_ROBUSTNESS_ANALYSIS	CONTROLLED_ERROR_INJECTION	provider_construct_condition	read_site	789	780	427	789	395	394	391	389	40	387	395	394	780	391	389	0.015458441146499361	0.03817728429956117	0.026788736001039162	0.026817862723030265	INFINITE	0.04990578268937205	INFINITE	0.9614987606756126	0.023017902813299233	368	382	9	21	427					invalid probability: missing replaced by zero	0.10126582278481013	0.9822335025380711
2025_DRACH	seed_11	missing_zero	DRACH_oligo_4	POSTHOC_ROBUSTNESS_ANALYSIS	CONTROLLED_ERROR_INJECTION	provider_construct_condition	read_site	784	766	424	784	390	394	379	387	38	386	390	394	766	379	387	0.009268949402982767	0.024978617981114743	0.017205818514911063	0.017123783692048755	INFINITE	0.031047333999078927	INFINITE	0.974023848970158	0.013192612137203167	372	374	5	15	424					invalid probability: missing replaced by zero	0.09743589743589744	0.9796954314720813
2025_DRACH	seed_11	site_mean_as_read	ALL	POSTHOC_ROBUSTNESS_ANALYSIS	CONTROLLED_ERROR_INJECTION	provider_construct_condition	read_site	3934	3880	2142	3934	1972	1962	1942	1938	212	1930	1972	1962	2142	212	1930	0.0667916614028419	0.004692060016813945	0.01083823905221914	0.035741860709827926	0.0867535973409736	0.2904103211250281	0.06438301421028989	1.0	0.0	1930	212	0	0	0					invalid unit: repeated site means	0.1075050709939148	0.9836901121304791
2025_DRACH	seed_11	site_mean_as_read	DRACH_oligo_0	POSTHOC_ROBUSTNESS_ANALYSIS	CONTROLLED_ERROR_INJECTION	provider_construct_condition	read_site	789	783	428	789	395	394	392	391	38	390	395	394	428	38	390	0.05478688290244654	0.005040892596357148	0.00945759267026228	0.029913887749401846	0.0855748807387786	0.2611060808385666	0.06847184072905566	1.0	0.0	390	38	0	0	0					invalid unit: repeated site means	0.09620253164556962	0.9898477157360406
2025_DRACH	seed_11	site_mean_as_read	DRACH_oligo_1	POSTHOC_ROBUSTNESS_ANALYSIS	CONTROLLED_ERROR_INJECTION	provider_construct_condition	read_site	782	774	417	782	395	387	389	385	34	383	395	387	417	34	383	0.07389891381357229	0.005180775189060606	0.010783692966598729	0.03953984450131645	0.08841800945284484	0.29746132993462976	0.06986063896621118	1.0	0.0	383	34	0	0	0					invalid unit: repeated site means	0.08607594936708861	0.9896640826873385
2025_DRACH	seed_11	site_mean_as_read	DRACH_oligo_2	POSTHOC_ROBUSTNESS_ANALYSIS	CONTROLLED_ERROR_INJECTION	provider_construct_condition	read_site	790	777	446	790	397	393	391	386	62	384	397	393	446	62	384	0.061413692067337974	0.007093802345626098	0.014644997777792323	0.034253747206482034	0.11067370685447073	0.2763799211885546	0.08391905766511344	1.0	0.0	384	62	0	0	0					invalid unit: repeated site means	0.1561712846347607	0.9770992366412213
2025_DRACH	seed_11	site_mean_as_read	DRACH_oligo_3	POSTHOC_ROBUSTNESS_ANALYSIS	CONTROLLED_ERROR_INJECTION	provider_construct_condition	read_site	789	780	427	789	395	394	391	389	40	387	395	394	427	40	387	0.09689203262329102	0.00400771351000714	0.012708820686895559	0.05044987306664908	0.08826100291603904	0.3720871171950016	0.05892497043242536	1.0	0.0	387	40	0	0	0					invalid unit: repeated site means	0.10126582278481013	0.9822335025380711
2025_DRACH	seed_11	site_mean_as_read	DRACH_oligo_4	POSTHOC_ROBUSTNESS_ANALYSIS	CONTROLLED_ERROR_INJECTION	provider_construct_condition	read_site	784	766	424	784	390	394	379	387	38	386	390	394	424	38	386	0.0495272995879332	0.002151517081264848	0.006397459853088898	0.025839408334599023	0.05962718184926717	0.2503218944045413	0.040854127245380095	1.0	0.0	386	38	0	0	0					invalid unit: repeated site means	0.09743589743589744	0.9796954314720813
2025_DRACH	seed_29	canonical	ALL	POSTHOC_ROBUSTNESS_ANALYSIS	OBSERVED_NATIVE_INPUT	provider_construct_condition	read_site	3939	3888	2122	3939	1975	1964	1960	1928	205	1917	1975	1964	2122	205	1917	0.12085803892554306	0.030458845318638537	0.03919203791497003	0.0756584421220908	0.12513969925675952	0.3995565535703728	0.0957941305899412	0.9033550898889271	0.14634146341463414	1827	175	30	90	2122	0.038894164348749705	0.039497540875721604	0.12249089526238918	0.1278319597874555	eligible explicit probability subset	0.10379746835443038	0.9760692464358453
2025_DRACH	seed_29	canonical	DRACH_oligo_0	POSTHOC_ROBUSTNESS_ANALYSIS	OBSERVED_NATIVE_INPUT	provider_construct_condition	read_site	792	785	417	792	397	395	396	389	29	388	397	395	417	29	388	0.1185772336762527	0.04498357871144088	0.050101602677818685	0.08178040619384679	0.16145598921885623	0.40100423407361896	0.14355161009311365	0.9160593672236047	0.10344827586206896	363	26	3	25	417	0.04974650650573292	0.050464328244435704	0.15836903953695614	0.16461778819715941	eligible explicit probability subset	0.07304785894206549	0.9822784810126582
2025_DRACH	seed_29	canonical	DRACH_oligo_1	POSTHOC_ROBUSTNESS_ANALYSIS	OBSERVED_NATIVE_INPUT	provider_construct_condition	read_site	785	775	419	785	392	393	387	388	33	386	392	393	419	33	386	0.09870136145389441	0.02095555517957618	0.027078733239367356	0.05982845831673529	0.09326735452985488	0.3456812432881992	0.07168792880699125	0.9238498979431622	0.12121212121212122	374	29	4	12	419	0.026834820221602773	0.027330275651663186	0.09090991701560858	0.0956374018251753	eligible explicit probability subset	0.08418367346938775	0.9821882951653944
2025_DRACH	seed_29	canonical	DRACH_oligo_2	POSTHOC_ROBUSTNESS_ANALYSIS	OBSERVED_NATIVE_INPUT	provider_construct_condition	read_site	784	766	446	784	395	389	391	375	74	372	395	389	446	74	372	0.1364949200604413	0.042781009468981016	0.05832995427563586	0.08963796476471117	0.18073112866927013	0.42733320956769544	0.13167587601743286	0.8731473408892764	0.1891891891891892	348	60	14	24	446	0.057897627620953615	0.05876991032484936	0.17797167486141185	0.18350686263785115	eligible explicit probability subset	0.18734177215189873	0.9562982005141388
2025_DRACH	seed_29	canonical	DRACH_oligo_3	POSTHOC_ROBUSTNESS_ANALYSIS	OBSERVED_NATIVE_INPUT	provider_construct_condition	read_site	793	786	426	793	398	395	396	390	38	388	398	395	426	38	388	0.09634299027292352	0.02040929892628463	0.027182726792886223	0.05837614459960408	0.08323298964437852	0.3148415301690941	0.06054967897443214	0.9280385241454152	0.10526315789473684	373	34	4	15	426	0.02697270353075484	0.027400379449548855	0.08097746226675774	0.08549530138613762	eligible explicit probability subset	0.09547738693467336	0.9822784810126582
2025_DRACH	seed_29	canonical	DRACH_oligo_4	POSTHOC_ROBUSTNESS_ANALYSIS	OBSERVED_NATIVE_INPUT	provider_construct_condition	read_site	785	776	414	785	393	392	390	386	31	383	393	392	414	31	383	0.13930179226783015	0.02353470007993534	0.03220325046115451	0.08141824617388274	0.10405056955452074	0.4930920648659942	0.07256157123949286	0.9010780763075886	0.16129032258064516	369	26	5	14	414	0.03196285081946332	0.032451279497376966	0.10126272733456655	0.10694847946628118	eligible explicit probability subset	0.07888040712468193	0.9770408163265306
2025_DRACH	seed_29	high_p_filter	ALL	POSTHOC_ROBUSTNESS_ANALYSIS	CONTROLLED_ERROR_INJECTION	provider_construct_condition	read_site	3939	3888	2122	1695	1975	1964	1960	1928	205	1917	6	1689	1695	6	1689	0.8701210021972656	0.0003286308618323065	0.0034075419108072916	0.435224816529549	0.018712845166696974	2.909608371206771	0.00844323406175888	0.5	1.0	1689	0	6	0	1695	0.003366268911896202	0.003456444304249631	0.016567616641876018	0.020888237578701715	selected p>=0.9 subset; whole-population claim invalid	0.10379746835443038	0.9760692464358453
2025_DRACH	seed_29	high_p_filter	DRACH_oligo_0	POSTHOC_ROBUSTNESS_ANALYSIS	CONTROLLED_ERROR_INJECTION	provider_construct_condition	read_site	792	785	417	331	397	395	396	389	29	388	1	330	331	1	330	0.8679542541503906	0.000563211152047822	0.0031837278982663805	0.4342587326512192	0.02007156525235245	2.682976563550094	0.012002156166601718	0.5	1.0	330	0	1	0	331	0.0031309559986310424	0.003244129192432968	0.01801720562453676	0.02213229143213118	selected p>=0.9 subset; whole-population claim invalid	0.07304785894206549	0.9822784810126582
2025_DRACH	seed_29	high_p_filter	DRACH_oligo_1	POSTHOC_ROBUSTNESS_ANALYSIS	CONTROLLED_ERROR_INJECTION	provider_construct_condition	read_site	785	775	419	344	392	393	387	388	33	386	1	343	344	1	343	0.9047279357910156	0.00036157324432284073	0.0029905452284702035	0.45254475451766923	0.018293477299679676	3.019448800171307	0.009543753326293007	0.5	1.0	343	0	1	0	344	0.002947119779365007	0.00304160007210665	0.016214986053433737	0.020380502691656185	selected p>=0.9 subset; whole-population claim invalid	0.08418367346938775	0.9821882951653944
2025_DRACH	seed_29	high_p_filter	DRACH_oligo_2	POSTHOC_ROBUSTNESS_ANALYSIS	CONTROLLED_ERROR_INJECTION	provider_construct_condition	read_site	784	766	446	310	395	389	391	375	74	372	3	307	310	3	307	0.8224932352701823	0.0003367246944663579	0.008293078022618448	0.4114149799823243	0.03266872812840762	2.3754460503046064	0.009775138660887766	0.5	1.0	307	0	3	0	310	0.008225471742691533	0.008368313697076612	0.030515717086218	0.03482988809148655	selected p>=0.9 subset; whole-population claim invalid	0.18734177215189873	0.9562982005141388
2025_DRACH	seed_29	high_p_filter	DRACH_oligo_3	POSTHOC_ROBUSTNESS_ANALYSIS	CONTROLLED_ERROR_INJECTION	provider_construct_condition	read_site	793	786	426	362	398	395	396	390	38	388	0	362	362	0	362		0.0002221586954527797	0.0002221586954527797		0.0062237632100891884		0.0062237632100891884			362	0	0	0	362	0.00020211572805162292	0.00024983105738518645	0.004260174367617715	0.008191216140821259	selected p>=0.9 subset; whole-population claim invalid	0.09547738693467336	0.9822784810126582
2025_DRACH	seed_29	high_p_filter	DRACH_oligo_4	POSTHOC_ROBUSTNESS_ANALYSIS	CONTROLLED_ERROR_INJECTION	provider_construct_condition	read_site	785	776	414	348	393	392	390	386	31	383	1	347	348	1	347	0.9805641174316406	0.00017689421815899676	0.0029940988825655534	0.4903705058248998	0.018394598465730664	4.628886712605407	0.005107877675702778	0.5	1.0	347	0	1	0	348	0.0029672644604211568	0.0030285626992411995	0.015914955534689034	0.02099539009941418	selected p>=0.9 subset; whole-population claim invalid	0.07888040712468193	0.9770408163265306
2025_DRACH	seed_29	missing_zero	ALL	POSTHOC_ROBUSTNESS_ANALYSIS	CONTROLLED_ERROR_INJECTION	provider_construct_condition	read_site	3939	3888	2122	3939	1975	1964	1960	1928	205	1917	1975	1964	3888	1960	1928	0.012640764275375678	0.0359904597903683	0.024219522750917287	0.02431561203287199	INFINITE	0.041790353817309396	INFINITE	0.9661539927174189	0.015306122448979591	1827	1930	30	101	2122					invalid probability: missing replaced by zero	0.10379746835443038	0.9760692464358453
2025_DRACH	seed_29	missing_zero	DRACH_oligo_0	POSTHOC_ROBUSTNESS_ANALYSIS	CONTROLLED_ERROR_INJECTION	provider_construct_condition	read_site	792	785	417	792	397	395	396	389	29	388	397	395	785	396	389	0.008683686304574062	0.047438633779020724	0.027888367282357187	0.028061160041797394	INFINITE	0.029366471687209468	INFINITE	0.9627930980758744	0.007575757575757576	363	393	3	26	417					invalid probability: missing replaced by zero	0.07304785894206549	0.9822784810126582
2025_DRACH	seed_29	missing_zero	DRACH_oligo_1	POSTHOC_ROBUSTNESS_ANALYSIS	CONTROLLED_ERROR_INJECTION	provider_construct_condition	read_site	785	775	419	785	392	393	387	388	33	386	392	393	775	387	388	0.008416395162735183	0.026002176029165994	0.017220631261025705	0.01720928559595059	INFINITE	0.02947669516411001	INFINITE	0.9767908042302672	0.0103359173126615	374	383	4	14	419					invalid probability: missing replaced by zero	0.08418367346938775	0.9821882951653944
2025_DRACH	seed_29	missing_zero	DRACH_oligo_2	POSTHOC_ROBUSTNESS_ANALYSIS	CONTROLLED_ERROR_INJECTION	provider_construct_condition	read_site	784	766	446	784	395	389	391	375	74	372	395	389	766	391	375	0.025832798170006794	0.05043876139322917	0.03787879844247206	0.03813577978161798	INFINITE	0.08087636191306767	INFINITE	0.9460971867007673	0.03580562659846547	348	377	14	27	446					invalid probability: missing replaced by zero	0.18734177215189873	0.9562982005141388
2025_DRACH	seed_29	missing_zero	DRACH_oligo_3	POSTHOC_ROBUSTNESS_ANALYSIS	CONTROLLED_ERROR_INJECTION	provider_construct_condition	read_site	793	786	426	793	398	395	396	390	38	388	398	395	786	396	390	0.009245034420129025	0.025432840983072916	0.01727715218036836	0.01733893770160097	INFINITE	0.030212066026327214	INFINITE	0.9731546231546232	0.010101010101010102	373	392	4	17	426					invalid probability: missing replaced by zero	0.09547738693467336	0.9822784810126582
2025_DRACH	seed_29	missing_zero	DRACH_oligo_4	POSTHOC_ROBUSTNESS_ANALYSIS	CONTROLLED_ERROR_INJECTION	provider_construct_condition	read_site	785	776	414	785	393	392	390	386	31	383	393	392	776	390	386	0.011072706564878807	0.031123808628536878	0.02104657949860563	0.02109825759670784	INFINITE	0.039194497463707234	INFINITE	0.9715690182011425	0.01282051282051282	369	385	5	17	414					invalid probability: missing replaced by zero	0.07888040712468193	0.9770408163265306
2025_DRACH	seed_29	site_mean_as_read	ALL	POSTHOC_ROBUSTNESS_ANALYSIS	CONTROLLED_ERROR_INJECTION	provider_construct_condition	read_site	3939	3888	2122	3939	1975	1964	1960	1928	205	1917	1975	1964	2122	205	1917	0.06682416919182897	0.00428186684527427	0.010323889456510704	0.035553018018551624	0.08330924181958169	0.2912385301547982	0.06107371541962374	1.0	0.0	1917	205	0	0	0					invalid unit: repeated site means	0.10379746835443038	0.9760692464358453
2025_DRACH	seed_29	site_mean_as_read	DRACH_oligo_0	POSTHOC_ROBUSTNESS_ANALYSIS	CONTROLLED_ERROR_INJECTION	provider_construct_condition	read_site	792	785	417	792	397	395	396	389	29	388	397	395	417	29	388	0.0655761587208715	0.007380411374416299	0.011427597640716542	0.036478285047643895	0.09837559049704847	0.2899779748025278	0.08405479373194821	1.0	0.0	388	29	0	0	0					invalid unit: repeated site means	0.07304785894206549	0.9822784810126582
2025_DRACH	seed_29	site_mean_as_read	DRACH_oligo_1	POSTHOC_ROBUSTNESS_ANALYSIS	CONTROLLED_ERROR_INJECTION	provider_construct_condition	read_site	785	775	419	785	392	393	387	388	33	386	392	393	419	33	386	0.05475702277009261	0.0026457308412492627	0.006749961470489908	0.028701376805670937	0.06729152001949573	0.2609999955057473	0.050730950871707384	1.0	0.0	386	33	0	0	0					invalid unit: repeated site means	0.08418367346938775	0.9821882951653944
2025_DRACH	seed_29	site_mean_as_read	DRACH_oligo_2	POSTHOC_ROBUSTNESS_ANALYSIS	CONTROLLED_ERROR_INJECTION	provider_construct_condition	read_site	784	766	446	784	395	389	391	375	74	372	395	389	446	74	372	0.07256716586169101	0.007500798578695036	0.018296563553900646	0.040033982220193026	0.12254756515255323	0.3084738020837205	0.08556223845119201	1.0	0.0	372	74	0	0	0					invalid unit: repeated site means	0.18734177215189873	0.9562982005141388
2025_DRACH	seed_29	site_mean_as_read	DRACH_oligo_3	POSTHOC_ROBUSTNESS_ANALYSIS	CONTROLLED_ERROR_INJECTION	provider_construct_condition	read_site	793	786	426	793	398	395	396	390	38	388	398	395	426	38	388	0.05511537072254204	0.001742212011673234	0.006503197999966695	0.028428791367107634	0.05862822269366132	0.25413463491204347	0.03948068747639708	1.0	0.0	388	38	0	0	0					invalid unit: repeated site means	0.09547738693467336	0.9822784810126582
2025_DRACH	seed_29	site_mean_as_read	DRACH_oligo_4	POSTHOC_ROBUSTNESS_ANALYSIS	CONTROLLED_ERROR_INJECTION	provider_construct_condition	read_site	785	776	414	785	393	392	390	386	31	383	393	392	414	31	383	0.08148096673499605	0.00223815063339757	0.008171791452599388	0.04185955868419681	0.06747006301974871	0.32894709935218414	0.04630612535315473	1.0	0.0	383	31	0	0	0					invalid unit: repeated site means	0.07888040712468193	0.9770408163265306
2025_DRACH	seed_47	canonical	ALL	POSTHOC_ROBUSTNESS_ANALYSIS	OBSERVED_NATIVE_INPUT	provider_construct_condition	read_site	3935	3896	2147	3935	1974	1961	1955	1941	217	1930	1974	1961	2147	217	1930	0.1117123546688238	0.027163004504584278	0.03570851404610267	0.06943767958670403	0.12003027791660467	0.4257509896604091	0.08565649840965879	0.9088548506482652	0.1382488479262673	1845	187	30	85	2147	0.035422067060324	0.03600259042641258	0.11653948225426024	INFINITE	eligible explicit probability subset	0.1099290780141844	0.98419173890872
2025_DRACH	seed_47	canonical	DRACH_oligo_0	POSTHOC_ROBUSTNESS_ANALYSIS	OBSERVED_NATIVE_INPUT	provider_construct_condition	read_site	793	787	432	793	396	397	393	394	38	394	396	397	432	38	394	0.05083164415861431	0.03528050843834272	0.03664843241373698	0.04305607629847852	0.12172356926797996	0.2178475993128238	0.11245272373066001	0.9733502538071066	0.0	373	38	0	21	432	0.036352864018192994	0.03695163020381221	0.11917886071705253	0.12428437051906453	eligible explicit probability subset	0.09595959595959595	0.9924433249370277
2025_DRACH	seed_47	canonical	DRACH_oligo_1	POSTHOC_ROBUSTNESS_ANALYSIS	OBSERVED_NATIVE_INPUT	provider_construct_condition	read_site	781	773	419	781	393	388	387	386	37	382	393	388	419	37	382	0.09836774259000211	0.0313426512074096	0.03726133469465524	0.06485519689870586	0.12474578867767087	0.39611122177109803	0.09846170222621327	0.9223857365218622	0.10810810810810811	364	33	4	18	419	0.03697648879167288	0.037553809992168855	0.12158718584062196	0.1282002456030231	eligible explicit probability subset	0.09414758269720101	0.9845360824742269
2025_DRACH	seed_47	canonical	DRACH_oligo_2	POSTHOC_ROBUSTNESS_ANALYSIS	OBSERVED_NATIVE_INPUT	provider_construct_condition	read_site	791	777	453	791	396	395	392	385	70	383	396	395	453	70	383	0.08174471173967635	0.035076878400757794	0.04228824337586662	0.05841079507021707	0.1343374535839523	0.27829477470940744	0.10802671604144091	0.9069936590824319	0.12857142857142856	361	61	9	22	453	0.04192761553833816	0.04265650060792633	0.13193191619084757	0.13675101877077167	eligible explicit probability subset	0.17676767676767677	0.9696202531645569
2025_DRACH	seed_47	canonical	DRACH_oligo_3	POSTHOC_ROBUSTNESS_ANALYSIS	OBSERVED_NATIVE_INPUT	provider_construct_condition	read_site	788	786	431	788	399	389	398	388	45	386	399	389	431	45	386	0.2197866651746962	0.015364671618209601	0.03670803521459451	0.11757566839645289	0.1395325825103339	0.8882703145335408	0.052244504942861605	0.8426021876799079	0.28888888888888886	376	32	13	10	431	0.0364322175559201	0.03699148226780018	0.13239598334496785	INFINITE	eligible explicit probability subset	0.11278195488721804	0.9922879177377892
2025_DRACH	seed_47	canonical	DRACH_oligo_4	POSTHOC_ROBUSTNESS_ANALYSIS	OBSERVED_NATIVE_INPUT	provider_construct_condition	read_site	782	773	412	782	390	392	385	388	27	385	390	392	412	27	385	0.11325341683846933	0.01866487775530134	0.024863641238907008	0.06595914729688533	0.07732652857221946	0.37040157011936764	0.056773213970211664	0.9077441077441077	0.14814814814814814	371	23	4	14	412	0.024655573576399425	0.025079338295945844	0.07512656030770495	0.0795323171213167	eligible explicit probability subset	0.06923076923076923	0.9821428571428571
2025_DRACH	seed_47	high_p_filter	ALL	POSTHOC_ROBUSTNESS_ANALYSIS	CONTROLLED_ERROR_INJECTION	provider_construct_condition	read_site	3935	3896	2147	1713	1974	1961	1955	1941	217	1930	6	1707	1713	6	1707	0.9449806213378906	0.00030484280533167656	0.0036136896653406396	0.47264273207161117	0.02482023686288795	4.82758710405991	0.007938806749717395	0.5	1.0	1707	0	6	0	1713	0.003573932636570527	0.0036610760886420022	0.021448378160737438	INFINITE	selected p>=0.9 subset; whole-population claim invalid	0.1099290780141844	0.98419173890872
2025_DRACH	seed_47	high_p_filter	DRACH_oligo_0	POSTHOC_ROBUSTNESS_ANALYSIS	CONTROLLED_ERROR_INJECTION	provider_construct_condition	read_site	793	787	432	341	396	397	393	394	38	394	0	341	341	0	341		0.0003502473803209769	0.0003502473803209769		0.00915813712287232		0.00915813712287232			341	0	0	0	341	0.0003190026604884531	0.0003891214946847507	0.00718869293402405	0.011131468871860156	selected p>=0.9 subset; whole-population claim invalid	0.09595959595959595	0.9924433249370277
2025_DRACH	seed_47	high_p_filter	DRACH_oligo_1	POSTHOC_ROBUSTNESS_ANALYSIS	CONTROLLED_ERROR_INJECTION	provider_construct_condition	read_site	781	773	419	337	393	388	387	386	37	382	1	336	337	1	336	0.9883155822753906	0.00026112511044456844	0.0031930374462455953	0.49428835369291757	0.022874771099674954	5.139712336371398	0.007646087869699591	0.5	1.0	336	0	1	0	337	0.003156079029117211	0.0032376252579052298	0.020060550171518476	0.026042360328438912	selected p>=0.9 subset; whole-population claim invalid	0.09414758269720101	0.9845360824742269
2025_DRACH	seed_47	high_p_filter	DRACH_oligo_2	POSTHOC_ROBUSTNESS_ANALYSIS	CONTROLLED_ERROR_INJECTION	provider_construct_condition	read_site	791	777	453	328	396	395	392	385	70	383	0	328	328	0	328		0.0005178684141577744	0.0005178684141577744		0.011609086751514345		0.011609086751514345			328	0	0	0	328	0.00047739540658346035	0.0005659708162633384	0.009634682933361479	0.013587398297383877	selected p>=0.9 subset; whole-population claim invalid	0.17676767676767677	0.9696202531645569
2025_DRACH	seed_47	high_p_filter	DRACH_oligo_3	POSTHOC_ROBUSTNESS_ANALYSIS	CONTROLLED_ERROR_INJECTION	provider_construct_condition	read_site	788	786	431	354	399	389	398	388	45	386	5	349	354	5	349	0.9363136291503906	0.000254688426894923	0.013475859906040343	0.46828415878864277	0.07384179767359418	4.765162057597612	0.006630905697605375	0.5	1.0	349	0	5	0	354	0.01340131166964601	0.013558037536965925	0.06588645758901593	INFINITE	selected p>=0.9 subset; whole-population claim invalid	0.11278195488721804	0.9922879177377892
2025_DRACH	seed_47	high_p_filter	DRACH_oligo_4	POSTHOC_ROBUSTNESS_ANALYSIS	CONTROLLED_ERROR_INJECTION	provider_construct_condition	read_site	782	773	412	353	390	392	385	388	27	385	0	353	353	0	353		0.00015424128632369867	0.00015424128632369867		0.004922284123762309		0.004922284123762309			353	0	0	0	353	0.00013914459487871813	0.00017696737229992918	0.002961303406190085	0.0068871184315425936	selected p>=0.9 subset; whole-population claim invalid	0.06923076923076923	0.9821428571428571
2025_DRACH	seed_47	missing_zero	ALL	POSTHOC_ROBUSTNESS_ANALYSIS	CONTROLLED_ERROR_INJECTION	provider_construct_condition	read_site	3935	3896	2147	3935	1974	1961	1955	1941	217	1930	1974	1961	3896	1955	1941	0.012399785658892463	0.032676248683074526	0.022501586154256268	0.022538017170983495	INFINITE	0.047257270975094	INFINITE	0.9675978448633671	0.015345268542199489	1845	1925	30	96	2147					invalid probability: missing replaced by zero	0.1099290780141844	0.98419173890872
2025_DRACH	seed_47	missing_zero	DRACH_oligo_0	POSTHOC_ROBUSTNESS_ANALYSIS	CONTROLLED_ERROR_INJECTION	provider_construct_condition	read_site	793	787	432	793	396	397	393	394	38	394	396	397	787	393	394	0.004915019028059399	0.03528050843834272	0.020117055657858166	0.02009776373320106	0.06681649545586701	0.021064144462817565	0.11245272373066001	0.9733502538071066	0.0	373	393	0	21	432					invalid probability: missing replaced by zero	0.09595959595959595	0.9924433249370277
2025_DRACH	seed_47	missing_zero	DRACH_oligo_1	POSTHOC_ROBUSTNESS_ANALYSIS	CONTROLLED_ERROR_INJECTION	provider_construct_condition	read_site	781	773	419	781	393	388	387	386	37	382	393	388	773	387	386	0.009404667896201752	0.041380551194897586	0.025371926567995532	0.025392609545549668	INFINITE	0.03787109872230136	INFINITE	0.9663346320172443	0.0103359173126615	364	383	4	22	419					invalid probability: missing replaced by zero	0.09414758269720101	0.9845360824742269
2025_DRACH	seed_47	missing_zero	DRACH_oligo_2	POSTHOC_ROBUSTNESS_ANALYSIS	CONTROLLED_ERROR_INJECTION	provider_construct_condition	read_site	791	777	453	791	396	395	392	385	70	383	396	395	777	392	385	0.014597269953513632	0.04008946604542918	0.02722853828734566	0.027343367999471405	INFINITE	0.04969549548382275	INFINITE	0.9573515769944341	0.02295918367346939	361	383	9	24	453					invalid probability: missing replaced by zero	0.17676767676767677	0.9696202531645569
2025_DRACH	seed_47	missing_zero	DRACH_oligo_3	POSTHOC_ROBUSTNESS_ANALYSIS	CONTROLLED_ERROR_INJECTION	provider_construct_condition	read_site	788	786	431	788	399	389	398	388	45	386	399	389	786	398	388	0.024850251087591278	0.02044011145522914	0.02267323559477129	0.022645181271410207	INFINITE	0.10043257325127973	INFINITE	0.9682044241827695	0.032663316582914576	376	385	13	12	431					invalid probability: missing replaced by zero	0.11278195488721804	0.9922879177377892
2025_DRACH	seed_47	missing_zero	DRACH_oligo_4	POSTHOC_ROBUSTNESS_ANALYSIS	CONTROLLED_ERROR_INJECTION	provider_construct_condition	read_site	782	773	412	782	390	392	385	388	27	385	390	392	773	385	388	0.007942447414645901	0.02625252045306963	0.01713301447662314	0.017097483933857766	INFINITE	0.02597621400837124	INFINITE	0.9728979783103495	0.01038961038961039	371	381	4	17	412					invalid probability: missing replaced by zero	0.06923076923076923	0.9821428571428571
2025_DRACH	seed_47	site_mean_as_read	ALL	POSTHOC_ROBUSTNESS_ANALYSIS	CONTROLLED_ERROR_INJECTION	provider_construct_condition	read_site	3935	3896	2147	3935	1974	1961	1955	1941	217	1930	1974	1961	2147	217	1930	0.06841885621002744	0.0037694562230455443	0.01030365268190678	0.03609415621653649	0.08051298468317576	0.2909868993945285	0.056848301008376	1.0	0.0	1930	217	0	0	0					invalid unit: repeated site means	0.1099290780141844	0.98419173890872
2025_DRACH	seed_47	site_mean_as_read	DRACH_oligo_0	POSTHOC_ROBUSTNESS_ANALYSIS	CONTROLLED_ERROR_INJECTION	provider_construct_condition	read_site	793	787	432	793	396	397	393	394	38	394	396	397	432	38	394	0.034447022031939195	0.00552040403630795	0.008064875063701439	0.019983713034123572	0.08107918493103208	0.20418399341021623	0.069206132336593	1.0	0.0	394	38	0	0	0					invalid unit: repeated site means	0.09595959595959595	0.9924433249370277
2025_DRACH	seed_47	site_mean_as_read	DRACH_oligo_1	POSTHOC_ROBUSTNESS_ANALYSIS	CONTROLLED_ERROR_INJECTION	provider_construct_condition	read_site	781	773	419	781	393	388	387	386	37	382	393	388	419	37	382	0.059875455060162716	0.0036921880840560897	0.008653478962614432	0.031783821572109405	0.07897734167062087	0.26494380662630707	0.060964883023080584	1.0	0.0	382	37	0	0	0					invalid unit: repeated site means	0.09414758269720101	0.9845360824742269
2025_DRACH	seed_47	site_mean_as_read	DRACH_oligo_2	POSTHOC_ROBUSTNESS_ANALYSIS	CONTROLLED_ERROR_INJECTION	provider_construct_condition	read_site	791	777	453	791	396	395	392	385	70	383	396	395	453	70	383	0.04653775577491154	0.005996848052514953	0.012261447479816855	0.026267301913713244	0.10027096727491457	0.23811635830194905	0.07507729267467327	1.0	0.0	383	70	0	0	0					invalid unit: repeated site means	0.17676767676767677	0.9696202531645569
2025_DRACH	seed_47	site_mean_as_read	DRACH_oligo_3	POSTHOC_ROBUSTNESS_ANALYSIS	CONTROLLED_ERROR_INJECTION	provider_construct_condition	read_site	788	786	431	788	399	389	398	388	45	386	399	389	431	45	386	0.12945972577701703	0.0019961646567307873	0.015304425098524017	0.0657279452168739	0.08173312030859023	0.4426705184643312	0.03965492622307638	1.0	0.0	386	45	0	0	0					invalid unit: repeated site means	0.11278195488721804	0.9922879177377892
2025_DRACH	seed_47	site_mean_as_read	DRACH_oligo_4	POSTHOC_ROBUSTNESS_ANALYSIS	CONTROLLED_ERROR_INJECTION	provider_construct_condition	read_site	782	773	412	782	390	392	385	388	27	385	390	392	412	27	385	0.08293268736765443	0.0016163197674073525	0.00694530502276335	0.04227450356753089	0.058480439407873015	0.3331083763636946	0.039220817855127085	1.0	0.0	385	27	0	0	0					invalid unit: repeated site means	0.06923076923076923	0.9821428571428571
2025_DRACH	seed_71	canonical	ALL	POSTHOC_ROBUSTNESS_ANALYSIS	OBSERVED_NATIVE_INPUT	provider_construct_condition	read_site	3940	3901	2175	3940	1966	1974	1949	1952	231	1944	1966	1974	2175	231	1944	0.10130592445274453	0.035891073721426504	0.04283858200599407	0.06859849908708551	0.13748435290353753	0.3845223711951271	0.10812952665592579	0.9157948532948533	0.10822510822510822	1827	206	25	117	2175	0.042522919753502156	0.04316187365301724	0.13410759594139607	INFINITE	eligible explicit probability subset	0.11749745676500509	0.9848024316109423
2025_DRACH	seed_71	canonical	DRACH_oligo_0	POSTHOC_ROBUSTNESS_ANALYSIS	OBSERVED_NATIVE_INPUT	provider_construct_condition	read_site	789	783	433	789	391	398	389	394	42	391	391	398	433	42	391	0.07267706734793526	0.04715831200485034	0.04963357233835974	0.0599176896763928	0.1527633190080845	0.2586075085928041	0.14139386641842155	0.9127390086469369	0.09523809523809523	360	38	4	31	433	0.04926604872212399	0.05000872534912673	0.15011435450795083	0.15542857323873513	eligible explicit probability subset	0.10741687979539642	0.9824120603015075
2025_DRACH	seed_71	canonical	DRACH_oligo_1	POSTHOC_ROBUSTNESS_ANALYSIS	OBSERVED_NATIVE_INPUT	provider_construct_condition	read_site	779	774	430	779	387	392	386	388	45	385	387	392	430	45	385	0.12019560072157118	0.03082117848582082	0.040174315696538884	0.07550838960369599	0.14609618332430194	0.6017819251644702	0.09283421349882771	0.921067821067821	0.1111111111111111	367	40	5	18	430	0.0398815066315407	0.04047475415606831	0.13984967903439377	INFINITE	eligible explicit probability subset	0.11627906976744186	0.9821428571428571
2025_DRACH	seed_71	canonical	DRACH_oligo_2	POSTHOC_ROBUSTNESS_ANALYSIS	OBSERVED_NATIVE_INPUT	provider_construct_condition	read_site	792	784	458	792	398	394	395	389	69	389	398	394	458	69	389	0.09952473294907722	0.039011163392839214	0.048127836535591224	0.06926794817095822	0.1570218221323356	0.33805246264302447	0.12491098872555528	0.914570992138892	0.10144927536231885	362	62	7	27	458	0.04775841059122544	0.04850489187448826	0.1540203893357197	0.16012736286739093	eligible explicit probability subset	0.17336683417085427	0.9873096446700508
2025_DRACH	seed_71	canonical	DRACH_oligo_3	POSTHOC_ROBUSTNESS_ANALYSIS	OBSERVED_NATIVE_INPUT	provider_construct_condition	read_site	793	784	426	793	398	395	394	390	37	389	398	395	426	37	389	0.0948846146867082	0.035154180845442036	0.04034203542789943	0.06501939776607511	0.11936841393421747	0.3277662749310689	0.09954650941780745	0.9286111304106162	0.08108108108108109	365	34	3	24	426	0.04005596895173122	0.04063573129859888	0.11690534391843285	0.1218432431933227	eligible explicit probability subset	0.09296482412060302	0.9848101265822785
2025_DRACH	seed_71	canonical	DRACH_oligo_4	POSTHOC_ROBUSTNESS_ANALYSIS	OBSERVED_NATIVE_INPUT	provider_construct_condition	read_site	787	776	428	787	392	395	385	391	38	390	392	395	428	38	390	0.12006558870014392	0.02722275562775441	0.03546581090053665	0.07364417216394917	0.11049918862770423	0.406052464683082	0.08170168993512897	0.8992577597840756	0.15789473684210525	373	32	6	17	428	0.03520773058739778	0.03573152060820677	0.10795824500185161	0.11306356808446894	eligible explicit probability subset	0.09693877551020408	0.9873417721518988
2025_DRACH	seed_71	high_p_filter	ALL	POSTHOC_ROBUSTNESS_ANALYSIS	CONTROLLED_ERROR_INJECTION	provider_construct_condition	read_site	3940	3901	2175	1712	1966	1974	1949	1952	231	1944	6	1706	1712	6	1706	0.934838612874349	0.0002986509942505312	0.0035739078699985397	0.46756863193429976	0.023215418846731457	4.379868734982277	0.007893074241330946	0.5	1.0	1706	0	6	0	1712	0.0035343794065101123	0.003621065728018217	0.020206513614456866	INFINITE	selected p>=0.9 subset; whole-population claim invalid	0.11749745676500509	0.9848024316109423
2025_DRACH	seed_71	high_p_filter	DRACH_oligo_0	POSTHOC_ROBUSTNESS_ANALYSIS	CONTROLLED_ERROR_INJECTION	provider_construct_condition	read_site	789	783	433	325	391	398	389	394	42	391	0	325	325	0	325		0.0003662696251502404	0.0003662696251502404		0.009331972056387923		0.009331972056387923			325	0	0	0	325	0.0003343787560096154	0.0004057898888221154	0.007362171777924181	0.01130566135995398	selected p>=0.9 subset; whole-population claim invalid	0.10741687979539642	0.9824120603015075
2025_DRACH	seed_71	high_p_filter	DRACH_oligo_1	POSTHOC_ROBUSTNESS_ANALYSIS	CONTROLLED_ERROR_INJECTION	provider_construct_condition	read_site	779	774	430	345	387	392	386	388	45	385	3	342	345	3	342	0.9935035705566406	0.00031612909328170686	0.008952541627745697	0.49690984982496117	0.059230720498944775	5.872120528816804	0.008240459022472326	0.5	1.0	342	0	3	0	345	0.008891230044157608	0.009021482605865036	0.052428104906135746	INFINITE	selected p>=0.9 subset; whole-population claim invalid	0.11627906976744186	0.9821428571428571
2025_DRACH	seed_71	high_p_filter	DRACH_oligo_2	POSTHOC_ROBUSTNESS_ANALYSIS	CONTROLLED_ERROR_INJECTION	provider_construct_condition	read_site	792	784	458	337	398	394	395	389	69	389	2	335	337	2	335	0.8393287658691406	0.000431880666248834	0.00541049719564285	0.41988032326769475	0.025294115257687922	2.494737777932638	0.01055116801783747	0.5	1.0	335	0	2	0	337	0.005352982427670623	0.0054756413581463275	0.023192358966256908	0.027403311701308067	selected p>=0.9 subset; whole-population claim invalid	0.17336683417085427	0.9873096446700508
2025_DRACH	seed_71	high_p_filter	DRACH_oligo_3	POSTHOC_ROBUSTNESS_ANALYSIS	CONTROLLED_ERROR_INJECTION	provider_construct_condition	read_site	793	784	426	350	398	395	394	390	37	389	0	350	350	0	350		0.00013268607003348213	0.00013268607003348213		0.004868065159483198		0.004868065159483198			350	0	0	0	350	0.00011775425502232143	0.00015524727957589286	0.0029072161154887277	0.00683276716495146	selected p>=0.9 subset; whole-population claim invalid	0.09296482412060302	0.9848101265822785
2025_DRACH	seed_71	high_p_filter	DRACH_oligo_4	POSTHOC_ROBUSTNESS_ANALYSIS	CONTROLLED_ERROR_INJECTION	provider_construct_condition	read_site	787	776	428	355	392	395	385	391	38	390	1	354	355	1	354	0.9498634338378906	0.000257696809068238	0.0029326425471775967	0.47506056532347946	0.01704047303516138	3.673375267577971	0.006711843672046099	0.5	1.0	354	0	1	0	355	0.002900115536971831	0.0029727989519146127	0.014872672325234744	0.019228848547725413	selected p>=0.9 subset; whole-population claim invalid	0.09693877551020408	0.9873417721518988
2025_DRACH	seed_71	missing_zero	ALL	POSTHOC_ROBUSTNESS_ANALYSIS	CONTROLLED_ERROR_INJECTION	provider_construct_condition	read_site	3940	3901	2175	3940	1966	1974	1949	1952	231	1944	1966	1974	3901	1949	1952	0.01200701310856028	0.039842339812732136	0.025935379611134866	0.02592467646064621	INFINITE	0.045574483194496855	INFINITE	0.9615680119691477	0.012827090815802977	1827	1924	25	125	2175					invalid probability: missing replaced by zero	0.11749745676500509	0.9848024316109423
2025_DRACH	seed_71	missing_zero	DRACH_oligo_0	POSTHOC_ROBUSTNESS_ANALYSIS	CONTROLLED_ERROR_INJECTION	provider_construct_condition	read_site	789	783	433	789	391	398	389	394	42	391	391	398	783	389	394	0.007846881307489156	0.05441345176115859	0.031278846516615284	0.03113016653432387	INFINITE	0.027921633318503274	INFINITE	0.9517114037033654	0.010282776349614395	360	385	4	34	433					invalid probability: missing replaced by zero	0.10741687979539642	0.9824120603015075
2025_DRACH	seed_71	missing_zero	DRACH_oligo_1	POSTHOC_ROBUSTNESS_ANALYSIS	CONTROLLED_ERROR_INJECTION	provider_construct_condition	read_site	779	774	430	779	387	392	386	388	45	385	387	392	774	386	388	0.014012440498628764	0.03831482916763149	0.026195033268102994	0.026163634833130126	INFINITE	0.07015592391813771	INFINITE	0.966461460392073	0.012953367875647668	367	381	5	21	430					invalid probability: missing replaced by zero	0.11627906976744186	0.9821428571428571
2025_DRACH	seed_71	missing_zero	DRACH_oligo_2	POSTHOC_ROBUSTNESS_ANALYSIS	CONTROLLED_ERROR_INJECTION	provider_construct_condition	read_site	792	784	458	792	398	394	395	389	69	389	398	394	784	395	389	0.01738533309743374	0.039011163392839214	0.028115496343495895	0.028198248245136476	0.09172958486812462	0.059052202335110604	0.12491098872555528	0.9564348703263805	0.017721518987341773	362	388	7	27	458					invalid probability: missing replaced by zero	0.17336683417085427	0.9873096446700508
2025_DRACH	seed_71	missing_zero	DRACH_oligo_3	POSTHOC_ROBUSTNESS_ANALYSIS	CONTROLLED_ERROR_INJECTION	provider_construct_condition	read_site	793	784	426	793	398	395	394	390	37	389	398	395	784	394	390	0.008910484120325388	0.03762814448429988	0.023196054964649434	0.023269314302312633	INFINITE	0.030780081655963326	INFINITE	0.9641416113497332	0.007614213197969543	365	391	3	25	426					invalid probability: missing replaced by zero	0.09296482412060302	0.9848101265822785
2025_DRACH	seed_71	missing_zero	DRACH_oligo_4	POSTHOC_ROBUSTNESS_ANALYSIS	CONTROLLED_ERROR_INJECTION	provider_construct_condition	read_site	787	776	428	787	392	395	385	391	38	390	392	395	776	385	391	0.011850629534040178	0.029710676968859893	0.020849699826584647	0.020780653251450037	INFINITE	0.04007790560508342	INFINITE	0.9691898893944929	0.015584415584415584	373	379	6	18	428					invalid probability: missing replaced by zero	0.09693877551020408	0.9873417721518988
2025_DRACH	seed_71	site_mean_as_read	ALL	POSTHOC_ROBUSTNESS_ANALYSIS	CONTROLLED_ERROR_INJECTION	provider_construct_condition	read_site	3940	3901	2175	3940	1966	1974	1949	1952	231	1944	1966	1974	2175	231	1944	0.05574877063458217	0.004903218309953486	0.010303366625810603	0.030325994472267827	0.08788472539390627	0.26045162328268934	0.06737909092255397	0.9913419913419913	0.017316017316017316	1944	227	4	0	0					invalid unit: repeated site means	0.11749745676500509	0.9848024316109423
2025_DRACH	seed_71	site_mean_as_read	DRACH_oligo_0	POSTHOC_ROBUSTNESS_ANALYSIS	CONTROLLED_ERROR_INJECTION	provider_construct_condition	read_site	789	783	433	789	391	398	389	394	42	391	391	398	433	42	391	0.03427058479906091	0.008049402826020971	0.010592796920403597	0.02115999381254094	0.10087234202463403	0.20336274103768562	0.08986314315366686	1.0	0.0	391	42	0	0	0					invalid unit: repeated site means	0.10741687979539642	0.9824120603015075
2025_DRACH	seed_71	site_mean_as_read	DRACH_oligo_1	POSTHOC_ROBUSTNESS_ANALYSIS	CONTROLLED_ERROR_INJECTION	provider_construct_condition	read_site	779	774	430	779	387	392	386	388	45	385	387	392	430	45	385	0.056209035545888575	0.0035223296300837727	0.009036054667784276	0.029865682587986175	0.08116138755292235	0.2641026436961205	0.059778643328392694	1.0	0.0	385	45	0	0	0					invalid unit: repeated site means	0.11627906976744186	0.9821428571428571
2025_DRACH	seed_71	site_mean_as_read	DRACH_oligo_2	POSTHOC_ROBUSTNESS_ANALYSIS	CONTROLLED_ERROR_INJECTION	provider_construct_condition	read_site	792	784	458	792	398	394	395	389	69	389	398	394	458	69	389	0.06149485658855882	0.00631778019891616	0.014630483847137435	0.03390631839373749	0.10493557942263035	0.27049199711335875	0.0755695310404703	0.9710144927536232	0.057971014492753624	389	65	4	0	0					invalid unit: repeated site means	0.17336683417085427	0.9873096446700508
2025_DRACH	seed_71	site_mean_as_read	DRACH_oligo_3	POSTHOC_ROBUSTNESS_ANALYSIS	CONTROLLED_ERROR_INJECTION	provider_construct_condition	read_site	793	784	426	793	398	395	394	390	37	389	398	395	426	37	389	0.05972749146157654	0.003995251189528566	0.00883584482818062	0.03186137132555256	0.0792662594582383	0.27867585981696896	0.06029927947553126	1.0	0.0	389	37	0	0	0					invalid unit: repeated site means	0.09296482412060302	0.9848101265822785
2025_DRACH	seed_71	site_mean_as_read	DRACH_oligo_4	POSTHOC_ROBUSTNESS_ANALYSIS	CONTROLLED_ERROR_INJECTION	provider_construct_condition	read_site	787	776	428	787	392	395	385	391	38	390	392	395	428	38	390	0.06463506754668542	0.0026068558253541734	0.008114033501547135	0.0336209616860198	0.07183232495922609	0.28325042827219515	0.05123261232873167	1.0	0.0	390	38	0	0	0					invalid unit: repeated site means	0.09693877551020408	0.9873417721518988
2026_all5mer	full	canonical	5mers_A_RNA_sparse_seq_01	POSTHOC_ROBUSTNESS_ANALYSIS	OBSERVED_NATIVE_INPUT	provider_construct_condition	read_site	146009	143290	94025	146009	73966	72043	72769	70521	24406	69619	73966	72043	94025	24406	69619	0.08314942770450513	0.06095011670340238	0.06671237551002736	0.07204977220395375	0.22073700597598725	0.2903410129481516	0.19633626201007792	0.9044998590371399	0.10579365729738589	63687	21824	2582	5932	94025	0.06618000739497475	0.06725237301961122	0.2173931380730327	INFINITE	eligible explicit probability subset	0.3299624151637239	0.9663534278139444
2026_all5mer	full	canonical	5mers_A_RNA_sparse_seq_02	POSTHOC_ROBUSTNESS_ANALYSIS	OBSERVED_NATIVE_INPUT	provider_construct_condition	read_site	145751	143542	93130	145751	73580	72171	72370	71172	22507	70623	73580	72171	93130	22507	70623	0.0820536502236956	0.08490117488177416	0.08421300525351931	0.08347741255273489	0.26759370826754675	0.285321617217181	0.2619439617723622	0.8868382212720085	0.10272359710312347	61894	20195	2312	8729	93130	0.0835645983890651	0.08486904151250478	0.2641685398005093	INFINITE	eligible explicit probability subset	0.3058847512911117	0.9785509415139044
2026_all5mer	full	canonical	5mers_A_RNA_sparse_seq_03	POSTHOC_ROBUSTNESS_ANALYSIS	OBSERVED_NATIVE_INPUT	provider_construct_condition	read_site	148814	147059	91400	148814	76011	72803	75191	71868	20000	71400	76011	72803	91400	20000	71400	0.09636007843017579	0.06158243601395636	0.06919242341356674	0.07897125722206608	0.22414501305777984	0.3296026317076416	0.1946050638561379	0.8928152661064427	0.1257	65069	17486	2514	6331	91400	0.06864151852396959	0.06975095769769514	0.22097979134330464	INFINITE	eligible explicit probability subset	0.2631198116062149	0.9807288161202148
2026_all5mer	full	canonical	5mers_A_RNA_sparse_seq_04	POSTHOC_ROBUSTNESS_ANALYSIS	OBSERVED_NATIVE_INPUT	provider_construct_condition	read_site	145639	143648	91581	145639	74257	71382	73395	70253	21962	69619	74257	71382	91581	21962	69619	0.1194626759792349	0.07422002576662169	0.08506964614606079	0.0968413508729283	0.2704400083606078	0.4014220613815155	0.2291204282395894	0.8678473138611983	0.15608778799745013	62085	18534	3428	7534	91581	0.08443542607762783	0.08571149560902498	0.2667976089953292	INFINITE	eligible explicit probability subset	0.295756629004673	0.9753018968367375
2026_all5mer	full	canonical	5mers_A_RNA_sparse_seq_05	POSTHOC_ROBUSTNESS_ANALYSIS	OBSERVED_NATIVE_INPUT	provider_construct_condition	read_site	147161	145872	94407	147161	72808	74353	72119	73753	21025	73382	72808	74353	94407	21025	73382	0.09709696784456051	0.0594106900169221	0.06780364807433413	0.0782538289307413	0.21928340945059635	0.3312608406023804	0.1872002624940367	0.8941030321321836	0.12475624256837099	66995	18402	2623	6387	94407	0.06725853370620359	0.06835639183699592	0.21622428224721435	INFINITE	eligible explicit probability subset	0.28877321173497417	0.9869406748887066
2026_all5mer	full	canonical	5mers_A_RNA_sparse_seq_06	POSTHOC_ROBUSTNESS_ANALYSIS	OBSERVED_NATIVE_INPUT	provider_construct_condition	read_site	151404	149149	93851	151404	76086	75318	75164	73985	20639	73212	76086	75318	93851	20639	73212	0.0761719383965387	0.07242201966795968	0.07324667334921126	0.07429697903224919	0.23556442918447093	0.26784742319375854	0.2264636162937196	0.9007784906081224	0.09370609041135713	65544	18705	1934	7668	93851	0.07268229313426959	0.07381868295868418	0.2322099035313852	INFINITE	eligible explicit probability subset	0.2712588386825434	0.9720385565203536
2026_all5mer	full	canonical	5mers_A_RNA_sparse_seq_07	POSTHOC_ROBUSTNESS_ANALYSIS	OBSERVED_NATIVE_INPUT	provider_construct_condition	read_site	146326	144521	88910	146326	74968	71358	74180	70341	19389	69521	74968	71358	88910	19389	69521	0.09453552366501958	0.08232063655277398	0.08498439143095787	0.08842808010889677	0.2661441012272858	0.32519754905165577	0.2496744402634517	0.8784911137047774	0.12011965547475373	60977	17060	2329	8544	88910	0.08434622248331133	0.08563018977313566	0.2627604210024141	INFINITE	eligible explicit probability subset	0.25863034894888487	0.9742565654867008
2026_all5mer	full	canonical	5mers_A_RNA_sparse_seq_08	POSTHOC_ROBUSTNESS_ANALYSIS	OBSERVED_NATIVE_INPUT	provider_construct_condition	read_site	149555	147619	88099	149555	75951	73604	75180	72439	16571	71528	75951	73604	88099	16571	71528	0.09976132269551935	0.06084532930258736	0.06816524129380493	0.08030332599905335	0.217529968300495	0.333608752158584	0.1906378207874596	0.8901785179938101	0.13246032224971335	65292	14376	2195	6236	88099	0.0676453302154993	0.06869278176664179	0.21433091921808967	INFINITE	eligible explicit probability subset	0.21818014246027043	0.9717950111406989
2026_all5mer	full	canonical	5mers_A_RNA_sparse_seq_09	POSTHOC_ROBUSTNESS_ANALYSIS	OBSERVED_NATIVE_INPUT	provider_construct_condition	read_site	147097	144331	91313	147097	73973	73124	72715	71616	20457	70856	73973	73124	91313	20457	70856	0.07168568080953007	0.0807888500036606	0.07874945219388182	0.07623726540659534	0.2505287336874452	0.2528062116141799	0.2498711977561591	0.8968405946643748	0.08886933567971843	62534	18639	1818	8322	91313	0.07814907169934217	0.07935746208295275	0.24712838872327703	INFINITE	eligible explicit probability subset	0.2765468481743339	0.9689841912368032
2026_all5mer	full	canonical	5mers_A_RNA_sparse_seq_10	POSTHOC_ROBUSTNESS_ANALYSIS	OBSERVED_NATIVE_INPUT	provider_construct_condition	read_site	140681	138537	84417	140681	71263	69418	70338	68199	16556	67861	71263	69418	84417	16556	67861	0.09720891292154515	0.048424776626222424	0.05799240116281296	0.07281684477388378	0.18980028935018523	0.334193947723938	0.15457267101217292	0.903632323725246	0.12291616332447451	63123	14521	2035	4738	84417	0.05751772023018912	0.05847471148996805	0.18677798768426562	INFINITE	eligible explicit probability subset	0.23232252360972735	0.9775706589069117
2026_all5mer	full	canonical	5mers_A_RNA_sparse_seq_11	POSTHOC_ROBUSTNESS_ANALYSIS	OBSERVED_NATIVE_INPUT	provider_construct_condition	read_site	147577	146151	95068	147577	74685	72892	73993	72158	23470	71598	74685	72892	95068	23470	71598	0.08747760624798197	0.059259373487888484	0.0662257756724237	0.07336848986793523	0.21611203051102384	0.29742492058023257	0.18945746571976813	0.900869445132473	0.11371964209629314	65545	20801	2669	6053	95068	0.06571016910726483	0.06674901163211382	0.21276056276272215	INFINITE	eligible explicit probability subset	0.3142531967597242	0.9822477089392526
2026_all5mer	full	canonical	5mers_A_RNA_sparse_seq_12	POSTHOC_ROBUSTNESS_ANALYSIS	OBSERVED_NATIVE_INPUT	provider_construct_condition	read_site	148508	146910	93036	148508	74252	74256	73447	73463	20730	72306	74252	74256	93036	20730	72306	0.11447516927613306	0.06589981430256722	0.07672322791237439	0.09018749178935015	0.24707752689340698	0.3816909980564493	0.20848408710680744	0.877043981313859	0.15094066570188133	65439	17601	3129	6867	93036	0.07612437489282962	0.07732971032645042	0.2436554265168578	INFINITE	eligible explicit probability subset	0.2791843990734256	0.9737394957983193
2026_all5mer	full	canonical	5mers_A_RNA_sparse_seq_13	POSTHOC_ROBUSTNESS_ANALYSIS	OBSERVED_NATIVE_INPUT	provider_construct_condition	read_site	147407	143542	87073	147407	74437	72970	72576	70966	16692	70381	74437	72970	87073	16692	70381	0.1003757543538704	0.05479985869087829	0.06353681331982945	0.07758780652237435	0.20323920354067668	0.34225958961828074	0.17026825563701847	0.8950682716068765	0.12964294272705487	64735	14528	2164	5646	87073	0.06304807394516042	0.06403318208902974	0.2000785915786423	INFINITE	eligible explicit probability subset	0.22424331985437349	0.9645196656160065
2026_all5mer	full	canonical	5mers_A_RNA_sparse_seq_14	POSTHOC_ROBUSTNESS_ANALYSIS	OBSERVED_NATIVE_INPUT	provider_construct_condition	read_site	147493	145398	91903	147493	74624	72869	73771	71627	20738	71165	74624	72869	91903	20738	71165	0.08312526095487167	0.06066276444693958	0.06573144830471893	0.07189401270090562	0.211990521575131	0.2878111322046601	0.189895842684733	0.9034354499804539	0.10434950332722538	64847	18574	2164	6318	91903	0.06521214312215563	0.06625838288181349	0.20888175772438944	INFINITE	eligible explicit probability subset	0.27789987135506006	0.9766155704071691
2026_all5mer	full	canonical	5mers_A_RNA_sparse_seq_15	POSTHOC_ROBUSTNESS_ANALYSIS	OBSERVED_NATIVE_INPUT	provider_construct_condition	read_site	145260	143330	97937	145260	72411	72849	71532	71798	26849	71088	72411	72849	97937	26849	71088	0.11193679448119613	0.09955178620765372	0.10294708203187071	0.10574429034442492	0.3239985089040369	0.37164749977335726	0.3060021135088875	0.8534033497534711	0.14752877202130432	60733	22888	3961	10355	97937	0.10217975203696397	0.10372204142130871	0.3200748389195854	INFINITE	eligible explicit probability subset	0.37078620651558464	0.9758267100440637
2026_all5mer	full	canonical	5mers_A_RNA_sparse_seq_16	POSTHOC_ROBUSTNESS_ANALYSIS	OBSERVED_NATIVE_INPUT	provider_construct_condition	read_site	139815	137067	96570	139815	68695	71120	67375	69692	27974	68596	68695	71120	96570	27974	68596	0.09255521810701664	0.07938312604146641	0.0831987634386053	0.08596917207424153	0.2684846093717848	0.3137276367851031	0.25003413924436974	0.8840875517586466	0.1174304711517838	60749	24689	3285	7847	96570	0.08255032123314046	0.08385483503860137	0.264870333368987	INFINITE	eligible explicit probability subset	0.40722032171191497	0.9645106861642295
2026_all5mer	full	canonical	5mers_A_RNA_sparse_seq_17	POSTHOC_ROBUSTNESS_ANALYSIS	OBSERVED_NATIVE_INPUT	provider_construct_condition	read_site	141470	139177	86709	141470	72145	69325	71127	68050	19109	67600	72145	69325	86709	19109	67600	0.07428366533159941	0.05182475524541189	0.056774268131467055	0.06305421028850565	0.18666490986181739	0.2576387673985594	0.16660219619806588	0.9162841764049964	0.09377780103616097	62621	17317	1792	4979	86709	0.05632253831472448	0.05723362734274088	0.18354335169570565	INFINITE	eligible explicit probability subset	0.2648693603160302	0.9751172015867292
2026_all5mer	full	canonical	5mers_A_RNA_sparse_seq_18	POSTHOC_ROBUSTNESS_ANALYSIS	OBSERVED_NATIVE_INPUT	provider_construct_condition	read_site	147202	146200	91156	147202	74475	72727	73950	72250	19397	71759	74475	72727	91156	19397	71759	0.10444462404439404	0.05069987115610267	0.06213616686646938	0.07757224760024836	0.2028988637344618	0.35079324596731265	0.16292189454355047	0.8944458007628419	0.13862968500283548	66558	16708	2689	5201	91156	0.06163918441068745	0.06264077871678256	0.1997479847805314	INFINITE	eligible explicit probability subset	0.2604498153742867	0.9866899500873129
2026_all5mer	full	canonical	5mers_A_RNA_sparse_seq_19	POSTHOC_ROBUSTNESS_ANALYSIS	OBSERVED_NATIVE_INPUT	provider_construct_condition	read_site	148233	143556	83789	148233	74940	73293	73016	70540	13762	70027	74940	73293	83789	13762	70027	0.08451945101551288	0.06396724646398597	0.06734286186741736	0.07424334873974942	0.21143783238960295	0.29746275375684744	0.1945318537262871	0.9015408302027925	0.10238337450951897	63407	12353	1409	6620	83789	0.06683699514939032	0.06785635797997565	0.20828433418926348	INFINITE	eligible explicit probability subset	0.18364024552975713	0.9554391278839726
2026_all5mer	full	canonical	5mers_A_RNA_sparse_seq_20	POSTHOC_ROBUSTNESS_ANALYSIS	OBSERVED_NATIVE_INPUT	provider_construct_condition	read_site	150564	146635	99940	150564	75427	75137	73849	72786	27734	72206	75427	75137	99940	27734	72206	0.13466752590730452	0.07972357645096338	0.09497087977517957	0.10719555117913396	0.3023309847755797	0.4451464447531988	0.24747620862097633	0.852228887981593	0.17952693444869114	63829	22755	4979	8377	99940	0.09427358868934642	0.09567580025554395	0.29829799549833697	INFINITE	eligible explicit probability subset	0.36769326633698807	0.9609912559724237
2026_all5mer	full	canonical	5mers_A_RNA_sparse_seq_21	POSTHOC_ROBUSTNESS_ANALYSIS	OBSERVED_NATIVE_INPUT	provider_construct_condition	read_site	146397	144612	90299	146397	74673	71724	73737	70875	20124	70175	74673	71724	90299	20124	70175	0.09332003865462841	0.05662171513659699	0.06480028923461428	0.0749708768956127	0.2101404043615849	0.3194570933490517	0.178791789481873	0.8990956086513704	0.11995627111906182	64431	17710	2414	5744	90299	0.06429167255034965	0.06531653531341017	0.20696545078960304	INFINITE	eligible explicit probability subset	0.26949499819211764	0.9784033238525459
2026_all5mer	full	canonical	5mers_A_RNA_sparse_seq_22	POSTHOC_ROBUSTNESS_ANALYSIS	OBSERVED_NATIVE_INPUT	provider_construct_condition	read_site	144262	140810	95371	144262	73671	70591	72255	68555	27698	67673	73671	70591	95371	27698	67673	0.11567316820358264	0.10722879623402488	0.10968124210135154	0.11145098221880376	0.34593075942852675	0.38132976419397085	0.33144223913249626	0.8452263334087411	0.15394613329482273	57143	23434	4264	10530	95371	0.10885219396181262	0.11051791963542172	0.34195200188014147	INFINITE	eligible explicit probability subset	0.3759688344124554	0.9586632856879772
2026_all5mer	full	canonical	5mers_A_RNA_sparse_seq_23	POSTHOC_ROBUSTNESS_ANALYSIS	OBSERVED_NATIVE_INPUT	provider_construct_condition	read_site	146430	144122	93303	146430	73766	72664	72838	71284	22688	70615	73766	72664	93303	22688	70615	0.11423811488830825	0.08118944320025057	0.08922571495205546	0.09771377904427941	0.2835647485939913	0.3821383101791104	0.25189390011642726	0.8659599289093894	0.1487570521861777	62189	19313	3375	8426	93303	0.08852964826265593	0.08992941103598624	0.28009056928302556	INFINITE	eligible explicit probability subset	0.3075671718677982	0.97180171749422
2026_all5mer	full	canonical	5mers_A_RNA_sparse_seq_24	POSTHOC_ROBUSTNESS_ANALYSIS	OBSERVED_NATIVE_INPUT	provider_construct_condition	read_site	148738	146462	98390	148738	75139	73599	74104	72358	26394	71996	75139	73599	98390	26394	71996	0.12149717916708476	0.06089308669987146	0.07715067808700052	0.09119513293347811	0.24778308894352416	0.39445827605677763	0.19401142261946155	0.8744910345077685	0.16291581420019702	65653	22094	4300	6343	98390	0.07654285572423042	0.07776612984430185	0.24444678439566878	INFINITE	eligible explicit probability subset	0.3512689814876429	0.9782198127691952
2026_all5mer	full	canonical	5mers_A_RNA_sparse_seq_25	POSTHOC_ROBUSTNESS_ANALYSIS	OBSERVED_NATIVE_INPUT	provider_construct_condition	read_site	147023	145248	93771	147023	73151	73872	72225	73023	21884	71887	73151	73872	93771	21884	71887	0.09787075368343988	0.08728670615894658	0.0897567800200125	0.09257872992119323	0.28039025008417134	0.3324026852851424	0.26455650918612234	0.872330022272384	0.1271248400658015	62670	19102	2782	9217	93771	0.08910985254407179	0.09041133689048444	0.27679373032929094	INFINITE	eligible explicit probability subset	0.29916200735465	0.9731291964479098
2026_all5mer	full	canonical	5mers_A_RNA_sparse_seq_26	POSTHOC_ROBUSTNESS_ANALYSIS	OBSERVED_NATIVE_INPUT	provider_construct_condition	read_site	145381	143527	93651	145381	72282	73099	71237	72290	21806	71845	72282	73099	93651	21806	71845	0.08723986381720394	0.07144020049239642	0.07511904490901507	0.07934003215480018	0.24089026565878566	0.2999073924281619	0.22297771132190738	0.8923354979513735	0.11052004035586536	64315	19396	2410	7530	93651	0.07451617149897792	0.07572954771358346	0.2377509647110227	INFINITE	eligible explicit probability subset	0.30167953294042776	0.9828451825606369
2026_all5mer	full	canonical	5mers_A_RNA_sparse_seq_27	POSTHOC_ROBUSTNESS_ANALYSIS	OBSERVED_NATIVE_INPUT	provider_construct_condition	read_site	148038	146108	91228	148038	73821	74217	72695	73413	18495	72733	73821	74217	91228	18495	72733	0.0889883583318417	0.058454629748253696	0.06464484887125826	0.0737214940400477	0.20913621909572946	0.3083445999255238	0.1839088944501484	0.9013816011543024	0.11257096512570965	66575	16413	2082	6158	91228	0.06413742706369746	0.0651599000733503	0.20596808654600654	INFINITE	eligible explicit probability subset	0.25053846466452634	0.9800045811606505
2026_all5mer	full	canonical	5mers_A_RNA_sparse_seq_28	POSTHOC_ROBUSTNESS_ANALYSIS	OBSERVED_NATIVE_INPUT	provider_construct_condition	read_site	146014	143563	86760	146014	73628	72386	72566	70997	17403	69357	73628	72386	86760	17403	69357	0.06612930929140888	0.07438984970778524	0.07273288584349066	0.07025957949959706	0.23583613980186055	0.23718731758075245	0.23549710341207936	0.90651817984859	0.0814227432051945	62037	15986	1417	7320	86760	0.07222017716460098	0.0732532239169116	0.2316332022863832	INFINITE	eligible explicit probability subset	0.2363638833052643	0.9581548918299119
2026_all5mer	full	canonical	5mers_A_RNA_sparse_seq_29	POSTHOC_ROBUSTNESS_ANALYSIS	OBSERVED_NATIVE_INPUT	provider_construct_condition	read_site	146633	144210	86474	146633	74562	72071	73326	70884	15919	70555	74562	72071	86474	15919	70555	0.1024455119560199	0.04340425769372561	0.05427316310577389	0.07292488482487276	0.17850099422377408	0.3478849935037866	0.14028366186549301	0.9024937617249298	0.13317419435894215	66192	13799	2120	4363	86474	0.05383661914511967	0.054717336460959366	0.1754613071746758	INFINITE	eligible explicit probability subset	0.21350017435154636	0.9789651871071582
2026_all5mer	full	canonical	5mers_A_RNA_sparse_seq_30	POSTHOC_ROBUSTNESS_ANALYSIS	OBSERVED_NATIVE_INPUT	provider_construct_condition	read_site	141595	138802	92727	141595	72183	69412	70766	68036	25263	67464	72183	69412	92727	25263	67464	0.06883758021256035	0.09499124223674502	0.08786580990617272	0.08191441122465268	0.28267201369256145	0.24581117151778162	0.29647515990182066	0.8887521760936211	0.08451094486007205	58155	23128	2135	9309	92727	0.08718917142215228	0.08855007778472442	0.2788470677884838	INFINITE	eligible explicit probability subset	0.3499854536386684	0.9719356883535988
2026_all5mer	full	canonical	5mers_A_RNA_sparse_seq_31	POSTHOC_ROBUSTNESS_ANALYSIS	OBSERVED_NATIVE_INPUT	provider_construct_condition	read_site	147467	145363	86899	147467	74005	73462	72861	72502	15271	71628	74005	73462	86899	15271	71628	0.09078668316207944	0.05014682219523364	0.0572885766092626	0.07046675267865654	0.1874515547097934	0.3122418409133321	0.1608464217922997	0.9075988593040556	0.11381049047213673	66543	13533	1738	5085	86899	0.05683171763244677	0.05775306498060968	0.1844595189849193	INFINITE	eligible explicit probability subset	0.20635092223498414	0.9750347118238001
2026_all5mer	full	canonical	5mers_A_RNA_sparse_seq_32	POSTHOC_ROBUSTNESS_ANALYSIS	OBSERVED_NATIVE_INPUT	provider_construct_condition	read_site	142561	140373	97135	142561	71128	71433	69829	70544	27134	70001	71128	71433	97135	27134	70001	0.10980524088556663	0.08439638437512068	0.09149417520802787	0.09710081263034365	0.2914495213994972	0.36802916130290564	0.2617654890408297	0.8663547127648095	0.14247807179184788	61264	23268	3866	8737	97135	0.09078457754234	0.09221140226824699	0.2878655247150542	INFINITE	eligible explicit probability subset	0.38148127319761554	0.9799532428989403
2026_all5mer	full	canonical	ALL	POSTHOC_ROBUSTNESS_ANALYSIS	OBSERVED_NATIVE_INPUT	provider_construct_condition	read_site	4682505	4608734	2940322	4682505	2360963	2321542	2326496	2282238	680046	2260276	2360963	2321542	2940322	680046	2260276	0.09679205090608	0.06935819024613475	0.0757031712401732	0.08307512057610737	0.24279349463453048	0.32889246694445773	0.21688902025906626	0.8872536916806255	0.12486508265617326	2032830	595132	84914	227446	2940322	0.07511927814365309	0.07629469373122455	0.239394638467825	INFINITE	eligible explicit probability subset	0.2880375507790677	0.9736097817743552
2026_all5mer	full	high_p_filter	5mers_A_RNA_sparse_seq_01	POSTHOC_ROBUSTNESS_ANALYSIS	CONTROLLED_ERROR_INJECTION	provider_construct_condition	read_site	146009	143290	94025	52363	73966	72043	72769	70521	24406	69619	351	52012	52363	351	52012	0.9033893356975328	0.0008710720241505266	0.006920838281801104	0.45213020386084163	0.041100433526938415	3.2932535708853052	0.019153464534921442	0.5	1.0	52012	0	351	0	52363	0.006827229182059016	0.00702207677607444	0.038555807789043106	INFINITE	selected p>=0.9 subset; whole-population claim invalid	0.3299624151637239	0.9663534278139444
2026_all5mer	full	high_p_filter	5mers_A_RNA_sparse_seq_02	POSTHOC_ROBUSTNESS_ANALYSIS	CONTROLLED_ERROR_INJECTION	provider_construct_condition	read_site	145751	143542	93130	46598	73580	72171	72370	71172	22507	70623	271	46327	46598	271	46327	0.8972784936208127	0.000996332606848927	0.006208840989929406	0.4491374131138308	0.03846511842215117	3.1823608775922487	0.020074207058689335	0.5	1.0	46327	0	271	0	46598	0.006115215623566529	0.0063100957508235335	0.03608646732602646	INFINITE	selected p>=0.9 subset; whole-population claim invalid	0.3058847512911117	0.9785509415139044
2026_all5mer	full	high_p_filter	5mers_A_RNA_sparse_seq_03	POSTHOC_ROBUSTNESS_ANALYSIS	CONTROLLED_ERROR_INJECTION	provider_construct_condition	read_site	148814	147059	91400	53035	76011	72803	75191	71868	20000	71400	309	52726	53035	309	52726	0.8945442495994198	0.0008410998696292952	0.0060481192580804175	0.44769267473452456	0.036201063439173294	3.1306629929402567	0.018066011733831818	0.5	1.0	52726	0	309	0	53035	0.005961968094753907	0.006141899815938177	0.03383781475189065	INFINITE	selected p>=0.9 subset; whole-population claim invalid	0.2631198116062149	0.9807288161202148
2026_all5mer	full	high_p_filter	5mers_A_RNA_sparse_seq_04	POSTHOC_ROBUSTNESS_ANALYSIS	CONTROLLED_ERROR_INJECTION	provider_construct_condition	read_site	145639	143648	91581	50023	74257	71382	73395	70253	21962	69619	631	49392	50023	631	49392	0.9044052523025053	0.0008936215651857842	0.012290695690992885	0.4526494369338456	0.05997389732360865	3.284119779919878	0.018784310914509078	0.5	1.0	49392	0	631	0	50023	0.012177026131456093	0.012411994645060927	0.05700937850220419	INFINITE	selected p>=0.9 subset; whole-population claim invalid	0.295756629004673	0.9753018968367375
2026_all5mer	full	high_p_filter	5mers_A_RNA_sparse_seq_05	POSTHOC_ROBUSTNESS_ANALYSIS	CONTROLLED_ERROR_INJECTION	provider_construct_condition	read_site	147161	145872	94407	54733	72808	74353	72119	73753	21025	73382	342	54391	54733	342	54391	0.8935742963824356	0.0007958802557765689	0.006374420045580113	0.4471850883191061	0.03637943126488139	3.0950940825582234	0.01714683008559947	0.5	1.0	54391	0	342	0	54733	0.006290228025818233	0.006466241459873243	0.03404601680324115	INFINITE	selected p>=0.9 subset; whole-population claim invalid	0.28877321173497417	0.9869406748887066
2026_all5mer	full	high_p_filter	5mers_A_RNA_sparse_seq_06	POSTHOC_ROBUSTNESS_ANALYSIS	CONTROLLED_ERROR_INJECTION	provider_construct_condition	read_site	151404	149149	93851	52663	76086	75318	75164	73985	20639	73212	258	52405	52663	258	52405	0.8912752432416576	0.000864619460796061	0.005226808111945108	0.44606993135122686	0.033575087429432195	3.097503371908379	0.018490773005320597	0.5	1.0	52405	0	258	0	52663	0.005142447186202688	0.005318798432218778	0.03128398302235071	INFINITE	selected p>=0.9 subset; whole-population claim invalid	0.2712588386825434	0.9720385565203536
2026_all5mer	full	high_p_filter	5mers_A_RNA_sparse_seq_07	POSTHOC_ROBUSTNESS_ANALYSIS	CONTROLLED_ERROR_INJECTION	provider_construct_condition	read_site	146326	144521	88910	48400	74968	71358	74180	70341	19389	69521	263	48137	48400	263	48137	0.8978903737811534	0.0008290819784273353	0.005703609245867769	0.4493597278797904	0.034836710088739634	3.1959445383882934	0.017565767594550488	0.5	1.0	48137	0	263	0	48400	0.005620763163921262	0.005794084722345526	0.03246110191784476	INFINITE	selected p>=0.9 subset; whole-population claim invalid	0.25863034894888487	0.9742565654867008
2026_all5mer	full	high_p_filter	5mers_A_RNA_sparse_seq_08	POSTHOC_ROBUSTNESS_ANALYSIS	CONTROLLED_ERROR_INJECTION	provider_construct_condition	read_site	149555	147619	88099	54567	75951	73604	75180	72439	16571	71528	263	54304	54567	263	54304	0.8946426304574249	0.0007299812105591324	0.0050384281977844825	0.447686305833992	0.030815740535319	3.11461302929666	0.01588058498611024	0.5	1.0	54304	0	263	0	54567	0.004964193267601355	0.00512029252249886	0.02853277723576631	INFINITE	selected p>=0.9 subset; whole-population claim invalid	0.21818014246027043	0.9717950111406989
2026_all5mer	full	high_p_filter	5mers_A_RNA_sparse_seq_09	POSTHOC_ROBUSTNESS_ANALYSIS	CONTROLLED_ERROR_INJECTION	provider_construct_condition	read_site	147097	144331	91313	48528	73973	73124	72715	71616	20457	70856	209	48319	48528	209	48319	0.899399771074359	0.000920585001212442	0.004790147931670891	0.4501601780377857	0.0329748130511615	3.243725194343111	0.019086967075664957	0.5	1.0	48319	0	209	0	48528	0.004705653582081479	0.0048822716757915535	0.030626410772518244	INFINITE	selected p>=0.9 subset; whole-population claim invalid	0.2765468481743339	0.9689841912368032
2026_all5mer	full	high_p_filter	5mers_A_RNA_sparse_seq_10	POSTHOC_ROBUSTNESS_ANALYSIS	CONTROLLED_ERROR_INJECTION	provider_construct_condition	read_site	140681	138537	84417	53652	71263	69418	70338	68199	16556	67861	215	53437	53652	215	53437	0.9052463087924691	0.0006432538172003729	0.00426827537873923	0.45294478130483473	0.027938051080061598	3.3398568302620846	0.014612779498121465	0.5	1.0	53437	0	215	0	53652	0.004201660520285823	0.004342519631723887	0.02559243585943155	INFINITE	selected p>=0.9 subset; whole-population claim invalid	0.23232252360972735	0.9775706589069117
2026_all5mer	full	high_p_filter	5mers_A_RNA_sparse_seq_11	POSTHOC_ROBUSTNESS_ANALYSIS	CONTROLLED_ERROR_INJECTION	provider_construct_condition	read_site	147577	146151	95068	54958	74685	72892	73993	72158	23470	71598	357	54601	54958	357	54601	0.8947204782181427	0.0007638924811904272	0.006570917866176998	0.4477421853496666	0.037266823244746956	3.1465416045134718	0.016937322010100436	0.5	1.0	54601	0	357	0	54958	0.006486560706727183	0.006662904420158064	0.0348463864248581	INFINITE	selected p>=0.9 subset; whole-population claim invalid	0.3142531967597242	0.9822477089392526
2026_all5mer	full	high_p_filter	5mers_A_RNA_sparse_seq_12	POSTHOC_ROBUSTNESS_ANALYSIS	CONTROLLED_ERROR_INJECTION	provider_construct_condition	read_site	148508	146910	93036	52165	74252	74256	73447	73463	20730	72306	458	51707	52165	458	51707	0.901876274675261	0.0008903206251229509	0.00880082703660504	0.451383297650192	0.047246606762034446	3.2432768455657763	0.018937444571767867	0.5	1.0	51707	0	458	0	52165	0.008700566788619196	0.008908716679122136	0.0446369990945808	INFINITE	selected p>=0.9 subset; whole-population claim invalid	0.2791843990734256	0.9737394957983193
2026_all5mer	full	high_p_filter	5mers_A_RNA_sparse_seq_13	POSTHOC_ROBUSTNESS_ANALYSIS	CONTROLLED_ERROR_INJECTION	provider_construct_condition	read_site	147407	143542	87073	55625	74437	72970	72576	70966	16692	70381	303	55322	55625	303	55322	0.8997575992798255	0.0005963842900093007	0.0054942871779538275	0.4501769917849174	0.03142051147735021	3.2589480737489853	0.013743260991678951	0.5	1.0	55322	0	303	0	55625	0.005425748057847612	0.005570455692591292	0.02898942435848123	INFINITE	selected p>=0.9 subset; whole-population claim invalid	0.22424331985437349	0.9645196656160065
2026_all5mer	full	high_p_filter	5mers_A_RNA_sparse_seq_14	POSTHOC_ROBUSTNESS_ANALYSIS	CONTROLLED_ERROR_INJECTION	provider_construct_condition	read_site	147493	145398	91903	53482	74624	72869	73771	71627	20738	71165	281	53201	53482	281	53201	0.8959431088267696	0.0007349631183185657	0.005438479982760336	0.4483390359725441	0.032636493711091355	3.164125413074572	0.016096421412804887	0.5	1.0	53201	0	281	0	53482	0.005361825266744244	0.005522764093307678	0.030293731235173815	INFINITE	selected p>=0.9 subset; whole-population claim invalid	0.27789987135506006	0.9766155704071691
2026_all5mer	full	high_p_filter	5mers_A_RNA_sparse_seq_15	POSTHOC_ROBUSTNESS_ANALYSIS	CONTROLLED_ERROR_INJECTION	provider_construct_condition	read_site	145260	143330	97937	44700	72411	72849	71532	71798	26849	71088	456	44244	44700	456	44244	0.8891001918859649	0.0010788599132747873	0.010137869474338472	0.44508952589961986	0.05300764566044078	3.0616498753617027	0.021999127968917058	0.5	1.0	44244	0	456	0	44700	0.010021255117668135	0.010262113225540059	0.05044993300385284	INFINITE	selected p>=0.9 subset; whole-population claim invalid	0.37078620651558464	0.9758267100440637
2026_all5mer	full	high_p_filter	5mers_A_RNA_sparse_seq_16	POSTHOC_ROBUSTNESS_ANALYSIS	CONTROLLED_ERROR_INJECTION	provider_construct_condition	read_site	139815	137067	96570	47101	68695	71120	67375	69692	27974	68596	381	46720	47101	381	46720	0.8920951803212404	0.0009957300473565924	0.008203833708730018	0.4465454551842985	0.045793789426528037	3.0892492388069592	0.020974514464756965	0.5	1.0	46720	0	381	0	47101	0.008098568036266149	0.008316728775725138	0.04334084638952094	INFINITE	selected p>=0.9 subset; whole-population claim invalid	0.40722032171191497	0.9645106861642295
2026_all5mer	full	high_p_filter	5mers_A_RNA_sparse_seq_17	POSTHOC_ROBUSTNESS_ANALYSIS	CONTROLLED_ERROR_INJECTION	provider_construct_condition	read_site	141470	139177	86709	52679	72145	69325	71127	68050	19109	67600	288	52391	52679	288	52391	0.9031864802042643	0.0007158777344299877	0.005649751450926358	0.4519511789693471	0.03339681020198275	3.273116265099117	0.015587659717922997	0.5	1.0	52391	0	288	0	52679	0.005574179400810065	0.0057329528955739	0.030991187785704158	INFINITE	selected p>=0.9 subset; whole-population claim invalid	0.2648693603160302	0.9751172015867292
2026_all5mer	full	high_p_filter	5mers_A_RNA_sparse_seq_18	POSTHOC_ROBUSTNESS_ANALYSIS	CONTROLLED_ERROR_INJECTION	provider_construct_condition	read_site	147202	146200	91156	56017	74475	72727	73950	72250	19397	71759	364	55653	56017	364	55653	0.8957342210706773	0.0007226790533257206	0.006538488562837405	0.4482284500620015	0.03638861796568583	3.174023450169891	0.015866829761593853	0.5	1.0	55653	0	364	0	56017	0.006458182433387967	0.006626424086818092	0.03394771436016887	INFINITE	selected p>=0.9 subset; whole-population claim invalid	0.2604498153742867	0.9866899500873129
2026_all5mer	full	high_p_filter	5mers_A_RNA_sparse_seq_19	POSTHOC_ROBUSTNESS_ANALYSIS	CONTROLLED_ERROR_INJECTION	provider_construct_condition	read_site	148233	143556	83789	53434	74940	73293	73016	70540	13762	70027	175	53259	53434	175	53259	0.8970901707240514	0.0005555961633382606	0.0034918081360171688	0.4488228834436948	0.023105372635542725	3.275625566678472	0.012418145425915945	0.5	1.0	53259	0	175	0	53434	0.0034362956310954283	0.0035549500354701597	0.02081835528833924	INFINITE	selected p>=0.9 subset; whole-population claim invalid	0.18364024552975713	0.9554391278839726
2026_all5mer	full	high_p_filter	5mers_A_RNA_sparse_seq_20	POSTHOC_ROBUSTNESS_ANALYSIS	CONTROLLED_ERROR_INJECTION	provider_construct_condition	read_site	150564	146635	99940	50461	75427	75137	73849	72786	27734	72206	987	49474	50461	987	49474	0.9037023039936657	0.0008998017604673825	0.018558311692973017	0.4523010528770665	0.08179912802031984	3.2447683265718945	0.01869829528048873	0.5	1.0	49474	0	987	0	50461	0.01841971823256373	0.01870453454791355	0.07843526794928879	INFINITE	selected p>=0.9 subset; whole-population claim invalid	0.36769326633698807	0.9609912559724237
2026_all5mer	full	high_p_filter	5mers_A_RNA_sparse_seq_21	POSTHOC_ROBUSTNESS_ANALYSIS	CONTROLLED_ERROR_INJECTION	provider_construct_condition	read_site	146397	144612	90299	54367	74673	71724	73737	70875	20124	70175	317	54050	54367	317	54050	0.8972039568687463	0.0007158821098899312	0.005943073599185965	0.4489599194893181	0.034438828964482644	3.1820478694215164	0.015978291206390514	0.5	1.0	54050	0	317	0	54367	0.005864726957044398	0.006029049635858781	0.03203507765700479	INFINITE	selected p>=0.9 subset; whole-population claim invalid	0.26949499819211764	0.9784033238525459
2026_all5mer	full	high_p_filter	5mers_A_RNA_sparse_seq_22	POSTHOC_ROBUSTNESS_ANALYSIS	CONTROLLED_ERROR_INJECTION	provider_construct_condition	read_site	144262	140810	95371	38548	73671	70591	72255	68555	27698	67673	557	37991	38548	557	37991	0.8948869208673172	0.001414204600209332	0.014324454236008312	0.4481505627337633	0.07165277834524145	3.116571749860252	0.02701010331342177	0.5	1.0	37991	0	557	0	38548	0.014173768746032746	0.014482769120515129	0.06879617061557743	INFINITE	selected p>=0.9 subset; whole-population claim invalid	0.3759688344124554	0.9586632856879772
2026_all5mer	full	high_p_filter	5mers_A_RNA_sparse_seq_23	POSTHOC_ROBUSTNESS_ANALYSIS	CONTROLLED_ERROR_INJECTION	provider_construct_condition	read_site	146430	144122	93303	46628	73766	72664	72838	71284	22688	70615	433	46195	46628	433	46195	0.8970468798630783	0.0010606424905789571	0.009381008810864884	0.4490537611768286	0.05099377565029511	3.161991915664189	0.021833429408796765	0.5	1.0	46195	0	433	0	46628	0.00926813768810787	0.009501509328153149	0.04839642256379734	INFINITE	selected p>=0.9 subset; whole-population claim invalid	0.3075671718677982	0.97180171749422
2026_all5mer	full	high_p_filter	5mers_A_RNA_sparse_seq_24	POSTHOC_ROBUSTNESS_ANALYSIS	CONTROLLED_ERROR_INJECTION	provider_construct_condition	read_site	148738	146462	98390	53073	75139	73599	74104	72358	26394	71996	526	52547	53073	526	52547	0.8937205470560168	0.0008791895337587288	0.009728030828893878	0.44729986829488777	0.04922625413688601	3.10812140023488	0.01860645002156934	0.5	1.0	52547	0	526	0	53073	0.009625080722395332	0.009838610329923673	0.04662876712009401	INFINITE	selected p>=0.9 subset; whole-population claim invalid	0.3512689814876429	0.9782198127691952
2026_all5mer	full	high_p_filter	5mers_A_RNA_sparse_seq_25	POSTHOC_ROBUSTNESS_ANALYSIS	CONTROLLED_ERROR_INJECTION	provider_construct_condition	read_site	147023	145248	93771	51305	73151	73872	72225	73023	21884	71887	321	50984	51305	321	50984	0.887946595284055	0.0007513205783999024	0.0063022353660524754	0.4443489579312274	0.035479663803948076	3.032745905086805	0.016608597127112264	0.5	1.0	50984	0	321	0	51305	0.0062200840889693075	0.006392016037666894	0.0331410668552894	INFINITE	selected p>=0.9 subset; whole-population claim invalid	0.29916200735465	0.9731291964479098
2026_all5mer	full	high_p_filter	5mers_A_RNA_sparse_seq_26	POSTHOC_ROBUSTNESS_ANALYSIS	CONTROLLED_ERROR_INJECTION	provider_construct_condition	read_site	145381	143527	93651	49989	72282	73099	71237	72290	21806	71845	228	49761	49989	228	49761	0.8948264540287486	0.0009575826926586034	0.005034521672526745	0.4478920183607036	0.03403645825934421	3.123431046921379	0.019881156593080596	0.5	1.0	49761	0	228	0	49989	0.004946133315345001	0.005130539424239739	0.0317438250259459	INFINITE	selected p>=0.9 subset; whole-population claim invalid	0.30167953294042776	0.9828451825606369
2026_all5mer	full	high_p_filter	5mers_A_RNA_sparse_seq_27	POSTHOC_ROBUSTNESS_ANALYSIS	CONTROLLED_ERROR_INJECTION	provider_construct_condition	read_site	148038	146108	91228	55905	73821	74217	72695	73413	18495	72733	253	55652	55905	253	55652	0.9012617179056401	0.0007242065530586558	0.004799620028994674	0.45099296222934937	0.03064899319656408	3.231199187484578	0.016098946492854108	0.5	1.0	55652	0	253	0	55905	0.004725531654914028	0.0048813377976065705	0.028346523858224015	INFINITE	selected p>=0.9 subset; whole-population claim invalid	0.25053846466452634	0.9800045811606505
2026_all5mer	full	high_p_filter	5mers_A_RNA_sparse_seq_28	POSTHOC_ROBUSTNESS_ANALYSIS	CONTROLLED_ERROR_INJECTION	provider_construct_condition	read_site	146014	143563	86760	53380	73628	72386	72566	70997	17403	69357	138	53242	53380	138	53242	0.9015417237212693	0.0005753758856322459	0.0029045882498382764	0.4510585498034508	0.021918228369518542	3.257219868979339	0.013532524857175744	0.5	1.0	53242	0	138	0	53380	0.0028472663133320354	0.002969539580875767	0.019738777529045345	INFINITE	selected p>=0.9 subset; whole-population claim invalid	0.2363638833052643	0.9581548918299119
2026_all5mer	full	high_p_filter	5mers_A_RNA_sparse_seq_29	POSTHOC_ROBUSTNESS_ANALYSIS	CONTROLLED_ERROR_INJECTION	provider_construct_condition	read_site	146633	144210	86474	57651	74562	72071	73326	70884	15919	70555	311	57340	57651	311	57340	0.896759904082565	0.0006268799658390467	0.005461095686300128	0.44869339202420205	0.03192370197003162	3.2171233219255297	0.014647854711465874	0.5	1.0	57340	0	311	0	57651	0.005389328811512376	0.00554049195561913	0.029504667021791362	INFINITE	selected p>=0.9 subset; whole-population claim invalid	0.21350017435154636	0.9789651871071582
2026_all5mer	full	high_p_filter	5mers_A_RNA_sparse_seq_30	POSTHOC_ROBUSTNESS_ANALYSIS	CONTROLLED_ERROR_INJECTION	provider_construct_condition	read_site	141595	138802	92727	42385	72183	69412	70766	68036	25263	67464	224	42161	42385	224	42161	0.8964885984148298	0.0011182495364738833	0.0058501820160952525	0.4488034239756518	0.03886082821439513	3.1648542971628055	0.02225252819673796	0.5	1.0	42161	0	224	0	42385	0.005750271688166325	0.0059577217385554295	0.036513567540228116	INFINITE	selected p>=0.9 subset; whole-population claim invalid	0.3499854536386684	0.9719356883535988
2026_all5mer	full	high_p_filter	5mers_A_RNA_sparse_seq_31	POSTHOC_ROBUSTNESS_ANALYSIS	CONTROLLED_ERROR_INJECTION	provider_construct_condition	read_site	147467	145363	86899	57129	74005	73462	72861	72502	15271	71628	191	56938	57129	191	56938	0.8949987401512904	0.000686377652256141	0.0036763417902126176	0.44784255890177327	0.026196766921579885	3.132329507043766	0.01577716396110819	0.5	1.0	56938	0	191	0	57129	0.003607780404326174	0.0037525325706303115	0.024007443056410612	INFINITE	selected p>=0.9 subset; whole-population claim invalid	0.20635092223498414	0.9750347118238001
2026_all5mer	full	high_p_filter	5mers_A_RNA_sparse_seq_32	POSTHOC_ROBUSTNESS_ANALYSIS	CONTROLLED_ERROR_INJECTION	provider_construct_condition	read_site	142561	140373	97135	46299	71128	71433	69829	70544	27134	70001	512	45787	46299	512	45787	0.8962113857269287	0.0010913980762985655	0.010990130957724139	0.4486513919016136	0.057313032559987105	3.128603199791512	0.022969210828435775	0.5	1.0	45787	0	512	0	46299	0.01086654503244198	0.011121346277537547	0.05468522551767052	INFINITE	selected p>=0.9 subset; whole-population claim invalid	0.38148127319761554	0.9799532428989403
2026_all5mer	full	high_p_filter	ALL	POSTHOC_ROBUSTNESS_ANALYSIS	CONTROLLED_ERROR_INJECTION	provider_construct_condition	read_site	4682505	4608734	2940322	1641843	2360963	2321542	2326496	2282238	680046	2260276	11173	1630670	1641843	11173	1630670	0.8973957851474441	0.0008275935690912684	0.006928881210178105	0.4491116893582677	0.03925496311424675	3.178599699706032	0.017744848411737953	0.5	1.0	1630670	0	11173	0	1641843	0.00684036211695009	0.007025029697937371	0.03680314567852065	INFINITE	selected p>=0.9 subset; whole-population claim invalid	0.2880375507790677	0.9736097817743552
2026_all5mer	full	missing_zero	5mers_A_RNA_sparse_seq_01	POSTHOC_ROBUSTNESS_ANALYSIS	CONTROLLED_ERROR_INJECTION	provider_construct_condition	read_site	146009	143290	94025	146009	73966	72043	72769	70521	24406	69619	73966	72043	143290	72769	70521	0.027887492373897572	0.07296104954232313	0.05007070351964772	0.05042427095811035	INFINITE	0.09737749264127016	INFINITE	0.9338052768358922	0.0354821421209581	63687	70187	2582	6834	94025					invalid probability: missing replaced by zero	0.3299624151637239	0.9663534278139444
2026_all5mer	full	missing_zero	5mers_A_RNA_sparse_seq_02	POSTHOC_ROBUSTNESS_ANALYSIS	CONTROLLED_ERROR_INJECTION	provider_construct_condition	read_site	145751	143542	93130	145751	73580	72171	72370	71172	22507	70623	73580	72171	143542	72370	71172	0.025518605853042928	0.09195997967846256	0.058462033267338155	0.058739292765752744	INFINITE	0.0887347469767458	INFINITE	0.918846403314005	0.03194693933950532	61894	70058	2312	9278	93130					invalid probability: missing replaced by zero	0.3058847512911117	0.9785509415139044
2026_all5mer	full	missing_zero	5mers_A_RNA_sparse_seq_03	POSTHOC_ROBUSTNESS_ANALYSIS	CONTROLLED_ERROR_INJECTION	provider_construct_condition	read_site	148814	147059	91400	148814	76011	72803	75191	71868	20000	71400	76011	72803	147059	75191	71868	0.025630747943284644	0.06769335352864257	0.04618681957581651	0.046662050735963606	INFINITE	0.0876707669023265	INFINITE	0.9359805756046375	0.03343485257544121	65069	72677	2514	6799	91400					invalid probability: missing replaced by zero	0.2631198116062149	0.9807288161202148
2026_all5mer	full	missing_zero	5mers_A_RNA_sparse_seq_04	POSTHOC_ROBUSTNESS_ANALYSIS	CONTROLLED_ERROR_INJECTION	provider_construct_condition	read_site	145639	143648	91581	145639	74257	71382	73395	70253	21962	69619	74257	71382	143648	73395	70253	0.035746839564765404	0.08257475088389728	0.05864866384288255	0.05916079522433134	INFINITE	0.12011760081832336	INFINITE	0.9185141617730784	0.046706178895020094	62085	69967	3428	8168	91581					invalid probability: missing replaced by zero	0.295756629004673	0.9753018968367375
2026_all5mer	full	missing_zero	5mers_A_RNA_sparse_seq_05	POSTHOC_ROBUSTNESS_ANALYSIS	CONTROLLED_ERROR_INJECTION	provider_construct_condition	read_site	147161	145872	94407	147161	72808	74353	72119	73753	21025	73382	72808	74353	145872	72119	73753	0.02830687820036169	0.06414214004612392	0.046425215282944375	0.04622450912324281	INFINITE	0.09657315234078465	INFINITE	0.9359996928643973	0.036370443295109474	66995	69496	2623	6758	94407					invalid probability: missing replaced by zero	0.28877321173497417	0.9869406748887066
2026_all5mer	full	missing_zero	5mers_A_RNA_sparse_seq_06	POSTHOC_ROBUSTNESS_ANALYSIS	CONTROLLED_ERROR_INJECTION	provider_construct_condition	read_site	151404	149149	93851	151404	76086	75318	75164	73985	20639	73212	76086	75318	149149	75164	73985	0.020915766012534753	0.0821134135828974	0.051272710782484805	0.05151458979771607	INFINITE	0.07354721631759861	INFINITE	0.9300894515439819	0.025730402852429356	65544	73230	1934	8441	93851					invalid probability: missing replaced by zero	0.2712588386825434	0.9720385565203536
2026_all5mer	full	missing_zero	5mers_A_RNA_sparse_seq_07	POSTHOC_ROBUSTNESS_ANALYSIS	CONTROLLED_ERROR_INJECTION	provider_construct_condition	read_site	146326	144521	88910	146326	74968	71358	74180	70341	19389	69521	74968	71358	144521	74180	70341	0.024709480565395854	0.09301848102508353	0.05795671384868957	0.05886398079523969	INFINITE	0.084999397122709	INFINITE	0.9177402337070238	0.03139660285791319	60977	71851	2329	9364	88910					invalid probability: missing replaced by zero	0.25863034894888487	0.9742565654867008
2026_all5mer	full	missing_zero	5mers_A_RNA_sparse_seq_08	POSTHOC_ROBUSTNESS_ANALYSIS	CONTROLLED_ERROR_INJECTION	provider_construct_condition	read_site	149555	147619	88099	149555	75951	73604	75180	72439	16571	71528	75951	73604	147619	75180	72439	0.021989157733272827	0.07265623095784686	0.04685229945158089	0.04732269434555984	INFINITE	0.07353326193162936	INFINITE	0.93607054118951	0.02919659483905294	65292	72985	2195	7147	88099					invalid probability: missing replaced by zero	0.21818014246027043	0.9717950111406989
2026_all5mer	full	missing_zero	5mers_A_RNA_sparse_seq_09	POSTHOC_ROBUSTNESS_ANALYSIS	CONTROLLED_ERROR_INJECTION	provider_construct_condition	read_site	147097	144331	91313	147097	73973	73124	72715	71616	20457	70856	73973	73124	144331	72715	71616	0.02016742037159536	0.09054366001814364	0.0550876023042862	0.0553555401948695	INFINITE	0.07112228111106757	INFINITE	0.924091522070662	0.025001719040088015	62534	70897	1818	9082	91313					invalid probability: missing replaced by zero	0.2765468481743339	0.9689841912368032
2026_all5mer	full	missing_zero	5mers_A_RNA_sparse_seq_10	POSTHOC_ROBUSTNESS_ANALYSIS	CONTROLLED_ERROR_INJECTION	provider_construct_condition	read_site	140681	138537	84417	140681	71263	69418	70338	68199	16556	67861	71263	69418	138537	70338	68199	0.02288081495534564	0.053140863746273116	0.03777723300606467	0.03801083935080938	INFINITE	0.07866181862602745	INFINITE	0.9483195132605877	0.02893172964826978	63123	68303	2035	5076	84417					invalid probability: missing replaced by zero	0.23232252360972735	0.9775706589069117
2026_all5mer	full	missing_zero	5mers_A_RNA_sparse_seq_11	POSTHOC_ROBUSTNESS_ANALYSIS	CONTROLLED_ERROR_INJECTION	provider_construct_condition	read_site	147577	146151	95068	147577	74685	72892	73993	72158	23470	71598	74685	72892	146151	73993	72158	0.027747211474600797	0.06656022371720169	0.046910059059643634	0.04715371759590124	INFINITE	0.0943408550270709	INFINITE	0.9361414551936453	0.03607097968726772	65545	71324	2669	6613	95068					invalid probability: missing replaced by zero	0.3142531967597242	0.9822477089392526
2026_all5mer	full	missing_zero	5mers_A_RNA_sparse_seq_12	POSTHOC_ROBUSTNESS_ANALYSIS	CONTROLLED_ERROR_INJECTION	provider_construct_condition	read_site	148508	146910	93036	148508	74252	74256	73447	73463	20730	72306	74252	74256	146910	73447	73463	0.03230996853641726	0.08061135500811872	0.056463292029512384	0.056460661772267995	INFINITE	0.10773012362261486	INFINITE	0.9240863997224738	0.042602148488025376	65439	70318	3129	8024	93036					invalid probability: missing replaced by zero	0.2791843990734256	0.9737394957983193
2026_all5mer	full	missing_zero	5mers_A_RNA_sparse_seq_13	POSTHOC_ROBUSTNESS_ANALYSIS	CONTROLLED_ERROR_INJECTION	provider_construct_condition	read_site	147407	143542	87073	147407	74437	72970	72576	70966	16692	70381	74437	72970	143542	72576	70966	0.023085759640580975	0.06259150655979913	0.0426170803402315	0.04283863310019005	INFINITE	0.07871744199058012	INFINITE	0.9411901854496137	0.029817019400352734	64735	70412	2164	6231	87073					invalid probability: missing replaced by zero	0.22424331985437349	0.9645196656160065
2026_all5mer	full	missing_zero	5mers_A_RNA_sparse_seq_14	POSTHOC_ROBUSTNESS_ANALYSIS	CONTROLLED_ERROR_INJECTION	provider_construct_condition	read_site	147493	145398	91903	147493	74624	72869	73771	71627	20738	71165	74624	72869	145398	73771	71627	0.023367605992627577	0.06672156633485216	0.044724943214821275	0.045044586163739866	INFINITE	0.08090750104594273	INFINITE	0.938004468560651	0.02933402014341679	64847	71607	2164	6780	91903					invalid probability: missing replaced by zero	0.27789987135506006	0.9766155704071691
2026_all5mer	full	missing_zero	5mers_A_RNA_sparse_seq_15	POSTHOC_ROBUSTNESS_ANALYSIS	CONTROLLED_ERROR_INJECTION	provider_construct_condition	read_site	145260	143330	97937	145260	72411	72849	71532	71798	26849	71088	72411	72849	143330	71532	71798	0.04201463673636463	0.1084561878872627	0.07529706532446329	0.07523541231181366	INFINITE	0.1394951031903885	INFINITE	0.8952566266763907	0.055373818710507186	60733	67571	3961	11065	97937					invalid probability: missing replaced by zero	0.37078620651558464	0.9758267100440637
2026_all5mer	full	missing_zero	5mers_A_RNA_sparse_seq_16	POSTHOC_ROBUSTNESS_ANALYSIS	CONTROLLED_ERROR_INJECTION	provider_construct_condition	read_site	139815	137067	96570	139815	68695	71120	67375	69692	27974	68596	68695	71120	137067	67375	69692	0.03842878918479679	0.09386105885812475	0.06661344149405848	0.06614492402146077	INFINITE	0.130259249149187	INFINITE	0.9114606420383267	0.0487569573283859	60749	64090	3285	8943	96570					invalid probability: missing replaced by zero	0.40722032171191497	0.9645106861642295
2026_all5mer	full	missing_zero	5mers_A_RNA_sparse_seq_17	POSTHOC_ROBUSTNESS_ANALYSIS	CONTROLLED_ERROR_INJECTION	provider_construct_condition	read_site	141470	139177	86709	141470	72145	69325	71127	68050	19109	67600	72145	69325	139177	71127	68050	0.01995707060358982	0.05809483401307632	0.03860436721161813	0.03902595230833307	INFINITE	0.06921730434601588	INFINITE	0.9475130277622128	0.02519437063281173	62621	69335	1792	5429	86709					invalid probability: missing replaced by zero	0.2648693603160302	0.9751172015867292
2026_all5mer	full	missing_zero	5mers_A_RNA_sparse_seq_18	POSTHOC_ROBUSTNESS_ANALYSIS	CONTROLLED_ERROR_INJECTION	provider_construct_condition	read_site	147202	146200	91156	147202	74475	72727	73950	72250	19397	71759	74475	72727	146200	73950	72250	0.027395704835552554	0.057151170301602376	0.042100440676332986	0.04227343756857747	INFINITE	0.09201266520659857	INFINITE	0.9424277930239032	0.036362407031778225	66558	71261	2689	5692	91156					invalid probability: missing replaced by zero	0.2604498153742867	0.9866899500873129
2026_all5mer	full	missing_zero	5mers_A_RNA_sparse_seq_19	POSTHOC_ROBUSTNESS_ANALYSIS	CONTROLLED_ERROR_INJECTION	provider_construct_condition	read_site	148233	143556	83789	148233	74940	73293	73016	70540	13762	70027	74940	73293	143556	73016	70540	0.01593016167518747	0.07077451613458385	0.04287937148575492	0.043352338904885664	INFINITE	0.05606555299114899	INFINITE	0.9397914638468495	0.019297140352799388	63407	71607	1409	7133	83789					invalid probability: missing replaced by zero	0.18364024552975713	0.9554391278839726
2026_all5mer	full	missing_zero	5mers_A_RNA_sparse_seq_20	POSTHOC_ROBUSTNESS_ANALYSIS	CONTROLLED_ERROR_INJECTION	provider_construct_condition	read_site	150564	146635	99940	150564	75427	75137	73849	72786	27734	72206	75427	75137	146635	73849	72786	0.05057440403408555	0.08705685930286404	0.06868339567450776	0.06881563166847479	INFINITE	0.16717479585079306	INFINITE	0.904759630323615	0.06742135980175765	63829	68870	4979	8957	99940					invalid probability: missing replaced by zero	0.36769326633698807	0.9609912559724237
2026_all5mer	full	missing_zero	5mers_A_RNA_sparse_seq_21	POSTHOC_ROBUSTNESS_ANALYSIS	CONTROLLED_ERROR_INJECTION	provider_construct_condition	read_site	146397	144612	90299	146397	74673	71724	73737	70875	20124	70175	74673	71724	144612	73737	70875	0.02546852269397646	0.06593903153030961	0.04530330344367297	0.04570377711214303	INFINITE	0.08718492136317339	INFINITE	0.9381706954639947	0.03273797415137584	64431	71323	2414	6444	90299					invalid probability: missing replaced by zero	0.26949499819211764	0.9784033238525459
2026_all5mer	full	missing_zero	5mers_A_RNA_sparse_seq_22	POSTHOC_ROBUSTNESS_ANALYSIS	CONTROLLED_ERROR_INJECTION	provider_construct_condition	read_site	144262	140810	95371	144262	73671	70591	72255	68555	27698	67673	73671	70591	140810	72255	68555	0.044341781370186586	0.11871481770177472	0.0805511663976138	0.08152829953598065	INFINITE	0.14617772899653456	INFINITE	0.8872609503551171	0.05901321707840288	57143	67991	4264	11412	95371					invalid probability: missing replaced by zero	0.3759688344124554	0.9586632856879772
2026_all5mer	full	missing_zero	5mers_A_RNA_sparse_seq_23	POSTHOC_ROBUSTNESS_ANALYSIS	CONTROLLED_ERROR_INJECTION	provider_construct_condition	read_site	146430	144122	93303	146430	73766	72664	72838	71284	22688	70615	73766	72664	144122	72838	71284	0.035583546371206476	0.08981247589340796	0.062405648562826155	0.06269801113230722	INFINITE	0.11903064308937171	INFINITE	0.9130380287571288	0.04633570389082622	62189	69463	3375	9095	93303					invalid probability: missing replaced by zero	0.3075671718677982	0.97180171749422
2026_all5mer	full	missing_zero	5mers_A_RNA_sparse_seq_24	POSTHOC_ROBUSTNESS_ANALYSIS	CONTROLLED_ERROR_INJECTION	provider_construct_condition	read_site	148738	146462	98390	148738	75139	73599	74104	72358	26394	71996	75139	73599	146462	74104	72358	0.04327427057832283	0.06559134677636122	0.05429978572585367	0.05443280867734203	INFINITE	0.14049621799420528	INFINITE	0.9246545949929167	0.058026557270862575	65653	69804	4300	6705	98390					invalid probability: missing replaced by zero	0.3512689814876429	0.9782198127691952
2026_all5mer	full	missing_zero	5mers_A_RNA_sparse_seq_25	POSTHOC_ROBUSTNESS_ANALYSIS	CONTROLLED_ERROR_INJECTION	provider_construct_condition	read_site	147023	145248	93771	147023	73151	73872	72225	73023	21884	71887	73151	73872	145248	72225	73023	0.029654601226838332	0.10148555175284764	0.06576739796249581	0.06557007648984299	INFINITE	0.10071720823509943	INFINITE	0.909852116608618	0.03851851851851852	62670	69443	2782	10353	93771					invalid probability: missing replaced by zero	0.29916200735465	0.9731291964479098
2026_all5mer	full	missing_zero	5mers_A_RNA_sparse_seq_26	POSTHOC_ROBUSTNESS_ANALYSIS	CONTROLLED_ERROR_INJECTION	provider_construct_condition	read_site	145381	143527	93651	145381	72282	73099	71237	72290	21806	71845	72282	73099	143527	71237	72290	0.02670455620531394	0.07715619317161738	0.05211544639527176	0.05193037468846566	INFINITE	0.09180314442338249	INFINITE	0.9279248598496874	0.03383073402866488	64315	68827	2410	7975	93651					invalid probability: missing replaced by zero	0.30167953294042776	0.9828451825606369
2026_all5mer	full	missing_zero	5mers_A_RNA_sparse_seq_27	POSTHOC_ROBUSTNESS_ANALYSIS	CONTROLLED_ERROR_INJECTION	provider_construct_condition	read_site	148038	146108	91228	148038	73821	74217	72695	73413	18495	72733	73821	74217	146108	72695	73413	0.022640342352946038	0.06717584876629121	0.045017523152922144	0.044908095559618624	INFINITE	0.07844877055674479	INFINITE	0.9391077624526404	0.028640209092784922	66575	70613	2082	6838	91228					invalid probability: missing replaced by zero	0.25053846466452634	0.9800045811606505
2026_all5mer	full	missing_zero	5mers_A_RNA_sparse_seq_28	POSTHOC_ROBUSTNESS_ANALYSIS	CONTROLLED_ERROR_INJECTION	provider_construct_condition	read_site	146014	143563	86760	146014	73628	72386	72566	70997	17403	69357	73628	72386	143563	72566	70997	0.015859333153245166	0.09577104393400934	0.055378511007580296	0.055815188543627256	INFINITE	0.05688298773334392	INFINITE	0.9271352165823167	0.01952705123611609	62037	71149	1417	8960	86760					invalid probability: missing replaced by zero	0.2363638833052643	0.9581548918299119
2026_all5mer	full	missing_zero	5mers_A_RNA_sparse_seq_29	POSTHOC_ROBUSTNESS_ANALYSIS	CONTROLLED_ERROR_INJECTION	provider_construct_condition	read_site	146633	144210	86474	146633	74562	72071	73326	70884	15919	70555	74562	72071	144210	73326	70884	0.02224081642020403	0.04784418770922649	0.03482572294853818	0.035042502064715264	INFINITE	0.07552547816036302	INFINITE	0.9524476825539334	0.02891198210730164	66192	71206	2120	4692	86474					invalid probability: missing replaced by zero	0.21350017435154636	0.9789651871071582
2026_all5mer	full	missing_zero	5mers_A_RNA_sparse_seq_30	POSTHOC_ROBUSTNESS_ANALYSIS	CONTROLLED_ERROR_INJECTION	provider_construct_condition	read_site	141595	138802	92727	141595	72183	69412	70766	68036	25263	67464	72183	69412	138802	70766	68036	0.024574566725686236	0.1025999348324382	0.06281993743007794	0.06358725077906222	INFINITE	0.08775298343913344	INFINITE	0.912299104192886	0.03016985558036345	58155	68631	2135	9881	92727					invalid probability: missing replaced by zero	0.3499854536386684	0.9719356883535988
2026_all5mer	full	missing_zero	5mers_A_RNA_sparse_seq_31	POSTHOC_ROBUSTNESS_ANALYSIS	CONTROLLED_ERROR_INJECTION	provider_construct_condition	read_site	147467	145363	86899	147467	74005	73462	72861	72502	15271	71628	74005	73462	145363	72861	72502	0.019028059436023596	0.06159715015034337	0.04026003879094619	0.040312604793183486	INFINITE	0.06544303746294307	INFINITE	0.946977762382034	0.02385363912106614	66543	71123	1738	5959	86899					invalid probability: missing replaced by zero	0.20635092223498414	0.9750347118238001
2026_all5mer	full	missing_zero	5mers_A_RNA_sparse_seq_32	POSTHOC_ROBUSTNESS_ANALYSIS	CONTROLLED_ERROR_INJECTION	provider_construct_condition	read_site	142561	140373	97135	142561	71128	71433	69829	70544	27134	70001	71128	71433	140373	69829	70544	0.04266788019574912	0.09144408174533372	0.06718020352084651	0.06705598097054141	INFINITE	0.14300796607130334	INFINITE	0.9065435392847904	0.05536381732518008	61264	65963	3866	9280	97135					invalid probability: missing replaced by zero	0.38148127319761554	0.9799532428989403
2026_all5mer	full	missing_zero	ALL	POSTHOC_ROBUSTNESS_ANALYSIS	CONTROLLED_ERROR_INJECTION	provider_construct_condition	read_site	4682505	4608734	2940322	4682505	2360963	2321542	2326496	2282238	680046	2260276	2360963	2321542	4608734	2326496	2282238	0.02829278324590976	0.07831376605628881	0.053063097125425014	0.05330327465109928	INFINITE	0.0961368541255651	INFINITE	0.9271095648112039	0.036498665804712324	2032830	2241582	84914	249408	2940322					invalid probability: missing replaced by zero	0.2880375507790677	0.9736097817743552
2026_all5mer	full	site_mean_as_read	5mers_A_RNA_sparse_seq_01	POSTHOC_ROBUSTNESS_ANALYSIS	CONTROLLED_ERROR_INJECTION	provider_construct_condition	read_site	146009	143290	94025	146009	73966	72043	72769	70521	24406	69619	73966	72043	94025	24406	69619	0.043137901138878096	0.018045689750922144	0.0245588565803234	0.03059179544490012	0.15155925209909274	0.21828912323196517	0.12816608019388173	1.0	0.0	69619	24406	0	0	0					invalid unit: repeated site means	0.3299624151637239	0.9663534278139444
2026_all5mer	full	site_mean_as_read	5mers_A_RNA_sparse_seq_02	POSTHOC_ROBUSTNESS_ANALYSIS	CONTROLLED_ERROR_INJECTION	provider_construct_condition	read_site	145751	143542	93130	145751	73580	72171	72370	71172	22507	70623	73580	72171	93130	22507	70623	0.03815008811424374	0.03355420396724265	0.034664904756425016	0.035852146040743195	0.18763251520674842	0.21556091827251767	0.17873195069092115	1.0	0.0	70623	22507	0	0	0					invalid unit: repeated site means	0.3058847512911117	0.9785509415139044
2026_all5mer	full	site_mean_as_read	5mers_A_RNA_sparse_seq_03	POSTHOC_ROBUSTNESS_ANALYSIS	CONTROLLED_ERROR_INJECTION	provider_construct_condition	read_site	148814	147059	91400	148814	76011	72803	75191	71868	20000	71400	76011	72803	91400	20000	71400	0.05077383641561719	0.01783093425284791	0.02503944676111252	0.03430238533423255	0.1565317202723252	0.24943427439631854	0.1305085958678453	1.0	0.0	71400	20000	0	0	0					invalid unit: repeated site means	0.2631198116062149	0.9807288161202148
2026_all5mer	full	site_mean_as_read	5mers_A_RNA_sparse_seq_04	POSTHOC_ROBUSTNESS_ANALYSIS	CONTROLLED_ERROR_INJECTION	provider_construct_condition	read_site	145639	143648	91581	145639	74257	71382	73395	70253	21962	69619	74257	71382	91581	21962	69619	0.06730476086600243	0.023719028165283935	0.0341713038728344	0.04551189451564318	0.18404962153895302	0.28618684897143676	0.15182942606254274	1.0	0.0	69619	21962	0	0	0					invalid unit: repeated site means	0.295756629004673	0.9753018968367375
2026_all5mer	full	site_mean_as_read	5mers_A_RNA_sparse_seq_05	POSTHOC_ROBUSTNESS_ANALYSIS	CONTROLLED_ERROR_INJECTION	provider_construct_condition	read_site	147161	145872	94407	147161	72808	74353	72119	73753	21025	73382	72808	74353	94407	21025	73382	0.051495064043237865	0.018309667292796476	0.025700252383711666	0.034902365668017174	0.1555193481435735	0.25160040577873194	0.12799074117211992	1.0	0.0	73382	21025	0	0	0					invalid unit: repeated site means	0.28877321173497417	0.9869406748887066
2026_all5mer	full	site_mean_as_read	5mers_A_RNA_sparse_seq_06	POSTHOC_ROBUSTNESS_ANALYSIS	CONTROLLED_ERROR_INJECTION	provider_construct_condition	read_site	151404	149149	93851	151404	76086	75318	75164	73985	20639	73212	76086	75318	93851	20639	73212	0.03570807646881882	0.020969193294972214	0.02421045667868704	0.028338634881895516	0.1593281728427941	0.20290575153983	0.14704333365347916	1.0	0.0	73212	20639	0	0	0					invalid unit: repeated site means	0.2712588386825434	0.9720385565203536
2026_all5mer	full	site_mean_as_read	5mers_A_RNA_sparse_seq_07	POSTHOC_ROBUSTNESS_ANALYSIS	CONTROLLED_ERROR_INJECTION	provider_construct_condition	read_site	146326	144521	88910	146326	74968	71358	74180	70341	19389	69521	74968	71358	88910	19389	69521	0.049570543596360664	0.030293208727175655	0.03449710306727945	0.03993187616176816	0.18505579592096122	0.2489674740680439	0.16723120295489644	1.0	0.0	69521	19389	0	0	0					invalid unit: repeated site means	0.25863034894888487	0.9742565654867008
2026_all5mer	full	site_mean_as_read	5mers_A_RNA_sparse_seq_08	POSTHOC_ROBUSTNESS_ANALYSIS	CONTROLLED_ERROR_INJECTION	provider_construct_condition	read_site	149555	147619	88099	149555	75951	73604	75180	72439	16571	71528	75951	73604	88099	16571	71528	0.05162469929970137	0.02079701537068331	0.02659555508609164	0.03621085733519234	0.1503026288350562	0.25076650463488154	0.12702801070119385	1.0	0.0	71528	16571	0	0	0					invalid unit: repeated site means	0.21818014246027043	0.9717950111406989
2026_all5mer	full	site_mean_as_read	5mers_A_RNA_sparse_seq_09	POSTHOC_ROBUSTNESS_ANALYSIS	CONTROLLED_ERROR_INJECTION	provider_construct_condition	read_site	147097	144331	91313	147097	73973	73124	72715	71616	20457	70856	73973	73124	91313	20457	70856	0.032063459620645655	0.028440322033522702	0.029252019443746596	0.03025189082708418	0.17185478215468414	0.19182196002154797	0.1660900119500094	1.0	0.0	70856	20457	0	0	0					invalid unit: repeated site means	0.2765468481743339	0.9689841912368032
2026_all5mer	full	site_mean_as_read	5mers_A_RNA_sparse_seq_10	POSTHOC_ROBUSTNESS_ANALYSIS	CONTROLLED_ERROR_INJECTION	provider_construct_condition	read_site	140681	138537	84417	140681	71263	69418	70338	68199	16556	67861	71263	69418	84417	16556	67861	0.05243501669695134	0.011788278464614025	0.019759983194402773	0.03211164758078268	0.13389568843239272	0.25709417761817865	0.10383904047613104	1.0	0.0	67861	16556	0	0	0					invalid unit: repeated site means	0.23232252360972735	0.9775706589069117
2026_all5mer	full	site_mean_as_read	5mers_A_RNA_sparse_seq_11	POSTHOC_ROBUSTNESS_ANALYSIS	CONTROLLED_ERROR_INJECTION	provider_construct_condition	read_site	147577	146151	95068	147577	74685	72892	73993	72158	23470	71598	74685	72892	95068	23470	71598	0.04549170540617465	0.01595092114283367	0.02324382944700135	0.03072131327450416	0.14664632450513546	0.22264120991046468	0.12173501468554446	1.0	0.0	71598	23470	0	0	0					invalid unit: repeated site means	0.3142531967597242	0.9822477089392526
2026_all5mer	full	site_mean_as_read	5mers_A_RNA_sparse_seq_12	POSTHOC_ROBUSTNESS_ANALYSIS	CONTROLLED_ERROR_INJECTION	provider_construct_condition	read_site	148508	146910	93036	148508	74252	74256	73447	73463	20730	72306	74252	74256	93036	20730	72306	0.060450173308779956	0.021355744909035215	0.030066647148240557	0.04090295910890759	0.1721438957151721	0.2780279537324927	0.1417871269449586	1.0	0.0	72306	20730	0	0	0					invalid unit: repeated site means	0.2791843990734256	0.9737394957983193
2026_all5mer	full	site_mean_as_read	5mers_A_RNA_sparse_seq_13	POSTHOC_ROBUSTNESS_ANALYSIS	CONTROLLED_ERROR_INJECTION	provider_construct_condition	read_site	147407	143542	87073	147407	74437	72970	72576	70966	16692	70381	74437	72970	87073	16692	70381	0.05279521995096374	0.01379947192642556	0.021275004250172203	0.03329734593869465	0.13853096668536277	0.2547742168340639	0.11096198739433082	1.0	0.0	70381	16692	0	0	0					invalid unit: repeated site means	0.22424331985437349	0.9645196656160065
2026_all5mer	full	site_mean_as_read	5mers_A_RNA_sparse_seq_14	POSTHOC_ROBUSTNESS_ANALYSIS	CONTROLLED_ERROR_INJECTION	provider_construct_condition	read_site	147493	145398	91903	147493	74624	72869	73771	71627	20738	71165	74624	72869	91903	20738	71165	0.03814265675760634	0.020383654308890213	0.02439099022590571	0.029263155533248278	0.14826575156814473	0.21469790670474662	0.12890693707755455	1.0	0.0	71165	20738	0	0	0					invalid unit: repeated site means	0.27789987135506006	0.9766155704071691
2026_all5mer	full	site_mean_as_read	5mers_A_RNA_sparse_seq_15	POSTHOC_ROBUSTNESS_ANALYSIS	CONTROLLED_ERROR_INJECTION	provider_construct_condition	read_site	145260	143330	97937	145260	72411	72849	71532	71798	26849	71088	72411	72849	97937	26849	71088	0.060506758033395586	0.04022292013108655	0.04578364553455097	0.05036483908224107	0.2250510762179699	0.2812531298964424	0.20382430180859973	1.0	0.0	71088	26849	0	0	0					invalid unit: repeated site means	0.37078620651558464	0.9758267100440637
2026_all5mer	full	site_mean_as_read	5mers_A_RNA_sparse_seq_16	POSTHOC_ROBUSTNESS_ANALYSIS	CONTROLLED_ERROR_INJECTION	provider_construct_condition	read_site	139815	137067	96570	139815	68695	71120	67375	69692	27974	68596	68695	71120	96570	27974	68596	0.04923782080894242	0.028042771775364933	0.034182466314717705	0.03864029629215368	0.1873171975193134	0.24052935399972056	0.1656168525227697	1.0	0.0	68596	27974	0	0	0					invalid unit: repeated site means	0.40722032171191497	0.9645106861642295
2026_all5mer	full	site_mean_as_read	5mers_A_RNA_sparse_seq_17	POSTHOC_ROBUSTNESS_ANALYSIS	CONTROLLED_ERROR_INJECTION	provider_construct_condition	read_site	141470	139177	86709	141470	72145	69325	71127	68050	19109	67600	72145	69325	86709	19109	67600	0.033080783876336124	0.013435158308558967	0.017764677262469792	0.023257971092447545	0.12675456689415968	0.18590075062335673	0.11003527066810602	1.0	0.0	67600	19109	0	0	0					invalid unit: repeated site means	0.2648693603160302	0.9751172015867292
2026_all5mer	full	site_mean_as_read	5mers_A_RNA_sparse_seq_18	POSTHOC_ROBUSTNESS_ANALYSIS	CONTROLLED_ERROR_INJECTION	provider_construct_condition	read_site	147202	146200	91156	147202	74475	72727	73950	72250	19397	71759	74475	72727	91156	19397	71759	0.05325194416275701	0.012199958773552105	0.02093537235679849	0.03272595146815456	0.1402975053454308	0.2574480854469045	0.10863081820892831	1.0	0.0	71759	19397	0	0	0					invalid unit: repeated site means	0.2604498153742867	0.9866899500873129
2026_all5mer	full	site_mean_as_read	5mers_A_RNA_sparse_seq_19	POSTHOC_ROBUSTNESS_ANALYSIS	CONTROLLED_ERROR_INJECTION	provider_construct_condition	read_site	148233	143556	83789	148233	74940	73293	73016	70540	13762	70027	74940	73293	83789	13762	70027	0.044268157075442884	0.024147056641523494	0.0274518649596989	0.03420760685848319	0.14741723618881286	0.22987912139903108	0.13121148034802255	1.0	0.0	70027	13762	0	0	0					invalid unit: repeated site means	0.18364024552975713	0.9554391278839726
2026_all5mer	full	site_mean_as_read	5mers_A_RNA_sparse_seq_20	POSTHOC_ROBUSTNESS_ANALYSIS	CONTROLLED_ERROR_INJECTION	provider_construct_condition	read_site	150564	146635	99940	150564	75427	75137	73849	72786	27734	72206	75427	75137	99940	27734	72206	0.07471366330518932	0.028110505872272738	0.04104318516229183	0.051412084588731026	0.2045744535708248	0.309986271423861	0.16408624820927445	1.0	0.0	72206	27734	0	0	0					invalid unit: repeated site means	0.36769326633698807	0.9609912559724237
2026_all5mer	full	site_mean_as_read	5mers_A_RNA_sparse_seq_21	POSTHOC_ROBUSTNESS_ANALYSIS	CONTROLLED_ERROR_INJECTION	provider_construct_condition	read_site	146397	144612	90299	146397	74673	71724	73737	70875	20124	70175	74673	71724	90299	20124	70175	0.04737443771293043	0.013292317145336964	0.02088784527191922	0.030333377429133696	0.1431482120391455	0.23898004007996715	0.11566663444750325	1.0	0.0	70175	20124	0	0	0					invalid unit: repeated site means	0.26949499819211764	0.9784033238525459
2026_all5mer	full	site_mean_as_read	5mers_A_RNA_sparse_seq_22	POSTHOC_ROBUSTNESS_ANALYSIS	CONTROLLED_ERROR_INJECTION	provider_construct_condition	read_site	144262	140810	95371	144262	73671	70591	72255	68555	27698	67673	73671	70591	95371	27698	67673	0.06183719162362645	0.04807899341563257	0.05207470043312232	0.054958092519629506	0.24492157672469106	0.28297371601672844	0.22934715037872072	1.0	0.0	67673	27698	0	0	0					invalid unit: repeated site means	0.3759688344124554	0.9586632856879772
2026_all5mer	full	site_mean_as_read	5mers_A_RNA_sparse_seq_23	POSTHOC_ROBUSTNESS_ANALYSIS	CONTROLLED_ERROR_INJECTION	provider_construct_condition	read_site	146430	144122	93303	146430	73766	72664	72838	71284	22688	70615	73766	72664	93303	22688	70615	0.06280878794110807	0.029343874276839543	0.037481361401743615	0.04607633110897381	0.2014789572190812	0.28691270512655237	0.17402981932310008	1.0	0.0	70615	22688	0	0	0					invalid unit: repeated site means	0.3075671718677982	0.97180171749422
2026_all5mer	full	site_mean_as_read	5mers_A_RNA_sparse_seq_24	POSTHOC_ROBUSTNESS_ANALYSIS	CONTROLLED_ERROR_INJECTION	provider_construct_condition	read_site	148738	146462	98390	148738	75139	73599	74104	72358	26394	71996	75139	73599	98390	26394	71996	0.06829537619872572	0.019288694534960262	0.03243517645216146	0.043792035366842993	0.176106932379274	0.2946998392252353	0.1326303339114105	1.0	0.0	71996	26394	0	0	0					invalid unit: repeated site means	0.3512689814876429	0.9782198127691952
2026_all5mer	full	site_mean_as_read	5mers_A_RNA_sparse_seq_25	POSTHOC_ROBUSTNESS_ANALYSIS	CONTROLLED_ERROR_INJECTION	provider_construct_condition	read_site	147023	145248	93771	147023	73151	73872	72225	73023	21884	71887	73151	73872	93771	21884	71887	0.051722035685591486	0.03817168069517597	0.04133402266241801	0.04494685819038373	0.19358656010797068	0.25488572026064327	0.17492573380027823	1.0	0.0	71887	21884	0	0	0					invalid unit: repeated site means	0.29916200735465	0.9731291964479098
2026_all5mer	full	site_mean_as_read	5mers_A_RNA_sparse_seq_26	POSTHOC_ROBUSTNESS_ANALYSIS	CONTROLLED_ERROR_INJECTION	provider_construct_condition	read_site	145381	143527	93651	145381	72282	73099	71237	72290	21806	71845	72282	73099	93651	21806	71845	0.04376199202780006	0.024327115267005876	0.028852394470067006	0.03404455364740297	0.17208351409885794	0.2321047128560633	0.15386620934418302	1.0	0.0	71845	21806	0	0	0					invalid unit: repeated site means	0.30167953294042776	0.9828451825606369
2026_all5mer	full	site_mean_as_read	5mers_A_RNA_sparse_seq_27	POSTHOC_ROBUSTNESS_ANALYSIS	CONTROLLED_ERROR_INJECTION	provider_construct_condition	read_site	148038	146108	91228	148038	73821	74217	72695	73413	18495	72733	73821	74217	91228	18495	72733	0.044542087978226945	0.013048626796498685	0.019433416165508904	0.028795357387362816	0.14187186497722204	0.2336925334629971	0.11852313381469043	1.0	0.0	72733	18495	0	0	0					invalid unit: repeated site means	0.25053846466452634	0.9800045811606505
2026_all5mer	full	site_mean_as_read	5mers_A_RNA_sparse_seq_28	POSTHOC_ROBUSTNESS_ANALYSIS	CONTROLLED_ERROR_INJECTION	provider_construct_condition	read_site	146014	143563	86760	146014	73628	72386	72566	70997	17403	69357	73628	72386	86760	17403	69357	0.029241485099838153	0.028612780959250714	0.028738891357575323	0.028927133029544434	0.15034590135786116	0.1836811540884737	0.14198144783087974	1.0	0.0	69357	17403	0	0	0					invalid unit: repeated site means	0.2363638833052643	0.9581548918299119
2026_all5mer	full	site_mean_as_read	5mers_A_RNA_sparse_seq_29	POSTHOC_ROBUSTNESS_ANALYSIS	CONTROLLED_ERROR_INJECTION	provider_construct_condition	read_site	146633	144210	86474	146633	74562	72071	73326	70884	15919	70555	74562	72071	86474	15919	70555	0.054015230214213394	0.009742247088251376	0.017892461237963304	0.031878738651232384	0.1231768069121274	0.25695569205431124	0.0929928926242892	1.0	0.0	70555	15919	0	0	0					invalid unit: repeated site means	0.21350017435154636	0.9789651871071582
2026_all5mer	full	site_mean_as_read	5mers_A_RNA_sparse_seq_30	POSTHOC_ROBUSTNESS_ANALYSIS	CONTROLLED_ERROR_INJECTION	provider_construct_condition	read_site	141595	138802	92727	141595	72183	69412	70766	68036	25263	67464	72183	69412	92727	25263	67464	0.03174697207571223	0.039296769279079546	0.03723986539187659	0.035521870677395886	0.19664899606745045	0.19074960600301769	0.1988581193213009	1.0	0.0	67464	25263	0	0	0					invalid unit: repeated site means	0.3499854536386684	0.9719356883535988
2026_all5mer	full	site_mean_as_read	5mers_A_RNA_sparse_seq_31	POSTHOC_ROBUSTNESS_ANALYSIS	CONTROLLED_ERROR_INJECTION	provider_construct_condition	read_site	147467	145363	86899	147467	74005	73462	72861	72502	15271	71628	74005	73462	86899	15271	71628	0.047290644364416455	0.011284070062328434	0.01761160428213748	0.029287357213372445	0.12793995225455151	0.2410718368963363	0.10382037596644217	1.0	0.0	71628	15271	0	0	0					invalid unit: repeated site means	0.20635092223498414	0.9750347118238001
2026_all5mer	full	site_mean_as_read	5mers_A_RNA_sparse_seq_32	POSTHOC_ROBUSTNESS_ANALYSIS	CONTROLLED_ERROR_INJECTION	provider_construct_condition	read_site	142561	140373	97135	142561	71128	71433	69829	70544	27134	70001	71128	71433	97135	27134	70001	0.06001433538771573	0.031247040399580057	0.0392829881239644	0.045630687893647895	0.20616983791325888	0.2761706016995902	0.17903592947511782	1.0	0.0	70001	27134	0	0	0					invalid unit: repeated site means	0.38148127319761554	0.9799532428989403
2026_all5mer	full	site_mean_as_read	ALL	POSTHOC_ROBUSTNESS_ANALYSIS	CONTROLLED_ERROR_INJECTION	provider_construct_condition	read_site	4682505	4608734	2940322	4682505	2360963	2321542	2326496	2282238	680046	2260276	2360963	2321542	2940322	680046	2260276	0.050337572289733984	0.023289215709620472	0.029545036228216692	0.03681339399967723	0.1680975600263632	0.24638330802834105	0.14454383924812503	1.0	0.0	2260276	680046	0	0	0					invalid unit: repeated site means	0.2880375507790677	0.9736097817743552
2026_all5mer	original_first100	canonical	5mers_A_RNA_sparse_seq_01	POSTHOC_ROBUSTNESS_ANALYSIS	OBSERVED_NATIVE_INPUT	provider_construct_condition	read_site	1476	1451	961	1476	739	737	728	723	246	715	739	737	961	246	715	0.0689226786295573	0.06577004919518957	0.06657706984124	0.06734636391237343	0.21685176531294903	0.2504015871329389	0.2053087496937637	0.9112286087895844	0.08943089430894309	652	224	22	63	961	0.06604389742435451	0.06711787165265674	0.21386092136699944	0.21987467666893354	eligible explicit probability subset	0.33288227334235454	0.9701492537313433
2026_all5mer	original_first100	canonical	5mers_A_RNA_sparse_seq_02	POSTHOC_ROBUSTNESS_ANALYSIS	OBSERVED_NATIVE_INPUT	provider_construct_condition	read_site	1519	1489	974	1519	754	765	741	748	232	742	754	765	974	232	742	0.08194535354088092	0.07094455729276343	0.07356487015679142	0.07644495541682217	0.23632280836782016	0.27705235519997373	0.22358796353620342	0.9025873687145647	0.09913793103448276	671	209	23	71	974	0.07296959722311346	0.07416777248500064	0.2333067347293502	0.23936805428368774	eligible explicit probability subset	0.3076923076923077	0.9699346405228758
2026_all5mer	original_first100	canonical	5mers_A_RNA_sparse_seq_03	POSTHOC_ROBUSTNESS_ANALYSIS	OBSERVED_NATIVE_INPUT	provider_construct_condition	read_site	1519	1500	933	1519	764	755	758	742	193	740	764	755	933	193	740	0.10681438940176692	0.06382860750765414	0.07272062884266353	0.08532149845471053	0.2352838359253353	0.37151490231769485	0.19975330104192263	0.8853451897493347	0.13471502590673576	670	167	26	70	933	0.0721810393011455	0.07326784777871283	0.23180808358480567	0.23885624376440873	eligible explicit probability subset	0.2526178010471204	0.9801324503311258
2026_all5mer	original_first100	canonical	5mers_A_RNA_sparse_seq_04	POSTHOC_ROBUSTNESS_ANALYSIS	OBSERVED_NATIVE_INPUT	provider_construct_condition	read_site	1481	1460	911	1481	756	725	747	713	202	709	756	725	911	202	709	0.11227768246490176	0.0711991292633358	0.08030765587883121	0.09173840586411877	0.25530332743504935	0.36899847195559493	0.22291063463794047	0.8739020234886677	0.15346534653465346	639	171	31	70	911	0.07969955293590492	0.08092338821628876	0.25207056037200076	0.2585689303917456	eligible explicit probability subset	0.2671957671957672	0.9779310344827586
2026_all5mer	original_first100	canonical	5mers_A_RNA_sparse_seq_05	POSTHOC_ROBUSTNESS_ANALYSIS	OBSERVED_NATIVE_INPUT	provider_construct_condition	read_site	1505	1488	950	1505	747	758	739	749	204	746	747	758	950	204	746	0.10251235961914062	0.059062855492967706	0.06839306480006167	0.08078760755605416	0.21957352202017863	0.350488960549139	0.18377358976829136	0.8813344372601588	0.14215686274509803	675	175	29	71	950	0.06783815082750823	0.06895560816714638	0.2165071861948957	0.22270894761567536	eligible explicit probability subset	0.27309236947791166	0.9841688654353562
2026_all5mer	original_first100	canonical	5mers_A_RNA_sparse_seq_06	POSTHOC_ROBUSTNESS_ANALYSIS	OBSERVED_NATIVE_INPUT	provider_construct_condition	read_site	1542	1522	971	1542	771	771	767	755	222	749	771	771	971	222	749	0.07939323219093117	0.0669140325528439	0.0697671554361141	0.07315363237188753	0.22602677657974657	0.2858445138337629	0.2082970867661396	0.9068908695076919	0.09009009009009009	677	202	20	72	971	0.069234971774226	0.07030696849253347	0.22283503291848727	0.2292601222147878	eligible explicit probability subset	0.28793774319066145	0.9714656290531777
2026_all5mer	original_first100	canonical	5mers_A_RNA_sparse_seq_07	POSTHOC_ROBUSTNESS_ANALYSIS	OBSERVED_NATIVE_INPUT	provider_construct_condition	read_site	1518	1500	926	1518	766	752	756	744	190	736	766	752	926	190	736	0.11454495881733141	0.08336394766102666	0.08976177932376737	0.09895445323917904	0.2790537509041352	0.3754192251924527	0.25417679422644457	0.8599113272311212	0.15789473684210525	646	160	30	90	926	0.0891067142362986	0.09042447380576742	0.2756179334263344	0.2825434903195881	eligible explicit probability subset	0.24804177545691905	0.9787234042553191
2026_all5mer	original_first100	canonical	5mers_A_RNA_sparse_seq_08	POSTHOC_ROBUSTNESS_ANALYSIS	OBSERVED_NATIVE_INPUT	provider_construct_condition	read_site	1543	1527	915	1543	787	756	779	748	178	737	787	756	915	178	737	0.09210620837265186	0.07121084826610467	0.07527573799174991	0.08165852831937827	0.23454200298248293	0.31118555136336035	0.21603107813608374	0.9000083850410867	0.09550561797752809	660	161	17	77	915	0.07470859881958675	0.07585050655844433	0.2315107738566095	0.23759660169881647	eligible explicit probability subset	0.22617534942820838	0.9748677248677249
2026_all5mer	original_first100	canonical	5mers_A_RNA_sparse_seq_09	POSTHOC_ROBUSTNESS_ANALYSIS	OBSERVED_NATIVE_INPUT	provider_construct_condition	read_site	1507	1481	956	1507	747	760	736	745	217	739	747	760	956	217	739	0.08199779668711298	0.07768550454683007	0.07866434073348424	0.07984165061697152	0.257461091094256	0.30739160721251296	0.24279949163869208	0.8878669019661642	0.11059907834101383	655	193	24	84	956	0.07806204951457897	0.07927426134692077	0.2531509890785259	INFINITE	eligible explicit probability subset	0.29049531459170014	0.9723684210526315
2026_all5mer	original_first100	canonical	5mers_A_RNA_sparse_seq_10	POSTHOC_ROBUSTNESS_ANALYSIS	OBSERVED_NATIVE_INPUT	provider_construct_condition	read_site	1498	1485	892	1498	756	742	748	737	156	736	756	742	892	156	736	0.09953004885942508	0.04646375904912534	0.055744410630298835	0.07299690395427522	0.1844481008407065	0.3418785652633831	0.15107968718590006	0.9000836120401339	0.1346153846153846	688	135	21	48	892	0.05529860423819367	0.05619784641693526	0.18147347574725906	0.18747097154515496	eligible explicit probability subset	0.20634920634920634	0.9919137466307277
2026_all5mer	original_first100	canonical	5mers_A_RNA_sparse_seq_11	POSTHOC_ROBUSTNESS_ANALYSIS	OBSERVED_NATIVE_INPUT	provider_construct_condition	read_site	1527	1508	970	1527	760	767	753	755	222	748	760	767	970	222	748	0.08693506051828195	0.06425327158229237	0.06944436142125081	0.07559416605028715	0.22630258460050778	0.2997990332182354	0.20448946749738542	0.8937346437346437	0.12162162162162163	680	195	27	68	970	0.06891432300056378	0.06998202923646907	0.22240661333035394	INFINITE	eligible explicit probability subset	0.29210526315789476	0.9752281616688396
2026_all5mer	original_first100	canonical	5mers_A_RNA_sparse_seq_12	POSTHOC_ROBUSTNESS_ANALYSIS	OBSERVED_NATIVE_INPUT	provider_construct_condition	read_site	1515	1504	924	1515	763	752	761	743	189	735	763	752	924	189	735	0.11541322173264923	0.054651662605960355	0.06708016333641945	0.08503244216930479	0.22160451713175228	0.3842252028703838	0.17978776937038987	0.8746031746031746	0.1746031746031746	679	156	33	56	924	0.06653735338351427	0.06763060268385586	0.21818564455699663	0.22522450792747056	eligible explicit probability subset	0.24770642201834864	0.9773936170212766
2026_all5mer	original_first100	canonical	5mers_A_RNA_sparse_seq_13	POSTHOC_ROBUSTNESS_ANALYSIS	OBSERVED_NATIVE_INPUT	provider_construct_condition	read_site	1519	1483	911	1519	762	757	740	743	174	737	762	757	911	174	737	0.08611354608645384	0.054769906777701514	0.06075650747992205	0.07044172643207768	0.19361535386158224	0.30410645989096424	0.16752925827255583	0.9060535878600727	0.10919540229885058	679	155	19	58	911	0.060295331098638175	0.06122531325573717	0.19061070072519795	0.19668382741017548	eligible explicit probability subset	0.2283464566929134	0.9735799207397622
2026_all5mer	original_first100	canonical	5mers_A_RNA_sparse_seq_14	POSTHOC_ROBUSTNESS_ANALYSIS	OBSERVED_NATIVE_INPUT	provider_construct_condition	read_site	1528	1506	949	1528	752	776	741	765	190	759	752	776	949	190	759	0.06972234625565378	0.05195325667993196	0.05551081939793739	0.06083780146779287	0.1875127534186456	0.26598102709278115	0.16786983906016634	0.9262672491505443	0.07368421052631578	703	176	14	56	949	0.055062007602575076	0.05596726058783094	0.18380358123813595	INFINITE	eligible explicit probability subset	0.2526595744680851	0.9780927835051546
2026_all5mer	original_first100	canonical	5mers_A_RNA_sparse_seq_15	POSTHOC_ROBUSTNESS_ANALYSIS	OBSERVED_NATIVE_INPUT	provider_construct_condition	read_site	1511	1494	1028	1511	752	759	741	753	282	746	752	759	1028	282	746	0.1027159183583361	0.0911551161042487	0.09432646458251003	0.0969355172312924	0.29929578002361357	0.3465353596478805	0.2814384590396413	0.8678483828646398	0.13829787234042554	652	243	39	94	1028	0.09360550164248693	0.09505505691706438	0.2958341336997899	0.3028046509920354	eligible explicit probability subset	0.375	0.9828722002635046
2026_all5mer	original_first100	canonical	5mers_A_RNA_sparse_seq_16	POSTHOC_ROBUSTNESS_ANALYSIS	OBSERVED_NATIVE_INPUT	provider_construct_condition	read_site	1464	1439	1015	1464	714	750	703	736	284	731	714	750	1015	284	731	0.08007366556516836	0.06956702674625673	0.07250681534189309	0.07482034615571254	0.23726066223209213	0.2854733429100715	0.21852960708497018	0.9074223040018496	0.0880281690140845	660	259	25	71	1015	0.07192043060152402	0.07310082947679342	0.2341805125338878	0.24037153533697933	eligible explicit probability subset	0.39775910364145656	0.9746666666666667
2026_all5mer	original_first100	canonical	5mers_A_RNA_sparse_seq_17	POSTHOC_ROBUSTNESS_ANALYSIS	OBSERVED_NATIVE_INPUT	provider_construct_condition	read_site	1513	1486	905	1513	753	760	740	746	167	738	753	760	905	167	738	0.09885847354363539	0.054404995305751394	0.06260801283694103	0.0766317344246934	0.20069432540433607	0.31768970365757054	0.17421976149066376	0.895907372247375	0.1377245508982036	686	144	23	52	905	0.062146485049421614	0.06307717001899171	0.19757906316246426	0.20386267676918535	eligible explicit probability subset	0.22177954847277556	0.9710526315789474
2026_all5mer	original_first100	canonical	5mers_A_RNA_sparse_seq_18	POSTHOC_ROBUSTNESS_ANALYSIS	OBSERVED_NATIVE_INPUT	provider_construct_condition	read_site	1509	1498	936	1509	759	750	755	743	196	740	759	750	936	196	740	0.08979867429149394	0.050397161535314615	0.058647905659471825	0.07009791791340428	0.19214229443420747	0.29867400954714735	0.16392578610699637	0.9095697738554882	0.11734693877551021	693	173	23	47	936	0.05816772656563001	0.05913571414784489	0.18920501423981867	0.19514042200588508	eligible explicit probability subset	0.25823451910408435	0.9866666666666667
2026_all5mer	original_first100	canonical	5mers_A_RNA_sparse_seq_19	POSTHOC_ROBUSTNESS_ANALYSIS	OBSERVED_NATIVE_INPUT	provider_construct_condition	read_site	1515	1481	863	1515	760	755	746	735	138	725	760	755	863	138	725	0.08420977385147758	0.06683036541116649	0.06960945969246768	0.07552006963132205	0.2107043578162991	0.28487588091956123	0.1965861920394023	0.893928035982009	0.10869565217391304	650	123	15	75	863	0.06909220354029368	0.07013434523917295	0.20786785283459755	0.2135577786921195	eligible explicit probability subset	0.18157894736842106	0.9602649006622517
2026_all5mer	original_first100	canonical	5mers_A_RNA_sparse_seq_20	POSTHOC_ROBUSTNESS_ANALYSIS	OBSERVED_NATIVE_INPUT	provider_construct_condition	read_site	1550	1516	1031	1550	777	773	759	757	284	747	777	773	1031	284	747	0.13508106285417584	0.070881890803775	0.08856624081571858	0.10298147682897542	0.275785751032195	0.4245795835186091	0.21921620829304966	0.8481083960254162	0.2007042253521127	670	227	57	77	1031	0.08791689498116968	0.08922321604479874	0.27236145804928924	0.27927910026040315	eligible explicit probability subset	0.3655083655083655	0.9663648124191462
2026_all5mer	original_first100	canonical	5mers_A_RNA_sparse_seq_21	POSTHOC_ROBUSTNESS_ANALYSIS	OBSERVED_NATIVE_INPUT	provider_construct_condition	read_site	1516	1500	937	1516	772	744	764	736	207	730	772	744	937	207	730	0.10146488429267625	0.04587449374264234	0.05815540179371707	0.0736696890176593	0.1946172608187959	0.3507386476390372	0.1503472237341521	0.9067368142412812	0.12077294685990338	682	182	25	48	937	0.05770362683014274	0.058614806151822636	0.1913720044895812	0.19795544953767108	eligible explicit probability subset	0.26813471502590674	0.9811827956989247
2026_all5mer	original_first100	canonical	5mers_A_RNA_sparse_seq_22	POSTHOC_ROBUSTNESS_ANALYSIS	OBSERVED_NATIVE_INPUT	provider_construct_condition	read_site	1494	1456	975	1494	761	733	749	707	279	696	761	733	975	279	696	0.10069804037770917	0.11665221466415229	0.1120868663298778	0.10867512752093073	0.361048650967217	0.33830674418670825	0.3701650187714727	0.8503661475713757	0.13978494623655913	585	240	39	111	975	0.11125674516726763	0.11292461688701923	0.3562616509376131	INFINITE	eligible explicit probability subset	0.36662286465177396	0.9495225102319236
2026_all5mer	original_first100	canonical	5mers_A_RNA_sparse_seq_23	POSTHOC_ROBUSTNESS_ANALYSIS	OBSERVED_NATIVE_INPUT	provider_construct_condition	read_site	1533	1510	983	1533	758	775	749	761	229	754	758	775	983	229	754	0.12132184890680438	0.07798881429576116	0.0880836921451293	0.09965533160128276	0.28018501768364823	0.3985962780730258	0.24422191605345264	0.8628479260537686	0.1615720524017467	669	192	37	85	983	0.08740405124419824	0.08877096244059161	0.2767878623329011	0.28363821008613627	eligible explicit probability subset	0.3021108179419525	0.9729032258064516
2026_all5mer	original_first100	canonical	5mers_A_RNA_sparse_seq_24	POSTHOC_ROBUSTNESS_ANALYSIS	OBSERVED_NATIVE_INPUT	provider_construct_condition	read_site	1556	1540	1038	1556	773	783	765	775	268	770	773	783	1038	268	770	0.11523272386237757	0.06283241371055702	0.07636158820062244	0.08903256878646729	0.24241776681399335	0.36757870682328647	0.19885525782374588	0.8649108354332236	0.17537313432835822	697	221	47	73	1038	0.07574755424249609	0.07698325155328005	0.2393533355944077	0.2455238634693209	eligible explicit probability subset	0.34670116429495473	0.9833971902937421
2026_all5mer	original_first100	canonical	5mers_A_RNA_sparse_seq_25	POSTHOC_ROBUSTNESS_ANALYSIS	OBSERVED_NATIVE_INPUT	provider_construct_condition	read_site	1511	1490	966	1511	750	761	741	749	230	736	750	761	966	230	736	0.08892049374787704	0.0976833675218665	0.09559696900424997	0.09330193063487177	0.29893026736957795	0.3149531671825843	0.29392311117801345	0.8677989130434783	0.12173913043478261	631	202	28	105	966	0.09493152942223085	0.09627003798080033	0.294832672958757	0.3032759283110816	eligible explicit probability subset	0.30666666666666664	0.9671484888304862
2026_all5mer	original_first100	canonical	5mers_A_RNA_sparse_seq_26	POSTHOC_ROBUSTNESS_ANALYSIS	OBSERVED_NATIVE_INPUT	provider_construct_condition	read_site	1509	1498	983	1509	751	758	743	755	229	754	751	758	983	229	754	0.06714475206933167	0.07529913904812355	0.07339949040301334	0.0712219455587276	0.23994816953284515	0.24430551397597536	0.23862478507995813	0.9104948281653598	0.07423580786026202	675	212	17	79	983	0.07280747499980131	0.07399913520075661	0.23674969997226739	0.24319555863172812	eligible explicit probability subset	0.30492676431424764	0.9947229551451188
2026_all5mer	original_first100	canonical	5mers_A_RNA_sparse_seq_27	POSTHOC_ROBUSTNESS_ANALYSIS	OBSERVED_NATIVE_INPUT	provider_construct_condition	read_site	1548	1526	968	1548	765	783	751	775	199	769	765	783	968	199	769	0.07111682604305708	0.057917090169165006	0.060630672234149016	0.06451695810611105	0.20013448493342959	0.2601889982737828	0.184593720102831	0.9181865112297509	0.08040201005025126	705	183	16	64	968	0.06014209148312403	0.061126882379705254	0.1970613325541482	0.20327630529481616	eligible explicit probability subset	0.2601307189542484	0.9821200510855683
2026_all5mer	original_first100	canonical	5mers_A_RNA_sparse_seq_28	POSTHOC_ROBUSTNESS_ANALYSIS	OBSERVED_NATIVE_INPUT	provider_construct_condition	read_site	1514	1492	890	1514	756	758	746	746	169	721	756	758	890	169	721	0.05769160795493944	0.07227456123256816	0.06950543864389484	0.06498308459375379	0.2217134821952556	0.2152729272514816	0.2232231268353358	0.9190965867590214	0.05917159763313609	647	159	10	74	890	0.06900633051154319	0.07001217617077773	0.21818496347598113	0.22542193932195864	eligible explicit probability subset	0.22354497354497355	0.9511873350923483
2026_all5mer	original_first100	canonical	5mers_A_RNA_sparse_seq_29	POSTHOC_ROBUSTNESS_ANALYSIS	OBSERVED_NATIVE_INPUT	provider_construct_condition	read_site	1521	1503	907	1521	764	757	754	749	160	747	764	757	907	160	747	0.09693069458007812	0.0482454874429358	0.05683383710329167	0.07258809101150696	0.18446224208574627	0.334458855912366	0.15233445331431503	0.902024765729585	0.125	694	140	20	53	907	0.05639804894763816	0.05727725465347643	0.18145528005749978	0.1875345632440881	eligible explicit probability subset	0.2094240837696335	0.9867899603698811
2026_all5mer	original_first100	canonical	5mers_A_RNA_sparse_seq_30	POSTHOC_ROBUSTNESS_ANALYSIS	OBSERVED_NATIVE_INPUT	provider_construct_condition	read_site	1482	1460	975	1482	750	732	736	724	259	716	750	732	975	259	716	0.06657596720691814	0.08339710342151492	0.07892871954502204	0.07498653531421653	0.26647866349959637	0.24143234383649387	0.27553871488610976	0.9002663876965552	0.08494208494208494	634	237	22	82	975	0.07829937274639423	0.07956569573818109	0.26195660280367117	INFINITE	eligible explicit probability subset	0.3453333333333333	0.9781420765027322
2026_all5mer	original_first100	canonical	5mers_A_RNA_sparse_seq_31	POSTHOC_ROBUSTNESS_ANALYSIS	OBSERVED_NATIVE_INPUT	provider_construct_condition	read_site	1526	1502	892	1526	757	769	746	756	147	745	757	769	892	147	745	0.09798226388944249	0.05378336554405673	0.06106726471084116	0.07588281471674961	0.1992149979997182	0.3452246899730737	0.17040503193249235	0.8985070538282428	0.12244897959183673	685	129	18	60	892	0.06060861151314637	0.0615335473030672	0.19590036953874884	0.20269574401370521	eligible explicit probability subset	0.19418758256274768	0.9687906371911573
2026_all5mer	original_first100	canonical	5mers_A_RNA_sparse_seq_32	POSTHOC_ROBUSTNESS_ANALYSIS	OBSERVED_NATIVE_INPUT	provider_construct_condition	read_site	1518	1496	1032	1518	758	760	745	751	284	748	758	760	1032	284	748	0.1245423975125165	0.08923178688090115	0.09894904794619065	0.10688709219670883	0.3123132037241553	0.39774999825766516	0.27987463467667284	0.8506533855539655	0.16901408450704225	651	236	48	97	1032	0.09821013517157975	0.09969559011533279	0.3082157228628888	INFINITE	eligible explicit probability subset	0.37467018469656993	0.9842105263157894
2026_all5mer	original_first100	canonical	ALL	POSTHOC_ROBUSTNESS_ANALYSIS	OBSERVED_NATIVE_INPUT	provider_construct_condition	read_site	48487	47791	30467	48487	24254	24233	23927	23864	6826	23641	24254	24233	30467	6826	23641	0.09440975485398488	0.06820696541149752	0.07407758742004508	0.0813083601327412	0.23833704491553562	0.322270356112668	0.21410250398107325	0.8894388529772299	0.1237913858775271	21340	5981	845	2301	30467	0.07350863860113376	0.07465416563348767	0.2349256241318239	INFINITE	eligible explicit probability subset	0.2814381133008988	0.9755705030330541
2026_all5mer	original_first100	high_p_filter	5mers_A_RNA_sparse_seq_01	POSTHOC_ROBUSTNESS_ANALYSIS	CONTROLLED_ERROR_INJECTION	provider_construct_condition	read_site	1476	1451	961	541	739	737	728	723	246	715	1	540	541	1	540	0.9651527404785156	0.0008984318485966435	0.002680787317413499	0.4830255861635561	0.027037025197316676	4.041100047703289	0.01960357515563895	0.5	1.0	540	0	1	0	541	0.002602906852905499	0.0027662971764527496	0.02485556118809404	0.02924541597180607	selected p>=0.9 subset; whole-population claim invalid	0.33288227334235454	0.9701492537313433
2026_all5mer	original_first100	high_p_filter	5mers_A_RNA_sparse_seq_02	POSTHOC_ROBUSTNESS_ANALYSIS	CONTROLLED_ERROR_INJECTION	provider_construct_condition	read_site	1519	1489	974	509	754	765	741	748	232	742	1	508	509	1	508	0.9271583557128906	0.0008835980272668553	0.0027033912643702417	0.46402097687007876	0.02554182373037119	3.2938856458730674	0.01910807604898793	0.5	1.0	508	0	1	0	509	0.002627119802538679	0.002787292120733055	0.02345555495663795	0.027637502466421226	selected p>=0.9 subset; whole-population claim invalid	0.3076923076923077	0.9699346405228758
2026_all5mer	original_first100	high_p_filter	5mers_A_RNA_sparse_seq_03	POSTHOC_ROBUSTNESS_ANALYSIS	CONTROLLED_ERROR_INJECTION	provider_construct_condition	read_site	1519	1500	933	570	764	755	758	742	193	740	5	565	570	5	565	0.9455360412597656	0.000784200482663855	0.0090714973315858	0.47316012087121473	0.05004783845483163	3.749357903491616	0.017310581242116728	0.5	1.0	565	0	5	0	570	0.00897655821683114	0.009174065840871711	0.04726831125297501	0.05294652993807195	selected p>=0.9 subset; whole-population claim invalid	0.2526178010471204	0.9801324503311258
2026_all5mer	original_first100	high_p_filter	5mers_A_RNA_sparse_seq_04	POSTHOC_ROBUSTNESS_ANALYSIS	CONTROLLED_ERROR_INJECTION	provider_construct_condition	read_site	1481	1460	911	518	756	725	747	713	202	709	5	513	518	5	513	0.8609718322753906	0.0008629469843635782	0.009165156301844534	0.43091738962987713	0.04381812604983294	2.654569432859441	0.01837220688014865	0.5	1.0	513	0	5	0	518	0.009064663331020753	0.009273278667199566	0.04157803601375057	0.04607041172537617	selected p>=0.9 subset; whole-population claim invalid	0.2671957671957672	0.9779310344827586
2026_all5mer	original_first100	high_p_filter	5mers_A_RNA_sparse_seq_05	POSTHOC_ROBUSTNESS_ANALYSIS	CONTROLLED_ERROR_INJECTION	provider_construct_condition	read_site	1505	1488	950	547	747	758	739	749	204	746	3	544	547	3	544	0.9600969950358073	0.0009363959817325368	0.006196874587147938	0.4805166955087699	0.03989329720636943	3.991879082587116	0.018099257948755023	0.5	1.0	544	0	3	0	547	0.0061112984442841635	0.006290080124542962	0.03731241488243761	0.0425744468062639	selected p>=0.9 subset; whole-population claim invalid	0.27309236947791166	0.9841688654353562
2026_all5mer	original_first100	high_p_filter	5mers_A_RNA_sparse_seq_06	POSTHOC_ROBUSTNESS_ANALYSIS	CONTROLLED_ERROR_INJECTION	provider_construct_condition	read_site	1542	1522	971	565	771	771	767	755	222	749	8	557	565	8	557	0.8830604553222656	0.0008234061715418818	0.01331525819491496	0.44194193074690374	0.05824382648468995	2.8883804981718186	0.01759554394699331	0.5	1.0	557	0	8	0	565	0.013201013075566925	0.013437132708794248	0.05574442531047762	0.06077527337923291	selected p>=0.9 subset; whole-population claim invalid	0.28793774319066145	0.9714656290531777
2026_all5mer	original_first100	high_p_filter	5mers_A_RNA_sparse_seq_07	POSTHOC_ROBUSTNESS_ANALYSIS	CONTROLLED_ERROR_INJECTION	provider_construct_condition	read_site	1518	1500	926	515	766	752	756	744	190	736	3	512	515	3	512	0.9077796936035156	0.000803530216217041	0.006086886507793538	0.45429161190986633	0.03617024183565368	3.2117706089281524	0.01756320843472106	0.5	1.0	512	0	3	0	515	0.006002452072587985	0.0061789503375303395	0.03386560069590908	0.038507323220438705	selected p>=0.9 subset; whole-population claim invalid	0.24804177545691905	0.9787234042553191
2026_all5mer	original_first100	high_p_filter	5mers_A_RNA_sparse_seq_08	POSTHOC_ROBUSTNESS_ANALYSIS	CONTROLLED_ERROR_INJECTION	provider_construct_condition	read_site	1543	1527	915	549	787	756	779	748	178	737	3	546	549	3	546	0.8487993876139323	0.0008135365915822459	0.005447339056185252	0.42480646210275724	0.030472787818006483	2.552295867624753	0.016616617049837547	0.5	1.0	546	0	3	0	549	0.005368592309170082	0.005533715197731671	0.028362462423223486	0.03259061746374508	selected p>=0.9 subset; whole-population claim invalid	0.22617534942820838	0.9748677248677249
2026_all5mer	original_first100	high_p_filter	5mers_A_RNA_sparse_seq_09	POSTHOC_ROBUSTNESS_ANALYSIS	CONTROLLED_ERROR_INJECTION	provider_construct_condition	read_site	1507	1481	956	503	747	760	736	745	217	739	4	499	503	4	499	0.9748268127441406	0.0009205651904394727	0.00866534648311304	0.48787368896729005	0.05591314076700987	4.687185184397335	0.018788715567568386	0.5	1.0	499	0	4	0	503	0.008567552206293488	0.008770770154463842	0.05181718278727878	INFINITE	selected p>=0.9 subset; whole-population claim invalid	0.29049531459170014	0.9723684210526315
2026_all5mer	original_first100	high_p_filter	5mers_A_RNA_sparse_seq_10	POSTHOC_ROBUSTNESS_ANALYSIS	CONTROLLED_ERROR_INJECTION	provider_construct_condition	read_site	1498	1485	892	597	756	742	748	737	156	736	4	593	597	4	593	0.8741188049316406	0.0006127767578948408	0.006465413462576555	0.43736579084476773	0.033197362160023676	2.836456846748335	0.014288360577640461	0.5	1.0	593	0	4	0	597	0.006390569996793865	0.006547886322890494	0.030979868312287533	0.035432079553895615	selected p>=0.9 subset; whole-population claim invalid	0.20634920634920634	0.9919137466307277
2026_all5mer	original_first100	high_p_filter	5mers_A_RNA_sparse_seq_11	POSTHOC_ROBUSTNESS_ANALYSIS	CONTROLLED_ERROR_INJECTION	provider_construct_condition	read_site	1527	1508	970	555	760	767	753	755	222	748	3	552	555	3	552	0.9155311584472656	0.0007372869961503624	0.005682118733723958	0.458134222721708	0.037523420205377064	3.907319584061854	0.016491919314852735	0.5	1.0	552	0	3	0	555	0.005603164810318131	0.005768702051661036	0.03419349958370256	INFINITE	selected p>=0.9 subset; whole-population claim invalid	0.29210526315789476	0.9752281616688396
2026_all5mer	original_first100	high_p_filter	5mers_A_RNA_sparse_seq_12	POSTHOC_ROBUSTNESS_ANALYSIS	CONTROLLED_ERROR_INJECTION	provider_construct_condition	read_site	1515	1504	924	546	763	752	761	743	189	735	4	542	546	4	542	0.9113655090332031	0.0009808839467178852	0.007650368379585909	0.4561731964899605	0.04452024939454873	3.415457627182589	0.019642482768806743	0.5	1.0	542	0	4	0	546	0.007552709334935897	0.00775565681876717	0.041954279799207204	0.04718286385947334	selected p>=0.9 subset; whole-population claim invalid	0.24770642201834864	0.9773936170212766
2026_all5mer	original_first100	high_p_filter	5mers_A_RNA_sparse_seq_13	POSTHOC_ROBUSTNESS_ANALYSIS	CONTROLLED_ERROR_INJECTION	provider_construct_condition	read_site	1519	1483	911	591	762	757	740	743	174	737	3	588	591	3	588	0.8744036356608073	0.0005204336983816964	0.004956389038292487	0.4374620346795945	0.02869779264162507	3.122349280063259	0.01291385648131061	0.5	1.0	588	0	3	0	591	0.004892546109943422	0.005027861361172801	0.02635234000285047	0.031117702249406104	selected p>=0.9 subset; whole-population claim invalid	0.2283464566929134	0.9735799207397622
2026_all5mer	original_first100	high_p_filter	5mers_A_RNA_sparse_seq_14	POSTHOC_ROBUSTNESS_ANALYSIS	CONTROLLED_ERROR_INJECTION	provider_construct_condition	read_site	1528	1506	949	598	752	776	741	765	190	759	2	596	598	2	596	0.9691810607910156	0.000745606902461724	0.003984521463961904	0.4849633338467387	0.03246694374935665	4.884299524488402	0.01618562636432629	0.5	1.0	596	0	2	0	598	0.003913981460009929	0.00406269086244513	0.029222978700690173	INFINITE	selected p>=0.9 subset; whole-population claim invalid	0.2526595744680851	0.9780927835051546
2026_all5mer	original_first100	high_p_filter	5mers_A_RNA_sparse_seq_15	POSTHOC_ROBUSTNESS_ANALYSIS	CONTROLLED_ERROR_INJECTION	provider_construct_condition	read_site	1511	1494	1028	479	752	759	741	753	282	746	4	475	479	4	475	0.9014244079589844	0.0009842320492393093	0.008503565459759102	0.45120432000411187	0.04622649208539493	3.065739702070572	0.02079901242236186	0.5	1.0	475	0	4	0	479	0.008397844987522834	0.008616915326526618	0.04387740254658988	0.04860038555103332	selected p>=0.9 subset; whole-population claim invalid	0.375	0.9828722002635046
2026_all5mer	original_first100	high_p_filter	5mers_A_RNA_sparse_seq_16	POSTHOC_ROBUSTNESS_ANALYSIS	CONTROLLED_ERROR_INJECTION	provider_construct_condition	read_site	1464	1439	1015	523	714	750	703	736	284	731	3	520	523	3	520	0.8876380920410156	0.0009204571063701923	0.0060067915323815425	0.44427927457369293	0.03647900445212258	2.871220193084159	0.02012472836386083	0.5	1.0	520	0	3	0	523	0.005913203806539795	0.006108008652754541	0.034300607851142174	0.03866873529299763	selected p>=0.9 subset; whole-population claim invalid	0.39775910364145656	0.9746666666666667
2026_all5mer	original_first100	high_p_filter	5mers_A_RNA_sparse_seq_17	POSTHOC_ROBUSTNESS_ANALYSIS	CONTROLLED_ERROR_INJECTION	provider_construct_condition	read_site	1513	1486	905	578	753	760	740	746	167	738	3	575	578	3	575	0.9175758361816406	0.0007096995478091033	0.005468520326185391	0.45914276786472485	0.03248200069330067	3.346413218524578	0.01519192477418096	0.5	1.0	575	0	3	0	578	0.0053953282973345585	0.005549341749567474	0.030161821324136397	0.034845945986372806	selected p>=0.9 subset; whole-population claim invalid	0.22177954847277556	0.9710526315789474
2026_all5mer	original_first100	high_p_filter	5mers_A_RNA_sparse_seq_18	POSTHOC_ROBUSTNESS_ANALYSIS	CONTROLLED_ERROR_INJECTION	provider_construct_condition	read_site	1509	1498	936	577	759	750	755	743	196	740	1	576	577	1	576	0.8899269104003906	0.000732527838812934	0.0022735926266146283	0.4453297191196018	0.020841853981307647	2.8710287950530335	0.015893612764169233	0.5	1.0	576	0	1	0	577	0.002210541035934792	0.002344273611825715	0.01880355072778582	0.022886154652010854	selected p>=0.9 subset; whole-population claim invalid	0.25823451910408435	0.9866666666666667
2026_all5mer	original_first100	high_p_filter	5mers_A_RNA_sparse_seq_19	POSTHOC_ROBUSTNESS_ANALYSIS	CONTROLLED_ERROR_INJECTION	provider_construct_condition	read_site	1515	1481	863	548	760	755	746	735	138	725	2	546	548	2	546	0.8392219543457031	0.0004644289121523008	0.0035255877640995668	0.4198431916289277	0.020259951430568298	2.4869555196620823	0.011224436528621363	0.5	1.0	546	0	2	0	548	0.0034736020721658303	0.003585202850564553	0.018208030009205695	0.022317856526798418	selected p>=0.9 subset; whole-population claim invalid	0.18157894736842106	0.9602649006622517
2026_all5mer	original_first100	high_p_filter	5mers_A_RNA_sparse_seq_20	POSTHOC_ROBUSTNESS_ANALYSIS	CONTROLLED_ERROR_INJECTION	provider_construct_condition	read_site	1550	1516	1031	550	777	773	759	757	284	747	9	541	550	9	541	0.8739696078830295	0.0008120510362212627	0.01510008378462358	0.4373908294596254	0.06217890944711839	2.771442803638529	0.017107975902344457	0.5	1.0	541	0	9	0	550	0.014980052601207387	0.015227744362571023	0.05970047425583837	0.06468045748501508	selected p>=0.9 subset; whole-population claim invalid	0.3655083655083655	0.9663648124191462
2026_all5mer	original_first100	high_p_filter	5mers_A_RNA_sparse_seq_21	POSTHOC_ROBUSTNESS_ANALYSIS	CONTROLLED_ERROR_INJECTION	provider_construct_condition	read_site	1516	1500	937	604	772	744	764	736	207	730	8	596	604	8	596	0.8895492553710938	0.0007338811887190646	0.012506270250737273	0.4451415682799064	0.055558054892479024	2.987315125048071	0.01620561099777308	0.5	1.0	596	0	8	0	604	0.012400317665756933	0.012619852230248862	0.052997297631320515	0.058171137708279204	selected p>=0.9 subset; whole-population claim invalid	0.26813471502590674	0.9811827956989247
2026_all5mer	original_first100	high_p_filter	5mers_A_RNA_sparse_seq_22	POSTHOC_ROBUSTNESS_ANALYSIS	CONTROLLED_ERROR_INJECTION	provider_construct_condition	read_site	1494	1456	975	387	761	733	749	707	279	696	4	383	387	4	383	0.8963203430175781	0.0013743965806288757	0.01062448388230277	0.4488473697991035	0.059277696165287344	3.195901152492893	0.026519226647505553	0.5	1.0	383	0	4	0	387	0.010490358337875485	0.010766238821261305	0.056588114378625556	0.062084734935495794	selected p>=0.9 subset; whole-population claim invalid	0.36662286465177396	0.9495225102319236
2026_all5mer	original_first100	high_p_filter	5mers_A_RNA_sparse_seq_23	POSTHOC_ROBUSTNESS_ANALYSIS	CONTROLLED_ERROR_INJECTION	provider_construct_condition	read_site	1533	1510	983	503	758	775	749	761	229	754	6	497	503	6	497	0.8940823872884115	0.000993578966474629	0.011646725785424174	0.4475379831274431	0.056692228582416355	3.0380730549275197	0.020699703515875877	0.5	1.0	497	0	6	0	503	0.011528606680231113	0.011772474285148484	0.05414106541981923	0.05929923891708061	selected p>=0.9 subset; whole-population claim invalid	0.3021108179419525	0.9729032258064516
2026_all5mer	original_first100	high_p_filter	5mers_A_RNA_sparse_seq_24	POSTHOC_ROBUSTNESS_ANALYSIS	CONTROLLED_ERROR_INJECTION	provider_construct_condition	read_site	1556	1540	1038	556	773	783	765	775	268	770	3	553	556	3	553	0.8908729553222656	0.0009426855049340247	0.005744467536322504	0.44590782041359983	0.03510217365620009	3.010191867856188	0.01896244656289093	0.5	1.0	553	0	3	0	556	0.005656647167617468	0.00583991729955879	0.032889043572503426	0.037332035865572204	selected p>=0.9 subset; whole-population claim invalid	0.34670116429495473	0.9833971902937421
2026_all5mer	original_first100	high_p_filter	5mers_A_RNA_sparse_seq_25	POSTHOC_ROBUSTNESS_ANALYSIS	CONTROLLED_ERROR_INJECTION	provider_construct_condition	read_site	1511	1490	966	524	750	761	741	749	230	736	3	521	524	3	521	0.9257545471191406	0.000747834423453245	0.006043674381634661	0.46325119077129695	0.03812991484806281	3.7634040377651043	0.016679200128770822	0.5	1.0	521	0	3	0	524	0.005962721264089337	0.006132256893711236	0.035422436884828046	0.041078453557678016	selected p>=0.9 subset; whole-population claim invalid	0.30666666666666664	0.9671484888304862
2026_all5mer	original_first100	high_p_filter	5mers_A_RNA_sparse_seq_26	POSTHOC_ROBUSTNESS_ANALYSIS	CONTROLLED_ERROR_INJECTION	provider_construct_condition	read_site	1509	1498	983	523	751	758	743	755	229	754	2	521	523	2	521	0.8651771545410156	0.000984067422643504	0.004288821101872461	0.43308061098182954	0.031065156447568538	2.7501505898156333	0.020627208526769823	0.5	1.0	521	0	2	0	523	0.004200484966912644	0.004384786631363527	0.02895422127167405	0.03318513279185482	selected p>=0.9 subset; whole-population claim invalid	0.30492676431424764	0.9947229551451188
2026_all5mer	original_first100	high_p_filter	5mers_A_RNA_sparse_seq_27	POSTHOC_ROBUSTNESS_ANALYSIS	CONTROLLED_ERROR_INJECTION	provider_construct_condition	read_site	1548	1526	968	587	765	783	751	775	199	769	3	584	587	3	584	0.8756853739420573	0.0006136436984963613	0.005085901263625293	0.4381495088202768	0.028886072831269496	2.7954388770666316	0.014674328973896058	0.5	1.0	584	0	3	0	587	0.005015254629937713	0.0051641772918441225	0.026746516088963487	0.031035953739531608	selected p>=0.9 subset; whole-population claim invalid	0.2601307189542484	0.9821200510855683
2026_all5mer	original_first100	high_p_filter	5mers_A_RNA_sparse_seq_28	POSTHOC_ROBUSTNESS_ANALYSIS	CONTROLLED_ERROR_INJECTION	provider_construct_condition	read_site	1514	1492	890	557	756	758	746	746	169	721	1	556	557	1	556	0.9346961975097656	0.000537872314453125	0.0022149967762041347	0.4676170349121094	0.018821437803538024	3.4051112809832915	0.012730988445301057	0.5	1.0	556	0	1	0	557	0.0021634880901453095	0.00227413485679421	0.016745757395843126	0.02090725061936316	selected p>=0.9 subset; whole-population claim invalid	0.22354497354497355	0.9511873350923483
2026_all5mer	original_first100	high_p_filter	5mers_A_RNA_sparse_seq_29	POSTHOC_ROBUSTNESS_ANALYSIS	CONTROLLED_ERROR_INJECTION	provider_construct_condition	read_site	1521	1503	907	620	764	757	754	749	160	747	2	618	620	2	618	0.9098243713378906	0.0006383136638159891	0.00357117191437752	0.4552313425008533	0.026574248954499998	3.553005610975676	0.015161849724658004	0.5	1.0	618	0	2	0	620	0.0035052391790574597	0.003644734044228831	0.02426804105267587	0.028951094448737787	selected p>=0.9 subset; whole-population claim invalid	0.2094240837696335	0.9867899603698811
2026_all5mer	original_first100	high_p_filter	5mers_A_RNA_sparse_seq_30	POSTHOC_ROBUSTNESS_ANALYSIS	CONTROLLED_ERROR_INJECTION	provider_construct_condition	read_site	1482	1460	975	460	750	732	736	724	259	716	3	457	460	3	457	0.9029680887858073	0.001172898373927277	0.007054171354874321	0.4520704935798673	0.04289640947638026	3.122349280063259	0.022681182754803367	0.5	1.0	457	0	3	0	460	0.006948155942170516	0.007167816162109375	0.040600401865927636	0.04521468128752514	selected p>=0.9 subset; whole-population claim invalid	0.3453333333333333	0.9781420765027322
2026_all5mer	original_first100	high_p_filter	5mers_A_RNA_sparse_seq_31	POSTHOC_ROBUSTNESS_ANALYSIS	CONTROLLED_ERROR_INJECTION	provider_construct_condition	read_site	1526	1502	892	603	757	769	746	756	147	745	3	600	603	3	600	0.9134356180826823	0.0006827799479166667	0.00522383884410953	0.45705919901529946	0.033447312481049915	3.6072583351913052	0.01557825736749864	0.5	1.0	600	0	3	0	603	0.005149929875362769	0.005305377207387541	0.03087779870548728	0.03622142557840393	selected p>=0.9 subset; whole-population claim invalid	0.19418758256274768	0.9687906371911573
2026_all5mer	original_first100	high_p_filter	5mers_A_RNA_sparse_seq_32	POSTHOC_ROBUSTNESS_ANALYSIS	CONTROLLED_ERROR_INJECTION	provider_construct_condition	read_site	1518	1496	1032	497	758	760	745	751	284	748	3	494	497	3	494	0.8709754943847656	0.0011448879473605136	0.006395374505332778	0.4360601911660631	0.04126787910786603	2.768212866728543	0.024707484446202004	0.5	1.0	494	0	3	0	497	0.006283581616653044	0.006514796788543762	0.03908280403118487	0.04346437916626492	selected p>=0.9 subset; whole-population claim invalid	0.37467018469656993	0.9842105263157894
2026_all5mer	original_first100	high_p_filter	ALL	POSTHOC_ROBUSTNESS_ANALYSIS	CONTROLLED_ERROR_INJECTION	provider_construct_condition	read_site	48487	47791	30467	17380	24254	24233	23927	23864	6826	23641	112	17268	17380	112	17268	0.8985192435128349	0.0008147219582125355	0.006599699312304462	0.4496669827355237	0.038020634732992796	3.1979450432100367	0.01752541040189314	0.5	1.0	17268	0	112	0	17380	0.006513301028481013	0.006693726990659163	0.035572865526869016	INFINITE	selected p>=0.9 subset; whole-population claim invalid	0.2814381133008988	0.9755705030330541
2026_all5mer	original_first100	missing_zero	5mers_A_RNA_sparse_seq_01	POSTHOC_ROBUSTNESS_ANALYSIS	CONTROLLED_ERROR_INJECTION	provider_construct_condition	read_site	1476	1451	961	1476	739	737	728	723	246	715	739	737	1451	728	723	0.023289806240207548	0.07610731006163285	0.04960755624909141	0.0496985581509202	INFINITE	0.08461372312459199	INFINITE	0.9357891417020048	0.03021978021978022	652	706	22	71	961					invalid probability: missing replaced by zero	0.33288227334235454	0.9701492537313433
2026_all5mer	original_first100	missing_zero	5mers_A_RNA_sparse_seq_02	POSTHOC_ROBUSTNESS_ANALYSIS	CONTROLLED_ERROR_INJECTION	provider_construct_condition	read_site	1519	1489	974	1519	754	765	741	748	232	742	754	765	1489	741	748	0.02565630502224612	0.0783968736781156	0.05215055979362985	0.052026589350180855	INFINITE	0.08674243779540339	INFINITE	0.9330098436135588	0.0310391363022942	671	718	23	77	974					invalid probability: missing replaced by zero	0.3076923076923077	0.9699346405228758
2026_all5mer	original_first100	missing_zero	5mers_A_RNA_sparse_seq_03	POSTHOC_ROBUSTNESS_ANALYSIS	CONTROLLED_ERROR_INJECTION	provider_construct_condition	read_site	1519	1500	933	1519	764	755	758	742	193	740	764	755	1500	758	742	0.027196803633959123	0.06635198053323997	0.04656556447347005	0.04677439208359955	INFINITE	0.0945941637827376	INFINITE	0.9343320840060025	0.03430079155672823	670	732	26	72	933					invalid probability: missing replaced by zero	0.2526178010471204	0.9801324503311258
2026_all5mer	original_first100	missing_zero	5mers_A_RNA_sparse_seq_04	POSTHOC_ROBUSTNESS_ANALYSIS	CONTROLLED_ERROR_INJECTION	provider_construct_condition	read_site	1481	1460	911	1481	756	725	747	713	202	709	756	725	1460	747	713	0.030361568752222432	0.07640979333478973	0.05284950308603783	0.05338568104350608	INFINITE	0.09978271932400291	INFINITE	0.927356926537379	0.041499330655957165	639	716	31	74	911					invalid probability: missing replaced by zero	0.2671957671957672	0.9779310344827586
2026_all5mer	original_first100	missing_zero	5mers_A_RNA_sparse_seq_05	POSTHOC_ROBUSTNESS_ANALYSIS	CONTROLLED_ERROR_INJECTION	provider_construct_condition	read_site	1505	1488	950	1505	747	758	739	749	204	746	747	758	1488	739	749	0.028298405091075354	0.06283162910247518	0.04568105615595336	0.04556501709677527	INFINITE	0.09675202699867977	INFINITE	0.9309796914605131	0.03924221921515562	675	710	29	74	950					invalid probability: missing replaced by zero	0.27309236947791166	0.9841688654353562
2026_all5mer	original_first100	missing_zero	5mers_A_RNA_sparse_seq_06	POSTHOC_ROBUSTNESS_ANALYSIS	CONTROLLED_ERROR_INJECTION	provider_construct_condition	read_site	1542	1522	971	1542	771	771	767	755	222	749	771	771	1522	767	755	0.022979527439878383	0.07432928527427825	0.048451976299912485	0.048654406357078316	INFINITE	0.08273465719829903	INFINITE	0.935306561212948	0.02607561929595828	677	747	20	78	971					invalid probability: missing replaced by zero	0.28793774319066145	0.9714656290531777
2026_all5mer	original_first100	missing_zero	5mers_A_RNA_sparse_seq_07	POSTHOC_ROBUSTNESS_ANALYSIS	CONTROLLED_ERROR_INJECTION	provider_construct_condition	read_site	1518	1500	926	1518	766	752	756	744	190	736	766	752	1500	756	744	0.028787754200122976	0.09322024929908014	0.06074627176920573	0.06100400174960156	INFINITE	0.09435139257482276	INFINITE	0.9142985151049666	0.03968253968253968	646	726	30	98	926					invalid probability: missing replaced by zero	0.24804177545691905	0.9787234042553191
2026_all5mer	original_first100	missing_zero	5mers_A_RNA_sparse_seq_08	POSTHOC_ROBUSTNESS_ANALYSIS	CONTROLLED_ERROR_INJECTION	provider_construct_condition	read_site	1543	1527	915	1543	787	756	779	748	178	737	787	756	1527	779	748	0.021046091258449334	0.08486951226219136	0.0523099543303544	0.05295780176032035	INFINITE	0.07110529928456757	INFINITE	0.9302650456845125	0.021822849807445442	660	762	17	88	915					invalid probability: missing replaced by zero	0.22617534942820838	0.9748677248677249
2026_all5mer	original_first100	missing_zero	5mers_A_RNA_sparse_seq_09	POSTHOC_ROBUSTNESS_ANALYSIS	CONTROLLED_ERROR_INJECTION	provider_construct_condition	read_site	1507	1481	956	1507	747	760	736	745	217	739	747	760	1481	736	745	0.024175980816716732	0.08511354075182204	0.054829918798927034	0.054644760784269386	INFINITE	0.09063040593086319	INFINITE	0.9232929676101547	0.03260869565217391	655	712	24	90	956					invalid probability: missing replaced by zero	0.29049531459170014	0.9723684210526315
2026_all5mer	original_first100	missing_zero	5mers_A_RNA_sparse_seq_10	POSTHOC_ROBUSTNESS_ANALYSIS	CONTROLLED_ERROR_INJECTION	provider_construct_condition	read_site	1498	1485	892	1498	756	742	748	737	156	736	756	742	1485	748	737	0.02075760377282127	0.047757566703061395	0.03415758537523674	0.03425758523794133	INFINITE	0.07130087724744354	INFINITE	0.9527196903184612	0.02807486631016043	688	727	21	49	892					invalid probability: missing replaced by zero	0.20634920634920634	0.9919137466307277
2026_all5mer	original_first100	missing_zero	5mers_A_RNA_sparse_seq_11	POSTHOC_ROBUSTNESS_ANALYSIS	CONTROLLED_ERROR_INJECTION	provider_construct_condition	read_site	1527	1508	970	1527	760	767	753	755	222	748	760	767	1508	753	755	0.025630256885867987	0.07292906906431085	0.049311028235154694	0.049279662975089414	INFINITE	0.0883869659687228	INFINITE	0.932402838975225	0.035856573705179286	680	726	27	75	970					invalid probability: missing replaced by zero	0.29210526315789476	0.9752281616688396
2026_all5mer	original_first100	missing_zero	5mers_A_RNA_sparse_seq_12	POSTHOC_ROBUSTNESS_ANALYSIS	CONTROLLED_ERROR_INJECTION	provider_construct_condition	read_site	1515	1504	924	1515	763	752	761	743	189	735	763	752	1504	761	743	0.02866373049601932	0.06483037956309672	0.04653063226253428	0.04674705502955802	INFINITE	0.09542518179041069	INFINITE	0.9352493619820912	0.04336399474375821	679	728	33	64	924					invalid probability: missing replaced by zero	0.24770642201834864	0.9773936170212766
2026_all5mer	original_first100	missing_zero	5mers_A_RNA_sparse_seq_13	POSTHOC_ROBUSTNESS_ANALYSIS	CONTROLLED_ERROR_INJECTION	provider_construct_condition	read_site	1519	1483	911	1519	762	757	740	743	174	737	762	757	1483	740	743	0.020248320296004013	0.06240298963010231	0.04136829286190761	0.04132565496305316	INFINITE	0.07150611354192943	INFINITE	0.9440935215161325	0.025675675675675677	679	721	19	64	911					invalid probability: missing replaced by zero	0.2283464566929134	0.9735799207397622
2026_all5mer	original_first100	missing_zero	5mers_A_RNA_sparse_seq_14	POSTHOC_ROBUSTNESS_ANALYSIS	CONTROLLED_ERROR_INJECTION	provider_construct_condition	read_site	1528	1506	949	1528	752	776	741	765	190	759	752	776	1506	741	765	0.017877524680936868	0.059388917411854064	0.03896398911596453	0.038633221046395466	INFINITE	0.06820026335712337	INFINITE	0.9500304305257865	0.018893387314439947	703	727	14	62	949					invalid probability: missing replaced by zero	0.2526595744680851	0.9780927835051546
2026_all5mer	original_first100	missing_zero	5mers_A_RNA_sparse_seq_15	POSTHOC_ROBUSTNESS_ANALYSIS	CONTROLLED_ERROR_INJECTION	provider_construct_condition	read_site	1511	1494	1028	1511	752	759	741	753	282	746	752	759	1494	741	753	0.03909026852503479	0.09960387332505914	0.06959009745034826	0.06934707092504697	INFINITE	0.1318798534692339	INFINITE	0.9066191374851472	0.05263157894736842	652	702	39	101	1028					invalid probability: missing replaced by zero	0.375	0.9828722002635046
2026_all5mer	original_first100	missing_zero	5mers_A_RNA_sparse_seq_16	POSTHOC_ROBUSTNESS_ANALYSIS	CONTROLLED_ERROR_INJECTION	provider_construct_condition	read_site	1464	1439	1015	1464	714	750	703	736	284	731	714	750	1439	703	736	0.0323483940547764	0.07588790292325227	0.05461738538708929	0.054118148489014334	INFINITE	0.11532635759098193	INFINITE	0.9305886263838209	0.03556187766714083	660	678	25	76	1015					invalid probability: missing replaced by zero	0.39775910364145656	0.9746666666666667
2026_all5mer	original_first100	missing_zero	5mers_A_RNA_sparse_seq_17	POSTHOC_ROBUSTNESS_ANALYSIS	CONTROLLED_ERROR_INJECTION	provider_construct_condition	read_site	1513	1486	905	1513	753	760	740	746	167	738	753	760	1486	740	746	0.022309952813225824	0.06454542431051545	0.04351295532801591	0.04342768856187064	INFINITE	0.07169483852812741	INFINITE	0.9442449822476632	0.031081081081081083	686	717	23	60	905					invalid probability: missing replaced by zero	0.22177954847277556	0.9710526315789474
2026_all5mer	original_first100	missing_zero	5mers_A_RNA_sparse_seq_18	POSTHOC_ROBUSTNESS_ANALYSIS	CONTROLLED_ERROR_INJECTION	provider_construct_condition	read_site	1509	1498	936	1509	759	750	755	743	196	740	759	750	1498	755	743	0.02331197372335472	0.05423135872965385	0.038647823562927654	0.038771666226504284	INFINITE	0.07753656406786871	INFINITE	0.9511208364158191	0.030463576158940398	693	732	23	50	936					invalid probability: missing replaced by zero	0.25823451910408435	0.9866666666666667
2026_all5mer	original_first100	missing_zero	5mers_A_RNA_sparse_seq_19	POSTHOC_ROBUSTNESS_ANALYSIS	CONTROLLED_ERROR_INJECTION	provider_construct_condition	read_site	1515	1481	863	1515	760	755	746	735	138	725	760	755	1481	746	735	0.015577679345179498	0.07952655091577647	0.04731462776137718	0.04755211513047798	INFINITE	0.05269821925857836	INFINITE	0.9321232514453504	0.020107238605898123	650	731	15	85	863					invalid probability: missing replaced by zero	0.18157894736842106	0.9602649006622517
2026_all5mer	original_first100	missing_zero	5mers_A_RNA_sparse_seq_20	POSTHOC_ROBUSTNESS_ANALYSIS	CONTROLLED_ERROR_INJECTION	provider_construct_condition	read_site	1550	1516	1031	1550	777	773	759	757	284	747	777	773	1516	759	757	0.05054416581104867	0.08315557784731827	0.06682836034367141	0.06684987182918346	INFINITE	0.1588677229503096	INFINITE	0.9049869204943584	0.07509881422924901	670	702	57	87	1031					invalid probability: missing replaced by zero	0.3655083655083655	0.9663648124191462
2026_all5mer	original_first100	missing_zero	5mers_A_RNA_sparse_seq_21	POSTHOC_ROBUSTNESS_ANALYSIS	CONTROLLED_ERROR_INJECTION	provider_construct_condition	read_site	1516	1500	937	1516	772	744	764	736	207	730	772	744	1500	764	736	0.027491140115947624	0.05365269080452297	0.040327740987141925	0.040571915460235294	INFINITE	0.09502997390219987	INFINITE	0.9469539608468017	0.032722513089005235	682	739	25	54	937					invalid probability: missing replaced by zero	0.26813471502590674	0.9811827956989247
2026_all5mer	original_first100	missing_zero	5mers_A_RNA_sparse_seq_22	POSTHOC_ROBUSTNESS_ANALYSIS	CONTROLLED_ERROR_INJECTION	provider_construct_condition	read_site	1494	1456	975	1494	761	733	749	707	279	696	761	733	1456	749	707	0.0375096839324177	0.13039595672736917	0.08261311447227394	0.08395282032989343	INFINITE	0.12601813301480855	INFINITE	0.887685230472313	0.0520694259012016	585	710	39	122	975					invalid probability: missing replaced by zero	0.36662286465177396	0.9495225102319236
2026_all5mer	original_first100	missing_zero	5mers_A_RNA_sparse_seq_23	POSTHOC_ROBUSTNESS_ANALYSIS	CONTROLLED_ERROR_INJECTION	provider_construct_condition	read_site	1533	1510	983	1533	758	775	749	761	229	754	758	775	1510	749	761	0.03709306194880935	0.0864698633101234	0.06197766184017358	0.06178146262946637	INFINITE	0.12186721986478358	INFINITE	0.9148536199821401	0.049399198931909215	669	712	37	92	983					invalid probability: missing replaced by zero	0.3021108179419525	0.9729032258064516
2026_all5mer	original_first100	missing_zero	5mers_A_RNA_sparse_seq_24	POSTHOC_ROBUSTNESS_ANALYSIS	CONTROLLED_ERROR_INJECTION	provider_construct_condition	read_site	1556	1540	1038	1556	773	783	765	775	268	770	773	783	1540	765	775	0.04036911110472835	0.06887865620274698	0.054716447111848115	0.054623883653737666	INFINITE	0.12877267114855004	INFINITE	0.9189584651064727	0.06143790849673202	697	718	47	78	1038					invalid probability: missing replaced by zero	0.34670116429495473	0.9833971902937421
2026_all5mer	original_first100	missing_zero	5mers_A_RNA_sparse_seq_25	POSTHOC_ROBUSTNESS_ANALYSIS	CONTROLLED_ERROR_INJECTION	provider_construct_condition	read_site	1511	1490	966	1511	750	761	741	749	230	736	750	761	1490	741	749	0.027600153255076542	0.11334440386661382	0.07070246446852715	0.07047227856084518	INFINITE	0.09775874285019487	INFINITE	0.9023349170914345	0.037786774628879895	631	713	28	118	966					invalid probability: missing replaced by zero	0.30666666666666664	0.9671484888304862
2026_all5mer	original_first100	missing_zero	5mers_A_RNA_sparse_seq_26	POSTHOC_ROBUSTNESS_ANALYSIS	CONTROLLED_ERROR_INJECTION	provider_construct_condition	read_site	1509	1498	983	1509	751	758	743	755	229	754	751	758	1498	743	755	0.02069468132419509	0.07652390840037769	0.04883290992400675	0.04860929486228639	INFINITE	0.07529739259824812	INFINITE	0.9355797598780672	0.02288021534320323	675	726	17	80	983					invalid probability: missing replaced by zero	0.30492676431424764	0.9947229551451188
2026_all5mer	original_first100	missing_zero	5mers_A_RNA_sparse_seq_27	POSTHOC_ROBUSTNESS_ANALYSIS	CONTROLLED_ERROR_INJECTION	provider_construct_condition	read_site	1548	1526	968	1548	765	783	751	775	199	769	765	783	1526	751	775	0.01884453845881273	0.06521063527753276	0.04239219575534486	0.04202758686817275	INFINITE	0.06894488769172141	INFINITE	0.9441862462952623	0.02130492676431425	705	735	16	70	968					invalid probability: missing replaced by zero	0.2601307189542484	0.9821200510855683
2026_all5mer	original_first100	missing_zero	5mers_A_RNA_sparse_seq_28	POSTHOC_ROBUSTNESS_ANALYSIS	CONTROLLED_ERROR_INJECTION	provider_construct_condition	read_site	1514	1492	890	1514	756	758	746	746	169	721	756	758	1492	746	746	0.013069546574242313	0.10336455582933196	0.058217051201787134	0.058217051201787134	INFINITE	0.04876826368029543	INFINITE	0.9269436997319035	0.013404825737265416	647	736	10	99	890					invalid probability: missing replaced by zero	0.22354497354497355	0.9511873350923483
2026_all5mer	original_first100	missing_zero	5mers_A_RNA_sparse_seq_29	POSTHOC_ROBUSTNESS_ANALYSIS	CONTROLLED_ERROR_INJECTION	provider_construct_condition	read_site	1521	1503	907	1521	764	757	754	749	160	747	764	757	1503	754	749	0.02056884765625	0.05078688801051141	0.03562760495853995	0.03567786783338071	INFINITE	0.07097270151986547	INFINITE	0.9500217797027336	0.026525198938992044	694	734	20	55	907					invalid probability: missing replaced by zero	0.2094240837696335	0.9867899603698811
2026_all5mer	original_first100	missing_zero	5mers_A_RNA_sparse_seq_30	POSTHOC_ROBUSTNESS_ANALYSIS	CONTROLLED_ERROR_INJECTION	provider_construct_condition	read_site	1482	1460	975	1482	750	732	736	724	259	716	750	732	1460	736	724	0.023428227590477985	0.09352531222348713	0.05818869969616198	0.058476769906982556	INFINITE	0.08496056664898358	INFINITE	0.9228996516934902	0.029891304347826088	634	714	22	90	975					invalid probability: missing replaced by zero	0.3453333333333333	0.9781420765027322
2026_all5mer	original_first100	missing_zero	5mers_A_RNA_sparse_seq_31	POSTHOC_ROBUSTNESS_ANALYSIS	CONTROLLED_ERROR_INJECTION	provider_construct_condition	read_site	1526	1502	892	1526	757	769	746	756	147	745	757	769	1502	746	756	0.019307497039876737	0.06755106789725167	0.043589880241058795	0.0434292824685642	INFINITE	0.06802684909657082	INFINITE	0.9409779848787891	0.024128686327077747	685	728	18	71	892					invalid probability: missing replaced by zero	0.19418758256274768	0.9687906371911573
2026_all5mer	original_first100	missing_zero	5mers_A_RNA_sparse_seq_32	POSTHOC_ROBUSTNESS_ANALYSIS	CONTROLLED_ERROR_INJECTION	provider_construct_condition	read_site	1518	1496	1032	1518	758	760	745	751	284	748	758	760	1496	745	751	0.047476564957791526	0.0928700087708576	0.07026431649763953	0.07017328686432456	INFINITE	0.15162550269151262	INFINITE	0.9012073387608469	0.06442953020134229	651	697	48	100	1032					invalid probability: missing replaced by zero	0.37467018469656993	0.9842105263157894
2026_all5mer	original_first100	missing_zero	ALL	POSTHOC_ROBUSTNESS_ANALYSIS	CONTROLLED_ERROR_INJECTION	provider_construct_condition	read_site	48487	47791	30467	48487	24254	24233	23927	23864	6826	23641	24254	24233	47791	23927	23864	0.02693363090371968	0.076914216782317	0.05189098064335364	0.05192392384301834	INFINITE	0.09193870735257541	INFINITE	0.9294591202728165	0.03531575207924102	21340	23082	845	2524	30467					invalid probability: missing replaced by zero	0.2814381133008988	0.9755705030330541
2026_all5mer	original_first100	site_mean_as_read	5mers_A_RNA_sparse_seq_01	POSTHOC_ROBUSTNESS_ANALYSIS	CONTROLLED_ERROR_INJECTION	provider_construct_condition	read_site	1476	1451	961	1476	739	737	728	723	246	715	739	737	961	246	715	0.03694655157509576	0.019351357687951716	0.023855434374983383	0.028148954631523736	0.1512107154479481	0.20468795012209476	0.1328115549866333	1.0	0.0	715	246	0	0	0					invalid unit: repeated site means	0.33288227334235454	0.9701492537313433
2026_all5mer	original_first100	site_mean_as_read	5mers_A_RNA_sparse_seq_02	POSTHOC_ROBUSTNESS_ANALYSIS	CONTROLLED_ERROR_INJECTION	provider_construct_condition	read_site	1519	1489	974	1519	754	765	741	748	232	742	754	765	974	232	742	0.03921870041813143	0.0279300978831987	0.03061896419542087	0.03357439915066506	0.17175742223588222	0.21738778571030568	0.15749024659428354	1.0	0.0	742	232	0	0	0					invalid unit: repeated site means	0.3076923076923077	0.9699346405228758
2026_all5mer	original_first100	site_mean_as_read	5mers_A_RNA_sparse_seq_03	POSTHOC_ROBUSTNESS_ANALYSIS	CONTROLLED_ERROR_INJECTION	provider_construct_condition	read_site	1519	1500	933	1519	764	755	758	742	193	740	764	755	933	193	740	0.05277707915201425	0.018073555455616307	0.025252312233113416	0.035425317303815276	0.15393839162105744	0.25077696502984254	0.12868184477254996	1.0	0.0	740	193	0	0	0					invalid unit: repeated site means	0.2526178010471204	0.9801324503311258
2026_all5mer	original_first100	site_mean_as_read	5mers_A_RNA_sparse_seq_04	POSTHOC_ROBUSTNESS_ANALYSIS	CONTROLLED_ERROR_INJECTION	provider_construct_condition	read_site	1481	1460	911	1481	756	725	747	713	202	709	756	725	911	202	709	0.06538083211462795	0.022823469519492663	0.03225989898625153	0.0441021508170603	0.17611138318373132	0.28119283398513223	0.14617280340674543	1.0	0.0	709	202	0	0	0					invalid unit: repeated site means	0.2671957671957672	0.9779310344827586
2026_all5mer	original_first100	site_mean_as_read	5mers_A_RNA_sparse_seq_05	POSTHOC_ROBUSTNESS_ANALYSIS	CONTROLLED_ERROR_INJECTION	provider_construct_condition	read_site	1505	1488	950	1505	747	758	739	749	204	746	747	758	950	204	746	0.05421036250899452	0.01906539218513673	0.026612312128365137	0.036637877347065625	0.1586453876547257	0.25567827487572514	0.1321109251975087	1.0	0.0	746	204	0	0	0					invalid unit: repeated site means	0.27309236947791166	0.9841688654353562
2026_all5mer	original_first100	site_mean_as_read	5mers_A_RNA_sparse_seq_06	POSTHOC_ROBUSTNESS_ANALYSIS	CONTROLLED_ERROR_INJECTION	provider_construct_condition	read_site	1542	1522	971	1542	771	771	767	755	222	749	771	771	971	222	749	0.034561326086004054	0.01979055425618263	0.023167599926852408	0.027175940171093343	0.15065224077177009	0.19722588131998825	0.13684803756522212	1.0	0.0	749	222	0	0	0					invalid unit: repeated site means	0.28793774319066145	0.9714656290531777
2026_all5mer	original_first100	site_mean_as_read	5mers_A_RNA_sparse_seq_07	POSTHOC_ROBUSTNESS_ANALYSIS	CONTROLLED_ERROR_INJECTION	provider_construct_condition	read_site	1518	1500	926	1518	766	752	756	744	190	736	766	752	926	190	736	0.061670592340428626	0.036516307549252426	0.041677553888694624	0.04909344994484052	0.19491998167573496	0.27974262877198475	0.17302283093077914	1.0	0.0	736	190	0	0	0					invalid unit: repeated site means	0.24804177545691905	0.9787234042553191
2026_all5mer	original_first100	site_mean_as_read	5mers_A_RNA_sparse_seq_08	POSTHOC_ROBUSTNESS_ANALYSIS	CONTROLLED_ERROR_INJECTION	provider_construct_condition	read_site	1543	1527	915	1543	787	756	779	748	178	737	787	756	915	178	737	0.053608232391768276	0.025991014325728076	0.031363544179012395	0.039799623358748176	0.16564890201822569	0.2524787592119269	0.1446777831844688	1.0	0.0	737	178	0	0	0					invalid unit: repeated site means	0.22617534942820838	0.9748677248677249
2026_all5mer	original_first100	site_mean_as_read	5mers_A_RNA_sparse_seq_09	POSTHOC_ROBUSTNESS_ANALYSIS	CONTROLLED_ERROR_INJECTION	provider_construct_condition	read_site	1507	1481	956	1507	747	760	736	745	217	739	747	760	956	217	739	0.038608873691551616	0.02969955332557425	0.0317218572161779	0.03415421350856293	0.17434889047325536	0.20367056665151909	0.16573887189316983	1.0	0.0	739	217	0	0	0					invalid unit: repeated site means	0.29049531459170014	0.9723684210526315
2026_all5mer	original_first100	site_mean_as_read	5mers_A_RNA_sparse_seq_10	POSTHOC_ROBUSTNESS_ANALYSIS	CONTROLLED_ERROR_INJECTION	provider_construct_condition	read_site	1498	1485	892	1498	756	742	748	737	156	736	756	742	892	156	736	0.054943958729541414	0.011313605510369142	0.018944026028520345	0.03312878211995528	0.12613494209355813	0.2602884543289036	0.09770023026106643	1.0	0.0	736	156	0	0	0					invalid unit: repeated site means	0.20634920634920634	0.9919137466307277
2026_all5mer	original_first100	site_mean_as_read	5mers_A_RNA_sparse_seq_11	POSTHOC_ROBUSTNESS_ANALYSIS	CONTROLLED_ERROR_INJECTION	provider_construct_condition	read_site	1527	1508	970	1527	760	767	753	755	222	748	760	767	970	222	748	0.04289790384493672	0.018603913185840478	0.024163981151118175	0.0307509085153886	0.15084569767534212	0.21458759914190265	0.13192764670532015	1.0	0.0	748	222	0	0	0					invalid unit: repeated site means	0.29210526315789476	0.9752281616688396
2026_all5mer	original_first100	site_mean_as_read	5mers_A_RNA_sparse_seq_12	POSTHOC_ROBUSTNESS_ANALYSIS	CONTROLLED_ERROR_INJECTION	provider_construct_condition	read_site	1515	1504	924	1515	763	752	761	743	189	735	763	752	924	189	735	0.060746135612764866	0.016361274959940802	0.02543999645710936	0.03855370528635284	0.15492649043041468	0.274047291644824	0.12429542726099516	1.0	0.0	735	189	0	0	0					invalid unit: repeated site means	0.24770642201834864	0.9773936170212766
2026_all5mer	original_first100	site_mean_as_read	5mers_A_RNA_sparse_seq_13	POSTHOC_ROBUSTNESS_ANALYSIS	CONTROLLED_ERROR_INJECTION	provider_construct_condition	read_site	1519	1483	911	1519	762	757	740	743	174	737	762	757	911	174	737	0.04924430886585759	0.01444029870824708	0.021087826444168296	0.031842303787052335	0.13161673033072172	0.23341686759727368	0.10758250525015178	1.0	0.0	737	174	0	0	0					invalid unit: repeated site means	0.2283464566929134	0.9735799207397622
2026_all5mer	original_first100	site_mean_as_read	5mers_A_RNA_sparse_seq_14	POSTHOC_ROBUSTNESS_ANALYSIS	CONTROLLED_ERROR_INJECTION	provider_construct_condition	read_site	1528	1506	949	1528	752	776	741	765	190	759	752	776	949	190	759	0.03343079542908145	0.016594354350302855	0.01996519081496875	0.025012574889692153	0.12757912225875878	0.19122785091481723	0.11164597542786141	1.0	0.0	759	190	0	0	0					invalid unit: repeated site means	0.2526595744680851	0.9780927835051546
2026_all5mer	original_first100	site_mean_as_read	5mers_A_RNA_sparse_seq_15	POSTHOC_ROBUSTNESS_ANALYSIS	CONTROLLED_ERROR_INJECTION	provider_construct_condition	read_site	1511	1494	1028	1511	752	759	741	753	282	746	752	759	1028	282	746	0.05794513897329916	0.03531454899827583	0.04152255130659935	0.0466298439857875	0.2105772418265408	0.27209729423632434	0.18732167241694436	1.0	0.0	746	282	0	0	0					invalid unit: repeated site means	0.375	0.9828722002635046
2026_all5mer	original_first100	site_mean_as_read	5mers_A_RNA_sparse_seq_16	POSTHOC_ROBUSTNESS_ANALYSIS	CONTROLLED_ERROR_INJECTION	provider_construct_condition	read_site	1464	1439	1015	1464	714	750	703	736	284	731	714	750	1015	284	731	0.0432383512633957	0.02154272495821381	0.02761322532340756	0.03239053811080476	0.16717400658277645	0.22506778637142244	0.14468175834751593	1.0	0.0	731	284	0	0	0					invalid unit: repeated site means	0.39775910364145656	0.9746666666666667
2026_all5mer	original_first100	site_mean_as_read	5mers_A_RNA_sparse_seq_17	POSTHOC_ROBUSTNESS_ANALYSIS	CONTROLLED_ERROR_INJECTION	provider_construct_condition	read_site	1513	1486	905	1513	753	760	740	746	167	738	753	760	905	167	738	0.04805920438056741	0.014166891771055208	0.02042105332441271	0.03111304807581131	0.1310957078699506	0.22109549477519425	0.11072990243204316	1.0	0.0	738	167	0	0	0					invalid unit: repeated site means	0.22177954847277556	0.9710526315789474
2026_all5mer	original_first100	site_mean_as_read	5mers_A_RNA_sparse_seq_18	POSTHOC_ROBUSTNESS_ANALYSIS	CONTROLLED_ERROR_INJECTION	provider_construct_condition	read_site	1509	1498	936	1509	759	750	755	743	196	740	759	750	936	196	740	0.0507284603610917	0.011854108338636761	0.019994464104022627	0.03129128434986423	0.13552555662957552	0.2438224181365973	0.1068415230412292	1.0	0.0	740	196	0	0	0					invalid unit: repeated site means	0.25823451910408435	0.9866666666666667
2026_all5mer	original_first100	site_mean_as_read	5mers_A_RNA_sparse_seq_19	POSTHOC_ROBUSTNESS_ANALYSIS	CONTROLLED_ERROR_INJECTION	provider_construct_condition	read_site	1515	1481	863	1515	760	755	746	735	138	725	760	755	863	138	725	0.04709882226710887	0.02571073852802042	0.0291308492533903	0.036404780397564646	0.15125369383685175	0.2292489019253978	0.13640770940068714	1.0	0.0	725	138	0	0	0					invalid unit: repeated site means	0.18157894736842106	0.9602649006622517
2026_all5mer	original_first100	site_mean_as_read	5mers_A_RNA_sparse_seq_20	POSTHOC_ROBUSTNESS_ANALYSIS	CONTROLLED_ERROR_INJECTION	provider_construct_condition	read_site	1550	1516	1031	1550	777	773	759	757	284	747	777	773	1031	284	747	0.07739251953909734	0.02145612211929541	0.03686440230088974	0.04942432082919638	0.18973425446901182	0.31115356893953017	0.14357215900766349	1.0	0.0	747	284	0	0	0					invalid unit: repeated site means	0.3655083655083655	0.9663648124191462
2026_all5mer	original_first100	site_mean_as_read	5mers_A_RNA_sparse_seq_21	POSTHOC_ROBUSTNESS_ANALYSIS	CONTROLLED_ERROR_INJECTION	provider_construct_condition	read_site	1516	1500	937	1516	772	744	764	736	207	730	772	744	937	207	730	0.05050514414738915	0.008769248824015774	0.017989451953085454	0.029637196485702462	0.12709073323067618	0.24310301984674626	0.09419409853269468	1.0	0.0	730	207	0	0	0					invalid unit: repeated site means	0.26813471502590674	0.9811827956989247
2026_all5mer	original_first100	site_mean_as_read	5mers_A_RNA_sparse_seq_22	POSTHOC_ROBUSTNESS_ANALYSIS	CONTROLLED_ERROR_INJECTION	provider_construct_condition	read_site	1494	1456	975	1494	761	733	749	707	279	696	761	733	975	279	696	0.053425475802803477	0.05483337623456054	0.0544305001110116	0.05412942601868201	0.2471476745320396	0.2577031288144776	0.24291639328951056	1.0	0.0	696	279	0	0	0					invalid unit: repeated site means	0.36662286465177396	0.9495225102319236
2026_all5mer	original_first100	site_mean_as_read	5mers_A_RNA_sparse_seq_23	POSTHOC_ROBUSTNESS_ANALYSIS	CONTROLLED_ERROR_INJECTION	provider_construct_condition	read_site	1533	1510	983	1533	758	775	749	761	229	754	758	775	983	229	754	0.06284631961576743	0.026709959056397645	0.035128297375925294	0.04477813933608254	0.1956599184372918	0.28635066778002316	0.16811591101091847	1.0	0.0	754	229	0	0	0					invalid unit: repeated site means	0.3021108179419525	0.9729032258064516
2026_all5mer	original_first100	site_mean_as_read	5mers_A_RNA_sparse_seq_24	POSTHOC_ROBUSTNESS_ANALYSIS	CONTROLLED_ERROR_INJECTION	provider_construct_condition	read_site	1556	1540	1038	1556	773	783	765	775	268	770	773	783	1038	268	770	0.06737621950107928	0.020204619913191835	0.03238379976825333	0.043790419707135556	0.17763012405471756	0.2899748447690848	0.13852832515672997	1.0	0.0	770	268	0	0	0					invalid unit: repeated site means	0.34670116429495473	0.9833971902937421
2026_all5mer	original_first100	site_mean_as_read	5mers_A_RNA_sparse_seq_25	POSTHOC_ROBUSTNESS_ANALYSIS	CONTROLLED_ERROR_INJECTION	provider_construct_condition	read_site	1511	1490	966	1511	750	761	741	749	230	736	750	761	966	230	736	0.0496916042510251	0.04445352942846305	0.04570069010050164	0.047072566839744076	0.202139989780536	0.24223553280872506	0.18961013258422693	0.9470108695652174	0.0	658	230	0	78	0					invalid unit: repeated site means	0.30666666666666664	0.9671484888304862
2026_all5mer	original_first100	site_mean_as_read	5mers_A_RNA_sparse_seq_26	POSTHOC_ROBUSTNESS_ANALYSIS	CONTROLLED_ERROR_INJECTION	provider_construct_condition	read_site	1509	1498	983	1509	751	758	743	755	229	754	751	758	983	229	754	0.03321099439577112	0.02613979643039521	0.027787105010325098	0.029675395413083165	0.16866338291264954	0.19891148075122375	0.15947662640730007	1.0	0.0	754	229	0	0	0					invalid unit: repeated site means	0.30492676431424764	0.9947229551451188
2026_all5mer	original_first100	site_mean_as_read	5mers_A_RNA_sparse_seq_27	POSTHOC_ROBUSTNESS_ANALYSIS	CONTROLLED_ERROR_INJECTION	provider_construct_condition	read_site	1548	1526	968	1548	765	783	751	775	199	769	765	783	968	199	769	0.03617843014051233	0.012755344692936882	0.0175706277549901	0.024466887416724606	0.13586936939827043	0.207406811204957	0.1173570795159159	1.0	0.0	769	199	0	0	0					invalid unit: repeated site means	0.2601307189542484	0.9821200510855683
2026_all5mer	original_first100	site_mean_as_read	5mers_A_RNA_sparse_seq_28	POSTHOC_ROBUSTNESS_ANALYSIS	CONTROLLED_ERROR_INJECTION	provider_construct_condition	read_site	1514	1492	890	1514	756	758	746	746	169	721	756	758	890	169	721	0.026681734757509564	0.0314578984481116	0.030550963994502897	0.029069816602810584	0.14886046597096322	0.17409789416263813	0.14294489681091735	1.0	0.0	721	169	0	0	0					invalid unit: repeated site means	0.22354497354497355	0.9511873350923483
2026_all5mer	original_first100	site_mean_as_read	5mers_A_RNA_sparse_seq_29	POSTHOC_ROBUSTNESS_ANALYSIS	CONTROLLED_ERROR_INJECTION	provider_construct_condition	read_site	1521	1503	907	1521	764	757	754	749	160	747	764	757	907	160	747	0.0520977884199873	0.009849132138213113	0.017302037325736673	0.030973460279100206	0.12261142565353224	0.24847164029007107	0.0956534144864021	1.0	0.0	747	160	0	0	0					invalid unit: repeated site means	0.2094240837696335	0.9867899603698811
2026_all5mer	original_first100	site_mean_as_read	5mers_A_RNA_sparse_seq_30	POSTHOC_ROBUSTNESS_ANALYSIS	CONTROLLED_ERROR_INJECTION	provider_construct_condition	read_site	1482	1460	975	1482	750	732	736	724	259	716	750	732	975	259	716	0.032568970858117344	0.034052657226992945	0.033658529258235224	0.03331081404255515	0.1821859026726243	0.18772893560928824	0.18018081114944556	1.0	0.0	716	259	0	0	0					invalid unit: repeated site means	0.3453333333333333	0.9781420765027322
2026_all5mer	original_first100	site_mean_as_read	5mers_A_RNA_sparse_seq_31	POSTHOC_ROBUSTNESS_ANALYSIS	CONTROLLED_ERROR_INJECTION	provider_construct_condition	read_site	1526	1502	892	1526	757	769	746	756	147	745	757	769	892	147	745	0.05145804250622036	0.013204318151325316	0.019508463308466093	0.032331180328772836	0.12969601000823971	0.2471474321918418	0.10652103140288467	1.0	0.0	745	147	0	0	0					invalid unit: repeated site means	0.19418758256274768	0.9687906371911573
2026_all5mer	original_first100	site_mean_as_read	5mers_A_RNA_sparse_seq_32	POSTHOC_ROBUSTNESS_ANALYSIS	CONTROLLED_ERROR_INJECTION	provider_construct_condition	read_site	1518	1496	1032	1518	758	760	745	751	284	748	758	760	1032	284	748	0.07286353052512395	0.03209866788611068	0.04331690527901744	0.05248109920561732	0.21650552120037989	0.30814992864313073	0.18171005099484347	1.0	0.0	748	284	0	0	0					invalid unit: repeated site means	0.37467018469656993	0.9842105263157894
2026_all5mer	original_first100	site_mean_as_read	ALL	POSTHOC_ROBUSTNESS_ANALYSIS	CONTROLLED_ERROR_INJECTION	provider_construct_condition	read_site	48487	47791	30467	48487	24254	24233	23927	23864	6826	23641	24254	24233	30467	6826	23641	0.0502628767998058	0.023070126350873132	0.029162544854973126	0.03666650157533947	0.16420922262611878	0.2426407011697908	0.14156325703502257	0.9983503235903727	0.0	23563	6826	0	78	0					invalid unit: repeated site means	0.2814381133008988	0.9755705030330541
2026_all5mer	seed_101	canonical	5mers_A_RNA_sparse_seq_01	POSTHOC_ROBUSTNESS_ANALYSIS	OBSERVED_NATIVE_INPUT	provider_construct_condition	read_site	1504	1474	962	1504	751	753	738	736	242	720	751	753	962	242	720	0.0731732392114056	0.05870348612467448	0.06234348638141973	0.06593836266804004	0.20849521716751807	0.25973951676981516	0.19127143869007932	0.917722681359045	0.08677685950413223	664	221	21	56	962	0.06183249935538754	0.06286210280198318	0.2048612701184367	INFINITE	eligible explicit probability subset	0.322237017310253	0.9561752988047809
2026_all5mer	seed_101	canonical	5mers_A_RNA_sparse_seq_02	POSTHOC_ROBUSTNESS_ANALYSIS	OBSERVED_NATIVE_INPUT	provider_construct_condition	read_site	1542	1516	992	1542	759	783	745	771	225	767	759	783	992	225	767	0.09464750501844618	0.09313220306356697	0.09347589554325227	0.09388985404100658	0.29073396108846244	0.3197649744411283	0.28221769250391254	0.8693292771258874	0.12444444444444444	662	197	28	105	992	0.09279189571257561	0.09416752476846019	0.2872702443926956	0.29424576145553183	eligible explicit probability subset	0.2964426877470356	0.979565772669221
2026_all5mer	seed_101	canonical	5mers_A_RNA_sparse_seq_03	POSTHOC_ROBUSTNESS_ANALYSIS	OBSERVED_NATIVE_INPUT	provider_construct_condition	read_site	1521	1506	921	1521	773	748	768	738	188	733	773	748	921	188	733	0.09290825052464262	0.062046425729624086	0.06834612503631625	0.07747733812713335	0.215554768853279	0.3195011644901638	0.18889457461080378	0.8857616614902326	0.13297872340425532	663	163	25	70	921	0.06780720896104778	0.06889267050611597	0.2126958531821633	0.2184315881094789	eligible explicit probability subset	0.24320827943078913	0.9799465240641712
2026_all5mer	seed_101	canonical	5mers_A_RNA_sparse_seq_04	POSTHOC_ROBUSTNESS_ANALYSIS	OBSERVED_NATIVE_INPUT	provider_construct_condition	read_site	1436	1421	896	1436	729	707	723	698	203	693	729	707	896	203	693	0.12263516956949469	0.085979846992878	0.09428456851414271	0.10430750828118635	0.2928762810548016	0.405971649845915	0.25974733464124317	0.8584117032392894	0.15763546798029557	606	171	32	87	896	0.09360144819532122	0.09497531822749547	0.28930512998725133	0.2965302706801038	eligible explicit probability subset	0.2784636488340192	0.9801980198019802
2026_all5mer	seed_101	canonical	5mers_A_RNA_sparse_seq_05	POSTHOC_ROBUSTNESS_ANALYSIS	OBSERVED_NATIVE_INPUT	provider_construct_condition	read_site	1504	1492	950	1504	745	759	734	758	205	745	745	759	950	205	745	0.09897395808522294	0.06480397986085623	0.07217750147769325	0.08188896897303959	0.23002089193627578	0.334029815336732	0.20140098683950594	0.8911933213291865	0.13170731707317074	681	178	27	64	950	0.07161153692948191	0.07275109542043585	0.22695093331573438	0.23313313542583539	eligible explicit probability subset	0.2751677852348993	0.9815546772068511
2026_all5mer	seed_101	canonical	5mers_A_RNA_sparse_seq_06	POSTHOC_ROBUSTNESS_ANALYSIS	OBSERVED_NATIVE_INPUT	provider_construct_condition	read_site	1541	1512	961	1541	771	770	760	752	215	746	771	770	961	215	746	0.09900667057480923	0.06885118458929394	0.07559772932070476	0.08392892758205159	0.2414244952474406	0.33036504303056285	0.2157914955512325	0.8799644616247896	0.13953488372093023	671	185	30	75	961	0.0750190822192459	0.07618400581669485	0.23826004397368597	0.24462612320272856	eligible explicit probability subset	0.2788586251621271	0.9688311688311688
2026_all5mer	seed_101	canonical	5mers_A_RNA_sparse_seq_07	POSTHOC_ROBUSTNESS_ANALYSIS	OBSERVED_NATIVE_INPUT	provider_construct_condition	read_site	1535	1519	936	1535	787	748	779	740	205	731	787	748	936	205	731	0.08049281050519246	0.08745980425833351	0.0859339135324853	0.08397630738176298	0.2692370919015081	0.2808718979398254	0.2659742529988336	0.8865369857528944	0.1024390243902439	640	184	21	91	936	0.08529946742913662	0.08657598903036526	0.26593048295931826	0.272580911752114	eligible explicit probability subset	0.2604828462515883	0.9772727272727273
2026_all5mer	seed_101	canonical	5mers_A_RNA_sparse_seq_08	POSTHOC_ROBUSTNESS_ANALYSIS	OBSERVED_NATIVE_INPUT	provider_construct_condition	read_site	1526	1509	918	1526	767	759	758	751	176	742	767	759	918	176	742	0.09225862676447089	0.05792576669040073	0.06450810151941636	0.0750921967274358	0.21069722244223202	0.3347473986269351	0.1812729218916825	0.8922062607204116	0.13068181818181818	679	153	23	63	918	0.06401098579622821	0.06501284663713576	0.20679601130653336	INFINITE	eligible explicit probability subset	0.22946544980443284	0.9776021080368906
2026_all5mer	seed_101	canonical	5mers_A_RNA_sparse_seq_09	POSTHOC_ROBUSTNESS_ANALYSIS	OBSERVED_NATIVE_INPUT	provider_construct_condition	read_site	1497	1475	935	1497	749	748	737	738	203	732	749	748	935	203	732	0.07731295806433768	0.07793190961327058	0.07779752761922418	0.07762243383880413	0.24447894368936524	0.2620289443710327	0.23961193530360225	0.9010202158873724	0.08866995073891626	652	185	18	80	935	0.07720506637491645	0.07839761825806317	0.2413544831499025	0.24763891624046352	eligible explicit probability subset	0.27102803738317754	0.9786096256684492
2026_all5mer	seed_101	canonical	5mers_A_RNA_sparse_seq_10	POSTHOC_ROBUSTNESS_ANALYSIS	OBSERVED_NATIVE_INPUT	provider_construct_condition	read_site	1471	1437	880	1471	744	727	730	707	175	705	744	727	880	175	705	0.11095596313476562	0.055067481724083	0.06618166836825284	0.08301172242942431	0.20972449572738686	0.3599056200149081	0.17244549324466885	0.8802836879432624	0.16	649	147	28	56	880	0.06567204215309837	0.06669892397793857	0.20678967460752007	0.21268365846860404	eligible explicit probability subset	0.23521505376344087	0.9697386519944979
2026_all5mer	seed_101	canonical	5mers_A_RNA_sparse_seq_11	POSTHOC_ROBUSTNESS_ANALYSIS	OBSERVED_NATIVE_INPUT	provider_construct_condition	read_site	1515	1499	951	1515	768	747	759	740	217	734	768	747	951	217	734	0.0896980707546533	0.05702765566126852	0.06448241914735106	0.07336286320796091	0.20488097378130474	0.29025475947840407	0.17964103986268	0.8824100001255666	0.15207373271889402	673	184	33	61	951	0.0639748558261041	0.06499761186312927	0.20188476382407775	0.20794081376951526	eligible explicit probability subset	0.2825520833333333	0.9825970548862115
2026_all5mer	seed_101	canonical	5mers_A_RNA_sparse_seq_12	POSTHOC_ROBUSTNESS_ANALYSIS	OBSERVED_NATIVE_INPUT	provider_construct_condition	read_site	1479	1463	925	1479	730	749	722	741	201	724	730	749	925	201	724	0.09785668292448889	0.0694152874182601	0.07559552579312712	0.0836359851713745	0.24106325884910582	0.334595417240963	0.2150964579695985	0.8885029273521894	0.11940298507462686	649	177	24	75	925	0.07499180149387669	0.07620687948690878	0.2380250162134861	0.24412954429688252	eligible explicit probability subset	0.27534246575342464	0.9666221628838452
2026_all5mer	seed_101	canonical	5mers_A_RNA_sparse_seq_13	POSTHOC_ROBUSTNESS_ANALYSIS	OBSERVED_NATIVE_INPUT	provider_construct_condition	read_site	1530	1496	906	1530	763	767	749	747	164	742	763	767	906	164	742	0.09547843002691501	0.05704375932801445	0.0640010286377492	0.07626109467746472	0.19995113248512872	0.3253715917643106	0.1722301684395953	0.8962181973571757	0.12804878048780488	683	143	21	59	906	0.06351691576555601	0.06449277090447365	0.19706783869609756	0.20285825500260046	eligible explicit probability subset	0.21494102228047182	0.9674054758800521
2026_all5mer	seed_101	canonical	5mers_A_RNA_sparse_seq_14	POSTHOC_ROBUSTNESS_ANALYSIS	OBSERVED_NATIVE_INPUT	provider_construct_condition	read_site	1525	1508	968	1525	748	777	743	765	204	764	748	777	968	204	764	0.06891819075042126	0.06135704879361297	0.06295051259442794	0.06513761977201711	0.1998723009148748	0.23901789821932465	0.189419811582273	0.9138307155322862	0.08333333333333333	696	187	17	68	968	0.062443993308327415	0.06346466127505973	0.1970849947584642	0.20267764096762017	eligible explicit probability subset	0.2727272727272727	0.9832689832689833
2026_all5mer	seed_101	canonical	5mers_A_RNA_sparse_seq_15	POSTHOC_ROBUSTNESS_ANALYSIS	OBSERVED_NATIVE_INPUT	provider_construct_condition	read_site	1527	1506	1024	1527	757	770	749	757	277	747	757	770	1024	277	747	0.10573124799487393	0.09487467182368799	0.09781146049499512	0.10030295990928095	0.3114130105668455	0.3641099248385054	0.2918721200002461	0.8633982379578482	0.1299638989169675	640	241	36	107	1024	0.09705045819282532	0.09858009219169617	0.3075252487398747	0.31557257125636196	eligible explicit probability subset	0.36591809775429324	0.9701298701298702
2026_all5mer	seed_101	canonical	5mers_A_RNA_sparse_seq_16	POSTHOC_ROBUSTNESS_ANALYSIS	OBSERVED_NATIVE_INPUT	provider_construct_condition	read_site	1433	1407	1049	1433	680	753	669	738	316	733	680	753	1049	316	733	0.08827813063995747	0.08312707773497453	0.08467877718013622	0.085702604187466	0.27025110338647595	0.30139350777711615	0.2568254556546311	0.8850570742742674	0.11392405063291139	648	280	36	85	1049	0.08402840584317654	0.08533677791162715	0.26690611322213575	0.27364190410860273	eligible explicit probability subset	0.4647058823529412	0.9734395750332006
2026_all5mer	seed_101	canonical	5mers_A_RNA_sparse_seq_17	POSTHOC_ROBUSTNESS_ANALYSIS	OBSERVED_NATIVE_INPUT	provider_construct_condition	read_site	1501	1488	945	1501	762	739	756	732	218	727	762	739	945	218	727	0.08475784861713374	0.05339270149661225	0.06062825924505002	0.069075275056873	0.20083003465273488	0.30453264232131344	0.1697335168098874	0.9137778731244399	0.10091743119266056	675	196	22	52	945	0.06015636302806713	0.06110778485656415	0.19708580383061972	INFINITE	eligible explicit probability subset	0.28608923884514437	0.9837618403247632
2026_all5mer	seed_101	canonical	5mers_A_RNA_sparse_seq_18	POSTHOC_ROBUSTNESS_ANALYSIS	OBSERVED_NATIVE_INPUT	provider_construct_condition	read_site	1511	1495	948	1511	762	749	751	744	211	737	762	749	948	211	737	0.102024367635284	0.054717981346264946	0.06524714538316687	0.07837117449077446	0.21195417283026183	0.33866384178212056	0.17567772758081515	0.883130662928357	0.15639810426540285	680	178	33	57	948	0.06473237049730518	0.0657695496635598	0.20889384271682707	0.215054411478795	eligible explicit probability subset	0.2769028871391076	0.9839786381842457
2026_all5mer	seed_101	canonical	5mers_A_RNA_sparse_seq_19	POSTHOC_ROBUSTNESS_ANALYSIS	OBSERVED_NATIVE_INPUT	provider_construct_condition	read_site	1509	1448	824	1509	761	748	736	712	118	706	761	748	824	118	706	0.07376764588436838	0.0660916185243947	0.06719085545215792	0.06992963220438153	0.20914560147627057	0.27540981997686975	0.1980702788373602	0.9129975512555817	0.07627118644067797	637	109	9	69	824	0.06669157454111044	0.06769776575773664	0.2061698387766886	0.2121506324642505	eligible explicit probability subset	0.15505913272010513	0.9438502673796791
2026_all5mer	seed_101	canonical	5mers_A_RNA_sparse_seq_20	POSTHOC_ROBUSTNESS_ANALYSIS	OBSERVED_NATIVE_INPUT	provider_construct_condition	read_site	1540	1512	1021	1540	772	768	762	750	278	743	772	768	1021	278	743	0.13306868848183173	0.08814884868637228	0.10037971593724175	0.11060876858410201	0.31369523884226325	0.42400772202382114	0.27242085078779077	0.8429974728158255	0.18345323741007194	646	227	51	97	1021	0.09966129373967006	0.10110576752934469	0.3096594625151154	0.31794921681488636	eligible explicit probability subset	0.3601036269430052	0.9674479166666666
2026_all5mer	seed_101	canonical	5mers_A_RNA_sparse_seq_21	POSTHOC_ROBUSTNESS_ANALYSIS	OBSERVED_NATIVE_INPUT	provider_construct_condition	read_site	1527	1508	963	1527	767	760	756	752	216	747	767	760	963	216	747	0.10041229813187211	0.05239322258925023	0.06316385635581963	0.07640276036056116	0.2097822411790691	0.3484612163542006	0.16968229655011546	0.900686077643909	0.125	692	189	27	55	963	0.0626535069038811	0.0636818352022894	0.20650525330719388	0.21317610891184308	eligible explicit probability subset	0.2816166883963494	0.9828947368421053
2026_all5mer	seed_101	canonical	5mers_A_RNA_sparse_seq_22	POSTHOC_ROBUSTNESS_ANALYSIS	OBSERVED_NATIVE_INPUT	provider_construct_condition	read_site	1490	1453	994	1490	742	748	726	727	276	718	742	748	994	276	718	0.1158849190974581	0.1086665820278497	0.11067086877957197	0.1122757505626539	0.3525201848124729	0.39846015824404696	0.33486080783877586	0.8396512050381494	0.15217391304347827	597	234	42	121	994	0.10983316279513015	0.11151620415854502	0.34801482712526016	INFINITE	eligible explicit probability subset	0.3719676549865229	0.9598930481283422
2026_all5mer	seed_101	canonical	5mers_A_RNA_sparse_seq_23	POSTHOC_ROBUSTNESS_ANALYSIS	OBSERVED_NATIVE_INPUT	provider_construct_condition	read_site	1515	1495	970	1515	746	769	739	756	225	745	746	769	970	225	745	0.13273479885525175	0.07751453066832267	0.0903233557632289	0.10512466476178721	0.291405521851601	0.44098066225685933	0.2462318217292075	0.8558687546607009	0.18222222222222223	666	184	41	79	970	0.08962543920143363	0.09102890171955541	0.2877883580175301	0.29511095250469	eligible explicit probability subset	0.30160857908847183	0.9687906371911573
2026_all5mer	seed_101	canonical	5mers_A_RNA_sparse_seq_24	POSTHOC_ROBUSTNESS_ANALYSIS	OBSERVED_NATIVE_INPUT	provider_construct_condition	read_site	1526	1499	1009	1526	761	765	748	751	261	748	761	765	1009	261	748	0.13379825577425317	0.07082181308358748	0.08711205247136126	0.10231003442892032	0.2816598775153946	0.4430401006678062	0.22534939858119749	0.8618333435777655	0.18007662835249041	676	214	47	72	1009	0.08644996242315256	0.08778177191410122	0.27795774965363185	0.28546791176851516	eligible explicit probability subset	0.34296977660972405	0.9777777777777777
2026_all5mer	seed_101	canonical	5mers_A_RNA_sparse_seq_25	POSTHOC_ROBUSTNESS_ANALYSIS	OBSERVED_NATIVE_INPUT	provider_construct_condition	read_site	1510	1487	960	1510	754	756	741	746	226	734	754	756	960	226	734	0.09107785520300402	0.09333072631170704	0.09280036290486654	0.09220429075735553	0.28612781519677527	0.30504839122857236	0.2803021337482928	0.8794639627691639	0.10619469026548672	635	202	24	99	960	0.09214955965677897	0.09345879554748535	0.28249769656468604	0.2899099414722459	eligible explicit probability subset	0.29973474801061006	0.9708994708994709
2026_all5mer	seed_101	canonical	5mers_A_RNA_sparse_seq_26	POSTHOC_ROBUSTNESS_ANALYSIS	OBSERVED_NATIVE_INPUT	provider_construct_condition	read_site	1485	1461	974	1485	736	749	721	740	237	737	736	749	974	237	737	0.08735156159863694	0.08740375679254209	0.08739105631928179	0.08737765919558951	0.2712547701829778	0.2923580048309047	0.26446851969239615	0.8813756304782188	0.10970464135021098	643	211	26	94	974	0.08672171402760845	0.0880680280054864	0.2681406510313596	0.2743907108676403	eligible explicit probability subset	0.3220108695652174	0.9839786381842457
2026_all5mer	seed_101	canonical	5mers_A_RNA_sparse_seq_27	POSTHOC_ROBUSTNESS_ANALYSIS	OBSERVED_NATIVE_INPUT	provider_construct_condition	read_site	1532	1513	960	1532	753	779	739	774	196	764	753	779	960	196	764	0.08729701139488999	0.05991081916849027	0.06550216674804688	0.07360391528169014	0.21086333527202453	0.30541665710070937	0.1866062003526237	0.9033016347900417	0.11224489795918367	702	174	22	62	960	0.06497909228006998	0.06603287061055502	0.20785412207287265	0.21393277719933781	eligible explicit probability subset	0.2602921646746348	0.9807445442875481
2026_all5mer	seed_101	canonical	5mers_A_RNA_sparse_seq_28	POSTHOC_ROBUSTNESS_ANALYSIS	OBSERVED_NATIVE_INPUT	provider_construct_condition	read_site	1527	1496	907	1527	767	760	754	742	183	724	767	760	907	183	724	0.06104830965969732	0.08647010339557795	0.08134089914677294	0.07375920652763764	0.26042545135473055	0.21822128422000273	0.27109307923546977	0.9009449627147299	0.07103825136612021	632	170	13	92	907	0.08079579278678851	0.08189363490128859	0.25601825998742483	INFINITE	eligible explicit probability subset	0.23859191655801826	0.9526315789473684
2026_all5mer	seed_101	canonical	5mers_A_RNA_sparse_seq_29	POSTHOC_ROBUSTNESS_ANALYSIS	OBSERVED_NATIVE_INPUT	provider_construct_condition	read_site	1539	1504	909	1539	762	777	750	754	157	752	762	777	909	157	752	0.07682239022224573	0.05019752015458777	0.05479609507276411	0.06350995518841675	0.17891430960350227	0.2893308567753334	0.15586191877108538	0.9155203957175769	0.08917197452229299	692	143	14	60	909	0.054355264628025306	0.05524455491203417	0.17589470179458824	0.18203683270009124	eligible explicit probability subset	0.20603674540682415	0.9678249678249679
2026_all5mer	seed_101	canonical	5mers_A_RNA_sparse_seq_30	POSTHOC_ROBUSTNESS_ANALYSIS	OBSERVED_NATIVE_INPUT	provider_construct_condition	read_site	1488	1454	993	1488	744	744	725	729	271	722	744	744	993	271	722	0.0701933434968505	0.10076888446332345	0.09242450218546426	0.08548111398008698	0.29606453430293683	0.25524090830276913	0.31138752965757044	0.8892324518813055	0.07749077490774908	618	250	21	104	993	0.09173315073188099	0.0931234830335788	0.29244733149072505	0.2997462256626091	eligible explicit probability subset	0.364247311827957	0.9704301075268817
2026_all5mer	seed_101	canonical	5mers_A_RNA_sparse_seq_31	POSTHOC_ROBUSTNESS_ANALYSIS	OBSERVED_NATIVE_INPUT	provider_construct_condition	read_site	1491	1469	904	1491	727	764	716	753	158	746	727	764	904	158	746	0.07626357259629649	0.044226117172445754	0.049825583939003736	0.060244844884371124	0.16553939238963442	0.26645095875106156	0.1441667013908335	0.9248651033359351	0.08860759493670886	700	144	14	46	904	0.049412803312318516	0.050245993960220205	0.16275928878352175	0.16834997406586913	eligible explicit probability subset	0.2173314993122421	0.9764397905759162
2026_all5mer	seed_101	canonical	5mers_A_RNA_sparse_seq_32	POSTHOC_ROBUSTNESS_ANALYSIS	OBSERVED_NATIVE_INPUT	provider_construct_condition	read_site	1507	1485	1031	1507	754	753	738	747	295	736	754	753	1031	295	736	0.11688748375844148	0.09266683329706607	0.09959708730880781	0.10477715852775377	0.3128405495922233	0.38432007641803917	0.2841904675085063	0.8381586219602063	0.17966101694915254	630	242	53	106	1031	0.09883076235810954	0.10037104165403735	0.30919001189756007	0.31659291155708175	eligible explicit probability subset	0.3912466843501326	0.9774236387782205
2026_all5mer	seed_101	canonical	ALL	POSTHOC_ROBUSTNESS_ANALYSIS	OBSERVED_NATIVE_INPUT	provider_construct_condition	read_site	48284	47507	30486	48284	24091	24193	23721	23786	6942	23544	24091	24193	30486	6942	23544	0.09625058955811039	0.07248082032950606	0.0778934601636913	0.08436570494380823	0.2480749096762688	0.32761818156963485	0.22462140162819935	0.8842984473653992	0.12662057044079517	21077	6063	879	2467	30486	0.07729881960818721	0.07849573011372664	0.2446874314715268	INFINITE	eligible explicit probability subset	0.28815740317961064	0.9731740586119952
2026_all5mer	seed_101	high_p_filter	5mers_A_RNA_sparse_seq_01	POSTHOC_ROBUSTNESS_ANALYSIS	CONTROLLED_ERROR_INJECTION	provider_construct_condition	read_site	1504	1474	962	545	751	753	738	736	242	720	1	544	545	1	544	0.9728431701660156	0.0008724437040441177	0.002655876229662414	0.4868578069350299	0.026501815209704856	4.292414475984194	0.01866006399504587	0.5	1.0	544	0	1	0	545	0.0025816471204845185	0.0027377347333715596	0.024271924751292463	0.02877349651669252	selected p>=0.9 subset; whole-population claim invalid	0.322237017310253	0.9561752988047809
2026_all5mer	seed_101	high_p_filter	5mers_A_RNA_sparse_seq_02	POSTHOC_ROBUSTNESS_ANALYSIS	CONTROLLED_ERROR_INJECTION	provider_construct_condition	read_site	1542	1516	992	495	759	783	745	771	225	767	4	491	495	4	491	0.9220008850097656	0.001028795106347855	0.0084709938126381	0.46151484005805676	0.04685504341391599	3.3565213971449332	0.019892384727716254	0.5	1.0	491	0	4	0	495	0.008369522865372474	0.008580094154434975	0.044385092692666155	0.049369366889209156	selected p>=0.9 subset; whole-population claim invalid	0.2964426877470356	0.979565772669221
2026_all5mer	seed_101	high_p_filter	5mers_A_RNA_sparse_seq_03	POSTHOC_ROBUSTNESS_ANALYSIS	CONTROLLED_ERROR_INJECTION	provider_construct_condition	read_site	1521	1506	921	556	773	748	768	738	188	733	4	552	556	4	552	0.8754234313964844	0.0008848439092221467	0.007176488423518998	0.43815413765285327	0.03841875657429371	2.762644667030095	0.01867798910722268	0.5	1.0	552	0	4	0	556	0.007083371388826439	0.007277234852742806	0.03622096038141392	0.04062795069398076	selected p>=0.9 subset; whole-population claim invalid	0.24320827943078913	0.9799465240641712
2026_all5mer	seed_101	high_p_filter	5mers_A_RNA_sparse_seq_04	POSTHOC_ROBUSTNESS_ANALYSIS	CONTROLLED_ERROR_INJECTION	provider_construct_condition	read_site	1436	1421	896	476	729	707	723	698	203	693	5	471	476	5	471	0.9129981994628906	0.0008892780150071324	0.010470254080636161	0.4569437387389489	0.053469152360635916	3.366270458467877	0.01830141025758665	0.5	1.0	471	0	5	0	476	0.01036594294700302	0.010582194608800551	0.050731498243809764	0.05632134766084636	selected p>=0.9 subset; whole-population claim invalid	0.2784636488340192	0.9801980198019802
2026_all5mer	seed_101	high_p_filter	5mers_A_RNA_sparse_seq_05	POSTHOC_ROBUSTNESS_ANALYSIS	CONTROLLED_ERROR_INJECTION	provider_construct_condition	read_site	1504	1492	950	535	745	759	734	758	205	745	3	532	535	3	532	0.9274431864420573	0.0007637712292205123	0.005960104398638289	0.4641034788356389	0.03547712515909237	3.4459108813765766	0.01624535585711408	0.5	1.0	532	0	3	0	535	0.005881279205607477	0.00604655898620035	0.03310742640096541	0.03789539021128493	selected p>=0.9 subset; whole-population claim invalid	0.2751677852348993	0.9815546772068511
2026_all5mer	seed_101	high_p_filter	5mers_A_RNA_sparse_seq_06	POSTHOC_ROBUSTNESS_ANALYSIS	CONTROLLED_ERROR_INJECTION	provider_construct_condition	read_site	1541	1512	961	536	771	770	760	752	215	746	5	531	536	5	531	0.8811378479003906	0.0008181340276858227	0.009030071657095382	0.4409779909640382	0.04345796756209452	2.7956278287220147	0.01754299711802747	0.5	1.0	531	0	5	0	536	0.00893345163829291	0.009134321070429104	0.04119548859125443	0.04573405271757578	selected p>=0.9 subset; whole-population claim invalid	0.2788586251621271	0.9688311688311688
2026_all5mer	seed_101	high_p_filter	5mers_A_RNA_sparse_seq_07	POSTHOC_ROBUSTNESS_ANALYSIS	CONTROLLED_ERROR_INJECTION	provider_construct_condition	read_site	1535	1519	936	507	787	748	779	740	205	731	1	506	507	1	506	0.8825721740722656	0.0008358710368160203	0.0025749958948741063	0.44170402255454083	0.023119051058899383	2.8043374205543614	0.017622572067801632	0.5	1.0	506	0	1	0	507	0.002504578238643368	0.0026530429456360946	0.02107388211821441	0.02517022203915078	selected p>=0.9 subset; whole-population claim invalid	0.2604828462515883	0.9772727272727273
2026_all5mer	seed_101	high_p_filter	5mers_A_RNA_sparse_seq_08	POSTHOC_ROBUSTNESS_ANALYSIS	CONTROLLED_ERROR_INJECTION	provider_construct_condition	read_site	1526	1509	918	569	767	759	758	751	176	742	2	567	569	2	567	0.9922065734863281	0.0006998522992277061	0.0041849374352104845	0.49645321289277794	0.03544734381364647	5.689018480705453	0.015505293948066901	0.5	1.0	567	0	2	0	569	0.004116145504379943	0.004261358760572276	0.03174834387148106	INFINITE	selected p>=0.9 subset; whole-population claim invalid	0.22946544980443284	0.9776021080368906
2026_all5mer	seed_101	high_p_filter	5mers_A_RNA_sparse_seq_09	POSTHOC_ROBUSTNESS_ANALYSIS	CONTROLLED_ERROR_INJECTION	provider_construct_condition	read_site	1497	1475	935	503	749	748	737	738	203	732	2	501	503	2	501	0.8720588684082031	0.000980377197265625	0.004443909965499969	0.4365196228027344	0.03039802321586515	2.767246272189773	0.01947248130379366	0.5	1.0	501	0	2	0	503	0.0043594633371645125	0.004535985988366675	0.028287400922976953	0.03251734516382352	selected p>=0.9 subset; whole-population claim invalid	0.27102803738317754	0.9786096256684492
2026_all5mer	seed_101	high_p_filter	5mers_A_RNA_sparse_seq_10	POSTHOC_ROBUSTNESS_ANALYSIS	CONTROLLED_ERROR_INJECTION	provider_construct_condition	read_site	1471	1437	880	541	744	727	730	707	175	705	3	538	541	3	538	0.8684527079264323	0.0005949935062224094	0.005407513179532261	0.4345238507163273	0.028579173893493553	2.74109435926502	0.013453624532685785	0.5	1.0	538	0	3	0	541	0.005340096690518137	0.005482559063077634	0.026436657291719092	0.03073206696824033	selected p>=0.9 subset; whole-population claim invalid	0.23521505376344087	0.9697386519944979
2026_all5mer	seed_101	high_p_filter	5mers_A_RNA_sparse_seq_11	POSTHOC_ROBUSTNESS_ANALYSIS	CONTROLLED_ERROR_INJECTION	provider_construct_condition	read_site	1515	1499	951	572	768	747	759	740	217	734	1	571	572	1	571	0.9498634338378906	0.0008042731343551609	0.0024634674712494535	0.4753338534861229	0.02421156893318669	3.673375267577971	0.0178207393383622	0.5	1.0	571	0	1	0	572	0.002392775528914445	0.0025417888081157125	0.022098668767390542	0.02633879512865512	selected p>=0.9 subset; whole-population claim invalid	0.2825520833333333	0.9825970548862115
2026_all5mer	seed_101	high_p_filter	5mers_A_RNA_sparse_seq_12	POSTHOC_ROBUSTNESS_ANALYSIS	CONTROLLED_ERROR_INJECTION	provider_construct_condition	read_site	1479	1463	925	510	730	749	722	741	201	724	4	506	510	4	506	0.8849449157714844	0.0009417778889652297	0.00787513583314185	0.4429433468302248	0.042588925949250095	2.9087454751822	0.01993156192369318	0.5	1.0	506	0	4	0	510	0.0077748018152573525	0.007983099245557597	0.04031114074157032	0.044885326465778114	selected p>=0.9 subset; whole-population claim invalid	0.27534246575342464	0.9666221628838452
2026_all5mer	seed_101	high_p_filter	5mers_A_RNA_sparse_seq_13	POSTHOC_ROBUSTNESS_ANALYSIS	CONTROLLED_ERROR_INJECTION	provider_construct_condition	read_site	1530	1496	906	594	763	767	749	747	164	742	2	592	594	2	592	0.9016609191894531	0.0005251394735800253	0.0035592666780105745	0.45109302933151657	0.02324741318285012	3.124069123243916	0.012771664162373547	0.5	1.0	592	0	2	0	594	0.0035019434662379	0.003624219284314499	0.021110011227933885	0.02539981691112997	selected p>=0.9 subset; whole-population claim invalid	0.21494102228047182	0.9674054758800521
2026_all5mer	seed_101	high_p_filter	5mers_A_RNA_sparse_seq_14	POSTHOC_ROBUSTNESS_ANALYSIS	CONTROLLED_ERROR_INJECTION	provider_construct_condition	read_site	1525	1508	968	570	748	777	743	765	204	764	0	570	570	0	570		0.0006843031498423794	0.0006843031498423794		0.015318301664026777		0.015318301664026777			570	0	0	0	570	0.0006296793619791667	0.0007465563322368421	0.01333649194778057	0.017304048812194238	selected p>=0.9 subset; whole-population claim invalid	0.2727272727272727	0.9832689832689833
2026_all5mer	seed_101	high_p_filter	5mers_A_RNA_sparse_seq_15	POSTHOC_ROBUSTNESS_ANALYSIS	CONTROLLED_ERROR_INJECTION	provider_construct_condition	read_site	1527	1506	1024	450	757	770	749	757	277	747	3	447	450	3	447	0.9208412170410156	0.0009927344268867101	0.007125057644314236	0.4609169757339512	0.04533033124103612	3.7005496318592943	0.02079865808252432	0.5	1.0	447	0	3	0	450	0.007025214301215278	0.007232530381944445	0.042519237565649924	0.04841811658836627	selected p>=0.9 subset; whole-population claim invalid	0.36591809775429324	0.9701298701298702
2026_all5mer	seed_101	high_p_filter	5mers_A_RNA_sparse_seq_16	POSTHOC_ROBUSTNESS_ANALYSIS	CONTROLLED_ERROR_INJECTION	provider_construct_condition	read_site	1433	1407	1049	513	680	753	669	738	316	733	5	508	513	5	508	0.8871192932128906	0.0009798966054841288	0.009616732829727857	0.4440495949091874	0.04809682595886484	2.8676951274897546	0.020344874172143482	0.5	1.0	508	0	5	0	513	0.009507980495400829	0.009733114558586135	0.0457861752285645	0.05042438749989388	selected p>=0.9 subset; whole-population claim invalid	0.4647058823529412	0.9734395750332006
2026_all5mer	seed_101	high_p_filter	5mers_A_RNA_sparse_seq_17	POSTHOC_ROBUSTNESS_ANALYSIS	CONTROLLED_ERROR_INJECTION	provider_construct_condition	read_site	1501	1488	945	566	762	739	756	732	218	727	5	561	566	5	561	0.9146888732910157	0.0006810764577936998	0.008755350281408735	0.4576849748744047	0.04787062178685765	3.7309438245872477	0.015044657412522623	0.5	1.0	561	0	5	0	566	0.008669310660749779	0.00884901929659894	0.044289260127255446	INFINITE	selected p>=0.9 subset; whole-population claim invalid	0.28608923884514437	0.9837618403247632
2026_all5mer	seed_101	high_p_filter	5mers_A_RNA_sparse_seq_18	POSTHOC_ROBUSTNESS_ANALYSIS	CONTROLLED_ERROR_INJECTION	provider_construct_condition	read_site	1511	1495	948	567	762	749	751	744	211	737	4	563	567	4	563	0.8704490661621094	0.0006815976402052342	0.006817523344063464	0.4355653319011573	0.034161339733532435	2.7828056354198996	0.014632783458673703	0.5	1.0	563	0	4	0	567	0.006740267314608135	0.006902408768050044	0.03195509624412375	0.036381654200006205	selected p>=0.9 subset; whole-population claim invalid	0.2769028871391076	0.9839786381842457
2026_all5mer	seed_101	high_p_filter	5mers_A_RNA_sparse_seq_19	POSTHOC_ROBUSTNESS_ANALYSIS	CONTROLLED_ERROR_INJECTION	provider_construct_condition	read_site	1509	1448	824	547	761	748	736	712	118	706	1	546	547	1	546	0.9271583557128906	0.0005143972543569711	0.0022084447104054787	0.4638363764836238	0.018080513034332744	3.2938856458730674	0.012080869933895502	0.5	1.0	546	0	1	0	547	0.002159327867915905	0.0022651909474263026	0.016015034481781227	0.02015496687744425	selected p>=0.9 subset; whole-population claim invalid	0.15505913272010513	0.9438502673796791
2026_all5mer	seed_101	high_p_filter	5mers_A_RNA_sparse_seq_20	POSTHOC_ROBUSTNESS_ANALYSIS	CONTROLLED_ERROR_INJECTION	provider_construct_condition	read_site	1540	1512	1021	513	772	768	762	750	278	743	4	509	513	4	509	0.9094581604003906	0.0009373887817142989	0.008021371406421327	0.4551977745910525	0.04546189673534691	3.393461821646943	0.01915148475175873	0.5	1.0	509	0	4	0	513	0.007923832646122685	0.008126539561251218	0.04286604080404028	0.048159921597422044	selected p>=0.9 subset; whole-population claim invalid	0.3601036269430052	0.9674479166666666
2026_all5mer	seed_101	high_p_filter	5mers_A_RNA_sparse_seq_21	POSTHOC_ROBUSTNESS_ANALYSIS	CONTROLLED_ERROR_INJECTION	provider_construct_condition	read_site	1527	1508	963	569	767	760	756	752	216	747	4	565	569	4	565	0.9369850158691406	0.0007968936346273507	0.0073781809614077605	0.46889095475188397	0.04241217812939745	3.6670315920447853	0.016751155729996477	0.5	1.0	565	0	4	0	569	0.007292065343873572	0.007471925973473199	0.0397982582808102	0.04512941462093912	selected p>=0.9 subset; whole-population claim invalid	0.2816166883963494	0.9828947368421053
2026_all5mer	seed_101	high_p_filter	5mers_A_RNA_sparse_seq_22	POSTHOC_ROBUSTNESS_ANALYSIS	CONTROLLED_ERROR_INJECTION	provider_construct_condition	read_site	1490	1453	994	408	742	748	726	727	276	718	6	402	408	6	402	0.923943837483724	0.0017226679408135106	0.01528474396350337	0.4628332527122688	0.08359000040478343	3.6663643239032404	0.030115756770478102	0.5	1.0	402	0	6	0	408	0.015120936375038297	0.015456180946499693	0.07931273311780784	INFINITE	selected p>=0.9 subset; whole-population claim invalid	0.3719676549865229	0.9598930481283422
2026_all5mer	seed_101	high_p_filter	5mers_A_RNA_sparse_seq_23	POSTHOC_ROBUSTNESS_ANALYSIS	CONTROLLED_ERROR_INJECTION	provider_construct_condition	read_site	1515	1495	970	491	746	769	739	756	225	745	8	483	491	8	483	0.8891716003417969	0.000867784393500097	0.015341166323411246	0.4450196923676485	0.06954136696637792	3.0940203574184046	0.019446476855371264	0.5	1.0	483	0	8	0	491	0.015212018232481543	0.0154779438088722	0.06665337453581101	0.07254646808605968	selected p>=0.9 subset; whole-population claim invalid	0.30160857908847183	0.9687906371911573
2026_all5mer	seed_101	high_p_filter	5mers_A_RNA_sparse_seq_24	POSTHOC_ROBUSTNESS_ANALYSIS	CONTROLLED_ERROR_INJECTION	provider_construct_condition	read_site	1526	1499	1009	530	761	765	748	751	261	748	8	522	530	8	522	0.9221992492675781	0.0009559982124416307	0.014861556718934257	0.4615776237400099	0.0708846848348153	3.4348718792877984	0.019329325532853863	0.5	1.0	522	0	8	0	530	0.014736333883033609	0.014994408949366156	0.06783554580568257	0.07407079393918595	selected p>=0.9 subset; whole-population claim invalid	0.34296977660972405	0.9777777777777777
2026_all5mer	seed_101	high_p_filter	5mers_A_RNA_sparse_seq_25	POSTHOC_ROBUSTNESS_ANALYSIS	CONTROLLED_ERROR_INJECTION	provider_construct_condition	read_site	1510	1487	960	523	754	756	741	746	226	734	1	522	523	1	522	0.8606910705566406	0.0007191069738161518	0.0023634128315270972	0.4307050887652284	0.02124814303459522	2.6274067123952833	0.016255502097122638	0.5	1.0	522	0	1	0	523	0.0022983879249820747	0.00243606713260337	0.0192172720757282	0.023284348506411038	selected p>=0.9 subset; whole-population claim invalid	0.29973474801061006	0.9708994708994709
2026_all5mer	seed_101	high_p_filter	5mers_A_RNA_sparse_seq_26	POSTHOC_ROBUSTNESS_ANALYSIS	CONTROLLED_ERROR_INJECTION	provider_construct_condition	read_site	1485	1461	974	495	736	749	721	740	237	737	0	495	495	0	495		0.0010833354911418877	0.0010833354911418877		0.021815032249985652		0.021815032249985652			495	0	0	0	495	0.0010041516236584595	0.0011701487531565657	0.019820130797415642	0.023813924138821583	selected p>=0.9 subset; whole-population claim invalid	0.3220108695652174	0.9839786381842457
2026_all5mer	seed_101	high_p_filter	5mers_A_RNA_sparse_seq_27	POSTHOC_ROBUSTNESS_ANALYSIS	CONTROLLED_ERROR_INJECTION	provider_construct_condition	read_site	1532	1513	960	569	753	779	739	774	196	764	3	566	569	3	566	0.9129981994628906	0.0006704027155684077	0.005480566846046381	0.4568343010892295	0.03326413908529256	3.418823226683655	0.015319479610389583	0.5	1.0	566	0	3	0	569	0.005406545628981766	0.005562217457642245	0.03085522098623989	0.03575308831293728	selected p>=0.9 subset; whole-population claim invalid	0.2602921646746348	0.9807445442875481
2026_all5mer	seed_101	high_p_filter	5mers_A_RNA_sparse_seq_28	POSTHOC_ROBUSTNESS_ANALYSIS	CONTROLLED_ERROR_INJECTION	provider_construct_condition	read_site	1527	1496	907	549	767	760	754	742	183	724	0	549	549	0	549		0.0005012123094013263	0.0005012123094013263		0.013220979898441261		0.013220979898441261			549	0	0	0	549	0.0004544006236481102	0.0005556533896857923	0.011243460322127436	0.015202419270701881	selected p>=0.9 subset; whole-population claim invalid	0.23859191655801826	0.9526315789473684
2026_all5mer	seed_101	high_p_filter	5mers_A_RNA_sparse_seq_29	POSTHOC_ROBUSTNESS_ANALYSIS	CONTROLLED_ERROR_INJECTION	provider_construct_condition	read_site	1539	1504	909	607	762	777	750	754	157	752	3	604	607	3	604	0.8934466044108073	0.000580617134144764	0.004993463858741119	0.44701361077247603	0.030114779337253723	3.2444726447822116	0.014149425700937707	0.5	1.0	604	0	3	0	607	0.004925220370096272	0.005069336741917216	0.027762971638039674	0.03253984233366424	selected p>=0.9 subset; whole-population claim invalid	0.20603674540682415	0.9678249678249679
2026_all5mer	seed_101	high_p_filter	5mers_A_RNA_sparse_seq_30	POSTHOC_ROBUSTNESS_ANALYSIS	CONTROLLED_ERROR_INJECTION	provider_construct_condition	read_site	1488	1454	993	456	744	744	725	729	271	722	4	452	456	4	452	0.8942298889160156	0.0011050806636303926	0.008939508806195175	0.447667484789823	0.049008289697582696	3.090830379611696	0.02208951014082063	0.5	1.0	452	0	4	0	456	0.008827644481993559	0.009059002524928042	0.046549563382603895	0.05152179426820687	selected p>=0.9 subset; whole-population claim invalid	0.364247311827957	0.9704301075268817
2026_all5mer	seed_101	high_p_filter	5mers_A_RNA_sparse_seq_31	POSTHOC_ROBUSTNESS_ANALYSIS	CONTROLLED_ERROR_INJECTION	provider_construct_condition	read_site	1491	1469	904	609	727	764	716	753	158	746	1	608	609	1	608	0.8973121643066406	0.0006299269826788651	0.0021023116088265854	0.4489710456446597	0.020419259434434546	2.9424877590351786	0.015613225717985953	0.5	1.0	608	0	1	0	609	0.002040443357771449	0.0021718092544129723	0.018380474318955505	0.02246423125953295	selected p>=0.9 subset; whole-population claim invalid	0.2173314993122421	0.9764397905759162
2026_all5mer	seed_101	high_p_filter	5mers_A_RNA_sparse_seq_32	POSTHOC_ROBUSTNESS_ANALYSIS	CONTROLLED_ERROR_INJECTION	provider_construct_condition	read_site	1507	1485	1031	471	754	753	738	747	295	736	4	467	471	4	467	0.9461936950683594	0.0011167587508991903	0.00914288984489036	0.4736552269096293	0.055268163205461796	3.7252938621206884	0.023833253578778916	0.5	1.0	467	0	4	0	471	0.009024391255307856	0.009269017829004113	0.052521710854744955	0.05813003790629013	selected p>=0.9 subset; whole-population claim invalid	0.3912466843501326	0.9774236387782205
2026_all5mer	seed_101	high_p_filter	ALL	POSTHOC_ROBUSTNESS_ANALYSIS	CONTROLLED_ERROR_INJECTION	provider_construct_condition	read_site	48284	47507	30486	16942	24091	24193	23721	23786	6942	23544	101	16841	16942	101	16841	0.9065834649718634	0.0008219688410544069	0.006221680274722906	0.4537027169064589	0.03714822585287915	3.2992918477208617	0.01758427443617787	0.5	1.0	16841	0	101	0	16942	0.006136723440578057	0.006314266503399005	0.0346915161176752	INFINITE	selected p>=0.9 subset; whole-population claim invalid	0.28815740317961064	0.9731740586119952
2026_all5mer	seed_101	missing_zero	5mers_A_RNA_sparse_seq_01	POSTHOC_ROBUSTNESS_ANALYSIS	CONTROLLED_ERROR_INJECTION	provider_construct_condition	read_site	1504	1474	962	1504	751	753	738	736	242	720	751	753	1474	738	736	0.023994476814580157	0.07916645381761633	0.051543035209583296	0.051580465316098244	INFINITE	0.08517203666435674	INFINITE	0.9368593142453163	0.028455284552845527	664	717	21	72	962					invalid probability: missing replaced by zero	0.322237017310253	0.9561752988047809
2026_all5mer	seed_101	missing_zero	5mers_A_RNA_sparse_seq_02	POSTHOC_ROBUSTNESS_ANALYSIS	CONTROLLED_ERROR_INJECTION	provider_construct_condition	read_site	1542	1516	992	1542	759	783	745	771	225	767	759	783	1516	745	771	0.02858481695187972	0.09783709435766	0.06380480763780096	0.06321095565476986	INFINITE	0.09657331442852866	INFINITE	0.910520634754829	0.03758389261744966	662	717	28	109	992					invalid probability: missing replaced by zero	0.2964426877470356	0.979565772669221
2026_all5mer	seed_101	missing_zero	5mers_A_RNA_sparse_seq_03	POSTHOC_ROBUSTNESS_ANALYSIS	CONTROLLED_ERROR_INJECTION	provider_construct_condition	read_site	1521	1506	921	1521	773	748	768	738	188	733	773	748	1506	768	738	0.022743165493011475	0.06840112474229601	0.045117384567362064	0.04557214511765374	INFINITE	0.07821122255748801	INFINITE	0.9329109502032521	0.032552083333333336	663	743	25	75	921					invalid probability: missing replaced by zero	0.24320827943078913	0.9799465240641712
2026_all5mer	seed_101	missing_zero	5mers_A_RNA_sparse_seq_04	POSTHOC_ROBUSTNESS_ANALYSIS	CONTROLLED_ERROR_INJECTION	provider_construct_condition	read_site	1436	1421	896	1436	729	707	723	698	203	693	729	707	1421	723	698	0.03443283460941552	0.09252726929235595	0.0629690171630344	0.06348005195088574	INFINITE	0.11398650749477282	INFINITE	0.9119674073721797	0.04426002766251729	606	691	32	92	896					invalid probability: missing replaced by zero	0.2784636488340192	0.9801980198019802
2026_all5mer	seed_101	missing_zero	5mers_A_RNA_sparse_seq_05	POSTHOC_ROBUSTNESS_ANALYSIS	CONTROLLED_ERROR_INJECTION	provider_construct_condition	read_site	1504	1492	950	1504	745	759	734	758	205	745	745	759	1492	734	758	0.02764259047339333	0.08084296173659353	0.05467066112855804	0.05424277610499343	INFINITE	0.09329170591829708	INFINITE	0.9308160726995607	0.03678474114441417	681	707	27	77	950					invalid probability: missing replaced by zero	0.2751677852348993	0.9815546772068511
2026_all5mer	seed_101	missing_zero	5mers_A_RNA_sparse_seq_06	POSTHOC_ROBUSTNESS_ANALYSIS	CONTROLLED_ERROR_INJECTION	provider_construct_condition	read_site	1541	1512	961	1541	771	770	760	752	215	746	771	770	1512	760	752	0.028008466017873664	0.07628056343565597	0.052016810765342106	0.05214451472676482	INFINITE	0.09345853190996187	INFINITE	0.9264067749160134	0.039473684210526314	671	730	30	81	961					invalid probability: missing replaced by zero	0.2788586251621271	0.9688311688311688
2026_all5mer	seed_101	missing_zero	5mers_A_RNA_sparse_seq_07	POSTHOC_ROBUSTNESS_ANALYSIS	CONTROLLED_ERROR_INJECTION	provider_construct_condition	read_site	1535	1519	936	1535	787	748	779	740	205	731	787	748	1519	779	740	0.021182318553998013	0.09855826609843486	0.058876986877160135	0.059870292326216434	INFINITE	0.07391365735258565	INFINITE	0.9189536134337162	0.026957637997432605	640	758	21	100	936					invalid probability: missing replaced by zero	0.2604828462515883	0.9772727272727273
2026_all5mer	seed_101	missing_zero	5mers_A_RNA_sparse_seq_08	POSTHOC_ROBUSTNESS_ANALYSIS	CONTROLLED_ERROR_INJECTION	provider_construct_condition	read_site	1526	1509	918	1526	767	759	758	751	176	742	767	759	1509	758	751	0.021421528114177937	0.06921560437320552	0.04520771185873043	0.04531856624369173	INFINITE	0.07772498965480287	INFINITE	0.9368924108225093	0.030343007915567283	679	735	23	72	918					invalid probability: missing replaced by zero	0.22946544980443284	0.9776021080368906
2026_all5mer	seed_101	missing_zero	5mers_A_RNA_sparse_seq_09	POSTHOC_ROBUSTNESS_ANALYSIS	CONTROLLED_ERROR_INJECTION	provider_construct_condition	read_site	1497	1475	935	1497	749	748	737	738	203	732	749	748	1475	737	738	0.021295156698860986	0.08542839815300009	0.05338351750777939	0.05336177742593054	INFINITE	0.0721735084224147	INFINITE	0.9295227484160866	0.024423337856173677	652	719	18	86	935					invalid probability: missing replaced by zero	0.27102803738317754	0.9786096256684492
2026_all5mer	seed_101	missing_zero	5mers_A_RNA_sparse_seq_10	POSTHOC_ROBUSTNESS_ANALYSIS	CONTROLLED_ERROR_INJECTION	provider_construct_condition	read_site	1471	1437	880	1471	744	727	730	707	175	705	744	727	1437	730	707	0.026599032258334224	0.05774055815484939	0.04192057631458768	0.04216979520659181	INFINITE	0.0862787445241218	INFINITE	0.9398035302551782	0.038356164383561646	649	702	28	58	880					invalid probability: missing replaced by zero	0.23521505376344087	0.9697386519944979
2026_all5mer	seed_101	missing_zero	5mers_A_RNA_sparse_seq_11	POSTHOC_ROBUSTNESS_ANALYSIS	CONTROLLED_ERROR_INJECTION	provider_construct_condition	read_site	1515	1499	951	1515	768	747	759	740	217	734	768	747	1499	759	740	0.025644902969380455	0.0646733773721231	0.0449117949360446	0.045159140170751774	INFINITE	0.08298456232781777	INFINITE	0.9329905992949471	0.043478260869565216	673	726	33	67	951					invalid probability: missing replaced by zero	0.2825520833333333	0.9825970548862115
2026_all5mer	seed_101	missing_zero	5mers_A_RNA_sparse_seq_12	POSTHOC_ROBUSTNESS_ANALYSIS	CONTROLLED_ERROR_INJECTION	provider_construct_condition	read_site	1479	1463	925	1479	730	749	722	741	201	724	730	749	1463	722	741	0.0272426499554325	0.09076473426561446	0.05941617317747271	0.05900369211052348	INFINITE	0.09314913970281656	INFINITE	0.9213012287804533	0.0332409972299169	649	698	24	92	925					invalid probability: missing replaced by zero	0.27534246575342464	0.9666221628838452
2026_all5mer	seed_101	missing_zero	5mers_A_RNA_sparse_seq_13	POSTHOC_ROBUSTNESS_ANALYSIS	CONTROLLED_ERROR_INJECTION	provider_construct_condition	read_site	1530	1496	906	1530	763	767	749	747	164	742	763	767	1496	749	747	0.020905824465172314	0.06335538075152171	0.04210222723649785	0.042130602608347015	INFINITE	0.07124291194839377	INFINITE	0.9431432896695818	0.028037383177570093	683	728	21	64	906					invalid probability: missing replaced by zero	0.21494102228047182	0.9674054758800521
2026_all5mer	seed_101	missing_zero	5mers_A_RNA_sparse_seq_14	POSTHOC_ROBUSTNESS_ANALYSIS	CONTROLLED_ERROR_INJECTION	provider_construct_condition	read_site	1525	1508	968	1525	748	777	743	765	204	764	748	777	1508	743	765	0.018922356545203144	0.06258403304355596	0.041071681824539956	0.040753194794379555	INFINITE	0.06562537178565576	INFINITE	0.943461853112712	0.02288021534320323	696	726	17	69	968					invalid probability: missing replaced by zero	0.2727272727272727	0.9832689832689833
2026_all5mer	seed_101	missing_zero	5mers_A_RNA_sparse_seq_15	POSTHOC_ROBUSTNESS_ANALYSIS	CONTROLLED_ERROR_INJECTION	provider_construct_condition	read_site	1527	1506	1024	1527	757	770	749	757	277	747	757	770	1506	749	757	0.03910221054016032	0.10683141327912143	0.0731467035503818	0.07296681190964088	INFINITE	0.1346574755410761	INFINITE	0.898689225440173	0.04806408544726302	640	713	36	117	1024					invalid probability: missing replaced by zero	0.36591809775429324	0.9701298701298702
2026_all5mer	seed_101	missing_zero	5mers_A_RNA_sparse_seq_16	POSTHOC_ROBUSTNESS_ANALYSIS	CONTROLLED_ERROR_INJECTION	provider_construct_condition	read_site	1433	1407	1049	1433	680	753	669	738	316	733	680	753	1407	669	738	0.04169789130377662	0.08933895390208174	0.06668659364745053	0.06551842260292919	INFINITE	0.14236225479457204	INFINITE	0.9121185606474899	0.053811659192825115	648	633	36	90	1049					invalid probability: missing replaced by zero	0.4647058823529412	0.9734395750332006
2026_all5mer	seed_101	missing_zero	5mers_A_RNA_sparse_seq_17	POSTHOC_ROBUSTNESS_ANALYSIS	CONTROLLED_ERROR_INJECTION	provider_construct_condition	read_site	1501	1488	945	1501	762	739	756	732	218	727	762	739	1488	756	732	0.024440755289067667	0.059858598344312994	0.04186404905011577	0.04214967681669033	INFINITE	0.08781496828842107	INFINITE	0.9465153092202273	0.0291005291005291	675	734	22	57	945					invalid probability: missing replaced by zero	0.28608923884514437	0.9837618403247632
2026_all5mer	seed_101	missing_zero	5mers_A_RNA_sparse_seq_18	POSTHOC_ROBUSTNESS_ANALYSIS	CONTROLLED_ERROR_INJECTION	provider_construct_condition	read_site	1511	1495	948	1511	762	749	751	744	211	737	762	749	1495	751	744	0.02866463591350855	0.06361176377983503	0.046056383828255644	0.04613819984667179	INFINITE	0.09515056007460379	INFINITE	0.935018541586129	0.043941411451398134	680	718	33	64	948					invalid probability: missing replaced by zero	0.2769028871391076	0.9839786381842457
2026_all5mer	seed_101	missing_zero	5mers_A_RNA_sparse_seq_19	POSTHOC_ROBUSTNESS_ANALYSIS	CONTROLLED_ERROR_INJECTION	provider_construct_condition	read_site	1509	1448	824	1509	761	748	736	712	118	706	761	748	1448	736	712	0.011826878008635147	0.07396163297503182	0.04237932658327218	0.04289425549183348	INFINITE	0.044155378746291614	INFINITE	0.9412173302393747	0.012228260869565218	637	727	9	75	824					invalid probability: missing replaced by zero	0.15505913272010513	0.9438502673796791
2026_all5mer	seed_101	missing_zero	5mers_A_RNA_sparse_seq_20	POSTHOC_ROBUSTNESS_ANALYSIS	CONTROLLED_ERROR_INJECTION	provider_construct_condition	read_site	1540	1512	1021	1540	772	768	762	750	278	743	772	768	1512	762	750	0.048547369288647266	0.09665945943196615	0.0724124933676745	0.0726034143603067	INFINITE	0.15469048126328383	INFINITE	0.8972020997375327	0.06692913385826772	646	711	51	104	1021					invalid probability: missing replaced by zero	0.3601036269430052	0.9674479166666666
2026_all5mer	seed_101	missing_zero	5mers_A_RNA_sparse_seq_21	POSTHOC_ROBUSTNESS_ANALYSIS	CONTROLLED_ERROR_INJECTION	provider_construct_condition	read_site	1527	1508	963	1527	767	760	756	752	216	747	767	760	1508	756	752	0.028689228037677744	0.05869379956671532	0.04365171994075218	0.04369151380219653	INFINITE	0.09956034752977158	INFINITE	0.9422492401215805	0.03571428571428571	692	729	27	60	963					invalid probability: missing replaced by zero	0.2816166883963494	0.9828947368421053
2026_all5mer	seed_101	missing_zero	5mers_A_RNA_sparse_seq_22	POSTHOC_ROBUSTNESS_ANALYSIS	CONTROLLED_ERROR_INJECTION	provider_construct_condition	read_site	1490	1453	994	1490	742	748	726	727	276	718	742	748	1453	726	727	0.0440554237891163	0.1197009709711088	0.08190422819469685	0.08187819738011255	INFINITE	0.15148072131591866	INFINITE	0.8816658519672149	0.05785123966942149	597	684	42	130	994					invalid probability: missing replaced by zero	0.3719676549865229	0.9598930481283422
2026_all5mer	seed_101	missing_zero	5mers_A_RNA_sparse_seq_23	POSTHOC_ROBUSTNESS_ANALYSIS	CONTROLLED_ERROR_INJECTION	provider_construct_condition	read_site	1515	1495	970	1515	746	769	739	756	225	745	746	769	1495	739	756	0.040413166092600324	0.09093693829087353	0.06596231109721207	0.06567505219173693	INFINITE	0.1342633951390979	INFINITE	0.9127360010309943	0.05548037889039242	666	698	41	90	970					invalid probability: missing replaced by zero	0.30160857908847183	0.9687906371911573
2026_all5mer	seed_101	missing_zero	5mers_A_RNA_sparse_seq_24	POSTHOC_ROBUSTNESS_ANALYSIS	CONTROLLED_ERROR_INJECTION	provider_construct_condition	read_site	1526	1499	1009	1526	761	765	748	751	261	748	761	765	1499	748	751	0.046686289782192615	0.07453357681294732	0.06063779916184357	0.06060993329756997	INFINITE	0.15459019555387354	INFINITE	0.9186494655966733	0.06283422459893048	676	701	47	75	1009					invalid probability: missing replaced by zero	0.34296977660972405	0.9777777777777777
2026_all5mer	seed_101	missing_zero	5mers_A_RNA_sparse_seq_25	POSTHOC_ROBUSTNESS_ANALYSIS	CONTROLLED_ERROR_INJECTION	provider_construct_condition	read_site	1510	1487	960	1510	754	756	741	746	226	734	754	756	1487	741	746	0.027778131276489752	0.10791521864985652	0.0679814044308486	0.06784667496317313	INFINITE	0.09303770096849845	INFINITE	0.9094088851743712	0.032388663967611336	635	717	24	111	960					invalid probability: missing replaced by zero	0.29973474801061006	0.9708994708994709
2026_all5mer	seed_101	missing_zero	5mers_A_RNA_sparse_seq_26	POSTHOC_ROBUSTNESS_ANALYSIS	CONTROLLED_ERROR_INJECTION	provider_construct_condition	read_site	1485	1461	974	1485	736	749	721	740	237	737	736	749	1461	721	740	0.028713342716888978	0.09110347129203178	0.06031409230320361	0.05990840700446038	INFINITE	0.09610103626203108	INFINITE	0.9164289462833153	0.036061026352288486	643	695	26	97	974					invalid probability: missing replaced by zero	0.3220108695652174	0.9839786381842457
2026_all5mer	seed_101	missing_zero	5mers_A_RNA_sparse_seq_27	POSTHOC_ROBUSTNESS_ANALYSIS	CONTROLLED_ERROR_INJECTION	provider_construct_condition	read_site	1532	1513	960	1532	753	779	739	774	196	764	753	779	1513	739	774	0.023153199233286112	0.07205667421799297	0.048170575068159284	0.04760493672563954	INFINITE	0.0810036059428133	INFINITE	0.9386033923907228	0.029769959404600813	702	717	22	72	960					invalid probability: missing replaced by zero	0.2602921646746348	0.9807445442875481
2026_all5mer	seed_101	missing_zero	5mers_A_RNA_sparse_seq_28	POSTHOC_ROBUSTNESS_ANALYSIS	CONTROLLED_ERROR_INJECTION	provider_construct_condition	read_site	1527	1496	907	1527	767	760	754	742	183	724	767	760	1496	754	742	0.014816764811305849	0.10863120600862324	0.06134772428216781	0.061723985409964544	INFINITE	0.05296352123641976	INFINITE	0.9172553211264988	0.017241379310344827	632	741	13	110	907					invalid probability: missing replaced by zero	0.23859191655801826	0.9526315789473684
2026_all5mer	seed_101	missing_zero	5mers_A_RNA_sparse_seq_29	POSTHOC_ROBUSTNESS_ANALYSIS	CONTROLLED_ERROR_INJECTION	provider_construct_condition	read_site	1539	1504	909	1539	762	777	750	754	157	752	762	777	1504	750	754	0.01608148701985677	0.05271689012765252	0.03444790586512139	0.034399188573754645	INFINITE	0.060566592684969785	INFINITE	0.949552608311229	0.018666666666666668	692	736	14	62	909					invalid probability: missing replaced by zero	0.20603674540682415	0.9678249678249679
2026_all5mer	seed_101	missing_zero	5mers_A_RNA_sparse_seq_30	POSTHOC_ROBUSTNESS_ANALYSIS	CONTROLLED_ERROR_INJECTION	provider_construct_condition	read_site	1488	1454	993	1488	744	744	725	729	271	722	744	744	1454	725	729	0.0262377877070986	0.1094034767935796	0.06793502797122834	0.0678206322503391	INFINITE	0.09540729124144887	INFINITE	0.9093855541365119	0.028965517241379312	618	704	21	111	993					invalid probability: missing replaced by zero	0.364247311827957	0.9704301075268817
2026_all5mer	seed_101	missing_zero	5mers_A_RNA_sparse_seq_31	POSTHOC_ROBUSTNESS_ANALYSIS	CONTROLLED_ERROR_INJECTION	provider_construct_condition	read_site	1491	1469	904	1491	727	764	716	753	158	746	727	764	1469	716	753	0.016829112388568216	0.053111133347469495	0.03542704416668439	0.03497012286801886	INFINITE	0.058797837266295706	INFINITE	0.9550309006061416	0.019553072625698324	700	702	14	53	904					invalid probability: missing replaced by zero	0.2173314993122421	0.9764397905759162
2026_all5mer	seed_101	missing_zero	5mers_A_RNA_sparse_seq_32	POSTHOC_ROBUSTNESS_ANALYSIS	CONTROLLED_ERROR_INJECTION	provider_construct_condition	read_site	1507	1485	1031	1507	754	753	738	747	295	736	754	753	1485	738	747	0.046723316678509805	0.10602783039710927	0.07655528418544165	0.07637557353780954	INFINITE	0.15362387878498857	INFINITE	0.8857788879093611	0.07181571815718157	630	685	53	117	1031					invalid probability: missing replaced by zero	0.3912466843501326	0.9774236387782205
2026_all5mer	seed_101	missing_zero	ALL	POSTHOC_ROBUSTNESS_ANALYSIS	CONTROLLED_ERROR_INJECTION	provider_construct_condition	read_site	48284	47507	30486	48284	24091	24193	23721	23786	6942	23544	24091	24193	47507	23721	23786	0.02816793527728183	0.08191744866046795	0.055079462532896056	0.05504269196887489	INFINITE	0.09587814242470406	INFINITE	0.924526851398538	0.037055773365372455	21077	22842	879	2709	30486					invalid probability: missing replaced by zero	0.28815740317961064	0.9731740586119952
2026_all5mer	seed_101	site_mean_as_read	5mers_A_RNA_sparse_seq_01	POSTHOC_ROBUSTNESS_ANALYSIS	CONTROLLED_ERROR_INJECTION	provider_construct_condition	read_site	1504	1474	962	1504	751	753	738	736	242	720	751	753	962	242	720	0.04017185661981841	0.017605486390090207	0.02328226559548961	0.02888867150495431	0.14537668734032125	0.20567496491065382	0.12510976626807058	1.0	0.0	720	242	0	0	0					invalid unit: repeated site means	0.322237017310253	0.9561752988047809
2026_all5mer	seed_101	site_mean_as_read	5mers_A_RNA_sparse_seq_02	POSTHOC_ROBUSTNESS_ANALYSIS	CONTROLLED_ERROR_INJECTION	provider_construct_condition	read_site	1542	1516	992	1542	759	783	745	771	225	767	759	783	992	225	767	0.0419285555401558	0.037692290179654635	0.03865313665759088	0.039810422859905215	0.19924875910792483	0.22533898462661645	0.19159517274324997	1.0	0.0	767	225	0	0	0					invalid unit: repeated site means	0.2964426877470356	0.979565772669221
2026_all5mer	seed_101	site_mean_as_read	5mers_A_RNA_sparse_seq_03	POSTHOC_ROBUSTNESS_ANALYSIS	CONTROLLED_ERROR_INJECTION	provider_construct_condition	read_site	1521	1506	921	1521	773	748	768	738	188	733	773	748	921	188	733	0.05228775165081601	0.0172954790113591	0.024438309908446938	0.03479161533108756	0.15312409031176782	0.2489024997498718	0.1285588229524724	1.0	0.0	733	188	0	0	0					invalid unit: repeated site means	0.24320827943078913	0.9799465240641712
2026_all5mer	seed_101	site_mean_as_read	5mers_A_RNA_sparse_seq_04	POSTHOC_ROBUSTNESS_ANALYSIS	CONTROLLED_ERROR_INJECTION	provider_construct_condition	read_site	1436	1421	896	1436	729	707	723	698	203	693	729	707	896	203	693	0.07667406602355836	0.030852541295913718	0.041233980492020705	0.05376330365973604	0.201648305247117	0.29902715409390807	0.173123187908158	1.0	0.0	693	203	0	0	0					invalid unit: repeated site means	0.2784636488340192	0.9801980198019802
2026_all5mer	seed_101	site_mean_as_read	5mers_A_RNA_sparse_seq_05	POSTHOC_ROBUSTNESS_ANALYSIS	CONTROLLED_ERROR_INJECTION	provider_construct_condition	read_site	1504	1492	950	1504	745	759	734	758	205	745	745	759	950	205	745	0.0519906965579493	0.02287760068799042	0.029159900323086806	0.03743414862296986	0.16312531493587581	0.24855835633012124	0.13961689414953984	1.0	0.0	745	205	0	0	0					invalid unit: repeated site means	0.2751677852348993	0.9815546772068511
2026_all5mer	seed_101	site_mean_as_read	5mers_A_RNA_sparse_seq_06	POSTHOC_ROBUSTNESS_ANALYSIS	CONTROLLED_ERROR_INJECTION	provider_construct_condition	read_site	1541	1512	961	1541	771	770	760	752	215	746	771	770	961	215	746	0.05123425326217679	0.019655902473001138	0.02672077803977821	0.035445077867588964	0.16467478603831945	0.24258878666486042	0.1422196786191421	1.0	0.0	746	215	0	0	0					invalid unit: repeated site means	0.2788586251621271	0.9688311688311688
2026_all5mer	seed_101	site_mean_as_read	5mers_A_RNA_sparse_seq_07	POSTHOC_ROBUSTNESS_ANALYSIS	CONTROLLED_ERROR_INJECTION	provider_construct_condition	read_site	1535	1519	936	1535	787	748	779	740	205	731	787	748	936	205	731	0.04371128160634258	0.03206838693045383	0.03461837988831407	0.037889834268398204	0.18429050699750713	0.23169850507989684	0.17099551437522276	1.0	0.0	731	205	0	0	0					invalid unit: repeated site means	0.2604828462515883	0.9772727272727273
2026_all5mer	seed_101	site_mean_as_read	5mers_A_RNA_sparse_seq_08	POSTHOC_ROBUSTNESS_ANALYSIS	CONTROLLED_ERROR_INJECTION	provider_construct_condition	read_site	1526	1509	918	1526	767	759	758	751	176	742	767	759	918	176	742	0.048716269408129946	0.01863633976693133	0.02440329795522213	0.03367630458753064	0.14304662178534577	0.2367566562185176	0.12081890472303008	1.0	0.0	742	176	0	0	0					invalid unit: repeated site means	0.22946544980443284	0.9776021080368906
2026_all5mer	seed_101	site_mean_as_read	5mers_A_RNA_sparse_seq_09	POSTHOC_ROBUSTNESS_ANALYSIS	CONTROLLED_ERROR_INJECTION	provider_construct_condition	read_site	1497	1475	935	1497	749	748	737	738	203	732	749	748	935	203	732	0.034596720534513487	0.027440946412263214	0.028994552986398837	0.031018833473388352	0.1697109825432158	0.19948555579225327	0.16145382630065483	1.0	0.0	732	203	0	0	0					invalid unit: repeated site means	0.27102803738317754	0.9786096256684492
2026_all5mer	seed_101	site_mean_as_read	5mers_A_RNA_sparse_seq_10	POSTHOC_ROBUSTNESS_ANALYSIS	CONTROLLED_ERROR_INJECTION	provider_construct_condition	read_site	1471	1437	880	1471	744	727	730	707	175	705	744	727	880	175	705	0.061440126112312005	0.015631295055387216	0.024741005776934756	0.03853571058384961	0.14632699410425376	0.2747841201035493	0.11444047346613079	1.0	0.0	705	175	0	0	0					invalid unit: repeated site means	0.23521505376344087	0.9697386519944979
2026_all5mer	seed_101	site_mean_as_read	5mers_A_RNA_sparse_seq_11	POSTHOC_ROBUSTNESS_ANALYSIS	CONTROLLED_ERROR_INJECTION	provider_construct_condition	read_site	1515	1499	951	1515	768	747	759	740	217	734	768	747	951	217	734	0.04924103416201133	0.01457226671204972	0.022483015961935807	0.031906650437030525	0.14413141617633476	0.235028408629415	0.11725859960641866	1.0	0.0	734	217	0	0	0					invalid unit: repeated site means	0.2825520833333333	0.9825970548862115
2026_all5mer	seed_101	site_mean_as_read	5mers_A_RNA_sparse_seq_12	POSTHOC_ROBUSTNESS_ANALYSIS	CONTROLLED_ERROR_INJECTION	provider_construct_condition	read_site	1479	1463	925	1479	730	749	722	741	201	724	730	749	925	201	724	0.053991616786374895	0.025263084377845524	0.031505716825536774	0.03962735058211021	0.17444227715535693	0.2531238269155798	0.1525983662412619	1.0	0.0	724	201	0	0	0					invalid unit: repeated site means	0.27534246575342464	0.9666221628838452
2026_all5mer	seed_101	site_mean_as_read	5mers_A_RNA_sparse_seq_13	POSTHOC_ROBUSTNESS_ANALYSIS	CONTROLLED_ERROR_INJECTION	provider_construct_condition	read_site	1530	1496	906	1530	763	767	749	747	164	742	763	767	906	164	742	0.053668819598453404	0.014655981994376168	0.021717908448094344	0.034162400796414784	0.1377145367838709	0.2555057427878012	0.11167982278839304	1.0	0.0	742	164	0	0	0					invalid unit: repeated site means	0.21494102228047182	0.9674054758800521
2026_all5mer	seed_101	site_mean_as_read	5mers_A_RNA_sparse_seq_14	POSTHOC_ROBUSTNESS_ANALYSIS	CONTROLLED_ERROR_INJECTION	provider_construct_condition	read_site	1525	1508	968	1525	748	777	743	765	204	764	748	777	968	204	764	0.03456651926118231	0.02187759414591879	0.02455170646359829	0.02822205670355055	0.14507546563856333	0.19760224853141523	0.13104998957816832	1.0	0.0	764	204	0	0	0					invalid unit: repeated site means	0.2727272727272727	0.9832689832689833
2026_all5mer	seed_101	site_mean_as_read	5mers_A_RNA_sparse_seq_15	POSTHOC_ROBUSTNESS_ANALYSIS	CONTROLLED_ERROR_INJECTION	provider_construct_condition	read_site	1527	1506	1024	1527	757	770	749	757	277	747	757	770	1024	277	747	0.06220970546163025	0.039031767564935066	0.04530158084363094	0.05062073651328266	0.22322045374318752	0.2819238079936573	0.20145227552714987	1.0	0.0	747	277	0	0	0					invalid unit: repeated site means	0.36591809775429324	0.9701298701298702
2026_all5mer	seed_101	site_mean_as_read	5mers_A_RNA_sparse_seq_16	POSTHOC_ROBUSTNESS_ANALYSIS	CONTROLLED_ERROR_INJECTION	provider_construct_condition	read_site	1433	1407	1049	1433	680	753	669	738	316	733	680	753	1049	316	733	0.0476831530342584	0.029531456099972733	0.03499946013356117	0.038607304567115565	0.18846961011993582	0.23472771012599922	0.1685275097080449	1.0	0.0	733	316	0	0	0					invalid unit: repeated site means	0.4647058823529412	0.9734395750332006
2026_all5mer	seed_101	site_mean_as_read	5mers_A_RNA_sparse_seq_17	POSTHOC_ROBUSTNESS_ANALYSIS	CONTROLLED_ERROR_INJECTION	provider_construct_condition	read_site	1501	1488	945	1501	762	739	756	732	218	727	762	739	945	218	727	0.04108793182019274	0.015059899575206658	0.021064249870875403	0.0280739156976997	0.13407561724517228	0.20609251769980855	0.11248045314735837	1.0	0.0	727	218	0	0	0					invalid unit: repeated site means	0.28608923884514437	0.9837618403247632
2026_all5mer	seed_101	site_mean_as_read	5mers_A_RNA_sparse_seq_18	POSTHOC_ROBUSTNESS_ANALYSIS	CONTROLLED_ERROR_INJECTION	provider_construct_condition	read_site	1511	1495	948	1511	762	749	751	744	211	737	762	749	948	211	737	0.055516054956102165	0.013858105973462044	0.023130075630990593	0.034687080464782104	0.14631405111955595	0.259219800263246	0.11398961004856735	1.0	0.0	737	211	0	0	0					invalid unit: repeated site means	0.2769028871391076	0.9839786381842457
2026_all5mer	seed_101	site_mean_as_read	5mers_A_RNA_sparse_seq_19	POSTHOC_ROBUSTNESS_ANALYSIS	CONTROLLED_ERROR_INJECTION	provider_construct_condition	read_site	1509	1448	824	1509	761	748	736	712	118	706	761	748	824	118	706	0.04687551237690325	0.026376566287908132	0.029312094975409857	0.03662603933240569	0.147416724168214	0.2344391791949168	0.13287189457451581	1.0	0.0	706	118	0	0	0					invalid unit: repeated site means	0.15505913272010513	0.9438502673796791
2026_all5mer	seed_101	site_mean_as_read	5mers_A_RNA_sparse_seq_20	POSTHOC_ROBUSTNESS_ANALYSIS	CONTROLLED_ERROR_INJECTION	provider_construct_condition	read_site	1540	1512	1021	1540	772	768	762	750	278	743	772	768	1021	278	743	0.07561415509380845	0.030265457710451242	0.042613095195831556	0.05293980640212985	0.2109186261129356	0.3134817928770965	0.17254371311100192	1.0	0.0	743	278	0	0	0					invalid unit: repeated site means	0.3601036269430052	0.9674479166666666
2026_all5mer	seed_101	site_mean_as_read	5mers_A_RNA_sparse_seq_21	POSTHOC_ROBUSTNESS_ANALYSIS	CONTROLLED_ERROR_INJECTION	provider_construct_condition	read_site	1527	1508	963	1527	767	760	756	752	216	747	767	760	963	216	747	0.05380880928102686	0.01310549969952806	0.022235213998182	0.03345715449027746	0.1446170299007201	0.25208030100034545	0.1135433129562501	1.0	0.0	747	216	0	0	0					invalid unit: repeated site means	0.2816166883963494	0.9828947368421053
2026_all5mer	seed_101	site_mean_as_read	5mers_A_RNA_sparse_seq_22	POSTHOC_ROBUSTNESS_ANALYSIS	CONTROLLED_ERROR_INJECTION	provider_construct_condition	read_site	1490	1453	994	1490	742	748	726	727	276	718	742	748	994	276	718	0.06604191736815797	0.04993165379996611	0.05440492617906163	0.057986785584062034	0.24897632017490887	0.2895382869495943	0.23338425495232784	1.0	0.0	718	276	0	0	0					invalid unit: repeated site means	0.3719676549865229	0.9598930481283422
2026_all5mer	seed_101	site_mean_as_read	5mers_A_RNA_sparse_seq_23	POSTHOC_ROBUSTNESS_ANALYSIS	CONTROLLED_ERROR_INJECTION	provider_construct_condition	read_site	1515	1495	970	1515	746	769	739	756	225	745	746	769	970	225	745	0.08034184401558762	0.02741555757794288	0.03969227350420069	0.05387870079676525	0.20389948315844175	0.3256889192011685	0.1671174387160075	1.0	0.0	745	225	0	0	0					invalid unit: repeated site means	0.30160857908847183	0.9687906371911573
2026_all5mer	seed_101	site_mean_as_read	5mers_A_RNA_sparse_seq_24	POSTHOC_ROBUSTNESS_ANALYSIS	CONTROLLED_ERROR_INJECTION	provider_construct_condition	read_site	1526	1499	1009	1526	761	765	748	751	261	748	761	765	1009	261	748	0.07487823231476028	0.025336833468145796	0.038151803833821094	0.05010753289145303	0.1936680018509802	0.31382329563164135	0.15174215736334312	1.0	0.0	748	261	0	0	0					invalid unit: repeated site means	0.34296977660972405	0.9777777777777777
2026_all5mer	seed_101	site_mean_as_read	5mers_A_RNA_sparse_seq_25	POSTHOC_ROBUSTNESS_ANALYSIS	CONTROLLED_ERROR_INJECTION	provider_construct_condition	read_site	1510	1487	960	1510	754	756	741	746	226	734	754	756	960	226	734	0.05006664153256622	0.04458798562550516	0.04587775253695912	0.04732731357903569	0.19945787743183976	0.24327994071360418	0.18596498056306762	0.9482288828337875	0.0	658	226	0	76	0					invalid unit: repeated site means	0.29973474801061006	0.9708994708994709
2026_all5mer	seed_101	site_mean_as_read	5mers_A_RNA_sparse_seq_26	POSTHOC_ROBUSTNESS_ANALYSIS	CONTROLLED_ERROR_INJECTION	provider_construct_condition	read_site	1485	1461	974	1485	736	749	721	740	237	737	736	749	974	237	737	0.04511591718321796	0.03402370913876791	0.03672273717422444	0.03956981316099294	0.1943016435664361	0.23649651416313378	0.1807328724247572	1.0	0.0	737	237	0	0	0					invalid unit: repeated site means	0.3220108695652174	0.9839786381842457
2026_all5mer	seed_101	site_mean_as_read	5mers_A_RNA_sparse_seq_27	POSTHOC_ROBUSTNESS_ANALYSIS	CONTROLLED_ERROR_INJECTION	provider_construct_condition	read_site	1532	1513	960	1532	753	779	739	774	196	764	753	779	960	196	764	0.043698243075099	0.014856550730100128	0.020745062917204064	0.029277396902599565	0.14667547573078651	0.22711343610504042	0.12603955919498316	1.0	0.0	764	196	0	0	0					invalid unit: repeated site means	0.2602921646746348	0.9807445442875481
2026_all5mer	seed_101	site_mean_as_read	5mers_A_RNA_sparse_seq_28	POSTHOC_ROBUSTNESS_ANALYSIS	CONTROLLED_ERROR_INJECTION	provider_construct_condition	read_site	1527	1496	907	1527	767	760	754	742	183	724	767	760	907	183	724	0.028246394551023107	0.03224669900338986	0.03143958134651763	0.030246546777206486	0.16099835572193855	0.1776185284459856	0.15679740046157858	1.0	0.0	724	183	0	0	0					invalid unit: repeated site means	0.23859191655801826	0.9526315789473684
2026_all5mer	seed_101	site_mean_as_read	5mers_A_RNA_sparse_seq_29	POSTHOC_ROBUSTNESS_ANALYSIS	CONTROLLED_ERROR_INJECTION	provider_construct_condition	read_site	1539	1504	909	1539	762	777	750	754	157	752	762	777	909	157	752	0.04318317332573269	0.011794514587367539	0.017215878087833248	0.027488843956550116	0.12369044828180537	0.22547978589133405	0.10243921689258197	1.0	0.0	752	157	0	0	0					invalid unit: repeated site means	0.20603674540682415	0.9678249678249679
2026_all5mer	seed_101	site_mean_as_read	5mers_A_RNA_sparse_seq_30	POSTHOC_ROBUSTNESS_ANALYSIS	CONTROLLED_ERROR_INJECTION	provider_construct_condition	read_site	1488	1454	993	1488	744	744	725	729	271	722	744	744	993	271	722	0.033530938167424786	0.04046620089719301	0.0385734957614758	0.0369985695323089	0.20120078371249547	0.19415288191037788	0.20384618729750079	1.0	0.0	722	271	0	0	0					invalid unit: repeated site means	0.364247311827957	0.9704301075268817
2026_all5mer	seed_101	site_mean_as_read	5mers_A_RNA_sparse_seq_31	POSTHOC_ROBUSTNESS_ANALYSIS	CONTROLLED_ERROR_INJECTION	provider_construct_condition	read_site	1491	1469	904	1491	727	764	716	753	158	746	727	764	904	158	746	0.0406126048431016	0.00919602550472801	0.014686976318293304	0.024904315173914802	0.11491395856058338	0.21740968255005316	0.09320574892206296	1.0	0.0	746	158	0	0	0					invalid unit: repeated site means	0.2173314993122421	0.9764397905759162
2026_all5mer	seed_101	site_mean_as_read	5mers_A_RNA_sparse_seq_32	POSTHOC_ROBUSTNESS_ANALYSIS	CONTROLLED_ERROR_INJECTION	provider_construct_condition	read_site	1507	1485	1031	1507	754	753	738	747	295	736	754	753	1031	295	736	0.06697863860645764	0.038918557973397244	0.04694738802844362	0.05294859828992744	0.22590912958995127	0.29404361680984864	0.19859979028306304	1.0	0.0	736	295	0	0	0					invalid unit: repeated site means	0.3912466843501326	0.9774236387782205
2026_all5mer	seed_101	site_mean_as_read	ALL	POSTHOC_ROBUSTNESS_ANALYSIS	CONTROLLED_ERROR_INJECTION	provider_construct_condition	read_site	48284	47507	30486	48284	24091	24193	23721	23786	6942	23544	24091	24193	30486	6942	23544	0.05239151493835802	0.025334957558392334	0.03149603547388541	0.03886323624837518	0.17228758915221926	0.2486798520967905	0.14976316299858292	0.9983860006795786	0.0	23468	6942	0	76	0					invalid unit: repeated site means	0.28815740317961064	0.9731740586119952
2026_all5mer	seed_11	canonical	5mers_A_RNA_sparse_seq_01	POSTHOC_ROBUSTNESS_ANALYSIS	OBSERVED_NATIVE_INPUT	provider_construct_condition	read_site	1484	1459	979	1484	740	744	730	729	254	725	740	744	979	254	725	0.07946714266078679	0.07256922754748114	0.07435888070251652	0.07601818510413397	0.2378109552573328	0.2708117641678231	0.22624929254938173	0.8971952212869944	0.1062992125984252	653	227	27	72	979	0.0737810144629006	0.07494437633666369	0.23473636663112066	0.24091234037854983	eligible explicit probability subset	0.34324324324324323	0.9744623655913979
2026_all5mer	seed_11	canonical	5mers_A_RNA_sparse_seq_02	POSTHOC_ROBUSTNESS_ANALYSIS	OBSERVED_NATIVE_INPUT	provider_construct_condition	read_site	1519	1502	990	1519	755	764	746	756	239	751	755	764	990	239	751	0.0868172585714811	0.08531954444042059	0.08568111381145439	0.08606840150595085	0.26987457175834256	0.29012383032391853	0.2634304002574469	0.8897759751293951	0.10460251046025104	664	214	25	87	990	0.08503323949948706	0.08633661751795296	0.2665802478640326	0.27320844091761337	eligible explicit probability subset	0.3165562913907285	0.9829842931937173
2026_all5mer	seed_11	canonical	5mers_A_RNA_sparse_seq_03	POSTHOC_ROBUSTNESS_ANALYSIS	OBSERVED_NATIVE_INPUT	provider_construct_condition	read_site	1524	1501	928	1524	775	749	760	741	190	738	775	749	928	190	738	0.09571930734734786	0.06764606796306	0.0733938217163086	0.08168268765520392	0.23079048288032514	0.32063465573849037	0.2076598692718544	0.891370703180716	0.12105263157894737	667	167	23	71	928	0.07282403419757712	0.07397123862957132	0.22779618461543769	0.23381132149138797	eligible explicit probability subset	0.24516129032258063	0.9853137516688919
2026_all5mer	seed_11	canonical	5mers_A_RNA_sparse_seq_04	POSTHOC_ROBUSTNESS_ANALYSIS	OBSERVED_NATIVE_INPUT	provider_construct_condition	read_site	1501	1473	950	1501	754	747	742	731	225	725	754	747	950	225	725	0.10488744099934896	0.07456764484273977	0.08174864919562089	0.08972754292104437	0.26051033660245687	0.3578718677120513	0.23029468901672065	0.8740229885057471	0.13333333333333333	639	195	30	86	950	0.08112164949115953	0.08238327829461349	0.25712569413304565	0.26397453043234415	eligible explicit probability subset	0.2984084880636605	0.9705488621151271
2026_all5mer	seed_11	canonical	5mers_A_RNA_sparse_seq_05	POSTHOC_ROBUSTNESS_ANALYSIS	OBSERVED_NATIVE_INPUT	provider_construct_condition	read_site	1518	1507	997	1518	750	768	744	763	237	760	750	768	997	237	760	0.10109554564399559	0.059601994564658714	0.0694655568573396	0.08034877010432714	0.22464141535131465	0.3428628165444249	0.18777500471609473	0.8953975127692648	0.12236286919831224	694	208	29	66	997	0.06890755885821527	0.07003118425099518	0.22142211048174434	0.22796537719976084	eligible explicit probability subset	0.316	0.9895833333333334
2026_all5mer	seed_11	canonical	5mers_A_RNA_sparse_seq_06	POSTHOC_ROBUSTNESS_ANALYSIS	OBSERVED_NATIVE_INPUT	provider_construct_condition	read_site	1549	1533	957	1549	778	771	771	762	201	756	778	771	957	201	756	0.09000971779894473	0.07287135452189773	0.0764709480628449	0.08144053616042124	0.24349768195140267	0.30717712042617257	0.22656703759501542	0.8882077706704572	0.12437810945273632	681	176	25	75	957	0.07590370616693606	0.077045819353285	0.2402052138268952	0.2468359577169762	eligible explicit probability subset	0.2583547557840617	0.980544747081712
2026_all5mer	seed_11	canonical	5mers_A_RNA_sparse_seq_07	POSTHOC_ROBUSTNESS_ANALYSIS	OBSERVED_NATIVE_INPUT	provider_construct_condition	read_site	1536	1515	918	1536	772	764	767	748	177	741	772	764	918	177	741	0.10965536947304245	0.09610403887173424	0.09871687712492766	0.10287970417238834	0.30358728022233983	0.3816980892317347	0.2849292327261686	0.8579793682380659	0.13559322033898305	631	153	24	110	918	0.09802242769395085	0.09941895595043573	0.29991219816155196	0.3073451147184809	eligible explicit probability subset	0.22927461139896374	0.9698952879581152
2026_all5mer	seed_11	canonical	5mers_A_RNA_sparse_seq_08	POSTHOC_ROBUSTNESS_ANALYSIS	OBSERVED_NATIVE_INPUT	provider_construct_condition	read_site	1551	1537	923	1551	771	780	767	770	165	758	771	780	923	165	758	0.0802541328198982	0.049178342391444384	0.05473360286890363	0.06471623760567129	0.17850610906752293	0.2897741153533186	0.15428550083908454	0.9176061405612856	0.09090909090909091	702	150	15	56	923	0.05427619049634345	0.05519864463599506	0.17577735571480624	0.18125464528651333	eligible explicit probability subset	0.2140077821011673	0.9717948717948718
2026_all5mer	seed_11	canonical	5mers_A_RNA_sparse_seq_09	POSTHOC_ROBUSTNESS_ANALYSIS	OBSERVED_NATIVE_INPUT	provider_construct_condition	read_site	1489	1464	907	1489	745	744	737	727	187	720	745	744	907	187	720	0.05973161095603902	0.07866121927897135	0.07475842241415509	0.06919641511750518	0.23470626447008414	0.215876939774639	0.23959665852292894	0.9096850861556743	0.06951871657754011	640	174	13	80	907	0.074185591154088	0.07533888306875344	0.23163315324784234	0.23782109812026708	eligible explicit probability subset	0.25100671140939596	0.967741935483871
2026_all5mer	seed_11	canonical	5mers_A_RNA_sparse_seq_10	POSTHOC_ROBUSTNESS_ANALYSIS	OBSERVED_NATIVE_INPUT	provider_construct_condition	read_site	1455	1432	853	1455	740	715	729	703	153	700	740	715	853	153	700	0.10470045002457364	0.04704849243164062	0.0573893476622605	0.07587447122810713	0.18968419100197517	0.35021091197244086	0.15459763627557338	0.8992296918767507	0.13725490196078433	655	132	21	45	853	0.056915569417222305	0.05787075530182994	0.18681479611402332	0.1925804041257688	eligible explicit probability subset	0.20675675675675675	0.9790209790209791
2026_all5mer	seed_11	canonical	5mers_A_RNA_sparse_seq_11	POSTHOC_ROBUSTNESS_ANALYSIS	OBSERVED_NATIVE_INPUT	provider_construct_condition	read_site	1511	1500	943	1511	761	750	755	745	207	736	761	750	943	207	736	0.07018392443081031	0.05963474771250849	0.06195042065067231	0.0649093360716594	0.20346328030938926	0.24945470242958678	0.19052819283808373	0.9161382850241546	0.0821256038647343	673	190	17	63	943	0.06147770967614992	0.062430761019725944	0.2001681842809895	0.20687004032875309	eligible explicit probability subset	0.2720105124835742	0.9813333333333333
2026_all5mer	seed_11	canonical	5mers_A_RNA_sparse_seq_12	POSTHOC_ROBUSTNESS_ANALYSIS	OBSERVED_NATIVE_INPUT	provider_construct_condition	read_site	1513	1499	958	1513	748	765	739	760	207	751	748	765	958	207	751	0.10548598063740754	0.0682062943988094	0.07626150843992612	0.08684613751810846	0.2416083220549643	0.3471895902339744	0.2125066942080201	0.8815974835485053	0.14492753623188406	682	177	30	69	958	0.0756649742046826	0.07686567206970088	0.23855760975293844	0.24468548339405702	eligible explicit probability subset	0.2767379679144385	0.9816993464052287
2026_all5mer	seed_11	canonical	5mers_A_RNA_sparse_seq_13	POSTHOC_ROBUSTNESS_ANALYSIS	OBSERVED_NATIVE_INPUT	provider_construct_condition	read_site	1492	1454	892	1492	744	748	723	731	168	724	744	748	892	168	724	0.09824335007440477	0.05344473064275078	0.061882138786829105	0.07584404035857778	0.2005981562838094	0.34470597524263685	0.1671587728789986	0.905945803735859	0.11904761904761904	674	148	20	50	892	0.06140306070781075	0.06236884626037871	0.19741145267157714	0.2038785199966988	eligible explicit probability subset	0.22580645161290322	0.9679144385026738
2026_all5mer	seed_11	canonical	5mers_A_RNA_sparse_seq_14	POSTHOC_ROBUSTNESS_ANALYSIS	OBSERVED_NATIVE_INPUT	provider_construct_condition	read_site	1522	1498	947	1522	754	768	744	754	198	749	754	768	947	198	749	0.0802275917746804	0.06109401667229483	0.06509448960816848	0.07066080422348761	0.2045418696100593	0.2675964385855786	0.18787323855912094	0.9002407250070802	0.10606060606060606	679	177	21	70	947	0.06457216611255939	0.0656244424983088	0.20178799277197398	0.20731004102008663	eligible explicit probability subset	0.2625994694960212	0.9752604166666666
2026_all5mer	seed_11	canonical	5mers_A_RNA_sparse_seq_15	POSTHOC_ROBUSTNESS_ANALYSIS	OBSERVED_NATIVE_INPUT	provider_construct_condition	read_site	1524	1499	1016	1524	758	766	750	749	279	737	758	766	1016	279	737	0.12753294531162496	0.09438544988955701	0.10348796093557763	0.11095919760059098	0.32326295900806135	0.40984257987521006	0.29048722736364546	0.8457006268753982	0.17562724014336917	639	230	49	98	1016	0.10271009310023992	0.1042734581654466	0.3196518540417603	0.3269485255312741	eligible explicit probability subset	0.36807387862796836	0.9621409921671018
2026_all5mer	seed_11	canonical	5mers_A_RNA_sparse_seq_16	POSTHOC_ROBUSTNESS_ANALYSIS	OBSERVED_NATIVE_INPUT	provider_construct_condition	read_site	1441	1407	980	1441	707	734	689	718	277	703	707	734	980	277	703	0.08742984537613521	0.08182539200545375	0.08340950790716677	0.08462761869079448	0.2706599482150375	0.3025820233776171	0.2580818332505503	0.8893319502287772	0.10469314079422383	621	248	29	82	980	0.0827596547652264	0.0840669904436384	0.2666064689450664	INFINITE	eligible explicit probability subset	0.3917963224893918	0.9577656675749319
2026_all5mer	seed_11	canonical	5mers_A_RNA_sparse_seq_17	POSTHOC_ROBUSTNESS_ANALYSIS	OBSERVED_NATIVE_INPUT	provider_construct_condition	read_site	1473	1456	922	1473	734	739	733	723	206	716	734	739	922	206	716	0.05529470351135846	0.05498093333324241	0.05505103816696465	0.055137818422300436	0.1794687134908431	0.1936326285904272	0.17539362059906333	0.9172045343602538	0.08737864077669903	660	188	18	56	922	0.05459440814698854	0.055515297581472	0.176759957793154	0.18219392989232736	eligible explicit probability subset	0.28065395095367845	0.9688768606224628
2026_all5mer	seed_11	canonical	5mers_A_RNA_sparse_seq_18	POSTHOC_ROBUSTNESS_ANALYSIS	OBSERVED_NATIVE_INPUT	provider_construct_condition	read_site	1506	1495	950	1506	773	733	766	729	225	725	773	733	950	225	725	0.09361682467990451	0.04441947673929149	0.05607148019891036	0.06901815070959799	0.1881748237041144	0.31678539539858913	0.14826119800582915	0.9140996168582376	0.1111111111111111	681	200	25	44	950	0.055598819130345395	0.056551770662006576	0.18528313102298213	0.1911026222500587	eligible explicit probability subset	0.2910737386804657	0.9890859481582538
2026_all5mer	seed_11	canonical	5mers_A_RNA_sparse_seq_19	POSTHOC_ROBUSTNESS_ANALYSIS	OBSERVED_NATIVE_INPUT	provider_construct_condition	read_site	1521	1465	876	1521	754	767	728	737	142	734	754	767	876	142	734	0.08175266964334837	0.07148804001977073	0.07315194116879815	0.07662035483155955	0.22426958388766222	0.2792909106429994	0.21362513102763786	0.8989331081859001	0.09859154929577464	658	128	14	76	876	0.07260666590303047	0.0737048458290971	0.2213473195222977	0.22721022599777338	eligible explicit probability subset	0.1883289124668435	0.9569752281616688
2026_all5mer	seed_11	canonical	5mers_A_RNA_sparse_seq_20	POSTHOC_ROBUSTNESS_ANALYSIS	OBSERVED_NATIVE_INPUT	provider_construct_condition	read_site	1548	1507	1056	1548	767	781	747	760	299	757	767	781	1056	299	757	0.1306990684075499	0.08695238584571345	0.09933899388168797	0.10882572712663169	0.30900070730536544	0.42042748524629475	0.26498933794692703	0.8353295661893674	0.19063545150501673	652	242	57	105	1056	0.0986255154465184	0.1000601017113888	0.3051611945700077	0.31300813439149605	eligible explicit probability subset	0.3898305084745763	0.969270166453265
2026_all5mer	seed_11	canonical	5mers_A_RNA_sparse_seq_21	POSTHOC_ROBUSTNESS_ANALYSIS	OBSERVED_NATIVE_INPUT	provider_construct_condition	read_site	1519	1502	905	1519	773	746	766	736	182	723	773	746	905	182	723	0.11511980832278074	0.06528226501549263	0.07530484278557709	0.09020103666913667	0.245746536686754	0.39553201793732434	0.20804120115756478	0.8815451491800039	0.14285714285714285	655	156	26	68	905	0.0747558256539192	0.07586148931176623	0.24133977566698966	INFINITE	eligible explicit probability subset	0.23544631306597671	0.9691689008042895
2026_all5mer	seed_11	canonical	5mers_A_RNA_sparse_seq_22	POSTHOC_ROBUSTNESS_ANALYSIS	OBSERVED_NATIVE_INPUT	provider_construct_condition	read_site	1502	1471	998	1502	753	749	746	725	282	716	753	749	998	282	716	0.11983249204378602	0.10701574826373735	0.11063731313946251	0.11342412015376169	0.35177341236133014	0.39905448433380597	0.3331515376459137	0.8494145964578628	0.14893617021276595	607	240	42	109	998	0.10979050385928106	0.11149175181417523	0.3468755260169604	INFINITE	eligible explicit probability subset	0.3745019920318725	0.9559412550066756
2026_all5mer	seed_11	canonical	5mers_A_RNA_sparse_seq_23	POSTHOC_ROBUSTNESS_ANALYSIS	OBSERVED_NATIVE_INPUT	provider_construct_condition	read_site	1518	1491	973	1518	760	758	752	739	239	734	760	758	973	239	734	0.11457612424714794	0.08118730799703572	0.08938867190636442	0.09788171612209183	0.2805118442235107	0.37862609344866305	0.24856456143766412	0.8606534949209353	0.1506276150627615	640	203	36	94	973	0.08868930420674621	0.09009566900051387	0.27709832934996476	0.2840730917441196	eligible explicit probability subset	0.3144736842105263	0.9683377308707124
2026_all5mer	seed_11	canonical	5mers_A_RNA_sparse_seq_24	POSTHOC_ROBUSTNESS_ANALYSIS	OBSERVED_NATIVE_INPUT	provider_construct_condition	read_site	1513	1486	986	1513	758	755	746	740	247	739	758	755	986	247	739	0.12109892377969224	0.0586208555146709	0.07427205517132432	0.08985988964718157	0.2388708810014138	0.38786627511245414	0.18907133790881983	0.8764031709334751	0.16194331983805668	676	207	40	63	986	0.07369747510062753	0.07485426463655236	0.2357162880243586	0.2420606735145831	eligible explicit probability subset	0.3258575197889182	0.9788079470198675
2026_all5mer	seed_11	canonical	5mers_A_RNA_sparse_seq_25	POSTHOC_ROBUSTNESS_ANALYSIS	OBSERVED_NATIVE_INPUT	provider_construct_condition	read_site	1505	1490	944	1505	748	757	740	750	207	737	748	757	944	207	737	0.09490625869824691	0.0889959710585699	0.09029197692871094	0.0919511148784084	0.2818893284600839	0.32462761668776463	0.2698854944531234	0.8755432324543291	0.11594202898550725	639	183	24	98	944	0.08963538024385097	0.09095620300810216	0.27827683756768645	0.2855942127192245	eligible explicit probability subset	0.2767379679144385	0.9735799207397622
2026_all5mer	seed_11	canonical	5mers_A_RNA_sparse_seq_26	POSTHOC_ROBUSTNESS_ANALYSIS	OBSERVED_NATIVE_INPUT	provider_construct_condition	read_site	1490	1474	968	1490	729	761	719	755	217	751	729	761	968	217	751	0.07057086223830825	0.0610159710148838	0.06315792493583743	0.06579341662659602	0.20814313190246742	0.2602722192202663	0.19308053277069334	0.9148907447520049	0.07834101382488479	682	200	17	69	968	0.06262700419780637	0.06369647506839973	0.2052590804418095	0.21105613379940924	eligible explicit probability subset	0.29766803840877915	0.9868593955321945
2026_all5mer	seed_11	canonical	5mers_A_RNA_sparse_seq_27	POSTHOC_ROBUSTNESS_ANALYSIS	OBSERVED_NATIVE_INPUT	provider_construct_condition	read_site	1521	1497	921	1521	753	768	737	760	166	755	753	768	921	166	755	0.06901766305946443	0.050609113680605854	0.05392704983358145	0.05981338837003514	0.1771720360344137	0.24650617764564753	0.16192770820995694	0.9297813771642863	0.06626506024096386	699	155	11	56	921	0.05347917289609629	0.05438255616559785	0.17431732262490524	0.18008638015725417	eligible explicit probability subset	0.2204515272244356	0.9830729166666666
2026_all5mer	seed_11	canonical	5mers_A_RNA_sparse_seq_28	POSTHOC_ROBUSTNESS_ANALYSIS	OBSERVED_NATIVE_INPUT	provider_construct_condition	read_site	1522	1494	928	1522	762	760	751	743	202	726	762	760	928	202	726	0.06585757567150759	0.06780992197924737	0.0673849500458816	0.06683374882537749	0.22101845407609697	0.23114167206011157	0.21820180113839593	0.9160393312058479	0.07425742574257425	658	187	15	68	928	0.06690331163077519	0.06787421785551927	0.21704055756972027	0.2253639679283397	eligible explicit probability subset	0.2650918635170604	0.9552631578947368
2026_all5mer	seed_11	canonical	5mers_A_RNA_sparse_seq_29	POSTHOC_ROBUSTNESS_ANALYSIS	OBSERVED_NATIVE_INPUT	provider_construct_condition	read_site	1536	1510	922	1536	769	767	754	756	171	751	769	767	922	171	751	0.09209265904119837	0.04568728816493373	0.05429392419513032	0.06888997360306605	0.18290169782848784	0.3354699121409874	0.1481624639437509	0.9174083677903146	0.10526315789473684	706	153	18	45	922	0.05384484082137168	0.05475063696342022	0.17940386785567605	INFINITE	eligible explicit probability subset	0.2223667100130039	0.9791395045632334
2026_all5mer	seed_11	canonical	5mers_A_RNA_sparse_seq_30	POSTHOC_ROBUSTNESS_ANALYSIS	OBSERVED_NATIVE_INPUT	provider_construct_condition	read_site	1480	1454	987	1480	736	744	724	730	264	723	736	744	987	264	723	0.08280863906397964	0.07765737509826406	0.07903522077906337	0.08023300708112185	0.255407619367995	0.27956800398522436	0.24658557021315605	0.8940494153149755	0.09848484848484848	641	238	26	82	987	0.07840415699503704	0.07967391395762095	0.2521757093948749	0.2586841047073463	eligible explicit probability subset	0.358695652173913	0.9717741935483871
2026_all5mer	seed_11	canonical	5mers_A_RNA_sparse_seq_31	POSTHOC_ROBUSTNESS_ANALYSIS	OBSERVED_NATIVE_INPUT	provider_construct_condition	read_site	1536	1512	903	1536	772	764	756	756	155	748	772	764	903	155	748	0.10678521433184224	0.05035520747383648	0.060041421275598264	0.07857021090283936	0.19248647528479085	0.3514230463268711	0.15955175802339722	0.8807012247714335	0.16774193548387098	695	129	26	53	903	0.05956872409892373	0.06052174784680406	0.18959121897179354	0.1954120482607776	eligible explicit probability subset	0.20077720207253885	0.9790575916230366
2026_all5mer	seed_11	canonical	5mers_A_RNA_sparse_seq_32	POSTHOC_ROBUSTNESS_ANALYSIS	OBSERVED_NATIVE_INPUT	provider_construct_condition	read_site	1531	1504	1051	1531	759	772	746	758	297	754	759	772	1051	297	754	0.10482100926665747	0.08523309641870959	0.09076840575823435	0.09502705284268353	0.28686063000308	0.3528931083691071	0.26085048932044064	0.8676218417597727	0.1414141414141414	661	255	42	93	1051	0.09005689394122413	0.0914875469697758	0.28342127023212293	0.29043953453472443	eligible explicit probability subset	0.391304347826087	0.9766839378238342
2026_all5mer	seed_11	canonical	ALL	POSTHOC_ROBUSTNESS_ANALYSIS	OBSERVED_NATIVE_INPUT	provider_construct_condition	read_site	48350	47588	30428	48350	24152	24198	23804	23784	6865	23563	24152	24198	30428	6865	23563	0.09517258646187779	0.06932969019054097	0.07516022400488064	0.08225113832620938	0.24014901125271668	0.32243849505768807	0.2161742497061764	0.8891269748122828	0.12163146394756008	21204	6030	835	2359	30428	0.07457933141317978	0.07574874599111273	0.2368228429009847	INFINITE	eligible explicit probability subset	0.2842414706856575	0.9737581618315563
2026_all5mer	seed_11	high_p_filter	5mers_A_RNA_sparse_seq_01	POSTHOC_ROBUSTNESS_ANALYSIS	CONTROLLED_ERROR_INJECTION	provider_construct_condition	read_site	1484	1459	979	528	740	744	730	729	254	725	2	526	528	2	526	0.8283882141113281	0.00093953237787399	0.0040738076874704075	0.4146638732446011	0.029024473809313635	2.4099195792993187	0.019971640708591185	0.5	1.0	526	0	2	0	528	0.003988352688876065	0.004166892080595999	0.026959359678525547	0.03109534111214688	selected p>=0.9 subset; whole-population claim invalid	0.34324324324324323	0.9744623655913979
2026_all5mer	seed_11	high_p_filter	5mers_A_RNA_sparse_seq_02	POSTHOC_ROBUSTNESS_ANALYSIS	CONTROLLED_ERROR_INJECTION	provider_construct_condition	read_site	1519	1502	990	504	755	764	746	756	239	751	2	502	504	2	502	0.8575325012207031	0.0010087670558002367	0.004407670762803819	0.42927063413825167	0.030699125997027652	2.6444960429820297	0.02028559246322286	0.5	1.0	502	0	2	0	504	0.0043202657548208085	0.0045027051653180805	0.02860294552337752	0.03280281895258435	selected p>=0.9 subset; whole-population claim invalid	0.3165562913907285	0.9829842931937173
2026_all5mer	seed_11	high_p_filter	5mers_A_RNA_sparse_seq_03	POSTHOC_ROBUSTNESS_ANALYSIS	CONTROLLED_ERROR_INJECTION	provider_construct_condition	read_site	1524	1501	928	550	775	749	760	741	190	738	1	549	550	1	549	0.8973121643066406	0.0008668117835873463	0.0024967124245383523	0.449089488045114	0.023541009342654552	2.9424877590351786	0.018224166447039752	0.5	1.0	549	0	1	0	550	0.0024245106090198866	0.002576543634588068	0.021490830072870684	0.025597638378515922	selected p>=0.9 subset; whole-population claim invalid	0.24516129032258063	0.9853137516688919
2026_all5mer	seed_11	high_p_filter	5mers_A_RNA_sparse_seq_04	POSTHOC_ROBUSTNESS_ANALYSIS	CONTROLLED_ERROR_INJECTION	provider_construct_condition	read_site	1501	1473	950	510	754	747	742	731	225	725	5	505	510	5	505	0.8964759826660156	0.0009594681239364171	0.009739041795917586	0.448717725394976	0.04974259982416705	3.1428063842628484	0.01911820591883357	0.5	1.0	505	0	5	0	510	0.00963460884842218	0.00985110413794424	0.047166058649151875	0.0524119458241961	selected p>=0.9 subset; whole-population claim invalid	0.2984084880636605	0.9705488621151271
2026_all5mer	seed_11	high_p_filter	5mers_A_RNA_sparse_seq_05	POSTHOC_ROBUSTNESS_ANALYSIS	CONTROLLED_ERROR_INJECTION	provider_construct_condition	read_site	1518	1507	997	573	750	768	744	763	237	760	4	569	573	4	569	0.8835258483886719	0.0008151853859738851	0.006977214447074743	0.4421705168873229	0.03856627738252718	3.083410944604436	0.0171613939574171	0.5	1.0	569	0	4	0	573	0.006890501651464332	0.007071556637216405	0.0361433771727763	0.04106788654386695	selected p>=0.9 subset; whole-population claim invalid	0.316	0.9895833333333334
2026_all5mer	seed_11	high_p_filter	5mers_A_RNA_sparse_seq_06	POSTHOC_ROBUSTNESS_ANALYSIS	CONTROLLED_ERROR_INJECTION	provider_construct_condition	read_site	1549	1533	957	563	778	771	771	762	201	756	4	559	563	4	559	0.9051322937011719	0.0008365788058859291	0.007261415146172153	0.4529844362535289	0.040568381799067625	3.100656505572742	0.018671507925910744	0.5	1.0	559	0	4	0	563	0.00716810751554174	0.007362352171333814	0.03827045002815408	0.04288781326589962	selected p>=0.9 subset; whole-population claim invalid	0.2583547557840617	0.980544747081712
2026_all5mer	seed_11	high_p_filter	5mers_A_RNA_sparse_seq_07	POSTHOC_ROBUSTNESS_ANALYSIS	CONTROLLED_ERROR_INJECTION	provider_construct_condition	read_site	1536	1515	918	498	772	764	767	748	177	741	6	492	498	6	492	0.9116605122884115	0.0007936121002445376	0.011767912102511609	0.456227062194328	0.05617601055125899	3.2899933319067802	0.01673921394936239	0.5	1.0	492	0	6	0	498	0.011663812231347263	0.011879641368207204	0.053431013950379476	0.05902677061552724	selected p>=0.9 subset; whole-population claim invalid	0.22927461139896374	0.9698952879581152
2026_all5mer	seed_11	high_p_filter	5mers_A_RNA_sparse_seq_08	POSTHOC_ROBUSTNESS_ANALYSIS	CONTROLLED_ERROR_INJECTION	provider_construct_condition	read_site	1551	1537	923	592	771	780	767	770	165	758	3	589	592	3	589	0.9122454325358073	0.0005937521243135877	0.005213608612885346	0.4564195923300604	0.02981290997879399	3.122349280063259	0.014061451387531863	0.5	1.0	589	0	3	0	592	0.005145072937011719	0.005289773683290224	0.027619445188756257	0.032021160578593055	selected p>=0.9 subset; whole-population claim invalid	0.2140077821011673	0.9717948717948718
2026_all5mer	seed_11	high_p_filter	5mers_A_RNA_sparse_seq_09	POSTHOC_ROBUSTNESS_ANALYSIS	CONTROLLED_ERROR_INJECTION	provider_construct_condition	read_site	1489	1464	907	504	745	744	737	727	187	720	1	503	504	1	503	0.9271583557128906	0.0010246671217810325	0.0028622339642237105	0.46409151141733584	0.025740525411593367	3.2938856458730674	0.019243219009085467	0.5	1.0	503	0	1	0	504	0.002785667540535094	0.0029464297824435765	0.02365286585572301	0.02783765132282379	selected p>=0.9 subset; whole-population claim invalid	0.25100671140939596	0.967741935483871
2026_all5mer	seed_11	high_p_filter	5mers_A_RNA_sparse_seq_10	POSTHOC_ROBUSTNESS_ANALYSIS	CONTROLLED_ERROR_INJECTION	provider_construct_condition	read_site	1455	1432	853	548	740	715	729	703	153	700	2	546	548	2	546	0.9084815979003906	0.0006504408169142056	0.003963693215029083	0.45456601935865243	0.025963920006147327	3.068144973175632	0.014820399664867165	0.5	1.0	546	0	2	0	548	0.003897562514256387	0.004037453310333029	0.02383909232543263	0.02809931416871641	selected p>=0.9 subset; whole-population claim invalid	0.20675675675675675	0.9790209790209791
2026_all5mer	seed_11	high_p_filter	5mers_A_RNA_sparse_seq_11	POSTHOC_ROBUSTNESS_ANALYSIS	CONTROLLED_ERROR_INJECTION	provider_construct_condition	read_site	1511	1500	943	575	761	750	755	745	207	736	3	572	575	3	572	0.8830095926920573	0.0006340133560287369	0.005237712030825408	0.441821803024043	0.030022022830558465	2.86552552539843	0.015150500963943754	0.5	1.0	572	0	3	0	575	0.005164794921875	0.005318258534307065	0.027864544173937546	0.03219116908267655	selected p>=0.9 subset; whole-population claim invalid	0.2720105124835742	0.9813333333333333
2026_all5mer	seed_11	high_p_filter	5mers_A_RNA_sparse_seq_12	POSTHOC_ROBUSTNESS_ANALYSIS	CONTROLLED_ERROR_INJECTION	provider_construct_condition	read_site	1513	1499	958	535	748	765	739	760	207	751	3	532	535	3	532	0.8783607482910156	0.0008336977851121945	0.005754410217855578	0.4395972230380639	0.03399154715679209	2.8399166599341914	0.018168661182483444	0.5	1.0	532	0	3	0	535	0.005668825523875584	0.005847624306366823	0.0318186079440317	0.036176379710022986	selected p>=0.9 subset; whole-population claim invalid	0.2767379679144385	0.9816993464052287
2026_all5mer	seed_11	high_p_filter	5mers_A_RNA_sparse_seq_13	POSTHOC_ROBUSTNESS_ANALYSIS	CONTROLLED_ERROR_INJECTION	provider_construct_condition	read_site	1492	1454	892	574	744	748	723	731	168	724	3	571	574	3	571	0.933221181233724	0.0005461831435221924	0.005420791147477951	0.4668836821886231	0.03270940835441788	3.8153512489749333	0.012835633359914297	0.5	1.0	571	0	3	0	574	0.005356127376755771	0.00549308431273138	0.0301506692870331	0.035380121504836555	selected p>=0.9 subset; whole-population claim invalid	0.22580645161290322	0.9679144385026738
2026_all5mer	seed_11	high_p_filter	5mers_A_RNA_sparse_seq_14	POSTHOC_ROBUSTNESS_ANALYSIS	CONTROLLED_ERROR_INJECTION	provider_construct_condition	read_site	1522	1498	947	546	754	768	744	754	198	749	1	545	546	1	545	0.8248329162597656	0.0007165821320420011	0.0022259527073675025	0.4127747491959038	0.020219434028646045	2.3881770233294493	0.01587455771800237	0.5	1.0	545	0	1	0	546	0.0021628355368589745	0.00229669927240728	0.01820157777245232	0.022242054315993836	selected p>=0.9 subset; whole-population claim invalid	0.2625994694960212	0.9752604166666666
2026_all5mer	seed_11	high_p_filter	5mers_A_RNA_sparse_seq_15	POSTHOC_ROBUSTNESS_ANALYSIS	CONTROLLED_ERROR_INJECTION	provider_construct_condition	read_site	1524	1499	1016	460	758	766	750	749	279	737	6	454	460	6	454	0.8915443420410156	0.0011611299892879269	0.012774824059527854	0.4463527360151518	0.06085827980352188	2.9471346606198776	0.0227136580306185	0.5	1.0	454	0	6	0	460	0.012645323380180026	0.01291195413340693	0.058380552569074214	0.06336325627611195	selected p>=0.9 subset; whole-population claim invalid	0.36807387862796836	0.9621409921671018
2026_all5mer	seed_11	high_p_filter	5mers_A_RNA_sparse_seq_16	POSTHOC_ROBUSTNESS_ANALYSIS	CONTROLLED_ERROR_INJECTION	provider_construct_condition	read_site	1441	1407	980	476	707	734	689	718	277	703	4	472	476	4	472	0.9164161682128906	0.0010728351140426378	0.008764795896385898	0.45874450166346664	0.04966259519993285	3.27231463045743	0.022351984731648983	0.5	1.0	472	0	4	0	476	0.008652791255662422	0.008884429931640625	0.04721669448887508	0.05214526845315067	selected p>=0.9 subset; whole-population claim invalid	0.3917963224893918	0.9577656675749319
2026_all5mer	seed_11	high_p_filter	5mers_A_RNA_sparse_seq_17	POSTHOC_ROBUSTNESS_ANALYSIS	CONTROLLED_ERROR_INJECTION	provider_construct_condition	read_site	1473	1456	922	531	734	739	733	723	206	716	0	531	531	0	531		0.0007610644324351166	0.0007610644324351166		0.01590233891275679		0.01590233891275679			531	0	0	0	531	0.0007043181166137006	0.0008254401427877825	0.013919306878517765	0.017889313512152016	selected p>=0.9 subset; whole-population claim invalid	0.28065395095367845	0.9688768606224628
2026_all5mer	seed_11	high_p_filter	5mers_A_RNA_sparse_seq_18	POSTHOC_ROBUSTNESS_ANALYSIS	CONTROLLED_ERROR_INJECTION	provider_construct_condition	read_site	1506	1495	950	569	773	733	766	729	225	725	2	567	569	2	567	0.8944740295410156	0.0007179906128575562	0.003859488113483771	0.4475960100769366	0.026085010710303554	3.075249888461958	0.015329579042749215	0.5	1.0	567	0	2	0	569	0.003792117475834798	0.003934488145663994	0.023939460902717025	0.02824586537770549	selected p>=0.9 subset; whole-population claim invalid	0.2910737386804657	0.9890859481582538
2026_all5mer	seed_11	high_p_filter	5mers_A_RNA_sparse_seq_19	POSTHOC_ROBUSTNESS_ANALYSIS	CONTROLLED_ERROR_INJECTION	provider_construct_condition	read_site	1521	1465	876	538	754	767	728	737	142	734	0	538	538	0	538		0.0005885269562107923	0.0005885269562107923		0.012637472973445555		0.012637472973445555			538	0	0	0	538	0.0005441828731267426	0.000640500433826092	0.010660987461984205	0.014617874681078055	selected p>=0.9 subset; whole-population claim invalid	0.1883289124668435	0.9569752281616688
2026_all5mer	seed_11	high_p_filter	5mers_A_RNA_sparse_seq_20	POSTHOC_ROBUSTNESS_ANALYSIS	CONTROLLED_ERROR_INJECTION	provider_construct_condition	read_site	1548	1507	1056	523	767	781	747	760	299	757	9	514	523	9	514	0.8962474399142795	0.0010228286921282223	0.016428223531515147	0.44863513430320384	0.0724387099016618	3.0681544689687743	0.019984542914105355	0.5	1.0	514	0	9	0	523	0.016293760923309034	0.01657031553425251	0.06964080685653753	0.07530447646558604	selected p>=0.9 subset; whole-population claim invalid	0.3898305084745763	0.969270166453265
2026_all5mer	seed_11	high_p_filter	5mers_A_RNA_sparse_seq_21	POSTHOC_ROBUSTNESS_ANALYSIS	CONTROLLED_ERROR_INJECTION	provider_construct_condition	read_site	1519	1502	905	557	773	746	766	736	182	723	5	552	557	5	552	0.9336036682128906	0.000830719436424366	0.009203905691150274	0.4672171938246575	0.04995357872271244	3.649545747054335	0.01734857719796948	0.5	1.0	552	0	5	0	557	0.009108373891943447	0.009307066884888353	0.04707888634894171	0.053069483324115964	selected p>=0.9 subset; whole-population claim invalid	0.23544631306597671	0.9691689008042895
2026_all5mer	seed_11	high_p_filter	5mers_A_RNA_sparse_seq_22	POSTHOC_ROBUSTNESS_ANALYSIS	CONTROLLED_ERROR_INJECTION	provider_construct_condition	read_site	1502	1471	998	397	753	749	746	725	282	716	7	390	397	7	390	0.8856021336146763	0.0015286763509114584	0.017116873330373306	0.4435654049827939	0.08494469044033398	3.2332453515158184	0.028436729856927863	0.5	1.0	390	0	7	0	397	0.016949862617089105	0.01729151343818876	0.08074705552243772	INFINITE	selected p>=0.9 subset; whole-population claim invalid	0.3745019920318725	0.9559412550066756
2026_all5mer	seed_11	high_p_filter	5mers_A_RNA_sparse_seq_23	POSTHOC_ROBUSTNESS_ANALYSIS	CONTROLLED_ERROR_INJECTION	provider_construct_condition	read_site	1518	1491	973	492	760	758	752	739	239	734	4	488	492	4	488	0.9086799621582031	0.0011252731573386271	0.00850376656384972	0.4549026176577709	0.04706822237333677	3.1196577601024322	0.021883062228016316	0.5	1.0	488	0	4	0	492	0.008394815088287601	0.00862034743394309	0.044715253826074754	0.04944597266013416	selected p>=0.9 subset; whole-population claim invalid	0.3144736842105263	0.9683377308707124
2026_all5mer	seed_11	high_p_filter	5mers_A_RNA_sparse_seq_24	POSTHOC_ROBUSTNESS_ANALYSIS	CONTROLLED_ERROR_INJECTION	provider_construct_condition	read_site	1513	1486	986	560	758	755	746	740	247	739	4	556	560	4	556	0.8903160095214844	0.0009459077025488984	0.007298551286969866	0.4456309586120166	0.04002043593312008	2.930437233580709	0.019226070482418006	0.5	1.0	556	0	4	0	560	0.007203401838030134	0.0074013301304408485	0.0377737377394823	0.042283049442741916	selected p>=0.9 subset; whole-population claim invalid	0.3258575197889182	0.9788079470198675
2026_all5mer	seed_11	high_p_filter	5mers_A_RNA_sparse_seq_25	POSTHOC_ROBUSTNESS_ANALYSIS	CONTROLLED_ERROR_INJECTION	provider_construct_condition	read_site	1505	1490	944	527	748	757	740	750	207	737	3	524	527	3	524	0.8755327860514323	0.0008631407759571803	0.0058422848667094105	0.4381979634136947	0.03369719091849495	2.7740465768311764	0.018008167716704784	0.5	1.0	524	0	3	0	527	0.005757109263816414	0.005935089864133657	0.03154079896321701	0.035863753245003197	selected p>=0.9 subset; whole-population claim invalid	0.2767379679144385	0.9735799207397622
2026_all5mer	seed_11	high_p_filter	5mers_A_RNA_sparse_seq_26	POSTHOC_ROBUSTNESS_ANALYSIS	CONTROLLED_ERROR_INJECTION	provider_construct_condition	read_site	1490	1474	968	544	729	761	719	755	217	751	2	542	544	2	542	0.9275398254394531	0.0009196798739837984	0.004326371585621554	0.46422975265671845	0.031941639817074166	3.4560644213781613	0.019306500401719603	0.5	1.0	542	0	2	0	544	0.004243093378403608	0.004417279187370749	0.02970312272215177	0.03420913479339327	selected p>=0.9 subset; whole-population claim invalid	0.29766803840877915	0.9868593955321945
2026_all5mer	seed_11	high_p_filter	5mers_A_RNA_sparse_seq_27	POSTHOC_ROBUSTNESS_ANALYSIS	CONTROLLED_ERROR_INJECTION	provider_construct_condition	read_site	1521	1497	921	594	753	768	737	760	166	755	1	593	594	1	593	0.8462562561035156	0.0006757160463381377	0.002099252309060659	0.42346598607492686	0.019462197236830094	2.5247525583352	0.015237424283881747	0.5	1.0	593	0	1	0	594	0.0020389749546243685	0.0021671590580281987	0.017443322442903832	0.021486003927823297	selected p>=0.9 subset; whole-population claim invalid	0.2204515272244356	0.9830729166666666
2026_all5mer	seed_11	high_p_filter	5mers_A_RNA_sparse_seq_28	POSTHOC_ROBUSTNESS_ANALYSIS	CONTROLLED_ERROR_INJECTION	provider_construct_condition	read_site	1522	1494	928	561	762	760	751	743	202	726	1	560	561	1	560	0.9196510314941406	0.00047465733119419644	0.0021131178911994487	0.4600628444126674	0.017979110825738442	3.1938021873160847	0.012307998189148538	0.5	1.0	560	0	1	0	561	0.0020632276348039216	0.0021706375421262254	0.015923994691823574	0.020042179228791115	selected p>=0.9 subset; whole-population claim invalid	0.2650918635170604	0.9552631578947368
2026_all5mer	seed_11	high_p_filter	5mers_A_RNA_sparse_seq_29	POSTHOC_ROBUSTNESS_ANALYSIS	CONTROLLED_ERROR_INJECTION	provider_construct_condition	read_site	1536	1510	922	605	769	767	754	756	171	751	2	603	605	2	603	0.9653968811035156	0.0007326939015048456	0.003921666421180915	0.48306478750251025	0.03204019387584202	4.821717953011399	0.016154032153999374	0.5	1.0	603	0	2	0	605	0.003851394022791839	0.0039995682141012396	0.028823086351706738	INFINITE	selected p>=0.9 subset; whole-population claim invalid	0.2223667100130039	0.9791395045632334
2026_all5mer	seed_11	high_p_filter	5mers_A_RNA_sparse_seq_30	POSTHOC_ROBUSTNESS_ANALYSIS	CONTROLLED_ERROR_INJECTION	provider_construct_condition	read_site	1480	1454	987	477	736	744	724	730	264	723	2	475	477	2	475	0.9162178039550781	0.0011586641010485198	0.004995390054314891	0.4586882340280633	0.03607130225746646	3.238856344066166	0.02258589155511404	0.5	1.0	475	0	2	0	477	0.004898039299986897	0.005100370203174135	0.033861261851912225	0.038299947364885255	selected p>=0.9 subset; whole-population claim invalid	0.358695652173913	0.9717741935483871
2026_all5mer	seed_11	high_p_filter	5mers_A_RNA_sparse_seq_31	POSTHOC_ROBUSTNESS_ANALYSIS	CONTROLLED_ERROR_INJECTION	provider_construct_condition	read_site	1536	1512	903	598	772	764	756	756	155	748	3	595	598	3	595	0.9075152079264323	0.0006951019543559612	0.005244366700035274	0.4541051549403941	0.03198762314159689	3.1252668770997905	0.016391257155253053	0.5	1.0	595	0	3	0	598	0.005167217956338838	0.00532914483826296	0.0297770466911533	0.03421609314492253	selected p>=0.9 subset; whole-population claim invalid	0.20077720207253885	0.9790575916230366
2026_all5mer	seed_11	high_p_filter	5mers_A_RNA_sparse_seq_32	POSTHOC_ROBUSTNESS_ANALYSIS	CONTROLLED_ERROR_INJECTION	provider_construct_condition	read_site	1531	1504	1051	499	759	772	746	758	297	754	2	497	499	2	497	0.9690895080566406	0.0011268247301189952	0.0050064346833315065	0.48510816639337984	0.04085324758024282	4.406543801974684	0.023285076335194763	0.5	1.0	497	0	2	0	499	0.0049065415988226455	0.0051139571623716185	0.03813841062013963	0.043820001936712	selected p>=0.9 subset; whole-population claim invalid	0.391304347826087	0.9766839378238342
2026_all5mer	seed_11	high_p_filter	ALL	POSTHOC_ROBUSTNESS_ANALYSIS	CONTROLLED_ERROR_INJECTION	provider_construct_condition	read_site	48350	47588	30428	17108	24152	24198	23804	23784	6865	23563	97	17011	17108	97	17011	0.900726357686151	0.0008472038754765988	0.00594939454181021	0.4507867807808138	0.035758069513844165	3.173907260596283	0.01786373810857719	0.5	1.0	17011	0	97	0	17108	0.005864536480728588	0.006041881997423081	0.03340258539603066	INFINITE	selected p>=0.9 subset; whole-population claim invalid	0.2842414706856575	0.9737581618315563
2026_all5mer	seed_11	missing_zero	5mers_A_RNA_sparse_seq_01	POSTHOC_ROBUSTNESS_ANALYSIS	CONTROLLED_ERROR_INJECTION	provider_construct_condition	read_site	1484	1459	979	1484	740	744	730	729	254	725	740	744	1459	730	729	0.027650211281972387	0.07765801093542363	0.052636973411763995	0.052654111108698005	INFINITE	0.09422765492962612	INFINITE	0.92938064904072	0.036986301369863014	653	703	27	76	979					invalid probability: missing replaced by zero	0.34324324324324323	0.9744623655913979
2026_all5mer	seed_11	missing_zero	5mers_A_RNA_sparse_seq_02	POSTHOC_ROBUSTNESS_ANALYSIS	CONTROLLED_ERROR_INJECTION	provider_construct_condition	read_site	1519	1502	990	1519	755	764	746	756	239	751	755	764	1502	746	756	0.027814108309093814	0.09136901835285166	0.059803130940971935	0.059591563330972736	INFINITE	0.0929485193665101	INFINITE	0.9223974069818573	0.03351206434316354	664	721	25	92	990					invalid probability: missing replaced by zero	0.3165562913907285	0.9829842931937173
2026_all5mer	seed_11	missing_zero	5mers_A_RNA_sparse_seq_03	POSTHOC_ROBUSTNESS_ANALYSIS	CONTROLLED_ERROR_INJECTION	provider_construct_condition	read_site	1524	1501	928	1524	775	749	760	741	190	738	775	749	1501	760	741	0.023929826836836966	0.0714207802385132	0.047374727883234095	0.04767530353767508	INFINITE	0.08015866393462259	INFINITE	0.9349358974358974	0.030263157894736843	667	737	23	74	928					invalid probability: missing replaced by zero	0.24516129032258063	0.9853137516688919
2026_all5mer	seed_11	missing_zero	5mers_A_RNA_sparse_seq_04	POSTHOC_ROBUSTNESS_ANALYSIS	CONTROLLED_ERROR_INJECTION	provider_construct_condition	read_site	1501	1473	950	1501	754	747	742	731	225	725	754	747	1473	742	731	0.03180549086907482	0.08216353284676653	0.05679648115128299	0.056984511857920674	INFINITE	0.10851909735203712	INFINITE	0.9168568699967921	0.04043126684636118	639	712	30	92	950					invalid probability: missing replaced by zero	0.2984084880636605	0.9705488621151271
2026_all5mer	seed_11	missing_zero	5mers_A_RNA_sparse_seq_05	POSTHOC_ROBUSTNESS_ANALYSIS	CONTROLLED_ERROR_INJECTION	provider_construct_condition	read_site	1518	1507	997	1518	750	768	744	763	237	760	750	768	1507	744	763	0.03220382300756311	0.06329949655195363	0.047947684264610206	0.04775165977975837	INFINITE	0.10921839720568373	INFINITE	0.9352945010499021	0.038978494623655914	694	715	29	69	997					invalid probability: missing replaced by zero	0.316	0.9895833333333334
2026_all5mer	seed_11	missing_zero	5mers_A_RNA_sparse_seq_06	POSTHOC_ROBUSTNESS_ANALYSIS	CONTROLLED_ERROR_INJECTION	provider_construct_condition	read_site	1549	1533	957	1549	778	771	771	762	201	756	778	771	1533	771	762	0.02346556845342139	0.08017158007684343	0.05165211826232392	0.05181857426513241	INFINITE	0.08008119481927457	INFINITE	0.9306376829355474	0.0324254215304799	681	746	25	81	957					invalid probability: missing replaced by zero	0.2583547557840617	0.980544747081712
2026_all5mer	seed_11	missing_zero	5mers_A_RNA_sparse_seq_07	POSTHOC_ROBUSTNESS_ANALYSIS	CONTROLLED_ERROR_INJECTION	provider_construct_condition	read_site	1536	1515	918	1536	772	764	767	748	177	741	772	764	1515	767	748	0.0253050852630098	0.1045629582940576	0.06443702521497267	0.06493402177853369	INFINITE	0.08808417443809263	INFINITE	0.9061460722726925	0.03129074315514994	631	743	24	117	918					invalid probability: missing replaced by zero	0.22927461139896374	0.9698952879581152
2026_all5mer	seed_11	missing_zero	5mers_A_RNA_sparse_seq_08	POSTHOC_ROBUSTNESS_ANALYSIS	CONTROLLED_ERROR_INJECTION	provider_construct_condition	read_site	1551	1537	923	1551	771	780	767	770	165	758	771	780	1537	767	770	0.017264578768296224	0.06399634225027902	0.04067606730513861	0.04063046050928762	INFINITE	0.06233732598865394	INFINITE	0.9460657986081715	0.01955671447196871	702	752	15	68	923					invalid probability: missing replaced by zero	0.2140077821011673	0.9717948717948718
2026_all5mer	seed_11	missing_zero	5mers_A_RNA_sparse_seq_09	POSTHOC_ROBUSTNESS_ANALYSIS	CONTROLLED_ERROR_INJECTION	provider_construct_condition	read_site	1489	1464	907	1489	745	744	737	727	187	720	745	744	1464	737	727	0.01515578188436811	0.08753243174808717	0.051096918804398	0.05134410681622764	INFINITE	0.054774745912968104	INFINITE	0.9313455232279269	0.017639077340569877	640	724	13	87	907					invalid probability: missing replaced by zero	0.25100671140939596	0.967741935483871
2026_all5mer	seed_11	missing_zero	5mers_A_RNA_sparse_seq_10	POSTHOC_ROBUSTNESS_ANALYSIS	CONTROLLED_ERROR_INJECTION	provider_construct_condition	read_site	1455	1432	853	1455	740	715	729	703	153	700	740	715	1432	729	703	0.02197416852367595	0.051115141823824234	0.03628010723177947	0.03654465517375009	INFINITE	0.07350105559915425	INFINITE	0.9514573052584749	0.02880658436213992	655	708	21	48	853					invalid probability: missing replaced by zero	0.20675675675675675	0.9790209790209791
2026_all5mer	seed_11	missing_zero	5mers_A_RNA_sparse_seq_11	POSTHOC_ROBUSTNESS_ANALYSIS	CONTROLLED_ERROR_INJECTION	provider_construct_condition	read_site	1511	1500	943	1511	761	750	755	745	207	736	761	750	1500	755	745	0.01924247994328177	0.07099486485423658	0.04494616444905599	0.04511867239875917	INFINITE	0.06839354093102579	INFINITE	0.9404195742032979	0.022516556291390728	673	738	17	72	943					invalid probability: missing replaced by zero	0.2720105124835742	0.9813333333333333
2026_all5mer	seed_11	missing_zero	5mers_A_RNA_sparse_seq_12	POSTHOC_ROBUSTNESS_ANALYSIS	CONTROLLED_ERROR_INJECTION	provider_construct_condition	read_site	1513	1499	958	1513	748	765	739	760	207	751	748	765	1499	739	760	0.029547493899788037	0.07924069354408665	0.05474217817574998	0.05439409372193735	INFINITE	0.09725067006553816	INFINITE	0.9283865109322698	0.04059539918809202	682	709	30	78	958					invalid probability: missing replaced by zero	0.2767379679144385	0.9816993464052287
2026_all5mer	seed_11	missing_zero	5mers_A_RNA_sparse_seq_13	POSTHOC_ROBUSTNESS_ANALYSIS	CONTROLLED_ERROR_INJECTION	provider_construct_condition	read_site	1492	1454	892	1492	744	748	723	731	168	724	744	748	1454	723	731	0.022828330307745504	0.06250887138898982	0.042777763272250045	0.04266860084836766	INFINITE	0.08009765399828905	INFINITE	0.9471810532569682	0.027662517289073305	674	703	20	57	892					invalid probability: missing replaced by zero	0.22580645161290322	0.9679144385026738
2026_all5mer	seed_11	missing_zero	5mers_A_RNA_sparse_seq_14	POSTHOC_ROBUSTNESS_ANALYSIS	CONTROLLED_ERROR_INJECTION	provider_construct_condition	read_site	1522	1498	947	1522	754	768	744	754	198	749	754	768	1498	744	754	0.02135089135939075	0.06732018367048916	0.04448897307005043	0.04433553751493995	INFINITE	0.07121518123648461	INFINITE	0.9361523487635834	0.028225806451612902	679	723	21	75	947					invalid probability: missing replaced by zero	0.2625994694960212	0.9752604166666666
2026_all5mer	seed_11	missing_zero	5mers_A_RNA_sparse_seq_15	POSTHOC_ROBUSTNESS_ANALYSIS	CONTROLLED_ERROR_INJECTION	provider_construct_condition	read_site	1524	1499	1016	1524	758	766	750	749	279	737	758	766	1499	750	749	0.04744225565592448	0.10889462826248801	0.07814794416981112	0.07816844195920625	INFINITE	0.15246143971357815	INFINITE	0.8939020916777927	0.06533333333333333	639	701	49	110	1016					invalid probability: missing replaced by zero	0.36807387862796836	0.9621409921671018
2026_all5mer	seed_11	missing_zero	5mers_A_RNA_sparse_seq_16	POSTHOC_ROBUSTNESS_ANALYSIS	CONTROLLED_ERROR_INJECTION	provider_construct_condition	read_site	1441	1407	980	1441	707	734	689	718	277	703	707	734	1407	689	718	0.035149589505354795	0.1010073127852841	0.06875715547194274	0.06807845114531945	INFINITE	0.12164763494281557	INFINITE	0.9114062607387883	0.0420899854862119	621	660	29	97	980					invalid probability: missing replaced by zero	0.3917963224893918	0.9577656675749319
2026_all5mer	seed_11	missing_zero	5mers_A_RNA_sparse_seq_17	POSTHOC_ROBUSTNESS_ANALYSIS	CONTROLLED_ERROR_INJECTION	provider_construct_condition	read_site	1473	1456	922	1473	734	739	733	723	206	716	734	739	1456	733	723	0.01553984846294658	0.06413049552780299	0.03966830850957514	0.039835171995374785	INFINITE	0.054417901077255124	INFINITE	0.944153226947745	0.02455661664392906	660	715	18	63	922					invalid probability: missing replaced by zero	0.28065395095367845	0.9688768606224628
2026_all5mer	seed_11	missing_zero	5mers_A_RNA_sparse_seq_18	POSTHOC_ROBUSTNESS_ANALYSIS	CONTROLLED_ERROR_INJECTION	provider_construct_condition	read_site	1506	1495	950	1506	773	733	766	729	225	725	773	733	1495	766	729	0.02749841456002417	0.049662716921791944	0.03830629176519387	0.038580565740908054	INFINITE	0.09305054042386757	INFINITE	0.9507596514414036	0.03263707571801567	681	741	25	48	950					invalid probability: missing replaced by zero	0.2910737386804657	0.9890859481582538
2026_all5mer	seed_11	missing_zero	5mers_A_RNA_sparse_seq_19	POSTHOC_ROBUSTNESS_ANALYSIS	CONTROLLED_ERROR_INJECTION	provider_construct_condition	read_site	1521	1465	876	1521	754	767	728	737	142	734	754	767	1465	728	737	0.01594626248537839	0.0752676002367866	0.04578914707431207	0.045606931361082494	INFINITE	0.05447707322981581	INFINITE	0.9367889573113455	0.019230769230769232	658	714	14	79	876					invalid probability: missing replaced by zero	0.1883289124668435	0.9569752281616688
2026_all5mer	seed_11	missing_zero	5mers_A_RNA_sparse_seq_20	POSTHOC_ROBUSTNESS_ANALYSIS	CONTROLLED_ERROR_INJECTION	provider_construct_condition	read_site	1548	1507	1056	1548	767	781	747	760	299	757	767	781	1507	747	760	0.05231462042015719	0.09055652116474353	0.07160051595160086	0.07143557079245036	INFINITE	0.1682835583515959	INFINITE	0.8907947579792855	0.07630522088353414	652	690	57	108	1056					invalid probability: missing replaced by zero	0.3898305084745763	0.969270166453265
2026_all5mer	seed_11	missing_zero	5mers_A_RNA_sparse_seq_21	POSTHOC_ROBUSTNESS_ANALYSIS	CONTROLLED_ERROR_INJECTION	provider_construct_condition	read_site	1519	1502	905	1519	773	746	766	736	182	723	773	746	1502	766	736	0.027352225998363046	0.0817922250084255	0.054028550413413624	0.05457222550339427	INFINITE	0.0939775812853695	INFINITE	0.9280015467135884	0.033942558746736295	655	740	26	81	905					invalid probability: missing replaced by zero	0.23544631306597671	0.9691689008042895
2026_all5mer	seed_11	missing_zero	5mers_A_RNA_sparse_seq_22	POSTHOC_ROBUSTNESS_ANALYSIS	CONTROLLED_ERROR_INJECTION	provider_construct_condition	read_site	1502	1471	998	1502	753	749	746	725	282	716	753	749	1471	746	725	0.045298609592959324	0.11810107000942888	0.0811801757397577	0.08169983980119411	INFINITE	0.15084901418516528	INFINITE	0.890470555606915	0.05630026809651475	607	704	42	118	998					invalid probability: missing replaced by zero	0.3745019920318725	0.9559412550066756
2026_all5mer	seed_11	missing_zero	5mers_A_RNA_sparse_seq_23	POSTHOC_ROBUSTNESS_ANALYSIS	CONTROLLED_ERROR_INJECTION	provider_construct_condition	read_site	1518	1491	973	1518	760	758	752	739	239	734	760	758	1491	752	739	0.03641448629663346	0.08740390266552668	0.06168690661629281	0.061909194481080065	INFINITE	0.12033462278488094	INFINITE	0.9090814211268822	0.047872340425531915	640	716	36	99	973					invalid probability: missing replaced by zero	0.3144736842105263	0.9683377308707124
2026_all5mer	seed_11	missing_zero	5mers_A_RNA_sparse_seq_24	POSTHOC_ROBUSTNESS_ANALYSIS	CONTROLLED_ERROR_INJECTION	provider_construct_condition	read_site	1513	1486	986	1513	758	755	746	740	247	739	758	755	1486	746	740	0.04009575626485789	0.05989298949370513	0.04995440538285719	0.04999437287928151	INFINITE	0.12842221173294394	INFINITE	0.9299471052822259	0.05361930294906166	676	706	40	64	986					invalid probability: missing replaced by zero	0.3258575197889182	0.9788079470198675
2026_all5mer	seed_11	missing_zero	5mers_A_RNA_sparse_seq_25	POSTHOC_ROBUSTNESS_ANALYSIS	CONTROLLED_ERROR_INJECTION	provider_construct_condition	read_site	1505	1490	944	1505	748	757	740	750	207	737	748	757	1490	740	750	0.02654810209532042	0.10478670756022135	0.06592995048369338	0.06566740482777088	INFINITE	0.09080799547887469	INFINITE	0.9097837837837837	0.032432432432432434	639	716	24	111	944					invalid probability: missing replaced by zero	0.2767379679144385	0.9735799207397622
2026_all5mer	seed_11	missing_zero	5mers_A_RNA_sparse_seq_26	POSTHOC_ROBUSTNESS_ANALYSIS	CONTROLLED_ERROR_INJECTION	provider_construct_condition	read_site	1490	1474	968	1490	729	761	719	755	217	751	729	761	1474	719	755	0.021298855501686913	0.0659907208373215	0.04419055043276162	0.043644788169504206	INFINITE	0.07855225531404421	INFINITE	0.9398336541738433	0.02364394993045897	682	702	17	73	968					invalid probability: missing replaced by zero	0.29766803840877915	0.9868593955321945
2026_all5mer	seed_11	missing_zero	5mers_A_RNA_sparse_seq_27	POSTHOC_ROBUSTNESS_ANALYSIS	CONTROLLED_ERROR_INJECTION	provider_construct_condition	read_site	1521	1497	921	1521	753	768	737	760	166	755	753	768	1497	737	760	0.01554536237160257	0.05685510635375977	0.03651757708532299	0.03620023436268117	INFINITE	0.05552242264474558	INFINITE	0.9524057344854674	0.014925373134328358	699	726	11	61	921					invalid probability: missing replaced by zero	0.2204515272244356	0.9830729166666666
2026_all5mer	seed_11	missing_zero	5mers_A_RNA_sparse_seq_28	POSTHOC_ROBUSTNESS_ANALYSIS	CONTROLLED_ERROR_INJECTION	provider_construct_condition	read_site	1522	1494	928	1522	762	760	751	743	202	726	762	760	1494	751	743	0.017714021685279004	0.08913863170515962	0.053235096146303965	0.05342632669521931	INFINITE	0.062171261992200445	INFINITE	0.9328127772212196	0.019973368841544607	658	736	15	85	928					invalid probability: missing replaced by zero	0.2650918635170604	0.9552631578947368
2026_all5mer	seed_11	missing_zero	5mers_A_RNA_sparse_seq_29	POSTHOC_ROBUSTNESS_ANALYSIS	CONTROLLED_ERROR_INJECTION	provider_construct_condition	read_site	1536	1510	922	1536	769	767	754	756	171	751	769	767	1510	754	756	0.020885735671147113	0.051998880174424916	0.03646291265424514	0.036442307922786014	INFINITE	0.07608137264735922	INFINITE	0.9549948774086705	0.023872679045092837	706	736	18	50	922					invalid probability: missing replaced by zero	0.2223667100130039	0.9791395045632334
2026_all5mer	seed_11	missing_zero	5mers_A_RNA_sparse_seq_30	POSTHOC_ROBUSTNESS_ANALYSIS	CONTROLLED_ERROR_INJECTION	provider_construct_condition	read_site	1480	1454	987	1480	736	744	724	730	264	723	736	744	1454	724	730	0.030195415349296442	0.08650175643293825	0.05846476128537521	0.05834858589111735	INFINITE	0.10194192410510942	INFINITE	0.9210852947854385	0.03591160220994475	641	698	26	89	987					invalid probability: missing replaced by zero	0.358695652173913	0.9717741935483871
2026_all5mer	seed_11	missing_zero	5mers_A_RNA_sparse_seq_31	POSTHOC_ROBUSTNESS_ANALYSIS	CONTROLLED_ERROR_INJECTION	provider_construct_condition	read_site	1536	1512	903	1536	772	764	756	756	155	748	772	764	1512	756	756	0.021893793943697813	0.060404358717499586	0.0411490763305987	0.0411490763305987	INFINITE	0.07205102140299606	INFINITE	0.9424603174603174	0.03439153439153439	695	730	26	61	903					invalid probability: missing replaced by zero	0.20077720207253885	0.9790575916230366
2026_all5mer	seed_11	missing_zero	5mers_A_RNA_sparse_seq_32	POSTHOC_ROBUSTNESS_ANALYSIS	CONTROLLED_ERROR_INJECTION	provider_construct_condition	read_site	1531	1504	1051	1531	759	772	746	758	297	754	759	772	1504	746	758	0.04173168867586765	0.0900603624006689	0.06608882609834062	0.06589602553826827	INFINITE	0.14049497746062306	INFINITE	0.9078656970863073	0.05630026809651475	661	704	42	97	1051					invalid probability: missing replaced by zero	0.391304347826087	0.9766839378238342
2026_all5mer	seed_11	missing_zero	ALL	POSTHOC_ROBUSTNESS_ANALYSIS	CONTROLLED_ERROR_INJECTION	provider_construct_condition	read_site	48350	47588	30428	48350	24152	24198	23804	23784	6865	23563	24152	24198	47588	23804	23784	0.027447479669836624	0.07797744239655721	0.052701842817947965	0.05271246103319692	INFINITE	0.09299026502146819	INFINITE	0.9282227876463708	0.03507813812804571	21204	22969	835	2580	30428					invalid probability: missing replaced by zero	0.2842414706856575	0.9737581618315563
2026_all5mer	seed_11	site_mean_as_read	5mers_A_RNA_sparse_seq_01	POSTHOC_ROBUSTNESS_ANALYSIS	CONTROLLED_ERROR_INJECTION	provider_construct_condition	read_site	1484	1459	979	1484	740	744	730	729	254	725	740	744	979	254	725	0.04303092113293201	0.022540521026779156	0.027856722892931174	0.032785721079855584	0.16514514493876636	0.21823202674271147	0.14654643048607388	1.0	0.0	725	254	0	0	0					invalid unit: repeated site means	0.34324324324324323	0.9744623655913979
2026_all5mer	seed_11	site_mean_as_read	5mers_A_RNA_sparse_seq_02	POSTHOC_ROBUSTNESS_ANALYSIS	CONTROLLED_ERROR_INJECTION	provider_construct_condition	read_site	1519	1502	990	1519	755	764	746	756	239	751	755	764	990	239	751	0.04065862157641558	0.03439181041899955	0.0359047072539717	0.03752521599770757	0.18829589035985414	0.22214207674822783	0.17752460068366063	1.0	0.0	751	239	0	0	0					invalid unit: repeated site means	0.3165562913907285	0.9829842931937173
2026_all5mer	seed_11	site_mean_as_read	5mers_A_RNA_sparse_seq_03	POSTHOC_ROBUSTNESS_ANALYSIS	CONTROLLED_ERROR_INJECTION	provider_construct_condition	read_site	1524	1501	928	1524	775	749	760	741	190	738	775	749	928	190	738	0.05484492811760575	0.02023441046513762	0.027320615587948988	0.03753966929137169	0.1628070866194557	0.2589985521534614	0.13804234617032143	1.0	0.0	738	190	0	0	0					invalid unit: repeated site means	0.24516129032258063	0.9853137516688919
2026_all5mer	seed_11	site_mean_as_read	5mers_A_RNA_sparse_seq_04	POSTHOC_ROBUSTNESS_ANALYSIS	CONTROLLED_ERROR_INJECTION	provider_construct_condition	read_site	1501	1473	950	1501	754	747	742	731	225	725	754	747	950	225	725	0.0592840605274095	0.02412461218039363	0.03245184994679213	0.04170433635390156	0.18093759752901753	0.26259589466863903	0.15559536738223845	1.0	0.0	725	225	0	0	0					invalid unit: repeated site means	0.2984084880636605	0.9705488621151271
2026_all5mer	seed_11	site_mean_as_read	5mers_A_RNA_sparse_seq_05	POSTHOC_ROBUSTNESS_ANALYSIS	CONTROLLED_ERROR_INJECTION	provider_construct_condition	read_site	1518	1507	997	1518	750	768	744	763	237	760	750	768	997	237	760	0.05434192706609863	0.017558393765118887	0.0263023229449907	0.03595016041560876	0.15916973489132188	0.2600848899895717	0.1277001404725256	1.0	0.0	760	237	0	0	0					invalid unit: repeated site means	0.316	0.9895833333333334
2026_all5mer	seed_11	site_mean_as_read	5mers_A_RNA_sparse_seq_06	POSTHOC_ROBUSTNESS_ANALYSIS	CONTROLLED_ERROR_INJECTION	provider_construct_condition	read_site	1549	1533	957	1549	778	771	771	762	201	756	778	771	957	201	756	0.042855672386059813	0.020971849296033216	0.02556813815820181	0.031913760841046517	0.16100650951817447	0.2254894930335006	0.14386222421846473	1.0	0.0	756	201	0	0	0					invalid unit: repeated site means	0.2583547557840617	0.980544747081712
2026_all5mer	seed_11	site_mean_as_read	5mers_A_RNA_sparse_seq_07	POSTHOC_ROBUSTNESS_ANALYSIS	CONTROLLED_ERROR_INJECTION	provider_construct_condition	read_site	1536	1515	918	1536	772	764	767	748	177	741	772	764	918	177	741	0.05637921593768424	0.03760598735822157	0.041225662149686586	0.04699260164795291	0.20425111340687216	0.2632182463222534	0.1901658468400402	1.0	0.0	741	177	0	0	0					invalid unit: repeated site means	0.22927461139896374	0.9698952879581152
2026_all5mer	seed_11	site_mean_as_read	5mers_A_RNA_sparse_seq_08	POSTHOC_ROBUSTNESS_ANALYSIS	CONTROLLED_ERROR_INJECTION	provider_construct_condition	read_site	1551	1537	923	1551	771	780	767	770	165	758	771	780	923	165	758	0.04767032158088892	0.017253068027831126	0.022690605228540266	0.03246169480436002	0.13187293315595774	0.2321125325368606	0.11005296759151319	1.0	0.0	758	165	0	0	0					invalid unit: repeated site means	0.2140077821011673	0.9717948717948718
2026_all5mer	seed_11	site_mean_as_read	5mers_A_RNA_sparse_seq_09	POSTHOC_ROBUSTNESS_ANALYSIS	CONTROLLED_ERROR_INJECTION	provider_construct_condition	read_site	1489	1464	907	1489	745	744	737	727	187	720	745	744	907	187	720	0.026424734211407536	0.029586098250368644	0.028934306546635757	0.02800541623088809	0.1651285019109262	0.172151746045488	0.16330440933708862	1.0	0.0	720	187	0	0	0					invalid unit: repeated site means	0.25100671140939596	0.967741935483871
2026_all5mer	seed_11	site_mean_as_read	5mers_A_RNA_sparse_seq_10	POSTHOC_ROBUSTNESS_ANALYSIS	CONTROLLED_ERROR_INJECTION	provider_construct_condition	read_site	1455	1432	853	1455	740	715	729	703	153	700	740	715	853	153	700	0.06103144233096046	0.012468812832351591	0.021179343094118484	0.03675012758165602	0.1347211363341373	0.2738868736891158	0.10430348231226343	1.0	0.0	700	153	0	0	0					invalid unit: repeated site means	0.20675675675675675	0.9790209790209791
2026_all5mer	seed_11	site_mean_as_read	5mers_A_RNA_sparse_seq_11	POSTHOC_ROBUSTNESS_ANALYSIS	CONTROLLED_ERROR_INJECTION	provider_construct_condition	read_site	1511	1500	943	1511	761	750	755	745	207	736	761	750	943	207	736	0.03494090675316154	0.015993339220398594	0.020152561361736807	0.02546712298678007	0.13368192890606911	0.19305518970827362	0.1169831993054491	1.0	0.0	736	207	0	0	0					invalid unit: repeated site means	0.2720105124835742	0.9813333333333333
2026_all5mer	seed_11	site_mean_as_read	5mers_A_RNA_sparse_seq_12	POSTHOC_ROBUSTNESS_ANALYSIS	CONTROLLED_ERROR_INJECTION	provider_construct_condition	read_site	1513	1499	958	1513	748	765	739	760	207	751	748	765	958	207	751	0.058929275408570354	0.022513452211535643	0.03038200691068615	0.040721363810053	0.17193650265345659	0.26742009519932874	0.14561812228462098	1.0	0.0	751	207	0	0	0					invalid unit: repeated site means	0.2767379679144385	0.9816993464052287
2026_all5mer	seed_11	site_mean_as_read	5mers_A_RNA_sparse_seq_13	POSTHOC_ROBUSTNESS_ANALYSIS	CONTROLLED_ERROR_INJECTION	provider_construct_condition	read_site	1492	1454	892	1492	744	748	723	731	168	724	744	748	892	168	724	0.05320667494687527	0.013852881860333248	0.021264807015646092	0.03352977840360426	0.13615790108984338	0.25238680263149943	0.10918765874316076	1.0	0.0	724	168	0	0	0					invalid unit: repeated site means	0.22580645161290322	0.9679144385026738
2026_all5mer	seed_11	site_mean_as_read	5mers_A_RNA_sparse_seq_14	POSTHOC_ROBUSTNESS_ANALYSIS	CONTROLLED_ERROR_INJECTION	provider_construct_condition	read_site	1522	1498	947	1522	754	768	744	754	198	749	754	768	947	198	749	0.0391829324364663	0.021582097215641936	0.025262102890112076	0.030382514826054117	0.14964993544214256	0.21292273067772907	0.1329236157403453	1.0	0.0	749	198	0	0	0					invalid unit: repeated site means	0.2625994694960212	0.9752604166666666
2026_all5mer	seed_11	site_mean_as_read	5mers_A_RNA_sparse_seq_15	POSTHOC_ROBUSTNESS_ANALYSIS	CONTROLLED_ERROR_INJECTION	provider_construct_condition	read_site	1524	1499	1016	1524	758	766	750	749	279	737	758	766	1016	279	737	0.072605196280967	0.03676500955380007	0.04660695059403587	0.05468510291738353	0.22841573784081934	0.3085254887158025	0.19808925141731823	1.0	0.0	737	279	0	0	0					invalid unit: repeated site means	0.36807387862796836	0.9621409921671018
2026_all5mer	seed_11	site_mean_as_read	5mers_A_RNA_sparse_seq_16	POSTHOC_ROBUSTNESS_ANALYSIS	CONTROLLED_ERROR_INJECTION	provider_construct_condition	read_site	1441	1407	980	1441	707	734	689	718	277	703	707	734	980	277	703	0.048951877424050536	0.027733730012459934	0.033731104331858504	0.038342803718255235	0.18740705045396203	0.23552009567707285	0.16844927872309193	1.0	0.0	703	277	0	0	0					invalid unit: repeated site means	0.3917963224893918	0.9577656675749319
2026_all5mer	seed_11	site_mean_as_read	5mers_A_RNA_sparse_seq_17	POSTHOC_ROBUSTNESS_ANALYSIS	CONTROLLED_ERROR_INJECTION	provider_construct_condition	read_site	1473	1456	922	1473	734	739	733	723	206	716	734	739	922	206	716	0.02498616976560858	0.01820101803996511	0.019717006386475472	0.021593593902786846	0.12930996180157386	0.1594443247095032	0.12064001940068915	1.0	0.0	716	206	0	0	0					invalid unit: repeated site means	0.28065395095367845	0.9688768606224628
2026_all5mer	seed_11	site_mean_as_read	5mers_A_RNA_sparse_seq_18	POSTHOC_ROBUSTNESS_ANALYSIS	CONTROLLED_ERROR_INJECTION	provider_construct_condition	read_site	1506	1495	950	1506	773	733	766	729	225	725	773	733	950	225	725	0.04888768746138529	0.009529478344596502	0.018851159451204372	0.029208582902990894	0.13281582732306943	0.24451756968160862	0.09814976934972966	1.0	0.0	725	225	0	0	0					invalid unit: repeated site means	0.2910737386804657	0.9890859481582538
2026_all5mer	seed_11	site_mean_as_read	5mers_A_RNA_sparse_seq_19	POSTHOC_ROBUSTNESS_ANALYSIS	CONTROLLED_ERROR_INJECTION	provider_construct_condition	read_site	1521	1465	876	1521	754	767	728	737	142	734	754	767	876	142	734	0.043499370623389766	0.027682967235900545	0.030246813447114555	0.03559116892964516	0.15928749318080562	0.2237260524087254	0.1468211779078293	1.0	0.0	734	142	0	0	0					invalid unit: repeated site means	0.1883289124668435	0.9569752281616688
2026_all5mer	seed_11	site_mean_as_read	5mers_A_RNA_sparse_seq_20	POSTHOC_ROBUSTNESS_ANALYSIS	CONTROLLED_ERROR_INJECTION	provider_construct_condition	read_site	1548	1507	1056	1548	767	781	747	760	299	757	767	781	1056	299	757	0.07200037869235056	0.03065467375128118	0.042361459525315025	0.05132752622181587	0.20951274003692827	0.2993783628541295	0.174017599716792	1.0	0.0	757	299	0	0	0					invalid unit: repeated site means	0.3898305084745763	0.969270166453265
2026_all5mer	seed_11	site_mean_as_read	5mers_A_RNA_sparse_seq_21	POSTHOC_ROBUSTNESS_ANALYSIS	CONTROLLED_ERROR_INJECTION	provider_construct_condition	read_site	1519	1502	905	1519	773	746	766	736	182	723	773	746	905	182	723	0.06075214804258398	0.01640273960810371	0.025321626166198086	0.038577443825343845	0.156395114484337	0.2709647783856124	0.1275546181772386	1.0	0.0	723	182	0	0	0					invalid unit: repeated site means	0.23544631306597671	0.9691689008042895
2026_all5mer	seed_11	site_mean_as_read	5mers_A_RNA_sparse_seq_22	POSTHOC_ROBUSTNESS_ANALYSIS	CONTROLLED_ERROR_INJECTION	provider_construct_condition	read_site	1502	1471	998	1502	753	749	746	725	282	716	753	749	998	282	716	0.06650817194997823	0.05059831849517174	0.055093888309054935	0.05855324522257498	0.25176569098499535	0.29003313748755427	0.2366938754630378	1.0	0.0	716	282	0	0	0					invalid unit: repeated site means	0.3745019920318725	0.9559412550066756
2026_all5mer	seed_11	site_mean_as_read	5mers_A_RNA_sparse_seq_23	POSTHOC_ROBUSTNESS_ANALYSIS	CONTROLLED_ERROR_INJECTION	provider_construct_condition	read_site	1518	1491	973	1518	760	758	752	739	239	734	760	758	973	239	734	0.06409785710295787	0.032371473899629535	0.0401644909454625	0.048234665501293704	0.2043720133698398	0.28840912409188735	0.1770084309957671	1.0	0.0	734	239	0	0	0					invalid unit: repeated site means	0.3144736842105263	0.9683377308707124
2026_all5mer	seed_11	site_mean_as_read	5mers_A_RNA_sparse_seq_24	POSTHOC_ROBUSTNESS_ANALYSIS	CONTROLLED_ERROR_INJECTION	provider_construct_condition	read_site	1513	1486	986	1513	758	755	746	740	247	739	758	755	986	247	739	0.0698042922374331	0.01795395237571104	0.030942830616933505	0.04387912230657207	0.16714366498824743	0.2913899636464977	0.1256161470334601	1.0	0.0	739	247	0	0	0					invalid unit: repeated site means	0.3258575197889182	0.9788079470198675
2026_all5mer	seed_11	site_mean_as_read	5mers_A_RNA_sparse_seq_25	POSTHOC_ROBUSTNESS_ANALYSIS	CONTROLLED_ERROR_INJECTION	provider_construct_condition	read_site	1505	1490	944	1505	748	757	740	750	207	737	748	757	944	207	737	0.05734725042071462	0.03739366227590815	0.04176907832037313	0.047370456348311385	0.1959808166635175	0.26346369438491	0.17702700975940858	1.0	0.0	737	207	0	0	0					invalid unit: repeated site means	0.2767379679144385	0.9735799207397622
2026_all5mer	seed_11	site_mean_as_read	5mers_A_RNA_sparse_seq_26	POSTHOC_ROBUSTNESS_ANALYSIS	CONTROLLED_ERROR_INJECTION	provider_construct_condition	read_site	1490	1474	968	1490	729	761	719	755	217	751	729	761	968	217	751	0.03559528741879488	0.018755073196580947	0.02253020386416403	0.02717518030768791	0.14975946567530646	0.20463158080498883	0.13390427395341423	1.0	0.0	751	217	0	0	0					invalid unit: repeated site means	0.29766803840877915	0.9868593955321945
2026_all5mer	seed_11	site_mean_as_read	5mers_A_RNA_sparse_seq_27	POSTHOC_ROBUSTNESS_ANALYSIS	CONTROLLED_ERROR_INJECTION	provider_construct_condition	read_site	1521	1497	921	1521	753	768	737	760	166	755	753	768	921	166	755	0.03490694575300813	0.011737698319645357	0.015913697314149395	0.023322322036326743	0.12456479325964895	0.20153069383874658	0.10764248929126456	1.0	0.0	755	166	0	0	0					invalid unit: repeated site means	0.2204515272244356	0.9830729166666666
2026_all5mer	seed_11	site_mean_as_read	5mers_A_RNA_sparse_seq_28	POSTHOC_ROBUSTNESS_ANALYSIS	CONTROLLED_ERROR_INJECTION	provider_construct_condition	read_site	1522	1494	928	1522	762	760	751	743	202	726	762	760	928	202	726	0.030181380107991495	0.025368543003745105	0.026416164873419426	0.0277749615558683	0.14093100022889618	0.17835516495050902	0.13051821610525183	1.0	0.0	726	202	0	0	0					invalid unit: repeated site means	0.2650918635170604	0.9552631578947368
2026_all5mer	seed_11	site_mean_as_read	5mers_A_RNA_sparse_seq_29	POSTHOC_ROBUSTNESS_ANALYSIS	CONTROLLED_ERROR_INJECTION	provider_construct_condition	read_site	1536	1510	922	1536	769	767	754	756	171	751	769	767	922	171	751	0.04879567038494697	0.01169034628075965	0.018572136326113264	0.03024300833285331	0.126682322793683	0.24373500102763992	0.10002984878834792	1.0	0.0	751	171	0	0	0					invalid unit: repeated site means	0.2223667100130039	0.9791395045632334
2026_all5mer	seed_11	site_mean_as_read	5mers_A_RNA_sparse_seq_30	POSTHOC_ROBUSTNESS_ANALYSIS	CONTROLLED_ERROR_INJECTION	provider_construct_condition	read_site	1480	1454	987	1480	736	744	724	730	264	723	736	744	987	264	723	0.03957076316099598	0.03206223848688697	0.03407059767023528	0.03581650082394147	0.1829463712037256	0.2096945815137114	0.17317938984572248	1.0	0.0	723	264	0	0	0					invalid unit: repeated site means	0.358695652173913	0.9717741935483871
2026_all5mer	seed_11	site_mean_as_read	5mers_A_RNA_sparse_seq_31	POSTHOC_ROBUSTNESS_ANALYSIS	CONTROLLED_ERROR_INJECTION	provider_construct_condition	read_site	1536	1512	903	1536	772	764	756	756	155	748	772	764	903	155	748	0.05719210773638381	0.011673941747212568	0.019487137459639526	0.034433024741798185	0.1333145008594127	0.2643080274177955	0.10617012035600451	1.0	0.0	748	155	0	0	0					invalid unit: repeated site means	0.20077720207253885	0.9790575916230366
2026_all5mer	seed_11	site_mean_as_read	5mers_A_RNA_sparse_seq_32	POSTHOC_ROBUSTNESS_ANALYSIS	CONTROLLED_ERROR_INJECTION	provider_construct_condition	read_site	1531	1504	1051	1531	759	772	746	758	297	754	759	772	1051	297	754	0.05995475606096675	0.03144631664955748	0.03950245985144954	0.04570053635526211	0.20672105254295664	0.2775537602337142	0.17882010534911713	1.0	0.0	754	297	0	0	0					invalid unit: repeated site means	0.391304347826087	0.9766839378238342
2026_all5mer	seed_11	site_mean_as_read	ALL	POSTHOC_ROBUSTNESS_ANALYSIS	CONTROLLED_ERROR_INJECTION	provider_construct_condition	read_site	48350	47588	30428	48350	24152	24198	23804	23784	6865	23563	24152	24198	30428	6865	23563	0.05114956583407573	0.023687182297642186	0.029883096027680845	0.03741837406585896	0.16762730471899318	0.24529899526521307	0.14499792155047472	1.0	0.0	23563	6865	0	0	0					invalid unit: repeated site means	0.2842414706856575	0.9737581618315563
2026_all5mer	seed_29	canonical	5mers_A_RNA_sparse_seq_01	POSTHOC_ROBUSTNESS_ANALYSIS	OBSERVED_NATIVE_INPUT	provider_construct_condition	read_site	1534	1500	989	1534	766	768	750	750	246	743	766	768	989	246	743	0.07346471150716145	0.061591367862747624	0.06454469702000323	0.06752803968495454	0.20963711073320843	0.2545208012015611	0.1947765618029059	0.9108563393843898	0.09349593495934959	680	223	23	63	989	0.06402458291203236	0.06507244052250537	0.20668393928868017	0.21262857291647322	eligible explicit probability subset	0.32114882506527415	0.9674479166666666
2026_all5mer	seed_29	canonical	5mers_A_RNA_sparse_seq_02	POSTHOC_ROBUSTNESS_ANALYSIS	OBSERVED_NATIVE_INPUT	provider_construct_condition	read_site	1536	1520	977	1536	762	774	754	766	219	758	762	774	977	219	758	0.09172251453138378	0.08282381123162826	0.08481850521591328	0.08727316288150602	0.27163010673913707	0.31922218334441593	0.2578798893558177	0.877061722147926	0.1324200913242009	672	190	29	86	977	0.08417847554295675	0.08546616428340104	0.26808896775524216	0.27526559878007495	eligible explicit probability subset	0.2874015748031496	0.979328165374677
2026_all5mer	seed_29	canonical	5mers_A_RNA_sparse_seq_03	POSTHOC_ROBUSTNESS_ANALYSIS	OBSERVED_NATIVE_INPUT	provider_construct_condition	read_site	1501	1479	916	1501	764	737	757	722	200	716	764	737	916	200	716	0.07193771362304688	0.05909974082222198	0.06190279165209641	0.06551872722263444	0.20579452714465718	0.2699798289067847	0.18786567190383946	0.9110055865921788	0.09	653	182	18	63	916	0.06137891211363947	0.062434300585084604	0.20281026801236665	0.20882777423155457	eligible explicit probability subset	0.2617801047120419	0.9715061058344641
2026_all5mer	seed_29	canonical	5mers_A_RNA_sparse_seq_04	POSTHOC_ROBUSTNESS_ANALYSIS	OBSERVED_NATIVE_INPUT	provider_construct_condition	read_site	1495	1467	941	1495	766	729	753	714	233	708	766	729	941	233	708	0.09467720064482464	0.08109570088359595	0.0844586014620936	0.0878864507642103	0.26613316345819266	0.33221720834688373	0.24438516563465448	0.8848839746853858	0.11158798283261803	624	207	26	84	941	0.0838295007233412	0.08509533159537726	0.2626368391418429	0.2697421107758489	eligible explicit probability subset	0.304177545691906	0.9711934156378601
2026_all5mer	seed_29	canonical	5mers_A_RNA_sparse_seq_05	POSTHOC_ROBUSTNESS_ANALYSIS	OBSERVED_NATIVE_INPUT	provider_construct_condition	read_site	1521	1507	981	1521	756	765	745	762	222	759	756	765	981	222	759	0.0727369634954779	0.05114287224368773	0.056029608490270215	0.06193991786958281	0.1862827574975366	0.2590930674399014	0.16498646130886072	0.918723070896984	0.09009009009009009	704	202	20	55	981	0.055532068530596966	0.05653477784447471	0.18361171343166122	0.18897015784253038	eligible explicit probability subset	0.29365079365079366	0.9921568627450981
2026_all5mer	seed_29	canonical	5mers_A_RNA_sparse_seq_06	POSTHOC_ROBUSTNESS_ANALYSIS	OBSERVED_NATIVE_INPUT	provider_construct_condition	read_site	1531	1496	963	1531	761	770	747	749	221	742	761	770	963	221	742	0.0828555870919206	0.06940440668892668	0.07249133386344553	0.07612999689042364	0.2333383829982285	0.29389451903865327	0.21530212145519095	0.9046450220146114	0.09502262443438914	671	200	21	71	963	0.07192616051726376	0.07306413660415856	0.23021668985161817	0.23649709497360272	eligible explicit probability subset	0.290407358738502	0.9636363636363636
2026_all5mer	seed_29	canonical	5mers_A_RNA_sparse_seq_07	POSTHOC_ROBUSTNESS_ANALYSIS	OBSERVED_NATIVE_INPUT	provider_construct_condition	read_site	1535	1519	961	1535	768	767	763	756	210	751	768	767	961	210	751	0.08777934483119419	0.09001027093270171	0.08952276366806428	0.08889480788194795	0.2742234022883491	0.30071372384127043	0.26681598880484253	0.8749476887958911	0.11428571428571428	649	186	24	102	961	0.08885381819678395	0.09019933853387585	0.27108038462655537	0.27738897939513724	eligible explicit probability subset	0.2734375	0.9791395045632334
2026_all5mer	seed_29	canonical	5mers_A_RNA_sparse_seq_08	POSTHOC_ROBUSTNESS_ANALYSIS	OBSERVED_NATIVE_INPUT	provider_construct_condition	read_site	1528	1512	916	1528	778	750	772	740	179	737	778	750	916	179	737	0.09874403543312456	0.05272398680812468	0.06171698757654715	0.07573401112062461	0.20156452000820554	0.3282951335749976	0.17078462878913392	0.8970043131220484	0.1340782122905028	684	155	24	53	916	0.061222759396748774	0.06221884515087677	0.19799294704615095	INFINITE	eligible explicit probability subset	0.2300771208226221	0.9826666666666667
2026_all5mer	seed_29	canonical	5mers_A_RNA_sparse_seq_09	POSTHOC_ROBUSTNESS_ANALYSIS	OBSERVED_NATIVE_INPUT	provider_construct_condition	read_site	1483	1451	900	1483	755	728	740	711	197	703	755	728	900	197	703	0.06936748136723707	0.07782155521224607	0.07597105238172742	0.07359451828974156	0.24661238568724683	0.2603112241052627	0.24277359312913996	0.9089904759154024	0.07106598984771574	625	183	14	78	900	0.07537855360243055	0.07657118055555556	0.24277990174990008	INFINITE	eligible explicit probability subset	0.2609271523178808	0.9656593406593407
2026_all5mer	seed_29	canonical	5mers_A_RNA_sparse_seq_10	POSTHOC_ROBUSTNESS_ANALYSIS	OBSERVED_NATIVE_INPUT	provider_construct_condition	read_site	1437	1410	852	1437	717	720	706	704	151	701	717	720	852	151	701	0.09106766151276645	0.05064127074498763	0.05780604187871369	0.07085446612887704	0.19311743261068195	0.33437895572200754	0.16268877356673023	0.9044789373742337	0.11258278145695365	646	134	17	55	852	0.05733955634032057	0.058280156811638055	0.18982082039963533	0.19660166862481068	eligible explicit probability subset	0.2105997210599721	0.9736111111111111
2026_all5mer	seed_29	canonical	5mers_A_RNA_sparse_seq_11	POSTHOC_ROBUSTNESS_ANALYSIS	OBSERVED_NATIVE_INPUT	provider_construct_condition	read_site	1514	1498	981	1514	753	761	745	753	232	749	753	761	981	232	749	0.08834233777276401	0.06227409760051162	0.06843906367590669	0.07530821768663781	0.2181324233286953	0.2905155828652017	0.19571200542152642	0.898266654389761	0.1206896551724138	687	204	28	62	981	0.06791038396526185	0.06897537278108276	0.2151562766653886	0.22113348854431938	eligible explicit probability subset	0.30810092961487384	0.9842312746386334
2026_all5mer	seed_29	canonical	5mers_A_RNA_sparse_seq_12	POSTHOC_ROBUSTNESS_ANALYSIS	OBSERVED_NATIVE_INPUT	provider_construct_condition	read_site	1531	1511	947	1531	768	763	760	751	207	740	768	763	947	207	740	0.11474179991201502	0.07081713289827914	0.08041840646939141	0.09277946640514709	0.2561424042914074	0.3828367041795894	0.22070224202538893	0.8724180702441572	0.1497584541062802	662	176	31	78	947	0.07977523723147109	0.081069205101843	0.25295787907539524	0.2593905031659871	eligible explicit probability subset	0.26953125	0.9698558322411533
2026_all5mer	seed_29	canonical	5mers_A_RNA_sparse_seq_13	POSTHOC_ROBUSTNESS_ANALYSIS	OBSERVED_NATIVE_INPUT	provider_construct_condition	read_site	1506	1469	879	1506	754	752	737	732	158	721	754	752	879	158	721	0.10418522508838508	0.06435937656608931	0.07151806151093883	0.08427230082723719	0.2215906561768896	0.3319056646996407	0.19741621602904677	0.879364981829035	0.14556962025316456	652	135	23	69	879	0.0709845290113499	0.07205922340505902	0.2185028299338758	0.22474401355689375	eligible explicit probability subset	0.20954907161803712	0.9587765957446809
2026_all5mer	seed_29	canonical	5mers_A_RNA_sparse_seq_14	POSTHOC_ROBUSTNESS_ANALYSIS	OBSERVED_NATIVE_INPUT	provider_construct_condition	read_site	1518	1496	930	1518	749	769	741	755	184	746	749	769	930	184	746	0.10250804735266644	0.06520404764538476	0.07258462393155662	0.0838560474990256	0.2299432930076751	0.3301488630476217	0.20522771004876067	0.8905831099195711	0.125	676	161	23	70	930	0.07202153359690021	0.07315534366074429	0.22687443496232615	0.23304960282190101	eligible explicit probability subset	0.24566088117489987	0.9700910273081924
2026_all5mer	seed_29	canonical	5mers_A_RNA_sparse_seq_15	POSTHOC_ROBUSTNESS_ANALYSIS	OBSERVED_NATIVE_INPUT	provider_construct_condition	read_site	1508	1482	1008	1508	742	766	732	750	266	742	742	766	1008	266	742	0.10212549768892445	0.09038302069404376	0.09348172990102617	0.09625425919148412	0.2904500442514841	0.3354559927164203	0.2743158363112239	0.8676408001134912	0.13533834586466165	646	230	36	96	1008	0.09276262919108073	0.09420846000550286	0.2871955045576477	0.29374534097000704	eligible explicit probability subset	0.3584905660377358	0.9686684073107049
2026_all5mer	seed_29	canonical	5mers_A_RNA_sparse_seq_16	POSTHOC_ROBUSTNESS_ANALYSIS	OBSERVED_NATIVE_INPUT	provider_construct_condition	read_site	1467	1441	1014	1467	711	756	701	740	286	728	711	756	1014	286	728	0.0816997981571651	0.08119788536658654	0.08133945051264715	0.08144884176187582	0.26300526446845207	0.2860017990265748	0.25397091160633245	0.8937312687312687	0.0944055944055944	642	259	27	86	1014	0.08069839327057908	0.08198813714924649	0.25969569724030434	0.266363147389698	eligible explicit probability subset	0.4022503516174402	0.9629629629629629
2026_all5mer	seed_29	canonical	5mers_A_RNA_sparse_seq_17	POSTHOC_ROBUSTNESS_ANALYSIS	OBSERVED_NATIVE_INPUT	provider_construct_condition	read_site	1465	1442	915	1465	736	729	725	717	205	710	736	729	915	205	710	0.07817407003263148	0.065377968801579	0.0682448548697383	0.07177601941710524	0.2148976008879269	0.2562293641814893	0.2029637819087997	0.8977499141188594	0.1073170731707317	641	183	22	69	915	0.0677368831113388	0.06876045602266906	0.21182689270245617	0.21801197273353898	eligible explicit probability subset	0.27853260869565216	0.9739368998628258
2026_all5mer	seed_29	canonical	5mers_A_RNA_sparse_seq_18	POSTHOC_ROBUSTNESS_ANALYSIS	OBSERVED_NATIVE_INPUT	provider_construct_condition	read_site	1492	1485	935	1492	741	751	738	747	194	741	741	751	935	194	741	0.10317352137614771	0.05502597844874167	0.06501594992244945	0.0790997499124447	0.21436902950637346	0.35818276294381673	0.1767173907926569	0.9030566105986616	0.12371134020618557	689	170	24	52	935	0.0644995051909258	0.06554002404850434	0.2108165886484932	0.21821498443594325	eligible explicit probability subset	0.26180836707152494	0.9866844207723036
2026_all5mer	seed_29	canonical	5mers_A_RNA_sparse_seq_19	POSTHOC_ROBUSTNESS_ANALYSIS	OBSERVED_NATIVE_INPUT	provider_construct_condition	read_site	1519	1469	866	1519	763	756	741	728	141	725	763	756	866	141	725	0.09756937770978778	0.07089585402916218	0.07523877185707004	0.08423261586947497	0.23447748900432935	0.35047486926122967	0.2119179984991943	0.8851357300073368	0.1276595744680851	651	123	18	74	866	0.0746899928562085	0.07579518025246283	0.23066518808985448	INFINITE	eligible explicit probability subset	0.18479685452162517	0.958994708994709
2026_all5mer	seed_29	canonical	5mers_A_RNA_sparse_seq_20	POSTHOC_ROBUSTNESS_ANALYSIS	OBSERVED_NATIVE_INPUT	provider_construct_condition	read_site	1538	1505	1050	1538	766	772	753	752	304	746	766	772	1050	304	746	0.11787796020507812	0.07867878563602233	0.0900278799874442	0.09827837292055022	0.2898310193914045	0.40106208764873824	0.24450361355999775	0.8696865740087484	0.14802631578947367	662	259	45	84	1050	0.08935735793340774	0.0907060314360119	0.28600402585541856	0.2938336052744246	eligible explicit probability subset	0.3968668407310705	0.966321243523316
2026_all5mer	seed_29	canonical	5mers_A_RNA_sparse_seq_21	POSTHOC_ROBUSTNESS_ANALYSIS	OBSERVED_NATIVE_INPUT	provider_construct_condition	read_site	1524	1509	963	1524	771	753	763	746	225	738	771	753	963	225	738	0.09491361829969618	0.046205567150581175	0.05758595293308468	0.07055959272513868	0.18995082322741488	0.322273519264578	0.149608537850231	0.9039024390243903	0.12444444444444444	688	197	28	50	963	0.05710124078198014	0.05807829447872047	0.1871468737945886	0.19277781664781202	eligible explicit probability subset	0.2918287937743191	0.9800796812749004
2026_all5mer	seed_29	canonical	5mers_A_RNA_sparse_seq_22	POSTHOC_ROBUSTNESS_ANALYSIS	OBSERVED_NATIVE_INPUT	provider_construct_condition	read_site	1480	1447	991	1480	755	725	739	708	295	696	755	725	991	295	696	0.11859843367237155	0.10435819077765805	0.10859721363733563	0.11147831222501481	0.35251736409604123	0.40702516919697684	0.32941419957768486	0.8514294759399961	0.14915254237288136	593	251	44	103	991	0.1077738279771853	0.10942822869201722	0.34831251782481015	0.35684404129870234	eligible explicit probability subset	0.39072847682119205	0.96
2026_all5mer	seed_29	canonical	5mers_A_RNA_sparse_seq_23	POSTHOC_ROBUSTNESS_ANALYSIS	OBSERVED_NATIVE_INPUT	provider_construct_condition	read_site	1522	1498	947	1522	778	744	766	732	227	720	778	744	947	227	720	0.12632951442365603	0.09164818657769097	0.09996145101384099	0.1089888505006735	0.31189245755480144	0.4182832151088071	0.2783498159370803	0.8490577581987274	0.16299559471365638	620	190	37	100	947	0.09921989722891368	0.10071063419329956	0.30838563087855386	0.3154402341557275	eligible explicit probability subset	0.2917737789203085	0.967741935483871
2026_all5mer	seed_29	canonical	5mers_A_RNA_sparse_seq_24	POSTHOC_ROBUSTNESS_ANALYSIS	OBSERVED_NATIVE_INPUT	provider_construct_condition	read_site	1530	1504	1029	1530	760	770	752	752	279	750	760	770	1029	279	750	0.10709262150590138	0.055862457275390624	0.06975285165859034	0.081477539390646	0.22913187004257976	0.35933187241703957	0.1806974691592807	0.8845232974910394	0.14695340501792115	687	238	41	63	1029	0.06918776857841351	0.07032556413329841	0.22595057568033816	0.23236629268711392	eligible explicit probability subset	0.3671052631578947	0.974025974025974
2026_all5mer	seed_29	canonical	5mers_A_RNA_sparse_seq_25	POSTHOC_ROBUSTNESS_ANALYSIS	OBSERVED_NATIVE_INPUT	provider_construct_condition	read_site	1494	1476	956	1494	736	758	726	750	217	739	736	758	956	217	739	0.08545500232327369	0.08357176309670744	0.08399923476215188	0.08451338270999056	0.2661460345038569	0.292819703366849	0.25831357693515694	0.8884156569782307	0.10138248847926268	649	195	22	90	956	0.08337849253889906	0.08462760637993592	0.2626793088157332	0.269690964368455	eligible explicit probability subset	0.29483695652173914	0.974934036939314
2026_all5mer	seed_29	canonical	5mers_A_RNA_sparse_seq_26	POSTHOC_ROBUSTNESS_ANALYSIS	OBSERVED_NATIVE_INPUT	provider_construct_condition	read_site	1520	1501	982	1520	754	766	748	753	236	746	754	766	982	236	746	0.09593129562119306	0.06931688446781271	0.07571301586516277	0.08262409004450288	0.2410875843887339	0.31575119108703253	0.21746746216246246	0.8742388785386468	0.1483050847457627	669	201	35	77	982	0.07510882531067019	0.07632483581418661	0.23797736606114864	0.24425858080167268	eligible explicit probability subset	0.3129973474801061	0.9738903394255874
2026_all5mer	seed_29	canonical	5mers_A_RNA_sparse_seq_27	POSTHOC_ROBUSTNESS_ANALYSIS	OBSERVED_NATIVE_INPUT	provider_construct_condition	read_site	1534	1512	935	1534	768	766	757	755	189	746	768	766	935	189	746	0.11162871910781456	0.04290060702981003	0.05679324144985587	0.0772646630688123	0.18537115535481788	0.36493549894452915	0.13987831227377842	0.8844773536462545	0.164021164021164	696	158	31	50	935	0.056316649085060164	0.05727746320918282	0.18261724184859005	0.18814657853799482	eligible explicit probability subset	0.24609375	0.9738903394255874
2026_all5mer	seed_29	canonical	5mers_A_RNA_sparse_seq_28	POSTHOC_ROBUSTNESS_ANALYSIS	OBSERVED_NATIVE_INPUT	provider_construct_condition	read_site	1507	1486	898	1507	742	765	731	755	164	734	742	765	898	164	734	0.07699184882931592	0.07832609795094836	0.07808242661915803	0.07765897339013214	0.2527081119520274	0.2751822647668966	0.2476866391160076	0.900777563633947	0.08536585365853659	651	150	14	83	898	0.07753998346477416	0.07863249916807315	0.2483537529800396	0.25747872105980274	eligible explicit probability subset	0.2210242587601078	0.9594771241830066
2026_all5mer	seed_29	canonical	5mers_A_RNA_sparse_seq_29	POSTHOC_ROBUSTNESS_ANALYSIS	OBSERVED_NATIVE_INPUT	provider_construct_condition	read_site	1537	1518	910	1537	760	777	750	768	145	765	760	777	910	145	765	0.09772194171773976	0.04925882676068474	0.05698097145164406	0.07349038423921225	0.18528401749240903	0.32975585785227884	0.15790046605164937	0.9088798737885959	0.1103448275862069	710	129	16	55	910	0.05653341104696085	0.057436161250858514	0.1823941909555583	0.18820188506477323	eligible explicit probability subset	0.19078947368421054	0.9845559845559846
2026_all5mer	seed_29	canonical	5mers_A_RNA_sparse_seq_30	POSTHOC_ROBUSTNESS_ANALYSIS	OBSERVED_NATIVE_INPUT	provider_construct_condition	read_site	1481	1453	996	1481	748	733	730	723	279	717	748	733	996	279	717	0.06534807485491571	0.10453464928364986	0.09355768716957674	0.0849413620692828	0.30037364319432813	0.24381546312704938	0.3223816379485412	0.8827702044060527	0.08243727598566308	608	256	23	109	996	0.09285414362528238	0.09426886010840235	0.2965573157204821	0.3043665430674639	eligible explicit probability subset	0.3729946524064171	0.9781718963165075
2026_all5mer	seed_29	canonical	5mers_A_RNA_sparse_seq_31	POSTHOC_ROBUSTNESS_ANALYSIS	OBSERVED_NATIVE_INPUT	provider_construct_condition	read_site	1525	1509	906	1525	759	766	752	757	156	750	759	766	906	156	750	0.08119759192833534	0.05551769002278646	0.0599393949866558	0.06835764097556091	0.194107590230898	0.28872654737575953	0.1744268471447668	0.9036410256410257	0.11538461538461539	692	138	18	58	906	0.05948632179243412	0.060400097575408734	0.19098832605852503	0.19729349748292221	eligible explicit probability subset	0.20553359683794467	0.97911227154047
2026_all5mer	seed_29	canonical	5mers_A_RNA_sparse_seq_32	POSTHOC_ROBUSTNESS_ANALYSIS	OBSERVED_NATIVE_INPUT	provider_construct_condition	read_site	1521	1493	1016	1521	756	765	739	754	264	752	756	765	1016	264	752	0.10397951530687737	0.07918645980510305	0.08562874981737513	0.0915829875559902	0.2729316666250691	0.3544890726399052	0.24429981132198836	0.8832406511927788	0.10984848484848485	659	235	29	93	1016	0.08494829192874938	0.08631683710053212	0.2696017195114943	0.27639691694888924	eligible explicit probability subset	0.3492063492063492	0.9830065359477124
2026_all5mer	seed_29	canonical	ALL	POSTHOC_ROBUSTNESS_ANALYSIS	OBSERVED_NATIVE_INPUT	provider_construct_condition	read_site	48334	47565	30450	48334	24163	24171	23813	23752	6931	23519	24163	24171	30450	6931	23519	0.0938754535103202	0.06990992187100348	0.0753649333584289	0.08189268769066184	0.2416624648890758	0.32155729844310643	0.2181176249144601	0.8894332918048454	0.11989611888616361	21138	6100	831	2381	30450	0.07478075700831922	0.07595673910306984	0.23834138519977893	INFINITE	eligible explicit probability subset	0.28684352108595784	0.9730255264573249
2026_all5mer	seed_29	high_p_filter	5mers_A_RNA_sparse_seq_01	POSTHOC_ROBUSTNESS_ANALYSIS	CONTROLLED_ERROR_INJECTION	provider_construct_condition	read_site	1534	1500	989	549	766	768	750	750	246	743	0	549	549	0	549		0.0007793725296882116	0.0007793725296882116		0.017701253344693694		0.017701253344693694			549	0	0	0	549	0.0007156344276525501	0.000850740026255123	0.01571469738368674	0.019691765729905077	selected p>=0.9 subset; whole-population claim invalid	0.32114882506527415	0.9674479166666666
2026_all5mer	seed_29	high_p_filter	5mers_A_RNA_sparse_seq_02	POSTHOC_ROBUSTNESS_ANALYSIS	CONTROLLED_ERROR_INJECTION	provider_construct_condition	read_site	1536	1520	977	507	762	774	754	766	219	758	5	502	507	5	502	0.8986000061035156	0.0010773404185990413	0.009928648758686976	0.44983867326105736	0.053448777440507717	3.3137368060603065	0.02097578910764119	0.5	1.0	502	0	5	0	507	0.009817029362364399	0.010047897549540804	0.050702269735853366	0.05632454869791725	selected p>=0.9 subset; whole-population claim invalid	0.2874015748031496	0.979328165374677
2026_all5mer	seed_29	high_p_filter	5mers_A_RNA_sparse_seq_03	POSTHOC_ROBUSTNESS_ANALYSIS	CONTROLLED_ERROR_INJECTION	provider_construct_condition	read_site	1501	1479	916	521	764	737	757	722	200	716	2	519	521	2	519	0.9313850402832031	0.0007745158465611452	0.004346917091999311	0.46607977806488216	0.031160805856080418	3.5817216355186137	0.017478490520193974	0.5	1.0	519	0	2	0	521	0.004269825062230086	0.004431638516299784	0.028860947428522823	0.033506463753296904	selected p>=0.9 subset; whole-population claim invalid	0.2617801047120419	0.9715061058344641
2026_all5mer	seed_29	high_p_filter	5mers_A_RNA_sparse_seq_04	POSTHOC_ROBUSTNESS_ANALYSIS	CONTROLLED_ERROR_INJECTION	provider_construct_condition	read_site	1495	1467	941	509	766	729	753	714	233	708	4	505	509	4	505	0.9203910827636719	0.001033798066696318	0.008258609734256047	0.4607124404151841	0.04739764399319264	3.4575219583011836	0.020386758335307564	0.5	1.0	505	0	4	0	509	0.008156077566690201	0.008368771296353144	0.04479967986696663	0.05009403040155546	selected p>=0.9 subset; whole-population claim invalid	0.304177545691906	0.9711934156378601
2026_all5mer	seed_29	high_p_filter	5mers_A_RNA_sparse_seq_05	POSTHOC_ROBUSTNESS_ANALYSIS	CONTROLLED_ERROR_INJECTION	provider_construct_condition	read_site	1521	1507	981	558	756	765	745	762	222	759	0	558	558	0	558		0.0007615038143691196	0.0007615038143691196		0.016744257869682273		0.016744257869682273			558	0	0	0	558	0.0007014667688732079	0.0008291702543962813	0.014759587213526128	0.018732877487614118	selected p>=0.9 subset; whole-population claim invalid	0.29365079365079366	0.9921568627450981
2026_all5mer	seed_29	high_p_filter	5mers_A_RNA_sparse_seq_06	POSTHOC_ROBUSTNESS_ANALYSIS	CONTROLLED_ERROR_INJECTION	provider_construct_condition	read_site	1531	1496	963	534	761	770	747	749	221	742	4	530	534	4	530	0.9161567687988281	0.0008379234457915684	0.007694244384765625	0.45849734612230986	0.041764059169093044	3.2419291693848287	0.017611869658030885	0.5	1.0	530	0	4	0	534	0.007603477449452833	0.007792640714609667	0.039382586300318115	0.04418121349660543	selected p>=0.9 subset; whole-population claim invalid	0.290407358738502	0.9636363636363636
2026_all5mer	seed_29	high_p_filter	5mers_A_RNA_sparse_seq_07	POSTHOC_ROBUSTNESS_ANALYSIS	CONTROLLED_ERROR_INJECTION	provider_construct_condition	read_site	1535	1519	961	511	768	767	763	756	210	751	1	510	511	1	510	0.8752479553222656	0.0007585562911688112	0.0024698858391748717	0.43800325580671723	0.0216702881376153	2.7418170635730275	0.016336667009310572	0.5	1.0	510	0	1	0	511	0.0024044089121361303	0.002542992160744863	0.019631872820325063	0.023714439439278808	selected p>=0.9 subset; whole-population claim invalid	0.2734375	0.9791395045632334
2026_all5mer	seed_29	high_p_filter	5mers_A_RNA_sparse_seq_08	POSTHOC_ROBUSTNESS_ANALYSIS	CONTROLLED_ERROR_INJECTION	provider_construct_condition	read_site	1528	1512	916	571	778	750	772	740	179	737	2	569	571	2	569	0.9348335266113281	0.000759191797990581	0.0040309057553052485	0.46779635920465934	0.02881353432736605	3.4716298806757475	0.016712246642485974	0.5	1.0	569	0	2	0	571	0.003957985579028021	0.004111455326113726	0.026608959181937914	0.031039891902615076	selected p>=0.9 subset; whole-population claim invalid	0.2300771208226221	0.9826666666666667
2026_all5mer	seed_29	high_p_filter	5mers_A_RNA_sparse_seq_09	POSTHOC_ROBUSTNESS_ANALYSIS	CONTROLLED_ERROR_INJECTION	provider_construct_condition	read_site	1483	1451	900	475	755	728	740	711	197	703	2	473	475	2	473	0.9104652404785156	0.0008553390019035743	0.00468527542917352	0.4556602897402096	0.03671091412214284	4.313250824184479	0.018628292937946916	0.5	1.0	473	0	2	0	475	0.004602693256578947	0.004775486996299342	0.0332272630937154	INFINITE	selected p>=0.9 subset; whole-population claim invalid	0.2609271523178808	0.9656593406593407
2026_all5mer	seed_29	high_p_filter	5mers_A_RNA_sparse_seq_10	POSTHOC_ROBUSTNESS_ANALYSIS	CONTROLLED_ERROR_INJECTION	provider_construct_condition	read_site	1437	1410	852	561	717	720	706	704	151	701	3	558	561	3	558	0.9252662658691406	0.0006569346219408042	0.005601369548396418	0.4629616002455407	0.033306405306327315	3.483365204105592	0.014757702086976424	0.5	1.0	558	0	3	0	561	0.005529094294855727	0.00568127419646836	0.03093570649277357	0.03572701309551957	selected p>=0.9 subset; whole-population claim invalid	0.2105997210599721	0.9736111111111111
2026_all5mer	seed_29	high_p_filter	5mers_A_RNA_sparse_seq_11	POSTHOC_ROBUSTNESS_ANALYSIS	CONTROLLED_ERROR_INJECTION	provider_construct_condition	read_site	1514	1498	981	570	753	761	745	753	232	749	2	568	570	2	568	0.8427009582519531	0.000807157704527949	0.0037611710397820724	0.42175405797824056	0.02645249690936285	2.5032125570895247	0.017731510781967916	0.5	1.0	568	0	2	0	570	0.003685024328399123	0.003844947145696272	0.024389849176313625	0.02852110802156197	selected p>=0.9 subset; whole-population claim invalid	0.30810092961487384	0.9842312746386334
2026_all5mer	seed_29	high_p_filter	5mers_A_RNA_sparse_seq_12	POSTHOC_ROBUSTNESS_ANALYSIS	CONTROLLED_ERROR_INJECTION	provider_construct_condition	read_site	1531	1511	947	505	768	763	760	751	207	740	5	500	505	5	500	0.8647560119628906	0.000969390869140625	0.009521733652247061	0.4328627014160156	0.048681316560173736	2.908219170046391	0.020085938025311566	0.5	1.0	500	0	5	0	505	0.00941388725054146	0.00963720944848391	0.0461613123579232	0.05129093227812435	selected p>=0.9 subset; whole-population claim invalid	0.26953125	0.9698558322411533
2026_all5mer	seed_29	high_p_filter	5mers_A_RNA_sparse_seq_13	POSTHOC_ROBUSTNESS_ANALYSIS	CONTROLLED_ERROR_INJECTION	provider_construct_condition	read_site	1506	1469	879	544	754	752	737	732	158	721	0	544	544	0	544		0.0006707135368795955	0.0006707135368795955		0.01492786905519088		0.01492786905519088			544	0	0	0	544	0.0006175882676068475	0.0007314682006835938	0.01294683367916408	0.016912838780399262	selected p>=0.9 subset; whole-population claim invalid	0.20954907161803712	0.9587765957446809
2026_all5mer	seed_29	high_p_filter	5mers_A_RNA_sparse_seq_14	POSTHOC_ROBUSTNESS_ANALYSIS	CONTROLLED_ERROR_INJECTION	provider_construct_condition	read_site	1518	1496	930	523	749	769	741	755	184	746	3	520	523	3	520	0.8569068908691406	0.0006996741661658654	0.00561099663291333	0.42880328251765326	0.030792130060905153	2.72775924772712	0.015232704382061604	0.5	1.0	520	0	3	0	523	0.005536343809751434	0.005693278850606477	0.028622679194861864	0.03297554397080646	selected p>=0.9 subset; whole-population claim invalid	0.24566088117489987	0.9700910273081924
2026_all5mer	seed_29	high_p_filter	5mers_A_RNA_sparse_seq_15	POSTHOC_ROBUSTNESS_ANALYSIS	CONTROLLED_ERROR_INJECTION	provider_construct_condition	read_site	1508	1482	1008	492	742	766	732	750	266	742	1	491	492	1	491	0.8319435119628906	0.001195491938387061	0.0028840041742092225	0.41656950195063885	0.02823137240203313	2.431662135269188	0.023336401398230372	0.5	1.0	491	0	1	0	492	0.0027920482604484246	0.0029835894825012703	0.026192771064813783	0.030274972599249904	selected p>=0.9 subset; whole-population claim invalid	0.3584905660377358	0.9686684073107049
2026_all5mer	seed_29	high_p_filter	5mers_A_RNA_sparse_seq_16	POSTHOC_ROBUSTNESS_ANALYSIS	CONTROLLED_ERROR_INJECTION	provider_construct_condition	read_site	1467	1441	1014	495	711	756	701	740	286	728	2	493	495	2	493	0.9499244689941406	0.0010991048135815479	0.004932742648654514	0.4755117869038611	0.03751065973060473	3.72310566434329	0.022558955857936634	0.5	1.0	493	0	2	0	495	0.004835648970170455	0.005037465721669823	0.03519403738173642	0.03986336061039325	selected p>=0.9 subset; whole-population claim invalid	0.4022503516174402	0.9629629629629629
2026_all5mer	seed_29	high_p_filter	5mers_A_RNA_sparse_seq_17	POSTHOC_ROBUSTNESS_ANALYSIS	CONTROLLED_ERROR_INJECTION	provider_construct_condition	read_site	1465	1442	915	540	736	729	725	717	205	710	1	539	540	1	539	0.8752479553222656	0.000704360140940254	0.0023238853172019677	0.4379761577316029	0.02053832032251736	2.7418170635730275	0.015489565696820681	0.5	1.0	539	0	1	0	540	0.002261974193431713	0.002393425835503472	0.018504544046033897	0.022577729489998578	selected p>=0.9 subset; whole-population claim invalid	0.27853260869565216	0.9739368998628258
2026_all5mer	seed_29	high_p_filter	5mers_A_RNA_sparse_seq_18	POSTHOC_ROBUSTNESS_ANALYSIS	CONTROLLED_ERROR_INJECTION	provider_construct_condition	read_site	1492	1485	935	560	741	751	738	747	194	741	3	557	560	3	557	0.9552955627441406	0.0005711567466092067	0.005685751778738839	0.47793335974537493	0.036380788061968004	4.150525204175633	0.01422202100929117	0.5	1.0	557	0	3	0	560	0.005615016392299107	0.005764116559709822	0.03358964155837525	0.03942584800941703	selected p>=0.9 subset; whole-population claim invalid	0.26180836707152494	0.9866844207723036
2026_all5mer	seed_29	high_p_filter	5mers_A_RNA_sparse_seq_19	POSTHOC_ROBUSTNESS_ANALYSIS	CONTROLLED_ERROR_INJECTION	provider_construct_condition	read_site	1519	1469	866	548	763	756	741	728	141	725	1	547	548	1	547	0.9960975646972656	0.0004870747735339065	0.0023038822368983804	0.4982923197353998	0.022654912353362595	6.238324625039508	0.011291713609877869	0.5	1.0	547	0	1	0	548	0.0022575489795991104	0.0023578448887289004	0.01941989616015687	INFINITE	selected p>=0.9 subset; whole-population claim invalid	0.18479685452162517	0.958994708994709
2026_all5mer	seed_29	high_p_filter	5mers_A_RNA_sparse_seq_20	POSTHOC_ROBUSTNESS_ANALYSIS	CONTROLLED_ERROR_INJECTION	provider_construct_condition	read_site	1538	1505	1050	514	766	772	753	752	304	746	10	504	514	10	504	0.8984169006347656	0.0008128938220796131	0.01827600679508907	0.4496148972284226	0.08035797574976623	3.246058621495508	0.017546455000842797	0.5	1.0	504	0	10	0	514	0.018142254899911843	0.018417388084797544	0.07699125533677251	0.0840251011307663	selected p>=0.9 subset; whole-population claim invalid	0.3968668407310705	0.966321243523316
2026_all5mer	seed_29	high_p_filter	5mers_A_RNA_sparse_seq_21	POSTHOC_ROBUSTNESS_ANALYSIS	CONTROLLED_ERROR_INJECTION	provider_construct_condition	read_site	1524	1509	963	581	771	753	763	746	225	738	4	577	581	4	577	0.8903007507324219	0.0007313177945089092	0.006855720086680427	0.44551603426346537	0.036130770441673475	2.9393630864984748	0.016004376569529275	0.5	1.0	577	0	4	0	581	0.006773562931973429	0.006945506635918675	0.033892676306753536	0.0383856330888187	selected p>=0.9 subset; whole-population claim invalid	0.2918287937743191	0.9800796812749004
2026_all5mer	seed_29	high_p_filter	5mers_A_RNA_sparse_seq_22	POSTHOC_ROBUSTNESS_ANALYSIS	CONTROLLED_ERROR_INJECTION	provider_construct_condition	read_site	1480	1447	991	406	755	725	739	708	295	696	10	396	406	10	396	0.9085395812988282	0.001533623897668087	0.02387367210951932	0.45503660259824813	0.10708115830551984	3.2390316075604795	0.027991500496051164	0.5	1.0	396	0	10	0	406	0.02368224195658867	0.02407273165698122	0.10371602959521876	0.11056404385201467	selected p>=0.9 subset; whole-population claim invalid	0.39072847682119205	0.96
2026_all5mer	seed_29	high_p_filter	5mers_A_RNA_sparse_seq_23	POSTHOC_ROBUSTNESS_ANALYSIS	CONTROLLED_ERROR_INJECTION	provider_construct_condition	read_site	1522	1498	947	475	778	744	766	732	227	720	7	468	475	7	468	0.8904849461146763	0.0012131715432191507	0.014318229273745889	0.44584905882894776	0.0664665563289199	2.960947127800053	0.023173043507770472	0.5	1.0	468	0	7	0	475	0.014181004574424342	0.014463083367598684	0.06390277004354464	0.06906441700478046	selected p>=0.9 subset; whole-population claim invalid	0.2917737789203085	0.967741935483871
2026_all5mer	seed_29	high_p_filter	5mers_A_RNA_sparse_seq_24	POSTHOC_ROBUSTNESS_ANALYSIS	CONTROLLED_ERROR_INJECTION	provider_construct_condition	read_site	1530	1504	1029	563	760	770	752	752	279	750	5	558	563	5	558	0.9439186096191406	0.0008711592698182684	0.009246358651250971	0.47239488444447947	0.05122587148708084	3.6360270888278294	0.019103996779726466	0.5	1.0	558	0	5	0	563	0.009144269763682282	0.00935607693335091	0.048577053561042874	0.05394229391880384	selected p>=0.9 subset; whole-population claim invalid	0.3671052631578947	0.974025974025974
2026_all5mer	seed_29	high_p_filter	5mers_A_RNA_sparse_seq_25	POSTHOC_ROBUSTNESS_ANALYSIS	CONTROLLED_ERROR_INJECTION	provider_construct_condition	read_site	1494	1476	956	523	736	758	726	750	217	739	2	521	523	2	521	0.8213233947753906	0.0007607209247728227	0.003898627899344975	0.41104205785008174	0.02586182823179224	2.369080563792185	0.016866746713326244	0.5	1.0	521	0	2	0	523	0.0038248211658251673	0.003980064027396033	0.023805355225984075	0.02792391575664197	selected p>=0.9 subset; whole-population claim invalid	0.29483695652173914	0.974934036939314
2026_all5mer	seed_29	high_p_filter	5mers_A_RNA_sparse_seq_26	POSTHOC_ROBUSTNESS_ANALYSIS	CONTROLLED_ERROR_INJECTION	provider_construct_condition	read_site	1520	1501	982	512	754	766	748	753	236	746	1	511	512	1	511	0.9196510314941406	0.0007818636362333354	0.0025765299797058105	0.460216447565187	0.0239144945426322	3.1938021873160847	0.017711191817048146	0.5	1.0	511	0	1	0	512	0.002505570650100708	0.002655118703842163	0.021840940395030015	0.025996431335104014	selected p>=0.9 subset; whole-population claim invalid	0.3129973474801061	0.9738903394255874
2026_all5mer	seed_29	high_p_filter	5mers_A_RNA_sparse_seq_27	POSTHOC_ROBUSTNESS_ANALYSIS	CONTROLLED_ERROR_INJECTION	provider_construct_condition	read_site	1534	1512	935	587	768	766	757	755	189	746	3	584	587	3	584	0.8930498758951823	0.0007150728408604452	0.005275557353914901	0.44688247436802137	0.03102245987172222	2.991982771691861	0.015812047311002324	0.5	1.0	584	0	3	0	587	0.005200517644670996	0.005358226457690056	0.028839157422730695	0.0332199062186687	selected p>=0.9 subset; whole-population claim invalid	0.24609375	0.9738903394255874
2026_all5mer	seed_29	high_p_filter	5mers_A_RNA_sparse_seq_28	POSTHOC_ROBUSTNESS_ANALYSIS	CONTROLLED_ERROR_INJECTION	provider_construct_condition	read_site	1507	1486	898	549	742	765	731	755	164	734	2	547	549	2	547	0.9170112609863281	0.000573941079092636	0.003912510550521545	0.45879260103271036	0.026182255484040896	3.6018248457576343	0.013108607987610935	0.5	1.0	547	0	2	0	549	0.0038528581351747497	0.00397979236039959	0.02383385846937634	0.028610112829598418	selected p>=0.9 subset; whole-population claim invalid	0.2210242587601078	0.9594771241830066
2026_all5mer	seed_29	high_p_filter	5mers_A_RNA_sparse_seq_29	POSTHOC_ROBUSTNESS_ANALYSIS	CONTROLLED_ERROR_INJECTION	provider_construct_condition	read_site	1537	1518	910	617	760	777	750	768	145	765	3	614	617	3	614	0.836724599202474	0.0006599923298490941	0.004725136285469636	0.41869229576616157	0.027248947928630897	2.4633513636701982	0.015346167395691643	0.5	1.0	614	0	3	0	617	0.004653262937474676	0.004804639027995847	0.02516631041433698	0.029338078805133713	selected p>=0.9 subset; whole-population claim invalid	0.19078947368421054	0.9845559845559846
2026_all5mer	seed_29	high_p_filter	5mers_A_RNA_sparse_seq_30	POSTHOC_ROBUSTNESS_ANALYSIS	CONTROLLED_ERROR_INJECTION	provider_construct_condition	read_site	1481	1453	996	441	748	733	730	723	279	717	3	438	441	3	438	0.9299151102701823	0.0011350553329676797	0.007453286999207235	0.46552508280157495	0.04586369321868232	3.4715645617552866	0.02239998863966448	0.5	1.0	438	0	3	0	441	0.0073468820308071146	0.007567321362138606	0.043392939755975114	0.048393092209117035	selected p>=0.9 subset; whole-population claim invalid	0.3729946524064171	0.9781718963165075
2026_all5mer	seed_29	high_p_filter	5mers_A_RNA_sparse_seq_31	POSTHOC_ROBUSTNESS_ANALYSIS	CONTROLLED_ERROR_INJECTION	provider_construct_condition	read_site	1525	1509	906	611	759	766	752	757	156	750	1	610	611	1	610	0.9728431701660156	0.0007040180143762807	0.00229508045652299	0.48677359409019594	0.02311355975287539	4.292414475984194	0.01611470579184044	0.5	1.0	610	0	1	0	611	0.002231179594798486	0.002366610712778744	0.020914878394310086	0.025349925107795417	selected p>=0.9 subset; whole-population claim invalid	0.20553359683794467	0.97911227154047
2026_all5mer	seed_29	high_p_filter	5mers_A_RNA_sparse_seq_32	POSTHOC_ROBUSTNESS_ANALYSIS	CONTROLLED_ERROR_INJECTION	provider_construct_condition	read_site	1521	1493	1016	489	756	765	739	754	264	752	3	486	489	3	486	0.9059588114420573	0.0010785860289271477	0.006629998454774572	0.4535186987354922	0.043930863133616674	3.5157793866240517	0.022499699408367074	0.5	1.0	486	0	3	0	489	0.006525862680134841	0.006741763623945552	0.04123531075624151	0.04687545230170128	selected p>=0.9 subset; whole-population claim invalid	0.3492063492063492	0.9830065359477124
2026_all5mer	seed_29	high_p_filter	ALL	POSTHOC_ROBUSTNESS_ANALYSIS	CONTROLLED_ERROR_INJECTION	provider_construct_condition	read_site	48334	47565	30450	16941	24163	24171	23813	23752	6931	23519	95	16846	16941	95	16846	0.9025515506142064	0.0008306407056652451	0.005887218619679259	0.45169109565993587	0.03599988606437733	3.2695071271505065	0.017765101076654296	0.5	1.0	16846	0	95	0	16941	0.005802917210258212	0.005979149423631556	0.03359372866348951	INFINITE	selected p>=0.9 subset; whole-population claim invalid	0.28684352108595784	0.9730255264573249
2026_all5mer	seed_29	missing_zero	5mers_A_RNA_sparse_seq_01	POSTHOC_ROBUSTNESS_ANALYSIS	CONTROLLED_ERROR_INJECTION	provider_construct_condition	read_site	1534	1500	989	1534	766	768	750	750	246	743	766	768	1500	750	750	0.02409642537434896	0.07034984842936198	0.04722313690185547	0.04722313690185547	INFINITE	0.08348282279411204	INFINITE	0.9380000000000001	0.030666666666666665	680	727	23	70	989					invalid probability: missing replaced by zero	0.32114882506527415	0.9674479166666666
2026_all5mer	seed_29	missing_zero	5mers_A_RNA_sparse_seq_02	POSTHOC_ROBUSTNESS_ANALYSIS	CONTROLLED_ERROR_INJECTION	provider_construct_condition	read_site	1536	1520	977	1536	762	774	754	766	219	758	762	774	1520	754	766	0.026640889499168496	0.09240267482189846	0.05978136815522846	0.05952178216053348	INFINITE	0.09271837951250277	INFINITE	0.9194115284193612	0.038461538461538464	672	725	29	94	977					invalid probability: missing replaced by zero	0.2874015748031496	0.979328165374677
2026_all5mer	seed_29	missing_zero	5mers_A_RNA_sparse_seq_03	POSTHOC_ROBUSTNESS_ANALYSIS	CONTROLLED_ERROR_INJECTION	provider_construct_condition	read_site	1501	1479	916	1501	764	737	757	722	200	716	764	737	1479	757	722	0.019006000957211857	0.06691885654946113	0.04239550855532138	0.042962428753336494	INFINITE	0.07132888478382686	INFINITE	0.9403270308148876	0.023778071334214	653	739	18	69	916					invalid probability: missing replaced by zero	0.2617801047120419	0.9715061058344641
2026_all5mer	seed_29	missing_zero	5mers_A_RNA_sparse_seq_04	POSTHOC_ROBUSTNESS_ANALYSIS	CONTROLLED_ERROR_INJECTION	provider_construct_condition	read_site	1495	1467	941	1495	766	729	753	714	233	708	766	729	1467	753	714	0.02929586686619408	0.08881758575012036	0.05826553781583509	0.05905672630815722	INFINITE	0.10279762223748196	INFINITE	0.9197105136875467	0.034528552456839307	624	727	26	90	941					invalid probability: missing replaced by zero	0.304177545691906	0.9711934156378601
2026_all5mer	seed_29	missing_zero	5mers_A_RNA_sparse_seq_05	POSTHOC_ROBUSTNESS_ANALYSIS	CONTROLLED_ERROR_INJECTION	provider_construct_condition	read_site	1521	1507	981	1521	756	765	745	762	222	759	756	765	1507	745	762	0.02167463878657194	0.0548785302269803	0.038463865911715384	0.038276584506776117	INFINITE	0.07720625633779613	INFINITE	0.9485194384259015	0.026845637583892617	704	725	20	58	981					invalid probability: missing replaced by zero	0.29365079365079366	0.9921568627450981
2026_all5mer	seed_29	missing_zero	5mers_A_RNA_sparse_seq_06	POSTHOC_ROBUSTNESS_ANALYSIS	CONTROLLED_ERROR_INJECTION	provider_construct_condition	read_site	1531	1496	963	1531	761	770	747	749	221	742	761	770	1496	747	749	0.024512830987034075	0.07810156176660026	0.051343017720921154	0.05130719637681717	INFINITE	0.08694871312924012	INFINITE	0.9338743491992001	0.028112449799196786	671	726	21	78	963					invalid probability: missing replaced by zero	0.290407358738502	0.9636363636363636
2026_all5mer	seed_29	missing_zero	5mers_A_RNA_sparse_seq_07	POSTHOC_ROBUSTNESS_ANALYSIS	CONTROLLED_ERROR_INJECTION	provider_construct_condition	read_site	1535	1519	961	1535	768	767	763	756	210	751	768	767	1519	763	756	0.024159452705833265	0.09602872152177114	0.059928489720217096	0.0600940871138022	INFINITE	0.08276524509392764	INFINITE	0.9135054123586234	0.03145478374836173	649	739	24	107	961					invalid probability: missing replaced by zero	0.2734375	0.9791395045632334
2026_all5mer	seed_29	missing_zero	5mers_A_RNA_sparse_seq_08	POSTHOC_ROBUSTNESS_ANALYSIS	CONTROLLED_ERROR_INJECTION	provider_construct_condition	read_site	1528	1512	916	1528	778	750	772	740	179	737	778	750	1512	772	740	0.02289531391519339	0.056564294969713366	0.03937351892864893	0.03972980444245338	INFINITE	0.07612024470197484	INFINITE	0.9466181207113848	0.031088082901554404	684	748	24	56	916					invalid probability: missing replaced by zero	0.2300771208226221	0.9826666666666667
2026_all5mer	seed_29	missing_zero	5mers_A_RNA_sparse_seq_09	POSTHOC_ROBUSTNESS_ANALYSIS	CONTROLLED_ERROR_INJECTION	provider_construct_condition	read_site	1483	1451	900	1483	755	728	740	711	197	703	755	728	1451	740	711	0.018466748418034733	0.08819768398622924	0.05263538741802529	0.053332216202131986	INFINITE	0.06929906911991453	INFINITE	0.9300623408218345	0.01891891891891892	625	726	14	86	900					invalid probability: missing replaced by zero	0.2609271523178808	0.9656593406593407
2026_all5mer	seed_29	missing_zero	5mers_A_RNA_sparse_seq_10	POSTHOC_ROBUSTNESS_ANALYSIS	CONTROLLED_ERROR_INJECTION	provider_construct_condition	read_site	1437	1410	852	1437	717	720	706	704	151	701	717	720	1410	706	704	0.01947764431788631	0.05468683351169933	0.037057267858626994	0.03708223891479282	INFINITE	0.07151731205952286	INFINITE	0.9467671581251609	0.024079320113314446	646	689	17	58	852					invalid probability: missing replaced by zero	0.2105997210599721	0.9736111111111111
2026_all5mer	seed_29	missing_zero	5mers_A_RNA_sparse_seq_11	POSTHOC_ROBUSTNESS_ANALYSIS	CONTROLLED_ERROR_INJECTION	provider_construct_condition	read_site	1514	1498	981	1514	753	761	745	753	232	749	753	761	1498	745	753	0.02751063404467282	0.0672553772945328	0.047489133154916194	0.04738300566960281	INFINITE	0.09046928218084133	INFINITE	0.9373833524960561	0.03758389261744966	687	717	28	66	981					invalid probability: missing replaced by zero	0.30810092961487384	0.9842312746386334
2026_all5mer	seed_29	missing_zero	5mers_A_RNA_sparse_seq_12	POSTHOC_ROBUSTNESS_ANALYSIS	CONTROLLED_ERROR_INJECTION	provider_construct_condition	read_site	1531	1511	947	1531	768	763	760	751	207	740	768	763	1511	760	751	0.03125204287077251	0.08442700179058131	0.05768115878657424	0.05783952233067691	INFINITE	0.10427262863838818	INFINITE	0.9203509355946458	0.04078947368421053	662	729	31	89	947					invalid probability: missing replaced by zero	0.26953125	0.9698558322411533
2026_all5mer	seed_29	missing_zero	5mers_A_RNA_sparse_seq_13	POSTHOC_ROBUSTNESS_ANALYSIS	CONTROLLED_ERROR_INJECTION	provider_construct_condition	read_site	1506	1469	879	1506	754	752	737	732	158	721	754	752	1469	737	732	0.02233550280049504	0.07841954986905791	0.05028208037312133	0.050377526334776476	INFINITE	0.07115481007129339	INFINITE	0.9297513920709418	0.031207598371777476	652	714	23	80	879					invalid probability: missing replaced by zero	0.20954907161803712	0.9587765957446809
2026_all5mer	seed_29	missing_zero	5mers_A_RNA_sparse_seq_14	POSTHOC_ROBUSTNESS_ANALYSIS	CONTROLLED_ERROR_INJECTION	provider_construct_condition	read_site	1518	1496	930	1518	749	769	741	755	184	746	749	769	1496	741	755	0.02545409003089153	0.07634731065358547	0.05113883706975111	0.050900700342238495	INFINITE	0.08198028448146072	INFINITE	0.9321625510541509	0.0310391363022942	676	718	23	79	930					invalid probability: missing replaced by zero	0.24566088117489987	0.9700910273081924
2026_all5mer	seed_29	missing_zero	5mers_A_RNA_sparse_seq_15	POSTHOC_ROBUSTNESS_ANALYSIS	CONTROLLED_ERROR_INJECTION	provider_construct_condition	read_site	1508	1482	1008	1508	742	766	732	750	266	742	742	766	1482	732	750	0.037111178121931564	0.10008560180664063	0.06898082573565073	0.06859838996428609	INFINITE	0.12190067494886311	INFINITE	0.9060765027322404	0.04918032786885246	646	696	36	104	1008					invalid probability: missing replaced by zero	0.3584905660377358	0.9686684073107049
2026_all5mer	seed_29	missing_zero	5mers_A_RNA_sparse_seq_16	POSTHOC_ROBUSTNESS_ANALYSIS	CONTROLLED_ERROR_INJECTION	provider_construct_condition	read_site	1467	1441	1014	1467	711	756	701	740	286	728	711	756	1441	701	740	0.03333258526811586	0.09609737911739864	0.06556433228301473	0.06471498219275726	INFINITE	0.1166854700736097	INFINITE	0.9145255812160235	0.03851640513552068	642	674	27	98	1014					invalid probability: missing replaced by zero	0.4022503516174402	0.9629629629629629
2026_all5mer	seed_29	missing_zero	5mers_A_RNA_sparse_seq_17	POSTHOC_ROBUSTNESS_ANALYSIS	CONTROLLED_ERROR_INJECTION	provider_construct_condition	read_site	1465	1442	915	1465	736	729	725	717	205	710	736	729	1442	725	717	0.022104392216123384	0.0745025911424283	0.04815814299986862	0.04830349167927584	INFINITE	0.07245106159614524	INFINITE	0.931828980907036	0.030344827586206897	641	703	22	76	915					invalid probability: missing replaced by zero	0.27853260869565216	0.9739368998628258
2026_all5mer	seed_29	missing_zero	5mers_A_RNA_sparse_seq_18	POSTHOC_ROBUSTNESS_ANALYSIS	CONTROLLED_ERROR_INJECTION	provider_construct_condition	read_site	1492	1485	935	1492	741	751	738	747	194	741	741	751	1485	738	747	0.02712149477909574	0.06261613123228592	0.04497637251009443	0.04486881300569083	INFINITE	0.0941564444594857	INFINITE	0.9449178829137689	0.032520325203252036	689	714	24	58	935					invalid probability: missing replaced by zero	0.26180836707152494	0.9866844207723036
2026_all5mer	seed_29	missing_zero	5mers_A_RNA_sparse_seq_19	POSTHOC_ROBUSTNESS_ANALYSIS	CONTROLLED_ERROR_INJECTION	provider_construct_condition	read_site	1519	1469	866	1519	763	756	741	728	141	725	763	756	1469	741	728	0.01856583300550618	0.07472457990541563	0.04639671642493033	0.04664520645546091	INFINITE	0.06668955002136759	INFINITE	0.9349696356275303	0.024291497975708502	651	723	18	77	866					invalid probability: missing replaced by zero	0.18479685452162517	0.958994708994709
2026_all5mer	seed_29	missing_zero	5mers_A_RNA_sparse_seq_20	POSTHOC_ROBUSTNESS_ANALYSIS	CONTROLLED_ERROR_INJECTION	provider_construct_condition	read_site	1538	1505	1050	1538	766	772	753	752	304	746	766	772	1505	753	752	0.04758950850244854	0.08602975277190512	0.06679685979190458	0.06680963063717683	INFINITE	0.1619161681875384	INFINITE	0.9102790963804357	0.05976095617529881	662	708	45	90	1050					invalid probability: missing replaced by zero	0.3968668407310705	0.966321243523316
2026_all5mer	seed_29	missing_zero	5mers_A_RNA_sparse_seq_21	POSTHOC_ROBUSTNESS_ANALYSIS	CONTROLLED_ERROR_INJECTION	provider_construct_condition	read_site	1524	1509	963	1524	771	753	763	746	225	738	771	753	1509	763	746	0.027988943797420236	0.056433925679797464	0.042051207869158745	0.04221143473860885	INFINITE	0.09503478615272615	INFINITE	0.9427773815087193	0.03669724770642202	688	735	28	58	963					invalid probability: missing replaced by zero	0.2918287937743191	0.9800796812749004
2026_all5mer	seed_29	missing_zero	5mers_A_RNA_sparse_seq_22	POSTHOC_ROBUSTNESS_ANALYSIS	CONTROLLED_ERROR_INJECTION	provider_construct_condition	read_site	1480	1447	991	1480	755	725	739	708	295	696	755	725	1447	739	708	0.04734308245378838	0.11953856042549435	0.08266747665141645	0.08344082143964136	INFINITE	0.16247960069432768	INFINITE	0.8890153513298624	0.05953991880920163	593	695	44	115	991					invalid probability: missing replaced by zero	0.39072847682119205	0.96
2026_all5mer	seed_29	missing_zero	5mers_A_RNA_sparse_seq_23	POSTHOC_ROBUSTNESS_ANALYSIS	CONTROLLED_ERROR_INJECTION	provider_construct_condition	read_site	1522	1498	947	1522	778	744	766	732	227	720	778	744	1498	766	732	0.03743707542319833	0.10653919991248292	0.07120393465294221	0.07198813766784062	INFINITE	0.12395599194477705	INFINITE	0.8993458317282312	0.048302872062663184	620	729	37	112	947					invalid probability: missing replaced by zero	0.2917737789203085	0.967741935483871
2026_all5mer	seed_29	missing_zero	5mers_A_RNA_sparse_seq_24	POSTHOC_ROBUSTNESS_ANALYSIS	CONTROLLED_ERROR_INJECTION	provider_construct_condition	read_site	1530	1504	1029	1530	760	770	752	752	279	750	760	770	1504	752	752	0.03973250186189692	0.058373461378381605	0.04905298162013926	0.04905298162013926	INFINITE	0.13331594734621546	INFINITE	0.9295212765957446	0.05452127659574468	687	711	41	65	1029					invalid probability: missing replaced by zero	0.3671052631578947	0.974025974025974
2026_all5mer	seed_29	missing_zero	5mers_A_RNA_sparse_seq_25	POSTHOC_ROBUSTNESS_ANALYSIS	CONTROLLED_ERROR_INJECTION	provider_construct_condition	read_site	1494	1476	956	1494	736	758	726	750	217	739	736	758	1476	726	750	0.025542335405165827	0.09701271057128906	0.06185858294892763	0.061277522988227445	INFINITE	0.08752324467025652	INFINITE	0.9175151515151515	0.030303030303030304	649	704	22	101	956					invalid probability: missing replaced by zero	0.29483695652173914	0.974934036939314
2026_all5mer	seed_29	missing_zero	5mers_A_RNA_sparse_seq_26	POSTHOC_ROBUSTNESS_ANALYSIS	CONTROLLED_ERROR_INJECTION	provider_construct_condition	read_site	1520	1501	982	1520	754	766	748	753	236	746	754	766	1501	748	753	0.030267093270857703	0.07796865313809864	0.054197322837834676	0.054117873204478174	INFINITE	0.09962203355152363	INFINITE	0.9208273856445874	0.04679144385026738	669	713	35	84	982					invalid probability: missing replaced by zero	0.3129973474801061	0.9738903394255874
2026_all5mer	seed_29	missing_zero	5mers_A_RNA_sparse_seq_27	POSTHOC_ROBUSTNESS_ANALYSIS	CONTROLLED_ERROR_INJECTION	provider_construct_condition	read_site	1534	1512	935	1534	768	766	757	755	189	746	768	766	1512	757	755	0.0278703142818718	0.05430973886654077	0.041072540182285205	0.04109002657420629	INFINITE	0.09111335442604492	INFINITE	0.9404515908911966	0.04095112285336856	696	726	31	59	935					invalid probability: missing replaced by zero	0.24609375	0.9738903394255874
2026_all5mer	seed_29	missing_zero	5mers_A_RNA_sparse_seq_28	POSTHOC_ROBUSTNESS_ANALYSIS	CONTROLLED_ERROR_INJECTION	provider_construct_condition	read_site	1507	1486	898	1507	742	765	731	755	164	734	742	765	1486	731	755	0.01727313708345802	0.1039620607893988	0.06131764408075633	0.060617598936428416	INFINITE	0.061737197567402244	INFINITE	0.9215499044219567	0.019151846785225718	651	717	14	104	898					invalid probability: missing replaced by zero	0.2210242587601078	0.9594771241830066
2026_all5mer	seed_29	missing_zero	5mers_A_RNA_sparse_seq_29	POSTHOC_ROBUSTNESS_ANALYSIS	CONTROLLED_ERROR_INJECTION	provider_construct_condition	read_site	1537	1518	910	1537	760	777	750	768	145	765	760	777	1518	750	768	0.018892908732096356	0.05297265946865082	0.03613483795849545	0.03593278410037359	INFINITE	0.06375279918477392	INFINITE	0.9515729166666665	0.021333333333333333	710	734	16	58	910					invalid probability: missing replaced by zero	0.19078947368421054	0.9845559845559846
2026_all5mer	seed_29	missing_zero	5mers_A_RNA_sparse_seq_30	POSTHOC_ROBUSTNESS_ANALYSIS	CONTROLLED_ERROR_INJECTION	provider_construct_condition	read_site	1481	1453	996	1481	748	733	730	723	279	717	748	733	1453	730	723	0.024975497102084226	0.111965897007437	0.06826115376524325	0.06847069705476061	INFINITE	0.09318426604444764	INFINITE	0.90471683813638	0.031506849315068496	608	707	23	115	996					invalid probability: missing replaced by zero	0.3729946524064171	0.9781718963165075
2026_all5mer	seed_29	missing_zero	5mers_A_RNA_sparse_seq_31	POSTHOC_ROBUSTNESS_ANALYSIS	CONTROLLED_ERROR_INJECTION	provider_construct_condition	read_site	1525	1509	906	1525	759	766	752	757	156	750	759	766	1509	752	757	0.01684418130428233	0.06425134414410812	0.040626303418098184	0.040547762724195226	INFINITE	0.05989540078539692	INFINITE	0.9450992860957306	0.023936170212765957	692	734	18	65	906					invalid probability: missing replaced by zero	0.20553359683794467	0.97911227154047
2026_all5mer	seed_29	missing_zero	5mers_A_RNA_sparse_seq_32	POSTHOC_ROBUSTNESS_ANALYSIS	CONTROLLED_ERROR_INJECTION	provider_construct_condition	read_site	1521	1493	1016	1521	756	765	739	754	264	752	756	765	1493	739	754	0.037145591395149696	0.08162893603904178	0.059610723251475636	0.05938726371709574	INFINITE	0.1266375036223748	INFINITE	0.9173815429123161	0.03924221921515562	659	710	29	95	1016					invalid probability: missing replaced by zero	0.3492063492063492	0.9830065359477124
2026_all5mer	seed_29	missing_zero	ALL	POSTHOC_ROBUSTNESS_ANALYSIS	CONTROLLED_ERROR_INJECTION	provider_construct_condition	read_site	48334	47565	30450	48334	24163	24171	23813	23752	6931	23519	24163	24171	47565	23813	23752	0.02732334305967452	0.07903382672971249	0.05314542669534658	0.0531785848946935	INFINITE	0.09359230821438587	INFINITE	0.9275246023747087	0.03489690505186243	21138	22982	831	2614	30450					invalid probability: missing replaced by zero	0.28684352108595784	0.9730255264573249
2026_all5mer	seed_29	site_mean_as_read	5mers_A_RNA_sparse_seq_01	POSTHOC_ROBUSTNESS_ANALYSIS	CONTROLLED_ERROR_INJECTION	provider_construct_condition	read_site	1534	1500	989	1534	766	768	750	750	246	743	766	768	989	246	743	0.03702817007378158	0.018764173829866462	0.023307088972437866	0.02789617195182402	0.14758870392908394	0.20079300254422722	0.12997328339163408	1.0	0.0	743	246	0	0	0					invalid unit: repeated site means	0.32114882506527415	0.9674479166666666
2026_all5mer	seed_29	site_mean_as_read	5mers_A_RNA_sparse_seq_02	POSTHOC_ROBUSTNESS_ANALYSIS	CONTROLLED_ERROR_INJECTION	provider_construct_condition	read_site	1536	1520	977	1536	762	774	754	766	219	758	762	774	977	219	758	0.04395728746234228	0.030219811213611312	0.03329914314654077	0.0370885493379768	0.18459587131234562	0.22784212881723784	0.17210124018626197	1.0	0.0	758	219	0	0	0					invalid unit: repeated site means	0.2874015748031496	0.979328165374677
2026_all5mer	seed_29	site_mean_as_read	5mers_A_RNA_sparse_seq_03	POSTHOC_ROBUSTNESS_ANALYSIS	CONTROLLED_ERROR_INJECTION	provider_construct_condition	read_site	1501	1479	916	1501	764	737	757	722	200	716	764	737	916	200	716	0.03739516574101737	0.017777901891414784	0.02206114727342408	0.027586533816216077	0.14770507646213307	0.21137163131318673	0.12992112259312366	1.0	0.0	716	200	0	0	0					invalid unit: repeated site means	0.2617801047120419	0.9715061058344641
2026_all5mer	seed_29	site_mean_as_read	5mers_A_RNA_sparse_seq_04	POSTHOC_ROBUSTNESS_ANALYSIS	CONTROLLED_ERROR_INJECTION	provider_construct_condition	read_site	1495	1467	941	1495	766	729	753	714	233	708	766	729	941	233	708	0.053536315549650874	0.029225609672144628	0.03524515746115521	0.04138096261089775	0.18359291585320803	0.24437886192374514	0.16358850139779116	1.0	0.0	708	233	0	0	0					invalid unit: repeated site means	0.304177545691906	0.9711934156378601
2026_all5mer	seed_29	site_mean_as_read	5mers_A_RNA_sparse_seq_05	POSTHOC_ROBUSTNESS_ANALYSIS	CONTROLLED_ERROR_INJECTION	provider_construct_condition	read_site	1521	1507	981	1521	756	765	745	762	222	759	756	765	981	222	759	0.038074664660587676	0.016048759086563977	0.021033214782214597	0.027061711873575825	0.14034903207316182	0.2147114193618365	0.11859876859742301	1.0	0.0	759	222	0	0	0					invalid unit: repeated site means	0.29365079365079366	0.9921568627450981
2026_all5mer	seed_29	site_mean_as_read	5mers_A_RNA_sparse_seq_06	POSTHOC_ROBUSTNESS_ANALYSIS	CONTROLLED_ERROR_INJECTION	provider_construct_condition	read_site	1531	1496	963	1531	761	770	747	749	221	742	761	770	963	221	742	0.03940930777991056	0.021977870951091303	0.025978231843271006	0.03069358936550093	0.16081042961236408	0.21035928951796995	0.14605261554344373	1.0	0.0	742	221	0	0	0					invalid unit: repeated site means	0.290407358738502	0.9636363636363636
2026_all5mer	seed_29	site_mean_as_read	5mers_A_RNA_sparse_seq_07	POSTHOC_ROBUSTNESS_ANALYSIS	CONTROLLED_ERROR_INJECTION	provider_construct_condition	read_site	1535	1519	961	1535	768	767	763	756	210	751	768	767	961	210	751	0.04891528868209079	0.03618502957145545	0.03896687599521552	0.042550159126773124	0.19605899305201493	0.2477546002698323	0.18160349702572776	1.0	0.0	751	210	0	0	0					invalid unit: repeated site means	0.2734375	0.9791395045632334
2026_all5mer	seed_29	site_mean_as_read	5mers_A_RNA_sparse_seq_08	POSTHOC_ROBUSTNESS_ANALYSIS	CONTROLLED_ERROR_INJECTION	provider_construct_condition	read_site	1528	1512	916	1528	778	750	772	740	179	737	778	750	916	179	737	0.051356474638755444	0.018793098759963985	0.025156465880382842	0.03507478669935971	0.1427592746598409	0.25057257734600286	0.11657395419739447	1.0	0.0	737	179	0	0	0					invalid unit: repeated site means	0.2300771208226221	0.9826666666666667
2026_all5mer	seed_29	site_mean_as_read	5mers_A_RNA_sparse_seq_09	POSTHOC_ROBUSTNESS_ANALYSIS	CONTROLLED_ERROR_INJECTION	provider_construct_condition	read_site	1483	1451	900	1483	755	728	740	711	197	703	755	728	900	197	703	0.03531745454155218	0.026660179167367907	0.028555160554828242	0.030988816854460047	0.16944555534859754	0.19714908196532135	0.16168226268359812	1.0	0.0	703	197	0	0	0					invalid unit: repeated site means	0.2609271523178808	0.9656593406593407
2026_all5mer	seed_29	site_mean_as_read	5mers_A_RNA_sparse_seq_10	POSTHOC_ROBUSTNESS_ANALYSIS	CONTROLLED_ERROR_INJECTION	provider_construct_condition	read_site	1437	1410	852	1437	717	720	706	704	151	701	717	720	852	151	701	0.050828914821805474	0.011528180586779492	0.01849345156035804	0.031178547704292483	0.13099976374961605	0.2512422888559534	0.1050987348037431	1.0	0.0	701	151	0	0	0					invalid unit: repeated site means	0.2105997210599721	0.9736111111111111
2026_all5mer	seed_29	site_mean_as_read	5mers_A_RNA_sparse_seq_11	POSTHOC_ROBUSTNESS_ANALYSIS	CONTROLLED_ERROR_INJECTION	provider_construct_condition	read_site	1514	1498	981	1514	753	761	745	753	232	749	753	761	981	232	749	0.05020959143180535	0.01728942472585527	0.025074826026344994	0.033749508078830315	0.15129154459919328	0.22810831655150132	0.12749783152451308	1.0	0.0	749	232	0	0	0					invalid unit: repeated site means	0.30810092961487384	0.9842312746386334
2026_all5mer	seed_29	site_mean_as_read	5mers_A_RNA_sparse_seq_12	POSTHOC_ROBUSTNESS_ANALYSIS	CONTROLLED_ERROR_INJECTION	provider_construct_condition	read_site	1531	1511	947	1531	768	763	760	751	207	740	768	763	947	207	740	0.062083200072685724	0.027669002695654032	0.035191430211013654	0.04487610138416988	0.18688957241986595	0.2819393697084816	0.16030131831345593	1.0	0.0	740	207	0	0	0					invalid unit: repeated site means	0.26953125	0.9698558322411533
2026_all5mer	seed_29	site_mean_as_read	5mers_A_RNA_sparse_seq_13	POSTHOC_ROBUSTNESS_ANALYSIS	CONTROLLED_ERROR_INJECTION	provider_construct_condition	read_site	1506	1469	879	1506	754	752	737	732	158	721	754	752	879	158	721	0.057709373848554124	0.017599895671422564	0.024809562966060548	0.03765463475998834	0.1522808126717818	0.2632443112830361	0.1279642623519785	1.0	0.0	721	158	0	0	0					invalid unit: repeated site means	0.20954907161803712	0.9587765957446809
2026_all5mer	seed_29	site_mean_as_read	5mers_A_RNA_sparse_seq_14	POSTHOC_ROBUSTNESS_ANALYSIS	CONTROLLED_ERROR_INJECTION	provider_construct_condition	read_site	1518	1496	930	1518	749	769	741	755	184	746	749	769	930	184	746	0.04767894224491453	0.022928128301714146	0.027825063533487127	0.03530353527331434	0.16146384929966587	0.2431318995803829	0.14132052322506541	1.0	0.0	746	184	0	0	0					invalid unit: repeated site means	0.24566088117489987	0.9700910273081924
2026_all5mer	seed_29	site_mean_as_read	5mers_A_RNA_sparse_seq_15	POSTHOC_ROBUSTNESS_ANALYSIS	CONTROLLED_ERROR_INJECTION	provider_construct_condition	read_site	1508	1482	1008	1508	742	766	732	750	266	742	742	766	1008	266	742	0.05958694628817149	0.0346596962767917	0.04123772058535025	0.04712332128248159	0.2099236420892978	0.27702912808706276	0.1858669584297217	1.0	0.0	742	266	0	0	0					invalid unit: repeated site means	0.3584905660377358	0.9686684073107049
2026_all5mer	seed_29	site_mean_as_read	5mers_A_RNA_sparse_seq_16	POSTHOC_ROBUSTNESS_ANALYSIS	CONTROLLED_ERROR_INJECTION	provider_construct_condition	read_site	1467	1441	1014	1467	711	756	701	740	286	728	711	756	1014	286	728	0.04307810971139635	0.02772748341063775	0.03205714723905684	0.03540279656101705	0.18389855396288382	0.22227917339270556	0.16882045347259667	1.0	0.0	728	286	0	0	0					invalid unit: repeated site means	0.4022503516174402	0.9629629629629629
2026_all5mer	seed_29	site_mean_as_read	5mers_A_RNA_sparse_seq_17	POSTHOC_ROBUSTNESS_ANALYSIS	CONTROLLED_ERROR_INJECTION	provider_construct_condition	read_site	1465	1442	915	1465	736	729	725	717	205	710	736	729	915	205	710	0.038579126124022936	0.01803065877737242	0.022634413756676637	0.02830489245069768	0.14421405459885195	0.20086760616205726	0.12785633900665885	1.0	0.0	710	205	0	0	0					invalid unit: repeated site means	0.27853260869565216	0.9739368998628258
2026_all5mer	seed_29	site_mean_as_read	5mers_A_RNA_sparse_seq_18	POSTHOC_ROBUSTNESS_ANALYSIS	CONTROLLED_ERROR_INJECTION	provider_construct_condition	read_site	1492	1485	935	1492	741	751	738	747	194	741	741	751	935	194	741	0.054821039578029	0.01492223596831103	0.02320070431086214	0.03487163777317002	0.1468213997572671	0.2557524780199993	0.11830233203396069	1.0	0.0	741	194	0	0	0					invalid unit: repeated site means	0.26180836707152494	0.9866844207723036
2026_all5mer	seed_29	site_mean_as_read	5mers_A_RNA_sparse_seq_19	POSTHOC_ROBUSTNESS_ANALYSIS	CONTROLLED_ERROR_INJECTION	provider_construct_condition	read_site	1519	1469	866	1519	763	756	741	728	141	725	763	756	866	141	725	0.06321157081256622	0.024366495249257127	0.030691155358294753	0.043789033030911674	0.16048062230450671	0.2775151000813097	0.13771943421274224	1.0	0.0	725	141	0	0	0					invalid unit: repeated site means	0.18479685452162517	0.958994708994709
2026_all5mer	seed_29	site_mean_as_read	5mers_A_RNA_sparse_seq_20	POSTHOC_ROBUSTNESS_ANALYSIS	CONTROLLED_ERROR_INJECTION	provider_construct_condition	read_site	1538	1505	1050	1538	766	772	753	752	304	746	766	772	1050	304	746	0.061222756345816476	0.02749235893957759	0.0372581120933839	0.04435755764269703	0.19505568334678552	0.2765495285433507	0.16184639522378844	1.0	0.0	746	304	0	0	0					invalid unit: repeated site means	0.3968668407310705	0.966321243523316
2026_all5mer	seed_29	site_mean_as_read	5mers_A_RNA_sparse_seq_21	POSTHOC_ROBUSTNESS_ANALYSIS	CONTROLLED_ERROR_INJECTION	provider_construct_condition	read_site	1524	1509	963	1524	771	753	763	746	225	738	771	753	963	225	738	0.050280582903340365	0.010073990314064168	0.01946805400314739	0.030177286608702267	0.13624993924611575	0.24975490862885794	0.10164476565381629	1.0	0.0	738	225	0	0	0					invalid unit: repeated site means	0.2918287937743191	0.9800796812749004
2026_all5mer	seed_29	site_mean_as_read	5mers_A_RNA_sparse_seq_22	POSTHOC_ROBUSTNESS_ANALYSIS	CONTROLLED_ERROR_INJECTION	provider_construct_condition	read_site	1480	1447	991	1480	755	725	739	708	295	696	755	725	991	295	696	0.06591883280066886	0.04738807530419894	0.05290429474058504	0.056653454052433896	0.24429235748023034	0.29099230760568257	0.22449855678050562	1.0	0.0	696	295	0	0	0					invalid unit: repeated site means	0.39072847682119205	0.96
2026_all5mer	seed_29	site_mean_as_read	5mers_A_RNA_sparse_seq_23	POSTHOC_ROBUSTNESS_ANALYSIS	CONTROLLED_ERROR_INJECTION	provider_construct_condition	read_site	1522	1498	947	1522	778	744	766	732	227	720	778	744	947	227	720	0.07305323240769304	0.03328036300865279	0.042814091998707844	0.05316679770817291	0.2166912140072366	0.30956014774379187	0.18741170295418377	1.0	0.0	720	227	0	0	0					invalid unit: repeated site means	0.2917737789203085	0.967741935483871
2026_all5mer	seed_29	site_mean_as_read	5mers_A_RNA_sparse_seq_24	POSTHOC_ROBUSTNESS_ANALYSIS	CONTROLLED_ERROR_INJECTION	provider_construct_condition	read_site	1530	1504	1029	1530	760	770	752	752	279	750	760	770	1029	279	750	0.06118062794369937	0.01731236137711522	0.029206672720241533	0.03924649466040729	0.16329377298835582	0.26821382102946584	0.12426351511706288	1.0	0.0	750	279	0	0	0					invalid unit: repeated site means	0.3671052631578947	0.974025974025974
2026_all5mer	seed_29	site_mean_as_read	5mers_A_RNA_sparse_seq_25	POSTHOC_ROBUSTNESS_ANALYSIS	CONTROLLED_ERROR_INJECTION	provider_construct_condition	read_site	1494	1476	956	1494	736	758	726	750	217	739	736	758	956	217	739	0.04392121688744914	0.03635124684660153	0.03806953502532949	0.040136231867025335	0.18477006574240346	0.23225492733204495	0.17082660841499858	1.0	0.0	739	217	0	0	0					invalid unit: repeated site means	0.29483695652173914	0.974934036939314
2026_all5mer	seed_29	site_mean_as_read	5mers_A_RNA_sparse_seq_26	POSTHOC_ROBUSTNESS_ANALYSIS	CONTROLLED_ERROR_INJECTION	provider_construct_condition	read_site	1520	1501	982	1520	754	766	748	753	236	746	754	766	982	236	746	0.051364860904476756	0.022561251957913905	0.02948350420983736	0.03696305643119533	0.17296509811837257	0.2487032958675956	0.14900502483577652	1.0	0.0	746	236	0	0	0					invalid unit: repeated site means	0.3129973474801061	0.9738903394255874
2026_all5mer	seed_29	site_mean_as_read	5mers_A_RNA_sparse_seq_27	POSTHOC_ROBUSTNESS_ANALYSIS	CONTROLLED_ERROR_INJECTION	provider_construct_condition	read_site	1534	1512	935	1534	768	766	757	755	189	746	768	766	935	189	746	0.05930170670927301	0.009377893450732278	0.01946944500780629	0.03433980008000265	0.13437397216270047	0.2737942508694235	0.09905167635094354	1.0	0.0	746	189	0	0	0					invalid unit: repeated site means	0.24609375	0.9738903394255874
2026_all5mer	seed_29	site_mean_as_read	5mers_A_RNA_sparse_seq_28	POSTHOC_ROBUSTNESS_ANALYSIS	CONTROLLED_ERROR_INJECTION	provider_construct_condition	read_site	1507	1486	898	1507	742	765	731	755	164	734	742	765	898	164	734	0.035164926003731	0.0306489897701353	0.03147372645422182	0.03290695788693315	0.15952801588112148	0.20136627823346565	0.15017995726288652	1.0	0.0	734	164	0	0	0					invalid unit: repeated site means	0.2210242587601078	0.9594771241830066
2026_all5mer	seed_29	site_mean_as_read	5mers_A_RNA_sparse_seq_29	POSTHOC_ROBUSTNESS_ANALYSIS	CONTROLLED_ERROR_INJECTION	provider_construct_condition	read_site	1537	1518	910	1537	760	777	750	768	145	765	760	777	910	145	765	0.05096920135974743	0.012547484553062586	0.01866962624203984	0.031758342956405006	0.12636404216719496	0.2502873719918662	0.10287530644879322	1.0	0.0	765	145	0	0	0					invalid unit: repeated site means	0.19078947368421054	0.9845559845559846
2026_all5mer	seed_29	site_mean_as_read	5mers_A_RNA_sparse_seq_30	POSTHOC_ROBUSTNESS_ANALYSIS	CONTROLLED_ERROR_INJECTION	provider_construct_condition	read_site	1481	1453	996	1481	748	733	730	723	279	717	748	733	996	279	717	0.0318876969225704	0.04396969040641048	0.04058527656906973	0.03792869366449044	0.20603418964485853	0.18856927249441077	0.21283016159043025	1.0	0.0	717	279	0	0	0					invalid unit: repeated site means	0.3729946524064171	0.9781718963165075
2026_all5mer	seed_29	site_mean_as_read	5mers_A_RNA_sparse_seq_31	POSTHOC_ROBUSTNESS_ANALYSIS	CONTROLLED_ERROR_INJECTION	provider_construct_condition	read_site	1525	1509	906	1525	759	766	752	757	156	750	759	766	906	156	750	0.04536078224160066	0.014212246892097578	0.019575570859561683	0.029786514566849116	0.12827092235274865	0.23177148993999128	0.10674280429460216	1.0	0.0	750	156	0	0	0					invalid unit: repeated site means	0.20553359683794467	0.97911227154047
2026_all5mer	seed_29	site_mean_as_read	5mers_A_RNA_sparse_seq_32	POSTHOC_ROBUSTNESS_ANALYSIS	CONTROLLED_ERROR_INJECTION	provider_construct_condition	read_site	1521	1493	1016	1521	756	765	739	754	264	752	756	765	1016	264	752	0.05645842159056917	0.030986490691609605	0.03760518139763847	0.04372245614108939	0.19782280120714624	0.26372131290329737	0.17468821731381656	1.0	0.0	752	264	0	0	0					invalid unit: repeated site means	0.3492063492063492	0.9830065359477124
2026_all5mer	seed_29	site_mean_as_read	ALL	POSTHOC_ROBUSTNESS_ANALYSIS	CONTROLLED_ERROR_INJECTION	provider_construct_condition	read_site	48334	47565	30450	48334	24163	24171	23813	23752	6931	23519	24163	24171	30450	6931	23519	0.05019282280059471	0.023955016067363652	0.02992724064759434	0.03707391943397918	0.1684745861333307	0.24395788099731472	0.14622981736330334	1.0	0.0	23519	6931	0	0	0					invalid unit: repeated site means	0.28684352108595784	0.9730255264573249
2026_all5mer	seed_47	canonical	5mers_A_RNA_sparse_seq_01	POSTHOC_ROBUSTNESS_ANALYSIS	OBSERVED_NATIVE_INPUT	provider_construct_condition	read_site	1503	1478	957	1503	754	749	744	734	232	725	754	749	957	232	725	0.07020779313712285	0.0666997922700027	0.06755021672263788	0.06845379270356278	0.22328835033859235	0.2594748254191599	0.2117086783128107	0.9164655172413793	0.07327586206896551	657	215	17	68	957	0.06701267924054663	0.06809538359926039	0.2201497437124214	0.2264666766261133	eligible explicit probability subset	0.3076923076923077	0.9679572763684913
2026_all5mer	seed_47	canonical	5mers_A_RNA_sparse_seq_02	POSTHOC_ROBUSTNESS_ANALYSIS	OBSERVED_NATIVE_INPUT	provider_construct_condition	read_site	1539	1507	986	1539	771	768	752	755	238	748	771	768	986	238	748	0.07134147451705292	0.08941126124744109	0.08504958858838188	0.080376367882247	0.2680420139809213	0.2560396800468768	0.27186093841448095	0.8885599694423224	0.07983193277310924	641	219	19	107	986	0.0843987145723726	0.08570809199892242	0.26476921774193807	0.2713557479792511	eligible explicit probability subset	0.3086900129701686	0.9739583333333334
2026_all5mer	seed_47	canonical	5mers_A_RNA_sparse_seq_03	POSTHOC_ROBUSTNESS_ANALYSIS	OBSERVED_NATIVE_INPUT	provider_construct_condition	read_site	1503	1479	921	1503	755	748	744	735	190	731	755	748	921	190	731	0.10502010144685445	0.04679531927147903	0.05880694643035127	0.07590771035916674	0.18940788516288026	0.33170150354887196	0.1524232237492846	0.8829577363381093	0.16842105263157894	683	158	32	48	921	0.058317368763148074	0.05930415349208571	0.18670534795622287	0.19212553806446006	eligible explicit probability subset	0.25165562913907286	0.9772727272727273
2026_all5mer	seed_47	canonical	5mers_A_RNA_sparse_seq_04	POSTHOC_ROBUSTNESS_ANALYSIS	OBSERVED_NATIVE_INPUT	provider_construct_condition	read_site	1481	1454	923	1481	757	724	742	712	219	704	757	724	923	219	704	0.12824021082490547	0.08183960481123491	0.09284906604308091	0.10503990781807018	0.2918484522206997	0.4196951885436903	0.2520779475974967	0.8609900373599003	0.1643835616438356	624	183	36	80	923	0.09216301981057015	0.0935427416701229	0.2884185206524072	0.2953171485156562	eligible explicit probability subset	0.2892998678996037	0.9723756906077348
2026_all5mer	seed_47	canonical	5mers_A_RNA_sparse_seq_05	POSTHOC_ROBUSTNESS_ANALYSIS	OBSERVED_NATIVE_INPUT	provider_construct_condition	read_site	1514	1497	954	1514	744	770	736	761	198	756	744	770	954	198	756	0.09627999199761285	0.053033314053974455	0.062009039664918275	0.07465665302579365	0.19984965781051142	0.3244968803396887	0.1672039566719174	0.903018278018278	0.12121212121212122	701	174	24	55	954	0.06149749435968619	0.0625282143646816	0.19703942553594994	0.20268300067314404	eligible explicit probability subset	0.2661290322580645	0.9818181818181818
2026_all5mer	seed_47	canonical	5mers_A_RNA_sparse_seq_06	POSTHOC_ROBUSTNESS_ANALYSIS	OBSERVED_NATIVE_INPUT	provider_construct_condition	read_site	1530	1502	957	1530	769	761	756	746	218	739	769	761	957	218	739	0.09502407388949613	0.07633806468669391	0.08059464776528417	0.08568106928809502	0.2554512428357424	0.33491704759152485	0.23200936809046424	0.8709761517547888	0.13761467889908258	650	188	30	89	957	0.07999237602656413	0.08120454889853546	0.2520901266170017	0.25887314344687223	eligible explicit probability subset	0.2834850455136541	0.9710906701708278
2026_all5mer	seed_47	canonical	5mers_A_RNA_sparse_seq_07	POSTHOC_ROBUSTNESS_ANALYSIS	OBSERVED_NATIVE_INPUT	provider_construct_condition	read_site	1525	1510	943	1525	767	758	759	751	198	745	767	758	943	198	745	0.09216828779740767	0.09089810672222368	0.09116480433928247	0.09153319725981568	0.28192038502598715	0.32982004539512594	0.26919000549163885	0.8677411700901634	0.12626262626262627	642	173	25	103	943	0.09050332450664435	0.09183391356645182	0.2779846356987232	INFINITE	eligible explicit probability subset	0.258148631029987	0.9828496042216359
2026_all5mer	seed_47	canonical	5mers_A_RNA_sparse_seq_08	POSTHOC_ROBUSTNESS_ANALYSIS	OBSERVED_NATIVE_INPUT	provider_construct_condition	read_site	1536	1522	904	1536	775	761	769	753	162	742	775	761	904	162	742	0.12331931973681037	0.08152712387537378	0.08901643331071972	0.10242322180609208	0.2714343315694361	0.40313615678381365	0.24268002471670133	0.8683654454094706	0.1419753086419753	652	139	23	90	904	0.08839914440053755	0.08964135161543314	0.26807118814850006	0.27483801572803956	eligible explicit probability subset	0.20903225806451614	0.9750328515111695
2026_all5mer	seed_47	canonical	5mers_A_RNA_sparse_seq_09	POSTHOC_ROBUSTNESS_ANALYSIS	OBSERVED_NATIVE_INPUT	provider_construct_condition	read_site	1511	1485	963	1511	757	754	747	738	230	733	757	754	963	230	733	0.08990687494692595	0.08266181997843036	0.08439220693871487	0.08628434746267816	0.26345897255616024	0.2909364883673359	0.25483710538485005	0.8753099234830062	0.13478260869565217	649	199	31	84	963	0.08376458822628667	0.08502745504567433	0.26016466613380745	0.26679791360857774	eligible explicit probability subset	0.3038309114927345	0.9721485411140584
2026_all5mer	seed_47	canonical	5mers_A_RNA_sparse_seq_10	POSTHOC_ROBUSTNESS_ANALYSIS	OBSERVED_NATIVE_INPUT	provider_construct_condition	read_site	1472	1439	899	1472	734	738	718	721	181	718	734	738	899	181	718	0.09695209060584642	0.039058876568892544	0.05071479619146056	0.06800548358736948	0.17574791125525482	0.35242002120257293	0.13121079161672475	0.9237907631696394	0.09392265193370165	676	164	17	42	899	0.05027811731459434	0.051159104462858034	0.17161016442873703	INFINITE	eligible explicit probability subset	0.24659400544959129	0.9728997289972899
2026_all5mer	seed_47	canonical	5mers_A_RNA_sparse_seq_11	POSTHOC_ROBUSTNESS_ANALYSIS	OBSERVED_NATIVE_INPUT	provider_construct_condition	read_site	1490	1475	965	1490	744	746	736	739	233	732	744	746	965	233	732	0.0860181980378638	0.05721039068503458	0.06416605815986277	0.07161429436144919	0.21065759026931966	0.29414483405066605	0.18408309873782552	0.9073207626820516	0.11158798283261803	678	207	26	54	965	0.06365256828347636	0.06468717743078044	0.2075619187523453	0.21380483236480446	eligible explicit probability subset	0.3131720430107527	0.9812332439678284
2026_all5mer	seed_47	canonical	5mers_A_RNA_sparse_seq_12	POSTHOC_ROBUSTNESS_ANALYSIS	OBSERVED_NATIVE_INPUT	provider_construct_condition	read_site	1506	1486	935	1506	745	761	736	750	195	740	745	761	935	195	740	0.11340353550055088	0.06119234239732897	0.07208130780388328	0.08729793894893992	0.23067636321273777	0.36412156179375754	0.1955117500731447	0.8757796257796258	0.15384615384615385	670	165	30	70	935	0.07152226901946858	0.07264797598282921	0.22755183282198388	0.23384013531414277	eligible explicit probability subset	0.26174496644295303	0.9724047306176085
2026_all5mer	seed_47	canonical	5mers_A_RNA_sparse_seq_13	POSTHOC_ROBUSTNESS_ANALYSIS	OBSERVED_NATIVE_INPUT	provider_construct_condition	read_site	1526	1494	900	1526	763	763	748	746	160	740	763	763	900	160	740	0.0824014663696289	0.05350966582427154	0.058645985921223956	0.06795556609695022	0.18519353269633118	0.27510277825298346	0.16575369581921717	0.8938344594594594	0.13125	680	139	21	60	900	0.05817905002170139	0.059120551215277775	0.1824794324229002	0.1879225283712534	eligible explicit probability subset	0.20969855832241152	0.9698558322411533
2026_all5mer	seed_47	canonical	5mers_A_RNA_sparse_seq_14	POSTHOC_ROBUSTNESS_ANALYSIS	OBSERVED_NATIVE_INPUT	provider_construct_condition	read_site	1527	1502	954	1527	769	758	758	744	213	741	769	758	954	213	741	0.09287467920724216	0.059870613087848454	0.06723944546041749	0.0763726461475453	0.21899308399718848	0.313495474358408	0.19182842927797156	0.8971317785254034	0.12206572769953052	679	187	26	62	954	0.0667112818304098	0.06777523848495644	0.21560248596622358	0.22253096388601265	eligible explicit probability subset	0.27698309492847856	0.9775725593667546
2026_all5mer	seed_47	canonical	5mers_A_RNA_sparse_seq_15	POSTHOC_ROBUSTNESS_ANALYSIS	OBSERVED_NATIVE_INPUT	provider_construct_condition	read_site	1530	1503	1019	1530	757	773	741	762	266	753	757	773	1019	266	753	0.12524646386168056	0.0938381534490294	0.10203698619659095	0.10954230865535498	0.31484092604992125	0.40381425438476376	0.28341077287984406	0.8398286553035977	0.17293233082706766	642	220	46	111	1019	0.10127229849653459	0.10280930329117854	0.31137862170967046	0.31834957549273935	eligible explicit probability subset	0.3513870541611625	0.9741267787839586
2026_all5mer	seed_47	canonical	5mers_A_RNA_sparse_seq_16	POSTHOC_ROBUSTNESS_ANALYSIS	OBSERVED_NATIVE_INPUT	provider_construct_condition	read_site	1470	1436	1014	1470	721	749	703	733	294	720	721	749	1014	294	720	0.08711956309623459	0.0726936764187283	0.07687632995244315	0.07990661975748145	0.24923392707154784	0.2979051426815474	0.22935984736413137	0.8958900226757369	0.1054421768707483	646	263	31	74	1014	0.07626780673596986	0.07749248256344766	0.2460000823898569	0.25251885796537016	eligible explicit probability subset	0.4077669902912621	0.9612817089452603
2026_all5mer	seed_47	canonical	5mers_A_RNA_sparse_seq_17	POSTHOC_ROBUSTNESS_ANALYSIS	OBSERVED_NATIVE_INPUT	provider_construct_condition	read_site	1509	1476	925	1509	752	757	738	738	187	738	752	757	925	187	738	0.063723375453031	0.0515423803148554	0.054004916629275763	0.057632877883943195	0.1759939119402053	0.22629623138645866	0.16324793126750967	0.9259814790661275	0.0748663101604278	684	173	14	54	925	0.05358154296875	0.05443591968433277	0.1731401135083743	0.1788792533031301	eligible explicit probability subset	0.24867021276595744	0.9749009247027741
2026_all5mer	seed_47	canonical	5mers_A_RNA_sparse_seq_18	POSTHOC_ROBUSTNESS_ANALYSIS	OBSERVED_NATIVE_INPUT	provider_construct_condition	read_site	1506	1494	956	1506	763	743	759	735	222	734	763	743	956	222	734	0.16182299777194187	0.04762346023434839	0.07414259970437533	0.10472322900314512	0.2396889190173985	0.5188448518897993	0.15525756057370235	0.8607653975501387	0.21171171171171171	685	175	47	49	956	0.07358665945140887	0.07470616935187303	0.2361063252509824	0.24341054388437652	eligible explicit probability subset	0.290956749672346	0.9878869448183042
2026_all5mer	seed_47	canonical	5mers_A_RNA_sparse_seq_19	POSTHOC_ROBUSTNESS_ANALYSIS	OBSERVED_NATIVE_INPUT	provider_construct_condition	read_site	1552	1513	935	1552	773	779	752	761	176	759	773	779	935	176	759	0.06089175831187855	0.07209180246385818	0.06998355885877966	0.06649178038786836	0.2130668779255242	0.22821187803479157	0.20955499384221582	0.9190958498023716	0.05113636363636364	675	167	9	84	935	0.0694598519228359	0.07051489518925468	0.21021824212403736	0.2159326569747757	eligible explicit probability subset	0.2276843467011643	0.9743260590500642
2026_all5mer	seed_47	canonical	5mers_A_RNA_sparse_seq_20	POSTHOC_ROBUSTNESS_ANALYSIS	OBSERVED_NATIVE_INPUT	provider_construct_condition	read_site	1522	1488	1006	1522	769	753	754	734	276	730	769	753	1006	276	730	0.14616875026537024	0.07575726443774079	0.0950749285415437	0.11096300735155551	0.30043805969833665	0.47230485518251636	0.23545828496733173	0.8401330156839388	0.21014492753623187	650	218	58	80	1006	0.09437233411057094	0.09578515236704771	0.2968225236796385	0.30411755062384377	eligible explicit probability subset	0.3589076723016905	0.9694555112881806
2026_all5mer	seed_47	canonical	5mers_A_RNA_sparse_seq_21	POSTHOC_ROBUSTNESS_ANALYSIS	OBSERVED_NATIVE_INPUT	provider_construct_condition	read_site	1498	1479	960	1498	756	742	749	730	235	725	756	742	960	235	725	0.10347502688144115	0.06731696293271822	0.07616815567016602	0.08539599490707969	0.23865066394893614	0.335374345176949	0.2072988500336492	0.8758180484225971	0.15319148936170213	656	199	36	69	960	0.07560226122538248	0.0767416795094808	0.23557270597489957	0.2417522815874527	eligible explicit probability subset	0.31084656084656087	0.977088948787062
2026_all5mer	seed_47	canonical	5mers_A_RNA_sparse_seq_22	POSTHOC_ROBUSTNESS_ANALYSIS	OBSERVED_NATIVE_INPUT	provider_construct_condition	read_site	1496	1456	984	1496	753	743	737	719	274	710	753	743	984	274	710	0.11225281318608862	0.10703209890446193	0.10848583438532139	0.10964245604527528	0.34383099579437093	0.3735777425872199	0.33235126534191933	0.848966793461499	0.1386861313868613	594	236	38	116	984	0.10766652735268198	0.10931277081249206	0.33984891816433377	0.34799296050546225	eligible explicit probability subset	0.36387782204515273	0.955585464333782
2026_all5mer	seed_47	canonical	5mers_A_RNA_sparse_seq_23	POSTHOC_ROBUSTNESS_ANALYSIS	OBSERVED_NATIVE_INPUT	provider_construct_condition	read_site	1501	1471	938	1501	749	752	739	732	212	726	749	752	938	212	726	0.12940007335734818	0.07541573474558261	0.08761688590303922	0.1024079040514654	0.2769521982157877	0.4230702499254013	0.2342841170003082	0.85724309995322	0.16981132075471697	642	176	36	84	938	0.08695655285930837	0.0882848483413013	0.27357314712223085	0.2803755891815177	eligible explicit probability subset	0.28304405874499333	0.9654255319148937
2026_all5mer	seed_47	canonical	5mers_A_RNA_sparse_seq_24	POSTHOC_ROBUSTNESS_ANALYSIS	OBSERVED_NATIVE_INPUT	provider_construct_condition	read_site	1546	1516	1015	1546	778	768	767	749	270	745	778	768	1015	270	745	0.12654698689778646	0.056740908014694315	0.07531001274221637	0.09164394745624038	0.24694493135160195	0.4122851122088505	0.18702298661139105	0.874546358438976	0.17037037037037037	685	224	46	60	1015	0.07470082250134698	0.07592683237761699	0.24265954790769176	INFINITE	eligible explicit probability subset	0.34704370179948585	0.9700520833333334
2026_all5mer	seed_47	canonical	5mers_A_RNA_sparse_seq_25	POSTHOC_ROBUSTNESS_ANALYSIS	OBSERVED_NATIVE_INPUT	provider_construct_condition	read_site	1524	1501	969	1524	753	771	743	758	224	745	753	771	969	224	745	0.09731810433523995	0.08389680081565908	0.08699935188726499	0.09060745257544951	0.27013906342427857	0.31717961644131415	0.2559953266782169	0.8708533077660594	0.14285714285714285	659	192	32	86	969	0.08637120234092814	0.08763513082813307	0.26682557471650203	0.27348577681279657	eligible explicit probability subset	0.29747675962815406	0.9662775616083009
2026_all5mer	seed_47	canonical	5mers_A_RNA_sparse_seq_26	POSTHOC_ROBUSTNESS_ANALYSIS	OBSERVED_NATIVE_INPUT	provider_construct_condition	read_site	1483	1464	935	1483	735	748	724	740	201	734	735	748	935	201	734	0.0789547630803502	0.08165717059974774	0.08107622523996282	0.08030596684004897	0.25987162949692705	0.2854275045223696	0.25287335854309334	0.8973219732400667	0.08955223880597014	649	183	18	85	935	0.08043878728693182	0.08172129258752507	0.25658470205628964	0.2632140841495058	eligible explicit probability subset	0.27346938775510204	0.9812834224598931
2026_all5mer	seed_47	canonical	5mers_A_RNA_sparse_seq_27	POSTHOC_ROBUSTNESS_ANALYSIS	OBSERVED_NATIVE_INPUT	provider_construct_condition	read_site	1540	1520	935	1540	769	771	758	762	178	757	769	771	935	178	757	0.10637129022834006	0.05090407115780063	0.06146360591133648	0.07863768069307034	0.20817267918167326	0.3647372600795098	0.17135828631533917	0.90021967256913	0.1348314606741573	708	154	24	49	935	0.06097449644364138	0.06196034477356283	0.2049654324544983	0.21143143304467002	eligible explicit probability subset	0.23146944083224968	0.9818417639429312
2026_all5mer	seed_47	canonical	5mers_A_RNA_sparse_seq_28	POSTHOC_ROBUSTNESS_ANALYSIS	OBSERVED_NATIVE_INPUT	provider_construct_condition	read_site	1537	1507	944	1537	761	776	750	757	206	738	761	776	944	206	738	0.0685981454201115	0.06680580077132559	0.0671969268281581	0.06770197309571854	0.22341445414861752	0.24124800387713444	0.21843652563361146	0.9119898965979951	0.0825242718446602	669	189	17	69	944	0.06670177589028568	0.06769970716056177	0.2189181256305498	INFINITE	eligible explicit probability subset	0.2706964520367937	0.9510309278350515
2026_all5mer	seed_47	canonical	5mers_A_RNA_sparse_seq_29	POSTHOC_ROBUSTNESS_ANALYSIS	OBSERVED_NATIVE_INPUT	provider_construct_condition	read_site	1521	1489	911	1521	752	769	738	751	166	745	752	769	911	166	745	0.09256583524037557	0.04095656119737049	0.050360666017500944	0.06676119821887302	0.1654356063492399	0.30917187495945775	0.13340846461864103	0.9115711166814912	0.12048192771084337	703	146	20	42	911	0.04993313936972592	0.05079582205980722	0.16278020956432576	0.16810964110990964	eligible explicit probability subset	0.22074468085106383	0.9687906371911573
2026_all5mer	seed_47	canonical	5mers_A_RNA_sparse_seq_30	POSTHOC_ROBUSTNESS_ANALYSIS	OBSERVED_NATIVE_INPUT	provider_construct_condition	read_site	1480	1442	961	1480	740	740	726	716	251	710	740	740	961	251	710	0.0655524113263742	0.09359916364642935	0.08627373718198207	0.07957578748640178	0.27482251870453456	0.22918376642024163	0.290956781836024	0.8944251164356658	0.07171314741035857	611	233	18	99	961	0.08560131442162298	0.0869537893368724	0.27148282828146886	0.2782091005007571	eligible explicit probability subset	0.33918918918918917	0.9594594594594594
2026_all5mer	seed_47	canonical	5mers_A_RNA_sparse_seq_31	POSTHOC_ROBUSTNESS_ANALYSIS	OBSERVED_NATIVE_INPUT	provider_construct_condition	read_site	1529	1509	900	1529	761	768	751	758	155	745	761	768	900	155	745	0.07823277135049143	0.05574124227434197	0.059614783393012155	0.0669870068124167	0.19353506020426803	0.2802065613173535	0.1755027344693308	0.9230352890235982	0.07741935483870968	688	143	12	57	900	0.05915149264865451	0.06008570353190104	0.1905076585301132	0.19661680213745317	eligible explicit probability subset	0.20367936925098554	0.9700520833333334
2026_all5mer	seed_47	canonical	5mers_A_RNA_sparse_seq_32	POSTHOC_ROBUSTNESS_ANALYSIS	OBSERVED_NATIVE_INPUT	provider_construct_condition	read_site	1489	1467	1017	1489	733	756	720	747	272	745	733	756	1017	272	745	0.1199355405919692	0.07749695745890572	0.08884729631061986	0.09871624902543746	0.2902572808370993	0.41291647259568737	0.24547432760443358	0.8700947493091197	0.14705882352941177	661	232	40	84	1017	0.08815791637379394	0.08954430564197702	0.2862320303357506	0.2945957109134602	eligible explicit probability subset	0.3710777626193724	0.9854497354497355
2026_all5mer	seed_47	canonical	ALL	POSTHOC_ROBUSTNESS_ANALYSIS	OBSERVED_NATIVE_INPUT	provider_construct_condition	read_site	48396	47561	30485	48396	24179	24217	23794	23767	6932	23553	24179	24217	30485	6932	23553	0.10018281006634201	0.06903061417112512	0.0761143281926322	0.08460671211873357	0.24319179490579054	0.33724976603743123	0.2155091279043668	0.8849711093437254	0.12968840161569534	21189	6033	899	2364	30485	0.07553004183025464	0.07670624394954101	0.2398277692882896	INFINITE	eligible explicit probability subset	0.28669506596633443	0.9725812445802535
2026_all5mer	seed_47	high_p_filter	5mers_A_RNA_sparse_seq_01	POSTHOC_ROBUSTNESS_ANALYSIS	CONTROLLED_ERROR_INJECTION	provider_construct_condition	read_site	1503	1478	957	537	754	749	744	734	232	725	3	534	537	3	534	0.9274431864420573	0.0009503168113222729	0.00612625463048839	0.4641967516266898	0.0395261969864398	3.391680398910932	0.020693870009335914	0.5	1.0	534	0	3	0	537	0.006030603050075652	0.006229535605432379	0.037203419759377916	0.04187862035212306	selected p>=0.9 subset; whole-population claim invalid	0.3076923076923077	0.9679572763684913
2026_all5mer	seed_47	high_p_filter	5mers_A_RNA_sparse_seq_02	POSTHOC_ROBUSTNESS_ANALYSIS	CONTROLLED_ERROR_INJECTION	provider_construct_condition	read_site	1539	1507	986	496	771	768	752	755	238	748	2	494	496	2	494	0.9049720764160156	0.0009438055246947748	0.004589080810546875	0.4529579409703552	0.03162976436035851	3.0734641722781593	0.01931464529996256	0.5	1.0	494	0	2	0	496	0.004504696015388735	0.004681095000236265	0.02947248041659321	0.0337998430208184	selected p>=0.9 subset; whole-population claim invalid	0.3086900129701686	0.9739583333333334
2026_all5mer	seed_47	high_p_filter	5mers_A_RNA_sparse_seq_03	POSTHOC_ROBUSTNESS_ANALYSIS	CONTROLLED_ERROR_INJECTION	provider_construct_condition	read_site	1503	1479	921	560	755	748	744	735	190	731	1	559	560	1	559	0.9271583557128906	0.000764461237544024	0.0024187360491071427	0.46396140847521733	0.022775145972256664	3.2938856458730674	0.016923427725564696	0.5	1.0	559	0	1	0	560	0.0023514066423688616	0.0024936948503766743	0.020702069390503945	0.02485711932596673	selected p>=0.9 subset; whole-population claim invalid	0.25165562913907286	0.9772727272727273
2026_all5mer	seed_47	high_p_filter	5mers_A_RNA_sparse_seq_04	POSTHOC_ROBUSTNESS_ANALYSIS	CONTROLLED_ERROR_INJECTION	provider_construct_condition	read_site	1481	1454	923	487	757	724	742	712	219	704	8	479	487	8	479	0.8767127990722656	0.00098349903719908	0.015369195957692986	0.43884814905473235	0.06632788556686049	2.838164189646409	0.020034168588496416	0.5	1.0	479	0	8	0	487	0.015237953139036833	0.01550806817088039	0.06376581903988174	0.06892487206603284	selected p>=0.9 subset; whole-population claim invalid	0.2892998678996037	0.9723756906077348
2026_all5mer	seed_47	high_p_filter	5mers_A_RNA_sparse_seq_05	POSTHOC_ROBUSTNESS_ANALYSIS	CONTROLLED_ERROR_INJECTION	provider_construct_condition	read_site	1514	1497	954	583	744	770	736	761	198	756	3	580	583	3	580	0.8545570373535156	0.0007359734896955819	0.005129563869783849	0.4276465054216056	0.030658503083612662	2.7144241361892205	0.016776956705480208	0.5	1.0	580	0	3	0	583	0.005051104118648156	0.005215653015450793	0.02850669647647068	0.03282319791150187	selected p>=0.9 subset; whole-population claim invalid	0.2661290322580645	0.9818181818181818
2026_all5mer	seed_47	high_p_filter	5mers_A_RNA_sparse_seq_06	POSTHOC_ROBUSTNESS_ANALYSIS	CONTROLLED_ERROR_INJECTION	provider_construct_condition	read_site	1530	1502	957	529	769	761	756	746	218	739	8	521	529	8	521	0.8925704956054688	0.0008557295845017095	0.014341019051737507	0.44671311259498525	0.0643506390312908	3.0773417009408686	0.018085901036518012	0.5	1.0	521	0	8	0	529	0.01422119140625	0.014468476091756262	0.06159811156694581	0.06718129643599165	selected p>=0.9 subset; whole-population claim invalid	0.2834850455136541	0.9710906701708278
2026_all5mer	seed_47	high_p_filter	5mers_A_RNA_sparse_seq_07	POSTHOC_ROBUSTNESS_ANALYSIS	CONTROLLED_ERROR_INJECTION	provider_construct_condition	read_site	1525	1510	943	509	767	758	759	751	198	745	4	505	509	4	505	0.8820533752441406	0.0006926055001740409	0.0076188198007160176	0.4413729903721573	0.042560330759462445	3.4506407899536615	0.015565634052973738	0.5	1.0	505	0	4	0	509	0.007534903955365914	0.007710365040597372	0.039088591288830715	INFINITE	selected p>=0.9 subset; whole-population claim invalid	0.258148631029987	0.9828496042216359
2026_all5mer	seed_47	high_p_filter	5mers_A_RNA_sparse_seq_08	POSTHOC_ROBUSTNESS_ANALYSIS	CONTROLLED_ERROR_INJECTION	provider_construct_condition	read_site	1536	1522	904	541	775	761	769	753	162	742	5	536	541	5	536	0.8702430725097656	0.0006681413792852146	0.008704878265888545	0.4354556069445254	0.041365919100507687	2.844618009490475	0.015216179451347546	0.5	1.0	536	0	5	0	541	0.008617492788600392	0.008799893137707949	0.03902232468341223	0.04374135751494355	selected p>=0.9 subset; whole-population claim invalid	0.20903225806451614	0.9750328515111695
2026_all5mer	seed_47	high_p_filter	5mers_A_RNA_sparse_seq_09	POSTHOC_ROBUSTNESS_ANALYSIS	CONTROLLED_ERROR_INJECTION	provider_construct_condition	read_site	1511	1485	963	505	757	754	747	738	230	733	1	504	505	1	504	0.9498634338378906	0.0009966047983320933	0.0028755490142520113	0.47543001931811135	0.027311567391738407	3.673375267577971	0.020077314018353026	0.5	1.0	504	0	1	0	505	0.002795591448793317	0.0029631359742419553	0.02517733738690019	0.02946151794395828	selected p>=0.9 subset; whole-population claim invalid	0.3038309114927345	0.9721485411140584
2026_all5mer	seed_47	high_p_filter	5mers_A_RNA_sparse_seq_10	POSTHOC_ROBUSTNESS_ANALYSIS	CONTROLLED_ERROR_INJECTION	provider_construct_condition	read_site	1472	1439	899	590	734	738	718	721	181	718	3	587	590	3	587	0.9160296122233073	0.0006092792881408379	0.0052639589471332095	0.45831944575572403	0.03452032425046754	3.973462431414008	0.01438944465678675	0.5	1.0	587	0	3	0	590	0.005194091796875	0.005341455491922669	0.0312530272985261	INFINITE	selected p>=0.9 subset; whole-population claim invalid	0.24659400544959129	0.9728997289972899
2026_all5mer	seed_47	high_p_filter	5mers_A_RNA_sparse_seq_11	POSTHOC_ROBUSTNESS_ANALYSIS	CONTROLLED_ERROR_INJECTION	provider_construct_condition	read_site	1490	1475	965	561	744	746	736	739	233	732	3	558	561	3	558	0.8931617736816406	0.000644738528890849	0.00541755689869165	0.4469032561052657	0.03234676522061813	3.08668054020742	0.0159256158927321	0.5	1.0	558	0	3	0	561	0.00534106575868984	0.00550167743322471	0.030092423124117636	0.03462977333857266	selected p>=0.9 subset; whole-population claim invalid	0.3131720430107527	0.9812332439678284
2026_all5mer	seed_47	high_p_filter	5mers_A_RNA_sparse_seq_12	POSTHOC_ROBUSTNESS_ANALYSIS	CONTROLLED_ERROR_INJECTION	provider_construct_condition	read_site	1506	1486	935	547	745	761	736	750	195	740	4	543	547	4	543	0.8664131164550781	0.0007854693502352383	0.00711547042595621	0.4335992929026567	0.03733241742264583	2.700347677096296	0.017715362102766263	0.5	1.0	543	0	4	0	547	0.007025598390010854	0.007212971856432816	0.03514380725057227	0.03953207101120673	selected p>=0.9 subset; whole-population claim invalid	0.26174496644295303	0.9724047306176085
2026_all5mer	seed_47	high_p_filter	5mers_A_RNA_sparse_seq_13	POSTHOC_ROBUSTNESS_ANALYSIS	CONTROLLED_ERROR_INJECTION	provider_construct_condition	read_site	1526	1494	900	582	763	763	748	746	160	740	1	581	582	1	581	0.8390846252441406	0.0006723124886543944	0.00211288347277035	0.4198784688663975	0.01906828401855494	2.4771245093459453	0.014837550412139468	0.5	1.0	581	0	1	0	582	0.002054063724897981	0.002179332615173969	0.017051325329623973	0.02109009914309183	selected p>=0.9 subset; whole-population claim invalid	0.20969855832241152	0.9698558322411533
2026_all5mer	seed_47	high_p_filter	5mers_A_RNA_sparse_seq_14	POSTHOC_ROBUSTNESS_ANALYSIS	CONTROLLED_ERROR_INJECTION	provider_construct_condition	read_site	1527	1502	954	549	769	758	758	744	213	741	3	546	549	3	546	0.945458730061849	0.000779274182441907	0.005941457001455061	0.47311900212214547	0.03856348305404536	3.9998634962612805	0.016798098366093514	0.5	1.0	546	0	3	0	549	0.005860848070710952	0.006029695326730419	0.035870961987762386	0.041410319469392706	selected p>=0.9 subset; whole-population claim invalid	0.27698309492847856	0.9775725593667546
2026_all5mer	seed_47	high_p_filter	5mers_A_RNA_sparse_seq_15	POSTHOC_ROBUSTNESS_ANALYSIS	CONTROLLED_ERROR_INJECTION	provider_construct_condition	read_site	1530	1503	1019	481	757	773	741	762	266	753	7	474	481	7	474	0.8685035705566406	0.0009911935540694225	0.013616113801508088	0.434747382055355	0.06093628623170157	2.76315485387748	0.02103010485296644	0.5	1.0	474	0	7	0	481	0.013488008177949585	0.013751848819597843	0.058480499044450115	0.06341838454505061	selected p>=0.9 subset; whole-population claim invalid	0.3513870541611625	0.9741267787839586
2026_all5mer	seed_47	high_p_filter	5mers_A_RNA_sparse_seq_16	POSTHOC_ROBUSTNESS_ANALYSIS	CONTROLLED_ERROR_INJECTION	provider_construct_condition	read_site	1470	1436	1014	492	721	749	703	733	294	720	6	486	492	6	486	0.867669423421224	0.0010321189346627444	0.011600866550352515	0.43435077117794335	0.05449925302548814	2.847493722280318	0.020017839824811225	0.5	1.0	486	0	6	0	492	0.011485185080427465	0.011724177414808816	0.05199814292129883	0.05705377738137765	selected p>=0.9 subset; whole-population claim invalid	0.4077669902912621	0.9612817089452603
2026_all5mer	seed_47	high_p_filter	5mers_A_RNA_sparse_seq_17	POSTHOC_ROBUSTNESS_ANALYSIS	CONTROLLED_ERROR_INJECTION	provider_construct_condition	read_site	1509	1476	925	582	752	757	738	738	187	738	2	580	582	2	580	0.9202003479003906	0.0006350550158270474	0.003795073204433795	0.46041770145810884	0.026200562354466675	3.391458555638158	0.01459622444659188	0.5	1.0	580	0	2	0	582	0.003730485529424399	0.0038672902739744414	0.023994694937212242	0.028433270788053137	selected p>=0.9 subset; whole-population claim invalid	0.24867021276595744	0.9749009247027741
2026_all5mer	seed_47	high_p_filter	5mers_A_RNA_sparse_seq_18	POSTHOC_ROBUSTNESS_ANALYSIS	CONTROLLED_ERROR_INJECTION	provider_construct_condition	read_site	1506	1494	956	587	763	743	759	735	222	734	13	574	587	13	574	0.8829853351299579	0.0007068354909012957	0.020246223046791818	0.4418460853104296	0.08242220480436542	3.012466695061165	0.016062312167887373	0.5	1.0	574	0	13	0	587	0.02010884845480196	0.020391227033312927	0.07931428673566485	0.08566840777276556	selected p>=0.9 subset; whole-population claim invalid	0.290956749672346	0.9878869448183042
2026_all5mer	seed_47	high_p_filter	5mers_A_RNA_sparse_seq_19	POSTHOC_ROBUSTNESS_ANALYSIS	CONTROLLED_ERROR_INJECTION	provider_construct_condition	read_site	1552	1513	935	579	773	779	752	761	176	759	1	578	579	1	578	0.8248329162597656	0.0005305333121012651	0.0019541989130471447	0.41268172478593346	0.01630986303208236	2.3881770233294493	0.0122062866301838	0.5	1.0	578	0	1	0	579	0.0019053721057318653	0.0020106551148936745	0.014301332075510782	0.01832308165400876	selected p>=0.9 subset; whole-population claim invalid	0.2276843467011643	0.9743260590500642
2026_all5mer	seed_47	high_p_filter	5mers_A_RNA_sparse_seq_20	POSTHOC_ROBUSTNESS_ANALYSIS	CONTROLLED_ERROR_INJECTION	provider_construct_condition	read_site	1522	1488	1006	514	769	753	754	734	276	730	12	502	514	12	502	0.8861834208170573	0.0009068796834147784	0.021574814495873357	0.443545150250236	0.08694713030703508	2.9517244010653276	0.0184663987351237	0.5	1.0	502	0	12	0	514	0.021424171061831226	0.021733087324446742	0.08398636326945866	0.08998767186368735	selected p>=0.9 subset; whole-population claim invalid	0.3589076723016905	0.9694555112881806
2026_all5mer	seed_47	high_p_filter	5mers_A_RNA_sparse_seq_21	POSTHOC_ROBUSTNESS_ANALYSIS	CONTROLLED_ERROR_INJECTION	provider_construct_condition	read_site	1498	1479	960	551	756	742	749	730	235	725	5	546	551	5	546	0.8448890686035156	0.000808953365563473	0.008468482541951424	0.4228490109845396	0.03970390945593954	2.5204662518787586	0.016986305587598713	0.5	1.0	546	0	5	0	551	0.00837560747150068	0.008568987006933416	0.03751781811230712	0.04189939014943298	selected p>=0.9 subset; whole-population claim invalid	0.31084656084656087	0.977088948787062
2026_all5mer	seed_47	high_p_filter	5mers_A_RNA_sparse_seq_22	POSTHOC_ROBUSTNESS_ANALYSIS	CONTROLLED_ERROR_INJECTION	provider_construct_condition	read_site	1496	1456	984	411	753	743	737	719	274	710	5	406	411	5	406	0.9033851623535156	0.0012929192904768318	0.01226727747859166	0.4523390408219962	0.0629222936539979	3.0329554915614274	0.02634553013297044	0.5	1.0	406	0	5	0	411	0.01212687619991256	0.012415308151802007	0.06044551912667731	0.06542556889003075	selected p>=0.9 subset; whole-population claim invalid	0.36387782204515273	0.955585464333782
2026_all5mer	seed_47	high_p_filter	5mers_A_RNA_sparse_seq_23	POSTHOC_ROBUSTNESS_ANALYSIS	CONTROLLED_ERROR_INJECTION	provider_construct_condition	read_site	1501	1471	938	503	749	752	739	732	212	726	7	496	503	7	496	0.8832784380231585	0.0009214954991494456	0.013200816766879193	0.442099966761154	0.06066971633589084	2.9258484146323456	0.020233726642190874	0.5	1.0	496	0	7	0	503	0.013077479944551442	0.013331782983738195	0.05813673151585059	0.06323869214872276	selected p>=0.9 subset; whole-population claim invalid	0.28304405874499333	0.9654255319148937
2026_all5mer	seed_47	high_p_filter	5mers_A_RNA_sparse_seq_24	POSTHOC_ROBUSTNESS_ANALYSIS	CONTROLLED_ERROR_INJECTION	provider_construct_condition	read_site	1546	1516	1015	543	778	768	767	749	270	745	5	538	543	5	538	0.8908607482910156	0.0009958628828197608	0.009189830520095966	0.44592830558691765	0.05041767260043001	3.394087762845259	0.01934267176172342	0.5	1.0	538	0	5	0	543	0.009086875845275092	0.00930041458944809	0.046955280237580665	INFINITE	selected p>=0.9 subset; whole-population claim invalid	0.34704370179948585	0.9700520833333334
2026_all5mer	seed_47	high_p_filter	5mers_A_RNA_sparse_seq_25	POSTHOC_ROBUSTNESS_ANALYSIS	CONTROLLED_ERROR_INJECTION	provider_construct_condition	read_site	1524	1501	969	540	753	771	743	758	224	745	0	540	540	0	540		0.0007515518753616899	0.0007515518753616899		0.017413590511135797		0.017413590511135797			540	0	0	0	540	0.0006888778121383102	0.0008218553331163195	0.015427627881605809	0.019403507102200086	selected p>=0.9 subset; whole-population claim invalid	0.29747675962815406	0.9662775616083009
2026_all5mer	seed_47	high_p_filter	5mers_A_RNA_sparse_seq_26	POSTHOC_ROBUSTNESS_ANALYSIS	CONTROLLED_ERROR_INJECTION	provider_construct_condition	read_site	1483	1464	935	497	735	748	724	740	201	734	3	494	497	3	494	0.8786455790201823	0.0010318370000553516	0.006329304255710042	0.4398387080101188	0.038228477996423434	2.938113463855101	0.020617840430480046	0.5	1.0	494	0	3	0	497	0.006233077173981388	0.006433160731969945	0.03597860929059608	0.04050130981329942	selected p>=0.9 subset; whole-population claim invalid	0.27346938775510204	0.9812834224598931
2026_all5mer	seed_47	high_p_filter	5mers_A_RNA_sparse_seq_27	POSTHOC_ROBUSTNESS_ANALYSIS	CONTROLLED_ERROR_INJECTION	provider_construct_condition	read_site	1540	1520	935	576	769	771	758	762	178	757	7	569	576	7	569	0.8925209045410156	0.0007029300414824527	0.011540995703803169	0.44661191729124905	0.05221203934018545	2.972129532200003	0.016290383013263264	0.5	1.0	569	0	7	0	576	0.011438528696695963	0.011651092105441622	0.04976116740121688	0.05469091862185057	selected p>=0.9 subset; whole-population claim invalid	0.23146944083224968	0.9818417639429312
2026_all5mer	seed_47	high_p_filter	5mers_A_RNA_sparse_seq_28	POSTHOC_ROBUSTNESS_ANALYSIS	CONTROLLED_ERROR_INJECTION	provider_construct_condition	read_site	1537	1507	944	577	761	776	750	757	206	738	0	577	577	0	577		0.0005689981285372888	0.0005689981285372888		0.013110219423784032		0.013110219423784032			577	0	0	0	577	0.0005227655843804159	0.0006228600672254116	0.011132835173939983	0.015091523289288386	selected p>=0.9 subset; whole-population claim invalid	0.2706964520367937	0.9510309278350515
2026_all5mer	seed_47	high_p_filter	5mers_A_RNA_sparse_seq_29	POSTHOC_ROBUSTNESS_ANALYSIS	CONTROLLED_ERROR_INJECTION	provider_construct_condition	read_site	1521	1489	911	599	752	769	738	751	166	745	1	598	599	1	598	0.9196510314941406	0.0006459086236347721	0.002180140882183196	0.4601484700588877	0.020237290128434317	3.1938021873160847	0.014930325417418181	0.5	1.0	598	0	1	0	599	0.002120793363287771	0.002247117795609871	0.018181924304482754	0.022300373401826282	selected p>=0.9 subset; whole-population claim invalid	0.22074468085106383	0.9687906371911573
2026_all5mer	seed_47	high_p_filter	5mers_A_RNA_sparse_seq_30	POSTHOC_ROBUSTNESS_ANALYSIS	CONTROLLED_ERROR_INJECTION	provider_construct_condition	read_site	1480	1442	961	444	740	740	726	716	251	710	1	443	444	1	443	0.8390846252441406	0.0012321644389064264	0.003119219530810107	0.4201583948415235	0.02859385367484285	2.4771245093459453	0.02306669643856497	0.5	1.0	443	0	1	0	444	0.0030275980631510415	0.0032184703930004223	0.026549064647777485	0.030643853470333278	selected p>=0.9 subset; whole-population claim invalid	0.33918918918918917	0.9594594594594594
2026_all5mer	seed_47	high_p_filter	5mers_A_RNA_sparse_seq_31	POSTHOC_ROBUSTNESS_ANALYSIS	CONTROLLED_ERROR_INJECTION	provider_construct_condition	read_site	1529	1509	900	599	761	768	751	758	155	745	1	598	599	1	598	0.8973121643066406	0.0006971965266709344	0.002194049561362036	0.44900468041665575	0.02062152548088452	2.9424877590351786	0.015735461545174998	0.5	1.0	598	0	1	0	599	0.0021317470849853922	0.002263981432269929	0.018581483063283947	0.022667793688470116	selected p>=0.9 subset; whole-population claim invalid	0.20367936925098554	0.9700520833333334
2026_all5mer	seed_47	high_p_filter	5mers_A_RNA_sparse_seq_32	POSTHOC_ROBUSTNESS_ANALYSIS	CONTROLLED_ERROR_INJECTION	provider_construct_condition	read_site	1489	1467	1017	512	733	756	720	747	272	745	8	504	512	8	504	0.9078865051269531	0.001273866683717758	0.01543968915939331	0.45458018590533544	0.07983786116364307	3.507016552231266	0.025438199400664926	0.5	1.0	504	0	8	0	512	0.015290141105651855	0.015596866607666016	0.07620338337422816	0.08397708866803713	selected p>=0.9 subset; whole-population claim invalid	0.3710777626193724	0.9854497354497355
2026_all5mer	seed_47	high_p_filter	ALL	POSTHOC_ROBUSTNESS_ANALYSIS	CONTROLLED_ERROR_INJECTION	provider_construct_condition	read_site	48396	47561	30485	17163	24179	24217	23794	23767	6932	23553	133	17030	17163	133	17030	0.8863194114283511	0.0008230638308029489	0.007684976913042296	0.44357123762957706	0.0411660040031577	3.0445783348498323	0.017710112047631708	0.5	1.0	17030	0	133	0	17163	0.007593332828636638	0.007784250391979203	0.03871086689898952	INFINITE	selected p>=0.9 subset; whole-population claim invalid	0.28669506596633443	0.9725812445802535
2026_all5mer	seed_47	missing_zero	5mers_A_RNA_sparse_seq_01	POSTHOC_ROBUSTNESS_ANALYSIS	CONTROLLED_ERROR_INJECTION	provider_construct_condition	read_site	1503	1478	957	1503	754	749	744	734	232	725	754	749	1478	744	734	0.021892752698672715	0.078143527787128	0.04982784668712074	0.05001814024290036	INFINITE	0.08091150470059826	INFINITE	0.93612295274091	0.0228494623655914	657	727	17	77	957					invalid probability: missing replaced by zero	0.3076923076923077	0.9679572763684913
2026_all5mer	seed_47	missing_zero	5mers_A_RNA_sparse_seq_02	POSTHOC_ROBUSTNESS_ANALYSIS	CONTROLLED_ERROR_INJECTION	provider_construct_condition	read_site	1539	1507	986	1539	771	768	752	755	238	748	771	768	1507	752	755	0.022578817732790683	0.09785380584514694	0.06029123712551064	0.060216311788968815	INFINITE	0.08103383490845303	INFINITE	0.9118703325348738	0.02526595744680851	641	733	19	114	986					invalid probability: missing replaced by zero	0.3086900129701686	0.9739583333333334
2026_all5mer	seed_47	missing_zero	5mers_A_RNA_sparse_seq_03	POSTHOC_ROBUSTNESS_ANALYSIS	CONTROLLED_ERROR_INJECTION	provider_construct_condition	read_site	1503	1479	921	1503	755	748	744	735	190	731	755	748	1479	744	735	0.026819649563040785	0.05198282773802881	0.03932467725649325	0.0394012386505348	INFINITE	0.0847087173041474	INFINITE	0.94312047399605	0.043010752688172046	683	712	32	52	921					invalid probability: missing replaced by zero	0.25165562913907286	0.9772727272727273
2026_all5mer	seed_47	missing_zero	5mers_A_RNA_sparse_seq_04	POSTHOC_ROBUSTNESS_ANALYSIS	CONTROLLED_ERROR_INJECTION	provider_construct_condition	read_site	1481	1454	923	1481	757	724	742	712	219	704	757	724	1454	742	712	0.0378498735453562	0.09215601374594014	0.06444270148401904	0.06500294364564817	INFINITE	0.12387229958364983	INFINITE	0.9139434870831945	0.04851752021563342	624	706	36	88	923					invalid probability: missing replaced by zero	0.2892998678996037	0.9723756906077348
2026_all5mer	seed_47	missing_zero	5mers_A_RNA_sparse_seq_05	POSTHOC_ROBUSTNESS_ANALYSIS	CONTROLLED_ERROR_INJECTION	provider_construct_condition	read_site	1514	1497	954	1514	744	770	736	761	198	756	744	770	1497	736	761	0.02590141089066215	0.05925517138607712	0.042856796152526404	0.04257829113836963	INFINITE	0.08729671509138365	INFINITE	0.9442738387704965	0.03260869565217391	701	712	24	60	954					invalid probability: missing replaced by zero	0.2661290322580645	0.9818181818181818
2026_all5mer	seed_47	missing_zero	5mers_A_RNA_sparse_seq_06	POSTHOC_ROBUSTNESS_ANALYSIS	CONTROLLED_ERROR_INJECTION	provider_construct_condition	read_site	1530	1502	957	1530	769	761	756	746	218	739	769	761	1502	756	746	0.027401121835859996	0.08500513378480803	0.05601137011409917	0.056203127810334014	INFINITE	0.09657660896157727	INFINITE	0.9158155666198561	0.03968253968253968	650	726	30	96	957					invalid probability: missing replaced by zero	0.2834850455136541	0.9710906701708278
2026_all5mer	seed_47	missing_zero	5mers_A_RNA_sparse_seq_07	POSTHOC_ROBUSTNESS_ANALYSIS	CONTROLLED_ERROR_INJECTION	provider_construct_condition	read_site	1525	1510	943	1525	767	758	759	751	198	745	767	758	1510	759	751	0.02404390116454113	0.0981612376938171	0.06090623211386977	0.06110256942917912	INFINITE	0.08604001184220678	INFINITE	0.910961055000886	0.03293807641633729	642	734	25	109	943					invalid probability: missing replaced by zero	0.258148631029987	0.9828496042216359
2026_all5mer	seed_47	missing_zero	5mers_A_RNA_sparse_seq_08	POSTHOC_ROBUSTNESS_ANALYSIS	CONTROLLED_ERROR_INJECTION	provider_construct_condition	read_site	1536	1522	904	1536	775	761	769	753	162	742	775	761	1522	769	753	0.02597884238928905	0.09494439032606553	0.060099116762740226	0.060461616357677286	INFINITE	0.08492595240439246	INFINITE	0.9179804406129276	0.02990897269180754	652	746	23	101	904					invalid probability: missing replaced by zero	0.20903225806451614	0.9750328515111695
2026_all5mer	seed_47	missing_zero	5mers_A_RNA_sparse_seq_09	POSTHOC_ROBUSTNESS_ANALYSIS	CONTROLLED_ERROR_INJECTION	provider_construct_condition	read_site	1511	1485	963	1511	757	754	747	738	230	733	757	754	1485	747	738	0.027682170331717496	0.08887684829835969	0.05809407089695786	0.05827950931503859	INFINITE	0.08957883845312886	INFINITE	0.9189522316909915	0.041499330655957165	649	716	31	89	963					invalid probability: missing replaced by zero	0.3038309114927345	0.9721485411140584
2026_all5mer	seed_47	missing_zero	5mers_A_RNA_sparse_seq_10	POSTHOC_ROBUSTNESS_ANALYSIS	CONTROLLED_ERROR_INJECTION	provider_construct_condition	read_site	1472	1439	899	1472	734	738	718	721	181	718	734	738	1439	718	721	0.024440568801752372	0.0430572446275518	0.03376831256158655	0.03374890671465208	INFINITE	0.08884125882683246	INFINITE	0.9569549024683297	0.023676880222841225	676	701	17	45	899					invalid probability: missing replaced by zero	0.24659400544959129	0.9728997289972899
2026_all5mer	seed_47	missing_zero	5mers_A_RNA_sparse_seq_11	POSTHOC_ROBUSTNESS_ANALYSIS	CONTROLLED_ERROR_INJECTION	provider_construct_condition	read_site	1490	1475	965	1490	744	746	736	739	233	732	744	746	1475	736	739	0.02723130454187808	0.0661407388111574	0.046725590592723784	0.04668602167651774	INFINITE	0.09311922056223532	INFINITE	0.9410649673471789	0.035326086956521736	678	710	26	61	965					invalid probability: missing replaced by zero	0.3131720430107527	0.9812332439678284
2026_all5mer	seed_47	missing_zero	5mers_A_RNA_sparse_seq_12	POSTHOC_ROBUSTNESS_ANALYSIS	CONTROLLED_ERROR_INJECTION	provider_construct_condition	read_site	1506	1486	935	1506	745	761	736	750	195	740	745	761	1486	736	750	0.030045773672020954	0.07370977783203125	0.05208346083218766	0.0518777757520261	INFINITE	0.09647242466003088	INFINITE	0.926286231884058	0.04076086956521739	670	706	30	80	935					invalid probability: missing replaced by zero	0.26174496644295303	0.9724047306176085
2026_all5mer	seed_47	missing_zero	5mers_A_RNA_sparse_seq_13	POSTHOC_ROBUSTNESS_ANALYSIS	CONTROLLED_ERROR_INJECTION	provider_construct_condition	read_site	1526	1494	900	1526	763	763	748	746	160	740	763	763	1494	748	746	0.01762598211115057	0.06112218861925059	0.03934497143848833	0.03937408536520058	INFINITE	0.05884551406480929	INFINITE	0.941726641911944	0.02807486631016043	680	727	21	66	900					invalid probability: missing replaced by zero	0.20969855832241152	0.9698558322411533
2026_all5mer	seed_47	missing_zero	5mers_A_RNA_sparse_seq_14	POSTHOC_ROBUSTNESS_ANALYSIS	CONTROLLED_ERROR_INJECTION	provider_construct_condition	read_site	1527	1502	954	1527	769	758	758	744	213	741	769	758	1502	758	744	0.026098029909159073	0.06366145738991358	0.04470468107139699	0.04487974364953633	INFINITE	0.08809305545955265	INFINITE	0.9391668085227112	0.03430079155672823	679	732	26	65	954					invalid probability: missing replaced by zero	0.27698309492847856	0.9775725593667546
2026_all5mer	seed_47	missing_zero	5mers_A_RNA_sparse_seq_15	POSTHOC_ROBUSTNESS_ANALYSIS	CONTROLLED_ERROR_INJECTION	provider_construct_condition	read_site	1530	1503	1019	1530	757	773	741	762	266	753	757	773	1503	741	762	0.044960269078552	0.10454085242404086	0.0751667923714745	0.07475056075129644	INFINITE	0.1449589631124793	INFINITE	0.8902207062173908	0.0620782726045884	642	695	46	120	1019					invalid probability: missing replaced by zero	0.3513870541611625	0.9741267787839586
2026_all5mer	seed_47	missing_zero	5mers_A_RNA_sparse_seq_16	POSTHOC_ROBUSTNESS_ANALYSIS	CONTROLLED_ERROR_INJECTION	provider_construct_condition	read_site	1470	1436	1014	1470	721	749	703	733	294	720	721	749	1436	703	733	0.03643407048405828	0.08913976401293912	0.06333746418647447	0.06278691724849869	INFINITE	0.12458621898773106	INFINITE	0.9186064789568775	0.044096728307254626	646	672	31	87	1014					invalid probability: missing replaced by zero	0.4077669902912621	0.9612817089452603
2026_all5mer	seed_47	missing_zero	5mers_A_RNA_sparse_seq_17	POSTHOC_ROBUSTNESS_ANALYSIS	CONTROLLED_ERROR_INJECTION	provider_construct_condition	read_site	1509	1476	925	1509	752	757	738	738	187	738	752	757	1476	738	738	0.016146708956255824	0.0515423803148554	0.033844544635555605	0.03384454463555561	0.11029428763190374	0.05734064399629779	0.16324793126750967	0.9539295392953929	0.018970189701897018	684	724	14	54	925					invalid probability: missing replaced by zero	0.24867021276595744	0.9749009247027741
2026_all5mer	seed_47	missing_zero	5mers_A_RNA_sparse_seq_18	POSTHOC_ROBUSTNESS_ANALYSIS	CONTROLLED_ERROR_INJECTION	provider_construct_condition	read_site	1506	1494	956	1506	763	743	759	735	222	734	763	743	1494	759	735	0.047331627806813034	0.048919210628587374	0.048112667548449006	0.04812541921770021	INFINITE	0.15175699225235237	INFINITE	0.935024602726466	0.061923583662714096	685	712	47	50	956					invalid probability: missing replaced by zero	0.290956749672346	0.9878869448183042
2026_all5mer	seed_47	missing_zero	5mers_A_RNA_sparse_seq_19	POSTHOC_ROBUSTNESS_ANALYSIS	CONTROLLED_ERROR_INJECTION	provider_construct_condition	read_site	1552	1513	935	1552	773	779	752	761	176	759	773	779	1513	752	761	0.014251262583631151	0.07453045738510954	0.04457014377591473	0.04439085998437034	INFINITE	0.053411290603887385	INFINITE	0.9375113582352447	0.011968085106382979	675	743	9	86	935					invalid probability: missing replaced by zero	0.2276843467011643	0.9743260590500642
2026_all5mer	seed_47	missing_zero	5mers_A_RNA_sparse_seq_20	POSTHOC_ROBUSTNESS_ANALYSIS	CONTROLLED_ERROR_INJECTION	provider_construct_condition	read_site	1522	1488	1006	1522	769	753	754	734	276	730	769	753	1488	754	734	0.05350474147644853	0.08079400959066864	0.0669659799145114	0.06714937553355858	INFINITE	0.17288612736123943	INFINITE	0.904317753091595	0.07692307692307693	650	696	58	84	1006					invalid probability: missing replaced by zero	0.3589076723016905	0.9694555112881806
2026_all5mer	seed_47	missing_zero	5mers_A_RNA_sparse_seq_21	POSTHOC_ROBUSTNESS_ANALYSIS	CONTROLLED_ERROR_INJECTION	provider_construct_condition	read_site	1498	1479	960	1498	756	742	749	730	235	725	756	742	1479	749	730	0.0324654623726818	0.07370520291263111	0.052820439109776456	0.053085332642656455	INFINITE	0.10522426050278107	INFINITE	0.9252830257695192	0.04806408544726302	656	713	36	74	960					invalid probability: missing replaced by zero	0.31084656084656087	0.977088948787062
2026_all5mer	seed_47	missing_zero	5mers_A_RNA_sparse_seq_22	POSTHOC_ROBUSTNESS_ANALYSIS	CONTROLLED_ERROR_INJECTION	provider_construct_condition	read_site	1496	1456	984	1496	753	743	737	719	274	710	753	743	1456	737	719	0.04173306758885791	0.11820972214487896	0.07949866829337654	0.07997139486686844	INFINITE	0.13888779032414958	INFINITE	0.8872935235316652	0.051560379918588875	594	699	38	125	984					invalid probability: missing replaced by zero	0.36387782204515273	0.955585464333782
2026_all5mer	seed_47	missing_zero	5mers_A_RNA_sparse_seq_23	POSTHOC_ROBUSTNESS_ANALYSIS	CONTROLLED_ERROR_INJECTION	provider_construct_condition	read_site	1501	1471	938	1501	749	752	739	732	212	726	749	752	1471	739	732	0.037121536605896906	0.08299429429684832	0.059948768849116776	0.06005791545137261	INFINITE	0.12136792014098118	INFINITE	0.9141673506510792	0.04871447902571042	642	703	36	90	938					invalid probability: missing replaced by zero	0.28304405874499333	0.9654255319148937
2026_all5mer	seed_47	missing_zero	5mers_A_RNA_sparse_seq_24	POSTHOC_ROBUSTNESS_ANALYSIS	CONTROLLED_ERROR_INJECTION	provider_construct_condition	read_site	1546	1516	1015	1546	778	768	767	749	270	745	778	768	1516	767	749	0.04454717922086355	0.06177833974759314	0.053060463676351984	0.05316275948422834	INFINITE	0.14513295996921724	INFINITE	0.9272894063009697	0.05997392438070404	685	721	46	64	1015					invalid probability: missing replaced by zero	0.34704370179948585	0.9700520833333334
2026_all5mer	seed_47	missing_zero	5mers_A_RNA_sparse_seq_25	POSTHOC_ROBUSTNESS_ANALYSIS	CONTROLLED_ERROR_INJECTION	provider_construct_condition	read_site	1524	1501	969	1524	753	771	743	758	224	745	753	771	1501	743	758	0.029339509247770863	0.09960833325549606	0.06482503129830763	0.06447392125163347	INFINITE	0.09562346444529524	INFINITE	0.9131622495978294	0.04306864064602961	659	711	32	99	969					invalid probability: missing replaced by zero	0.29747675962815406	0.9662775616083009
2026_all5mer	seed_47	missing_zero	5mers_A_RNA_sparse_seq_26	POSTHOC_ROBUSTNESS_ANALYSIS	CONTROLLED_ERROR_INJECTION	provider_construct_condition	read_site	1483	1464	935	1483	735	748	724	740	201	734	735	748	1464	724	740	0.02191976157341214	0.08910319354083086	0.05587860013617844	0.055511477557121505	INFINITE	0.0792416138245805	INFINITE	0.9260825742869941	0.024861878453038673	649	706	18	91	935					invalid probability: missing replaced by zero	0.27346938775510204	0.9812834224598931
2026_all5mer	seed_47	missing_zero	5mers_A_RNA_sparse_seq_27	POSTHOC_ROBUSTNESS_ANALYSIS	CONTROLLED_ERROR_INJECTION	provider_construct_condition	read_site	1540	1520	935	1540	769	771	758	762	178	757	769	771	1520	758	762	0.0249790101063912	0.05713173473288068	0.041097678636249746	0.041055372419635944	INFINITE	0.08565070223503	INFINITE	0.9487357945692145	0.0316622691292876	708	734	24	54	935					invalid probability: missing replaced by zero	0.23146944083224968	0.9818417639429312
2026_all5mer	seed_47	missing_zero	5mers_A_RNA_sparse_seq_28	POSTHOC_ROBUSTNESS_ANALYSIS	CONTROLLED_ERROR_INJECTION	provider_construct_condition	read_site	1537	1507	944	1537	761	776	750	757	206	738	761	776	1507	750	757	0.01884162394205729	0.09022811224470051	0.05470066285718729	0.0545348680933789	INFINITE	0.06626278506491959	INFINITE	0.9305424922941435	0.02266666666666667	669	733	17	88	944					invalid probability: missing replaced by zero	0.2706964520367937	0.9510309278350515
2026_all5mer	seed_47	missing_zero	5mers_A_RNA_sparse_seq_29	POSTHOC_ROBUSTNESS_ANALYSIS	CONTROLLED_ERROR_INJECTION	provider_construct_condition	read_site	1521	1489	911	1521	752	769	738	751	166	745	752	769	1489	738	751	0.020821041531032987	0.04861869253267778	0.03484121339284309	0.03471986703185538	INFINITE	0.06954272526188345	INFINITE	0.9544924743521737	0.02710027100271003	703	718	20	48	911					invalid probability: missing replaced by zero	0.22074468085106383	0.9687906371911573
2026_all5mer	seed_47	missing_zero	5mers_A_RNA_sparse_seq_30	POSTHOC_ROBUSTNESS_ANALYSIS	CONTROLLED_ERROR_INJECTION	provider_construct_condition	read_site	1480	1442	961	1480	740	740	726	716	251	710	740	740	1442	726	716	0.0226634369737189	0.10119470138123582	0.06165676937023909	0.061929069177477356	INFINITE	0.07923570987807252	INFINITE	0.9142792834387553	0.024793388429752067	611	708	18	105	961					invalid probability: missing replaced by zero	0.33918918918918917	0.9594594594594594
2026_all5mer	seed_47	missing_zero	5mers_A_RNA_sparse_seq_31	POSTHOC_ROBUSTNESS_ANALYSIS	CONTROLLED_ERROR_INJECTION	provider_construct_condition	read_site	1529	1509	900	1529	761	768	751	758	155	745	761	768	1509	751	758	0.016146577309355755	0.07193565368652344	0.04417051362074946	0.0440411154979396	INFINITE	0.05783224634379467	INFINITE	0.945836509983171	0.015978695073235686	688	739	12	70	900					invalid probability: missing replaced by zero	0.20367936925098554	0.9700520833333334
2026_all5mer	seed_47	missing_zero	5mers_A_RNA_sparse_seq_32	POSTHOC_ROBUSTNESS_ANALYSIS	CONTROLLED_ERROR_INJECTION	provider_construct_condition	read_site	1489	1467	1017	1489	733	756	720	747	272	745	733	756	1467	720	747	0.04530898200141059	0.07996684512300505	0.06295685095289734	0.06263791356220783	INFINITE	0.15599066742503745	INFINITE	0.9146586345381525	0.05555555555555555	661	680	40	86	1017					invalid probability: missing replaced by zero	0.3710777626193724	0.9854497354497355
2026_all5mer	seed_47	missing_zero	ALL	POSTHOC_ROBUSTNESS_ANALYSIS	CONTROLLED_ERROR_INJECTION	provider_construct_condition	read_site	48396	47561	30485	48396	24179	24217	23794	23767	6932	23553	24179	24217	47561	23794	23767	0.029186653752201513	0.0774131381988686	0.05328620708043129	0.053299895975535055	INFINITE	0.09825230638696618	INFINITE	0.9268738193950751	0.03778263427754896	21189	22895	899	2578	30485					invalid probability: missing replaced by zero	0.28669506596633443	0.9725812445802535
2026_all5mer	seed_47	site_mean_as_read	5mers_A_RNA_sparse_seq_01	POSTHOC_ROBUSTNESS_ANALYSIS	CONTROLLED_ERROR_INJECTION	provider_construct_condition	read_site	1503	1478	957	1503	754	749	744	734	232	725	754	749	957	232	725	0.03495331284387396	0.020745696504727608	0.024189967132399452	0.027849504674300782	0.15253860420621512	0.19572003500055232	0.1387205463520272	1.0	0.0	725	232	0	0	0					invalid unit: repeated site means	0.3076923076923077	0.9679572763684913
2026_all5mer	seed_47	site_mean_as_read	5mers_A_RNA_sparse_seq_02	POSTHOC_ROBUSTNESS_ANALYSIS	CONTROLLED_ERROR_INJECTION	provider_construct_condition	read_site	1539	1507	986	1539	771	768	752	755	238	748	771	768	986	238	748	0.03559525774923939	0.03487187548501893	0.03504648499707215	0.03523356661712916	0.18855177969703998	0.2048739597719818	0.18335835876410395	1.0	0.0	748	238	0	0	0					invalid unit: repeated site means	0.3086900129701686	0.9739583333333334
2026_all5mer	seed_47	site_mean_as_read	5mers_A_RNA_sparse_seq_03	POSTHOC_ROBUSTNESS_ANALYSIS	CONTROLLED_ERROR_INJECTION	provider_construct_condition	read_site	1503	1479	921	1503	755	748	744	735	190	731	755	748	921	190	731	0.06081004093358254	0.012866647006924902	0.022757249445649063	0.03683834397025372	0.1400148932211009	0.2644815081578534	0.10766378947557016	1.0	0.0	731	190	0	0	0					invalid unit: repeated site means	0.25165562913907286	0.9772727272727273
2026_all5mer	seed_47	site_mean_as_read	5mers_A_RNA_sparse_seq_04	POSTHOC_ROBUSTNESS_ANALYSIS	CONTROLLED_ERROR_INJECTION	provider_construct_condition	read_site	1481	1454	923	1481	757	724	742	712	219	704	757	724	923	219	704	0.07576479142064363	0.029276647781050023	0.04030687904548231	0.052520719600846824	0.20142412416954236	0.3079020529781883	0.1683010184748073	1.0	0.0	704	219	0	0	0					invalid unit: repeated site means	0.2892998678996037	0.9723756906077348
2026_all5mer	seed_47	site_mean_as_read	5mers_A_RNA_sparse_seq_05	POSTHOC_ROBUSTNESS_ANALYSIS	CONTROLLED_ERROR_INJECTION	provider_construct_condition	read_site	1514	1497	954	1514	744	770	736	761	198	756	744	770	954	198	756	0.05639654023010185	0.01603725414051982	0.024413709744017978	0.036216897185310834	0.1463713351465026	0.25828948187499573	0.1170594395747544	1.0	0.0	756	198	0	0	0					invalid unit: repeated site means	0.2661290322580645	0.9818181818181818
2026_all5mer	seed_47	site_mean_as_read	5mers_A_RNA_sparse_seq_06	POSTHOC_ROBUSTNESS_ANALYSIS	CONTROLLED_ERROR_INJECTION	provider_construct_condition	read_site	1530	1502	957	1530	769	761	756	746	218	739	769	761	957	218	739	0.04596390299800867	0.022267583190907478	0.02766549094215937	0.03411574309445807	0.17119887539979342	0.23222811402672824	0.153195662922565	1.0	0.0	739	218	0	0	0					invalid unit: repeated site means	0.2834850455136541	0.9710906701708278
2026_all5mer	seed_47	site_mean_as_read	5mers_A_RNA_sparse_seq_07	POSTHOC_ROBUSTNESS_ANALYSIS	CONTROLLED_ERROR_INJECTION	provider_construct_condition	read_site	1525	1510	943	1525	767	758	759	751	198	745	767	758	943	198	745	0.04763397282636602	0.03558619664656023	0.03811584636405922	0.041610084736463125	0.1934388057054704	0.24342960217972032	0.18015266113915968	1.0	0.0	745	198	0	0	0					invalid unit: repeated site means	0.258148631029987	0.9828496042216359
2026_all5mer	seed_47	site_mean_as_read	5mers_A_RNA_sparse_seq_08	POSTHOC_ROBUSTNESS_ANALYSIS	CONTROLLED_ERROR_INJECTION	provider_construct_condition	read_site	1536	1522	904	1536	775	761	769	753	162	742	775	761	904	162	742	0.06564695394991996	0.029798562196074144	0.03622272089532527	0.04772275807299705	0.1819355040569253	0.2876467255750648	0.1588556955853099	1.0	0.0	742	162	0	0	0					invalid unit: repeated site means	0.20903225806451614	0.9750328515111695
2026_all5mer	seed_47	site_mean_as_read	5mers_A_RNA_sparse_seq_09	POSTHOC_ROBUSTNESS_ANALYSIS	CONTROLLED_ERROR_INJECTION	provider_construct_condition	read_site	1511	1485	963	1511	757	754	747	738	230	733	757	754	963	230	733	0.041542506562899865	0.02760085413149163	0.030930636124455176	0.03457168034719575	0.1797412445006403	0.22134932296013207	0.16668550364704804	1.0	0.0	733	230	0	0	0					invalid unit: repeated site means	0.3038309114927345	0.9721485411140584
2026_all5mer	seed_47	site_mean_as_read	5mers_A_RNA_sparse_seq_10	POSTHOC_ROBUSTNESS_ANALYSIS	CONTROLLED_ERROR_INJECTION	provider_construct_condition	read_site	1472	1439	899	1472	734	738	718	721	181	718	734	738	899	181	718	0.0564423626029658	0.009244338633372429	0.01874694412669434	0.03284335061816911	0.12371383909268897	0.2676450170995654	0.08743035271491092	1.0	0.0	718	181	0	0	0					invalid unit: repeated site means	0.24659400544959129	0.9728997289972899
2026_all5mer	seed_47	site_mean_as_read	5mers_A_RNA_sparse_seq_11	POSTHOC_ROBUSTNESS_ANALYSIS	CONTROLLED_ERROR_INJECTION	provider_construct_condition	read_site	1490	1475	965	1490	744	746	736	739	233	732	744	746	965	233	732	0.048272701524560764	0.014479272767449756	0.022638722405177076	0.03137598714600526	0.14572987199424073	0.23022284928985515	0.11883524943976238	1.0	0.0	732	233	0	0	0					invalid unit: repeated site means	0.3131720430107527	0.9812332439678284
2026_all5mer	seed_47	site_mean_as_read	5mers_A_RNA_sparse_seq_12	POSTHOC_ROBUSTNESS_ANALYSIS	CONTROLLED_ERROR_INJECTION	provider_construct_condition	read_site	1506	1486	935	1506	745	761	736	750	195	740	745	761	935	195	740	0.061447416096410946	0.018762953836598765	0.027665060938912533	0.04010518496650486	0.16066668555688526	0.27140795085054975	0.1314848656484196	1.0	0.0	740	195	0	0	0					invalid unit: repeated site means	0.26174496644295303	0.9724047306176085
2026_all5mer	seed_47	site_mean_as_read	5mers_A_RNA_sparse_seq_13	POSTHOC_ROBUSTNESS_ANALYSIS	CONTROLLED_ERROR_INJECTION	provider_construct_condition	read_site	1526	1494	900	1526	763	763	748	746	160	740	763	763	900	160	740	0.0485921919326485	0.013788811800739426	0.019976079379745482	0.031190501866693962	0.13226040429949826	0.22653741209694997	0.11187618639734655	1.0	0.0	740	160	0	0	0					invalid unit: repeated site means	0.20969855832241152	0.9698558322411533
2026_all5mer	seed_47	site_mean_as_read	5mers_A_RNA_sparse_seq_14	POSTHOC_ROBUSTNESS_ANALYSIS	CONTROLLED_ERROR_INJECTION	provider_construct_condition	read_site	1527	1502	954	1527	769	758	758	744	213	741	769	758	954	213	741	0.04102526635230361	0.021163249046601083	0.025597850394729633	0.031094257699452343	0.15137371615714224	0.22030889569101858	0.13155834066359884	1.0	0.0	741	213	0	0	0					invalid unit: repeated site means	0.27698309492847856	0.9775725593667546
2026_all5mer	seed_47	site_mean_as_read	5mers_A_RNA_sparse_seq_15	POSTHOC_ROBUSTNESS_ANALYSIS	CONTROLLED_ERROR_INJECTION	provider_construct_condition	read_site	1530	1503	1019	1530	757	773	741	762	266	753	757	773	1019	266	753	0.06855147233437975	0.03791008387553319	0.04590871913564426	0.05323077810495647	0.22441562587716687	0.3012569595886064	0.1972711441145601	1.0	0.0	753	266	0	0	0					invalid unit: repeated site means	0.3513870541611625	0.9741267787839586
2026_all5mer	seed_47	site_mean_as_read	5mers_A_RNA_sparse_seq_16	POSTHOC_ROBUSTNESS_ANALYSIS	CONTROLLED_ERROR_INJECTION	provider_construct_condition	read_site	1470	1436	1014	1470	721	749	703	733	294	720	721	749	1014	294	720	0.04458517633977226	0.026599272072994094	0.03181412005566942	0.03559222420638318	0.17574879928681547	0.2193228219031704	0.1579560733851372	1.0	0.0	720	294	0	0	0					invalid unit: repeated site means	0.4077669902912621	0.9612817089452603
2026_all5mer	seed_47	site_mean_as_read	5mers_A_RNA_sparse_seq_17	POSTHOC_ROBUSTNESS_ANALYSIS	CONTROLLED_ERROR_INJECTION	provider_construct_condition	read_site	1509	1476	925	1509	752	757	738	738	187	738	752	757	925	187	738	0.028027342185194253	0.013321029356582432	0.016294089355447742	0.020674185770888344	0.11867785043998055	0.16755321708317086	0.10629344181900957	1.0	0.0	738	187	0	0	0					invalid unit: repeated site means	0.24867021276595744	0.9749009247027741
2026_all5mer	seed_47	site_mean_as_read	5mers_A_RNA_sparse_seq_18	POSTHOC_ROBUSTNESS_ANALYSIS	CONTROLLED_ERROR_INJECTION	provider_construct_condition	read_site	1506	1494	956	1506	763	743	759	735	222	734	763	743	956	222	734	0.09095878841505174	0.011140405019020852	0.029675636309730954	0.051049596717036294	0.16195122984297425	0.3490594196606247	0.10535992447578293	1.0	0.0	734	222	0	0	0					invalid unit: repeated site means	0.290956749672346	0.9878869448183042
2026_all5mer	seed_47	site_mean_as_read	5mers_A_RNA_sparse_seq_19	POSTHOC_ROBUSTNESS_ANALYSIS	CONTROLLED_ERROR_INJECTION	provider_construct_condition	read_site	1552	1513	935	1552	773	779	752	761	176	759	773	779	935	176	759	0.03369251965358727	0.031212817289138668	0.03167958479303488	0.032452668471362967	0.15522496776414452	0.19570821253065793	0.14583754868785154	1.0	0.0	759	176	0	0	0					invalid unit: repeated site means	0.2276843467011643	0.9743260590500642
2026_all5mer	seed_47	site_mean_as_read	5mers_A_RNA_sparse_seq_20	POSTHOC_ROBUSTNESS_ANALYSIS	CONTROLLED_ERROR_INJECTION	provider_construct_condition	read_site	1522	1488	1006	1522	769	753	754	734	276	730	769	753	1006	276	730	0.08387937664035111	0.02809344141747416	0.04339852901341256	0.05598640902891264	0.2077008781973935	0.3337159542673377	0.16005682203944196	1.0	0.0	730	276	0	0	0					invalid unit: repeated site means	0.3589076723016905	0.9694555112881806
2026_all5mer	seed_47	site_mean_as_read	5mers_A_RNA_sparse_seq_21	POSTHOC_ROBUSTNESS_ANALYSIS	CONTROLLED_ERROR_INJECTION	provider_construct_condition	read_site	1498	1479	960	1498	756	742	749	730	235	725	756	742	960	235	725	0.0528460054166527	0.017776519446405136	0.026361237366205322	0.03531126243152892	0.16122742689206013	0.25072242577292375	0.13221870311688366	1.0	0.0	725	235	0	0	0					invalid unit: repeated site means	0.31084656084656087	0.977088948787062
2026_all5mer	seed_47	site_mean_as_read	5mers_A_RNA_sparse_seq_22	POSTHOC_ROBUSTNESS_ANALYSIS	CONTROLLED_ERROR_INJECTION	provider_construct_condition	read_site	1496	1456	984	1496	753	743	737	719	274	710	753	743	984	274	710	0.0598479227481518	0.046053607115073086	0.049894707199893785	0.052950764931612444	0.24085987142519164	0.2781055571500838	0.22648618425812062	1.0	0.0	710	274	0	0	0					invalid unit: repeated site means	0.36387782204515273	0.955585464333782
2026_all5mer	seed_47	site_mean_as_read	5mers_A_RNA_sparse_seq_23	POSTHOC_ROBUSTNESS_ANALYSIS	CONTROLLED_ERROR_INJECTION	provider_construct_condition	read_site	1501	1471	938	1501	749	752	739	732	212	726	749	752	938	212	726	0.07011478573608255	0.028122183601121634	0.03761304890241344	0.049118484668602094	0.19299834487105405	0.30188589183275455	0.1612019812954611	1.0	0.0	726	212	0	0	0					invalid unit: repeated site means	0.28304405874499333	0.9654255319148937
2026_all5mer	seed_47	site_mean_as_read	5mers_A_RNA_sparse_seq_24	POSTHOC_ROBUSTNESS_ANALYSIS	CONTROLLED_ERROR_INJECTION	provider_construct_condition	read_site	1546	1516	1015	1546	778	768	767	749	270	745	778	768	1015	270	745	0.0775057258593012	0.01832907288357512	0.03407064559632984	0.04791739937143816	0.17805242303955532	0.3115727704294718	0.12966249848213593	1.0	0.0	745	270	0	0	0					invalid unit: repeated site means	0.34704370179948585	0.9700520833333334
2026_all5mer	seed_47	site_mean_as_read	5mers_A_RNA_sparse_seq_25	POSTHOC_ROBUSTNESS_ANALYSIS	CONTROLLED_ERROR_INJECTION	provider_construct_condition	read_site	1524	1501	969	1524	753	771	743	758	224	745	753	771	969	224	745	0.05197448150458323	0.033254809200211954	0.03758216378863215	0.04261464535239759	0.18558477480221186	0.25556533988453883	0.1645436384553109	1.0	0.0	745	224	0	0	0					invalid unit: repeated site means	0.29747675962815406	0.9662775616083009
2026_all5mer	seed_47	site_mean_as_read	5mers_A_RNA_sparse_seq_26	POSTHOC_ROBUSTNESS_ANALYSIS	CONTROLLED_ERROR_INJECTION	provider_construct_condition	read_site	1483	1464	935	1483	735	748	724	740	201	734	735	748	935	201	734	0.04127698960284121	0.028965480215564016	0.031612125549085636	0.03512123490920261	0.18271859165136994	0.22344148546225154	0.17156695451787238	1.0	0.0	734	201	0	0	0					invalid unit: repeated site means	0.27346938775510204	0.9812834224598931
2026_all5mer	seed_47	site_mean_as_read	5mers_A_RNA_sparse_seq_27	POSTHOC_ROBUSTNESS_ANALYSIS	CONTROLLED_ERROR_INJECTION	provider_construct_condition	read_site	1540	1520	935	1540	769	771	758	762	178	757	769	771	935	178	757	0.05582763191259354	0.012338816688383866	0.02061797081662913	0.0340832243004887	0.13832990068542228	0.2546789807640682	0.1109717286193734	1.0	0.0	757	178	0	0	0					invalid unit: repeated site means	0.23146944083224968	0.9818417639429312
2026_all5mer	seed_47	site_mean_as_read	5mers_A_RNA_sparse_seq_28	POSTHOC_ROBUSTNESS_ANALYSIS	CONTROLLED_ERROR_INJECTION	provider_construct_condition	read_site	1537	1507	944	1537	761	776	750	757	206	738	761	776	944	206	738	0.03277001146671156	0.027608638943988205	0.0287349554055147	0.030189325205349882	0.14584022614232875	0.19202578843341014	0.13294832122096997	1.0	0.0	738	206	0	0	0					invalid unit: repeated site means	0.2706964520367937	0.9510309278350515
2026_all5mer	seed_47	site_mean_as_read	5mers_A_RNA_sparse_seq_29	POSTHOC_ROBUSTNESS_ANALYSIS	CONTROLLED_ERROR_INJECTION	provider_construct_condition	read_site	1521	1489	911	1521	752	769	738	751	166	745	752	769	911	166	745	0.052051560720537474	0.010328760569777164	0.01793137837990473	0.031190160645157318	0.1210412487048607	0.24426749128222638	0.0935841261976893	1.0	0.0	745	166	0	0	0					invalid unit: repeated site means	0.22074468085106383	0.9687906371911573
2026_all5mer	seed_47	site_mean_as_read	5mers_A_RNA_sparse_seq_30	POSTHOC_ROBUSTNESS_ANALYSIS	CONTROLLED_ERROR_INJECTION	provider_construct_condition	read_site	1480	1442	961	1480	740	740	726	716	251	710	740	740	961	251	710	0.030819528522432558	0.039287811373386446	0.0370760122104422	0.0350536699479095	0.1956156080508979	0.18518558562183432	0.19930284133215842	1.0	0.0	710	251	0	0	0					invalid unit: repeated site means	0.33918918918918917	0.9594594594594594
2026_all5mer	seed_47	site_mean_as_read	5mers_A_RNA_sparse_seq_31	POSTHOC_ROBUSTNESS_ANALYSIS	CONTROLLED_ERROR_INJECTION	provider_construct_condition	read_site	1529	1509	900	1529	761	768	751	758	155	745	761	768	900	155	745	0.04208780766902268	0.013646530291307	0.01854475028413581	0.027867168980164843	0.13011227208615103	0.22806463231996602	0.10973292197039086	1.0	0.0	745	155	0	0	0					invalid unit: repeated site means	0.20367936925098554	0.9700520833333334
2026_all5mer	seed_47	site_mean_as_read	5mers_A_RNA_sparse_seq_32	POSTHOC_ROBUSTNESS_ANALYSIS	CONTROLLED_ERROR_INJECTION	provider_construct_condition	read_site	1489	1467	1017	1489	733	756	720	747	272	745	733	756	1017	272	745	0.06797310840661101	0.028028894576668156	0.038712106141805286	0.048001001491639585	0.2009631483357618	0.2905489422095764	0.16825531486773823	1.0	0.0	745	272	0	0	0					invalid unit: repeated site means	0.3710777626193724	0.9854497354497355
2026_all5mer	seed_47	site_mean_as_read	ALL	POSTHOC_ROBUSTNESS_ANALYSIS	CONTROLLED_ERROR_INJECTION	provider_construct_condition	read_site	48396	47561	30485	48396	24179	24217	23794	23767	6932	23553	24179	24217	30485	6932	23553	0.05394904007202675	0.023671387964114107	0.030556239019126425	0.03881021401807043	0.16900966051924118	0.25233676787485027	0.14448524714561226	1.0	0.0	23553	6932	0	0	0					invalid unit: repeated site means	0.28669506596633443	0.9725812445802535
2026_all5mer	seed_71	canonical	5mers_A_RNA_sparse_seq_01	POSTHOC_ROBUSTNESS_ANALYSIS	OBSERVED_NATIVE_INPUT	provider_construct_condition	read_site	1515	1489	972	1515	762	753	751	738	247	725	762	753	972	247	725	0.09051166179209102	0.05520409419618804	0.0641762847272457	0.07285787799413954	0.21368939335060508	0.31213652314008583	0.18014947464991302	0.9020745497696496	0.12550607287449392	674	216	31	51	972	0.06367236792795943	0.06468783092106321	0.21020269469280892	0.21738266349730465	eligible explicit probability subset	0.3241469816272966	0.9628154050464808
2026_all5mer	seed_71	canonical	5mers_A_RNA_sparse_seq_02	POSTHOC_ROBUSTNESS_ANALYSIS	OBSERVED_NATIVE_INPUT	provider_construct_condition	read_site	1560	1539	987	1560	783	777	770	769	225	762	783	777	987	225	762	0.0845806376139323	0.08400044478769378	0.08413270759002778	0.08429054120081303	0.2707341106402176	0.2949280206374034	0.26359023957805644	0.8852405949256343	0.10222222222222223	665	202	23	97	987	0.08348469990244269	0.08478834467214412	0.26720528112234376	0.2743574975149454	eligible explicit probability subset	0.28735632183908044	0.9806949806949807
2026_all5mer	seed_71	canonical	5mers_A_RNA_sparse_seq_03	POSTHOC_ROBUSTNESS_ANALYSIS	OBSERVED_NATIVE_INPUT	provider_construct_condition	read_site	1534	1512	963	1534	775	759	768	744	225	738	775	759	963	225	738	0.09850845336914063	0.05779831842355289	0.06731003219588647	0.07815338589634677	0.220634099509765	0.33995471180720144	0.18425586405322952	0.8988617886178861	0.11555555555555555	674	199	26	64	963	0.06676354017089337	0.06786415361541083	0.2173978200909131	0.22402126110276951	eligible explicit probability subset	0.2903225806451613	0.9723320158102767
2026_all5mer	seed_71	canonical	5mers_A_RNA_sparse_seq_04	POSTHOC_ROBUSTNESS_ANALYSIS	OBSERVED_NATIVE_INPUT	provider_construct_condition	read_site	1487	1469	938	1487	752	735	744	725	226	712	752	735	938	226	712	0.12532087342928996	0.06856725457009305	0.0822413674295584	0.09694406399969151	0.26184134352677824	0.41492297777041065	0.21325082479214214	0.8733034205031321	0.1592920353982301	645	190	36	67	938	0.08161407340564199	0.08287629084800606	0.2584474730098811	0.26531480947400815	eligible explicit probability subset	0.300531914893617	0.9687074829931973
2026_all5mer	seed_71	canonical	5mers_A_RNA_sparse_seq_05	POSTHOC_ROBUSTNESS_ANALYSIS	OBSERVED_NATIVE_INPUT	provider_construct_condition	read_site	1489	1478	948	1489	726	763	724	754	199	749	726	763	948	199	749	0.10882750468038434	0.059032633721589726	0.06948535452412151	0.08393006920098703	0.2224300790827326	0.36387935112237946	0.184848763814522	0.880564370584565	0.1507537688442211	683	169	30	66	948	0.06893985281513713	0.07003848562763713	0.21940305741164357	0.22549162025283678	eligible explicit probability subset	0.2741046831955923	0.981651376146789
2026_all5mer	seed_71	canonical	5mers_A_RNA_sparse_seq_06	POSTHOC_ROBUSTNESS_ANALYSIS	OBSERVED_NATIVE_INPUT	provider_construct_condition	read_site	1522	1504	963	1522	762	760	753	751	215	748	762	760	963	215	748	0.08584521981172784	0.08481816174512241	0.08504746339031469	0.08533169077842512	0.26573235313011173	0.287741076162242	0.25940631642969997	0.8810315881109315	0.11627906976744186	657	190	25	91	963	0.08443057178089304	0.08567198439426758	0.26232650242418676	0.2691938205542996	eligible explicit probability subset	0.2821522309711286	0.9842105263157894
2026_all5mer	seed_71	canonical	5mers_A_RNA_sparse_seq_07	POSTHOC_ROBUSTNESS_ANALYSIS	OBSERVED_NATIVE_INPUT	provider_construct_condition	read_site	1519	1505	948	1519	763	756	758	747	216	732	763	756	948	216	732	0.08430876555266203	0.08349532247241077	0.08368066393373384	0.0839020440125364	0.25851032941415086	0.286547130926615	0.25023717486948927	0.8882817243472981	0.10185185185185185	643	194	22	89	948	0.0830496936910766	0.08431926357092234	0.2554344122787691	0.26160730207673877	eligible explicit probability subset	0.28309305373525556	0.9682539682539683
2026_all5mer	seed_71	canonical	5mers_A_RNA_sparse_seq_08	POSTHOC_ROBUSTNESS_ANALYSIS	OBSERVED_NATIVE_INPUT	provider_construct_condition	read_site	1534	1518	922	1534	774	760	770	748	183	739	774	760	922	183	739	0.10875312096434213	0.0685045451369434	0.07649314532828176	0.08862883305064276	0.24490959400995896	0.356103677616153	0.21737438792073904	0.8782174996487647	0.14207650273224043	664	157	26	75	922	0.07594623689796298	0.07704768315313178	0.24076526052763159	INFINITE	eligible explicit probability subset	0.2364341085271318	0.9723684210526315
2026_all5mer	seed_71	canonical	5mers_A_RNA_sparse_seq_09	POSTHOC_ROBUSTNESS_ANALYSIS	OBSERVED_NATIVE_INPUT	provider_construct_condition	read_site	1504	1470	952	1504	745	759	724	746	210	742	745	759	952	210	742	0.07679170880998884	0.09106325010726395	0.0879151159975709	0.08392747945862639	0.2782583481631112	0.27475816630309197	0.2792489656706638	0.883288409703504	0.1	643	189	21	99	952	0.08728085045053177	0.08855701093914128	0.2745036832149807	0.2821406876622637	eligible explicit probability subset	0.28187919463087246	0.9776021080368906
2026_all5mer	seed_71	canonical	5mers_A_RNA_sparse_seq_10	POSTHOC_ROBUSTNESS_ANALYSIS	OBSERVED_NATIVE_INPUT	provider_construct_condition	read_site	1473	1459	922	1473	739	734	734	725	200	722	739	734	922	200	722	0.10579788208007812	0.048084977591136814	0.0606040458099961	0.07694142983560746	0.2003236699293617	0.3705342654910123	0.1531739204663006	0.89898891966759	0.13	670	174	26	52	922	0.06010266550192347	0.06111305551259999	0.19727286773266225	0.20343856589449072	eligible explicit probability subset	0.2706359945872801	0.9836512261580381
2026_all5mer	seed_71	canonical	5mers_A_RNA_sparse_seq_11	POSTHOC_ROBUSTNESS_ANALYSIS	OBSERVED_NATIVE_INPUT	provider_construct_condition	read_site	1528	1514	1013	1528	769	759	762	752	263	750	769	759	1013	263	750	0.08172234654879842	0.06351541137695313	0.06824238467428315	0.07261887896287578	0.217939386658962	0.2728053279100421	0.19869972992691662	0.9053358681875792	0.10266159695817491	685	236	27	65	1013	0.06771104968900389	0.06878134905409365	0.21495998978613787	0.2209442775833452	eligible explicit probability subset	0.3420026007802341	0.9881422924901185
2026_all5mer	seed_71	canonical	5mers_A_RNA_sparse_seq_12	POSTHOC_ROBUSTNESS_ANALYSIS	OBSERVED_NATIVE_INPUT	provider_construct_condition	read_site	1503	1483	942	1503	736	767	725	758	194	748	736	767	942	194	748	0.12860787775098664	0.06136087427802264	0.07521004484464155	0.09498437601450464	0.23975610571249376	0.41159028169967365	0.19518948787624654	0.8758889685208666	0.15463917525773196	678	164	30	70	942	0.07462053238206608	0.07580718670174827	0.2366760056118727	0.24286488319321659	eligible explicit probability subset	0.26358695652173914	0.9752281616688396
2026_all5mer	seed_71	canonical	5mers_A_RNA_sparse_seq_13	POSTHOC_ROBUSTNESS_ANALYSIS	OBSERVED_NATIVE_INPUT	provider_construct_condition	read_site	1515	1478	905	1515	759	756	737	741	173	732	759	756	905	173	732	0.10854090431522083	0.060731585559949196	0.06987082549880223	0.08463624493758501	0.21672075764978146	0.34693289889423495	0.1859465767272535	0.8762002905966707	0.15606936416184972	665	146	27	67	905	0.06936842776135187	0.07038085263078384	0.21366085655121286	0.2198086772051303	eligible explicit probability subset	0.22793148880105402	0.9682539682539683
2026_all5mer	seed_71	canonical	5mers_A_RNA_sparse_seq_14	POSTHOC_ROBUSTNESS_ANALYSIS	OBSERVED_NATIVE_INPUT	provider_construct_condition	read_site	1540	1510	939	1540	770	770	759	751	196	743	770	770	939	196	743	0.09348071351343272	0.049336034227989885	0.058550472076708514	0.0714083738707113	0.19643137196104118	0.32471987840581534	0.16258945101464045	0.9107623533935781	0.10714285714285714	690	175	21	53	939	0.05807165241343018	0.059036921134518104	0.19273017602358378	INFINITE	eligible explicit probability subset	0.2545454545454545	0.964935064935065
2026_all5mer	seed_71	canonical	5mers_A_RNA_sparse_seq_15	POSTHOC_ROBUSTNESS_ANALYSIS	OBSERVED_NATIVE_INPUT	provider_construct_condition	read_site	1517	1497	1027	1517	737	780	728	769	267	760	737	780	1027	267	760	0.09826172960831431	0.11041926333778783	0.10725854132632782	0.10434049647305108	0.3326573362498238	0.34111579625208427	0.329685745696398	0.8521190616991917	0.12734082397003746	632	233	34	128	1027	0.10646141817414191	0.10806329387304497	0.3289218433399174	0.3365397824677203	eligible explicit probability subset	0.3622795115332429	0.9743589743589743
2026_all5mer	seed_71	canonical	5mers_A_RNA_sparse_seq_16	POSTHOC_ROBUSTNESS_ANALYSIS	OBSERVED_NATIVE_INPUT	provider_construct_condition	read_site	1436	1403	968	1436	702	734	689	714	267	701	702	734	968	267	701	0.08219633923934194	0.07518323716015346	0.07711763618406185	0.0786897881997477	0.2533030797918298	0.286626322299126	0.24061077487107646	0.8989752467048144	0.09363295880149813	625	242	25	76	968	0.07650102662646081	0.07774187513619416	0.2499689185534716	0.25671131617049486	eligible explicit probability subset	0.3803418803418803	0.9550408719346049
2026_all5mer	seed_71	canonical	5mers_A_RNA_sparse_seq_17	POSTHOC_ROBUSTNESS_ANALYSIS	OBSERVED_NATIVE_INPUT	provider_construct_condition	read_site	1471	1440	898	1471	736	735	728	712	188	710	736	735	898	188	710	0.09314248916950632	0.045491554367710164	0.05546747390305279	0.06931702176860824	0.18157328765029562	0.30296835881523265	0.1494292406376081	0.9005693736889421	0.13829787234042554	667	162	26	43	898	0.05502679565701559	0.05591578154362124	0.17867426397329436	0.1845051809591997	eligible explicit probability subset	0.2554347826086957	0.9659863945578231
2026_all5mer	seed_71	canonical	5mers_A_RNA_sparse_seq_18	POSTHOC_ROBUSTNESS_ANALYSIS	OBSERVED_NATIVE_INPUT	provider_construct_condition	read_site	1494	1485	930	1494	761	733	754	731	203	727	761	733	930	203	727	0.12154119707680688	0.043396536552922436	0.06045391944146925	0.08246886681486466	0.1974769564050783	0.39416650926770913	0.14255538937466006	0.8814684817151259	0.1724137931034483	680	168	35	47	930	0.05995334092006888	0.06096212735740087	0.19456046055456064	0.2004377162628849	eligible explicit probability subset	0.266754270696452	0.9918144611186903
2026_all5mer	seed_71	canonical	5mers_A_RNA_sparse_seq_19	POSTHOC_ROBUSTNESS_ANALYSIS	OBSERVED_NATIVE_INPUT	provider_construct_condition	read_site	1522	1475	886	1522	752	770	736	739	155	731	752	770	886	155	731	0.06944390573809224	0.06559364642392432	0.06626722452064669	0.06751877608100829	0.20993007086993348	0.24937293571710933	0.2015666727149236	0.9071532589029611	0.0967741935483871	666	140	15	65	886	0.06577335469609728	0.06676872373972735	0.20692146386513013	0.2129662824300844	eligible explicit probability subset	0.20611702127659576	0.9493506493506494
2026_all5mer	seed_71	canonical	5mers_A_RNA_sparse_seq_20	POSTHOC_ROBUSTNESS_ANALYSIS	OBSERVED_NATIVE_INPUT	provider_construct_condition	read_site	1536	1496	1007	1536	772	764	759	737	276	731	772	764	1007	276	731	0.1290604411691859	0.08447555249758197	0.09669544254064323	0.10676799683338395	0.3091959134461948	0.4374045226035982	0.2607888325604994	0.8576027478736692	0.16304347826086957	642	231	45	89	1007	0.09599195099634589	0.09740656347947182	0.3051238760335416	0.3134865642653016	eligible explicit probability subset	0.35751295336787564	0.9568062827225131
2026_all5mer	seed_71	canonical	5mers_A_RNA_sparse_seq_21	POSTHOC_ROBUSTNESS_ANALYSIS	OBSERVED_NATIVE_INPUT	provider_construct_condition	read_site	1503	1485	927	1503	761	742	753	732	199	728	761	742	927	199	728	0.09934313213405897	0.06038602891859118	0.06874898850853518	0.07986458052632507	0.21747088536063	0.3314797180692117	0.18630638301309188	0.890265199624496	0.135678391959799	667	172	27	61	927	0.06821793079890608	0.06928767561269553	0.21450172612051613	0.22046546121170407	eligible explicit probability subset	0.2614980289093298	0.9811320754716981
2026_all5mer	seed_71	canonical	5mers_A_RNA_sparse_seq_22	POSTHOC_ROBUSTNESS_ANALYSIS	OBSERVED_NATIVE_INPUT	provider_construct_condition	read_site	1465	1430	960	1465	752	713	736	694	281	679	752	713	960	281	679	0.10937490497195423	0.11738210574165535	0.11503833134969076	0.1133785053568048	0.36038889943372016	0.36900981342625444	0.3568211868683268	0.8432827216075556	0.13523131672597866	558	243	38	121	960	0.11419116655985515	0.11589312553405762	0.35623402792795034	0.3647543497603896	eligible explicit probability subset	0.37367021276595747	0.9523141654978962
2026_all5mer	seed_71	canonical	5mers_A_RNA_sparse_seq_23	POSTHOC_ROBUSTNESS_ANALYSIS	OBSERVED_NATIVE_INPUT	provider_construct_condition	read_site	1526	1494	969	1526	758	768	746	748	225	744	758	768	969	225	744	0.15092775132921007	0.0771372805359543	0.09427129078206632	0.11403251593258218	0.2945800156966812	0.47210426605846384	0.24089324643404533	0.8310931899641576	0.2222222222222222	658	175	50	86	969	0.09356157206406411	0.09498863889459978	0.29053225842189356	INFINITE	eligible explicit probability subset	0.29683377308707126	0.96875
2026_all5mer	seed_71	canonical	5mers_A_RNA_sparse_seq_24	POSTHOC_ROBUSTNESS_ANALYSIS	OBSERVED_NATIVE_INPUT	provider_construct_condition	read_site	1519	1494	993	1519	758	761	750	744	254	739	758	761	993	254	739	0.11108912069966474	0.06937588600086424	0.08004573656833183	0.09023250335026449	0.2538002985878084	0.3654784736927626	0.21541564841641678	0.8802968471972127	0.13385826771653545	661	220	34	78	993	0.07941518977569549	0.08068391275549944	0.25072320363606276	0.256902305729343	eligible explicit probability subset	0.33509234828496043	0.9710906701708278
2026_all5mer	seed_71	canonical	5mers_A_RNA_sparse_seq_25	POSTHOC_ROBUSTNESS_ANALYSIS	OBSERVED_NATIVE_INPUT	provider_construct_condition	read_site	1504	1487	979	1504	746	758	733	754	240	739	746	758	979	240	739	0.09841779073079428	0.08311300832621944	0.08686494681150847	0.09076539952850686	0.27212767957311396	0.34004038905557776	0.25007213116202964	0.8759303112313938	0.125	648	210	30	91	979	0.08623725181945863	0.08750027119808956	0.26866703853203966	0.2756400280706729	eligible explicit probability subset	0.32171581769436997	0.974934036939314
2026_all5mer	seed_71	canonical	5mers_A_RNA_sparse_seq_26	POSTHOC_ROBUSTNESS_ANALYSIS	OBSERVED_NATIVE_INPUT	provider_construct_condition	read_site	1487	1465	978	1487	733	754	721	744	241	737	733	754	978	241	737	0.08352498098033098	0.08047022101351817	0.08122297883765098	0.08199760099692457	0.2572070195439655	0.29323389417834606	0.2454261826553825	0.8904665657003552	0.1037344398340249	652	216	25	85	978	0.08058210189600908	0.08187148517382413	0.25407136465708724	0.26038323085655013	eligible explicit probability subset	0.32878581173260574	0.9774535809018567
2026_all5mer	seed_71	canonical	5mers_A_RNA_sparse_seq_27	POSTHOC_ROBUSTNESS_ANALYSIS	OBSERVED_NATIVE_INPUT	provider_construct_condition	read_site	1539	1520	946	1539	764	775	755	765	187	759	764	775	946	187	759	0.08251322781975894	0.057369021087767105	0.06233938753478875	0.06994112445376302	0.20211960530941436	0.2965349667331072	0.1788578495963306	0.9123847167325428	0.09090909090909091	695	170	17	64	946	0.061863518164475426	0.06282288629963333	0.19899358001686984	0.20531644140520192	eligible explicit probability subset	0.24476439790575916	0.9793548387096774
2026_all5mer	seed_71	canonical	5mers_A_RNA_sparse_seq_28	POSTHOC_ROBUSTNESS_ANALYSIS	OBSERVED_NATIVE_INPUT	provider_construct_condition	read_site	1533	1509	940	1533	764	769	752	757	198	742	764	769	940	198	742	0.07550707730379971	0.07542677516885844	0.07544368987387799	0.07546692623632908	0.24501858168721913	0.2728103434914084	0.23760245117882361	0.8955865936998012	0.10101010101010101	662	178	20	80	940	0.07492602733855552	0.07596898180373171	0.2404420363463508	INFINITE	eligible explicit probability subset	0.2591623036649215	0.9648894668400521
2026_all5mer	seed_71	canonical	5mers_A_RNA_sparse_seq_29	POSTHOC_ROBUSTNESS_ANALYSIS	OBSERVED_NATIVE_INPUT	provider_construct_condition	read_site	1515	1492	920	1515	764	751	750	742	182	738	764	751	920	182	738	0.09626262790554173	0.04578497868566332	0.05577077450959579	0.07102380329560253	0.18512850785313464	0.3513250340253518	0.14414237267245236	0.9159966050209952	0.0989010989010989	687	164	18	51	920	0.05531629479449728	0.05623288361922554	0.1815728087923846	INFINITE	eligible explicit probability subset	0.23821989528795812	0.9826897470039947
2026_all5mer	seed_71	canonical	5mers_A_RNA_sparse_seq_30	POSTHOC_ROBUSTNESS_ANALYSIS	OBSERVED_NATIVE_INPUT	provider_construct_condition	read_site	1479	1442	951	1479	738	741	719	723	232	719	738	741	951	232	719	0.07247043478077855	0.091936766686791	0.08718788235220122	0.08220360073378477	0.27946729289194744	0.24691651921843807	0.28997046325669595	0.882280825859671	0.09913793103448276	621	209	23	98	951	0.08650751444819597	0.0878758796507377	0.2759634933512268	0.28306535785801373	eligible explicit probability subset	0.3143631436314363	0.970310391363023
2026_all5mer	seed_71	canonical	5mers_A_RNA_sparse_seq_31	POSTHOC_ROBUSTNESS_ANALYSIS	OBSERVED_NATIVE_INPUT	provider_construct_condition	read_site	1526	1506	885	1526	755	771	749	757	140	745	755	771	885	140	745	0.0961134774344308	0.036521353497601196	0.045948356154274804	0.066317415466016	0.15289550942724076	0.32546300387488897	0.12046671852432701	0.910882070949185	0.12857142857142856	708	122	18	37	885	0.04555786477643891	0.04634647692664195	0.1502797236684581	0.15552737742667017	eligible explicit probability subset	0.18543046357615894	0.9662775616083009
2026_all5mer	seed_71	canonical	5mers_A_RNA_sparse_seq_32	POSTHOC_ROBUSTNESS_ANALYSIS	OBSERVED_NATIVE_INPUT	provider_construct_condition	read_site	1524	1497	1051	1524	757	767	741	756	302	749	757	767	1051	302	749	0.11178657077006157	0.07972302201274876	0.08893633478602038	0.09575479639140516	0.2826495052828743	0.36786879607071526	0.24828872314945916	0.8584470242884552	0.15894039735099338	656	254	48	93	1051	0.0882504768988612	0.08962982206771081	0.2792944986305955	0.28604882894912437	eligible explicit probability subset	0.3989431968295905	0.9765319426336375
2026_all5mer	seed_71	canonical	ALL	POSTHOC_ROBUSTNESS_ANALYSIS	OBSERVED_NATIVE_INPUT	provider_construct_condition	read_site	48319	47545	30529	48319	24125	24194	23778	23767	7009	23520	24125	24194	30529	7009	23520	0.09930608942328753	0.06978678411366988	0.07656397337355753	0.0845464367684787	0.24472914495306664	0.3359147490078614	0.21755567986717989	0.8848690198364979	0.12826366100727635	21121	6110	899	2399	30529	0.07597851536909578	0.07715706077255054	0.24133457498262748	INFINITE	eligible explicit probability subset	0.2905284974093264	0.9721418533520707
2026_all5mer	seed_71	high_p_filter	5mers_A_RNA_sparse_seq_01	POSTHOC_ROBUSTNESS_ANALYSIS	CONTROLLED_ERROR_INJECTION	provider_construct_condition	read_site	1515	1489	972	575	762	753	751	738	247	725	5	570	575	5	570	0.9117164611816406	0.0009606746205112391	0.008880290155825407	0.4563385679010759	0.049804815112016176	3.4224905976403734	0.020219852107381468	0.5	1.0	570	0	5	0	575	0.008775342858355979	0.008992866847826088	0.04712009167361698	0.052605948510973964	selected p>=0.9 subset; whole-population claim invalid	0.3241469816272966	0.9628154050464808
2026_all5mer	seed_71	high_p_filter	5mers_A_RNA_sparse_seq_02	POSTHOC_ROBUSTNESS_ANALYSIS	CONTROLLED_ERROR_INJECTION	provider_construct_condition	read_site	1560	1539	987	501	783	777	770	769	225	762	2	499	501	2	499	0.9537086486816406	0.0009877160938087113	0.00479099326980804	0.4773481823877247	0.034967874370780395	3.7856872358202933	0.019934931038317418	0.5	1.0	499	0	2	0	501	0.0047040318776509485	0.004885584056496382	0.03264556929733285	0.037327825208902744	selected p>=0.9 subset; whole-population claim invalid	0.28735632183908044	0.9806949806949807
2026_all5mer	seed_71	high_p_filter	5mers_A_RNA_sparse_seq_03	POSTHOC_ROBUSTNESS_ANALYSIS	CONTROLLED_ERROR_INJECTION	provider_construct_condition	read_site	1534	1512	963	555	775	759	768	744	225	738	5	550	555	5	550	0.8632423400878906	0.0008272899280894887	0.008596794884484093	0.43203481500799	0.04417124106889832	2.974858698434771	0.01752862782011766	0.5	1.0	550	0	5	0	555	0.008501757372606982	0.008699461790892454	0.04152549263171545	0.04703673387349817	selected p>=0.9 subset; whole-population claim invalid	0.2903225806451613	0.9723320158102767
2026_all5mer	seed_71	high_p_filter	5mers_A_RNA_sparse_seq_04	POSTHOC_ROBUSTNESS_ANALYSIS	CONTROLLED_ERROR_INJECTION	provider_construct_condition	read_site	1487	1469	938	510	752	735	744	725	226	712	6	504	510	6	504	0.8993670145670573	0.0007958790612599206	0.011367304184857537	0.45008144681415857	0.05453792488677232	3.1808376400602327	0.017320071134707314	0.5	1.0	504	0	6	0	510	0.01126230277267157	0.011479934991574755	0.051847652843604035	0.05732951886072661	selected p>=0.9 subset; whole-population claim invalid	0.300531914893617	0.9687074829931973
2026_all5mer	seed_71	high_p_filter	5mers_A_RNA_sparse_seq_05	POSTHOC_ROBUSTNESS_ANALYSIS	CONTROLLED_ERROR_INJECTION	provider_construct_condition	read_site	1489	1478	948	565	726	763	724	754	199	749	4	561	565	4	561	0.8944587707519531	0.0009001937567018995	0.007226272177907218	0.4476794822543275	0.040065669792826525	3.0876423573252723	0.018336067742684307	0.5	1.0	561	0	4	0	565	0.007134658678443031	0.007325515071902655	0.037730088784881995	0.04243417621005916	selected p>=0.9 subset; whole-population claim invalid	0.2741046831955923	0.981651376146789
2026_all5mer	seed_71	high_p_filter	5mers_A_RNA_sparse_seq_06	POSTHOC_ROBUSTNESS_ANALYSIS	CONTROLLED_ERROR_INJECTION	provider_construct_condition	read_site	1522	1504	963	532	762	760	753	751	215	748	2	530	532	2	530	0.8917732238769531	0.0008987282806972288	0.004247880519780898	0.4463359760788252	0.03133947738911558	3.299456734149688	0.019006959439075682	0.5	1.0	530	0	2	0	532	0.004165706777931156	0.004337683656161889	0.029070226216500815	0.033652161955741576	selected p>=0.9 subset; whole-population claim invalid	0.2821522309711286	0.9842105263157894
2026_all5mer	seed_71	high_p_filter	5mers_A_RNA_sparse_seq_07	POSTHOC_ROBUSTNESS_ANALYSIS	CONTROLLED_ERROR_INJECTION	provider_construct_condition	read_site	1519	1505	948	516	763	756	758	747	216	732	1	515	516	1	515	0.8177528381347656	0.0008060418286369842	0.0023892720540364585	0.4092794399817013	0.022201791898403524	2.3465043269288812	0.0176885830925191	0.5	1.0	515	0	1	0	516	0.0023189219393471416	0.0024672515632570254	0.02017993067175536	0.024228409327300613	selected p>=0.9 subset; whole-population claim invalid	0.28309305373525556	0.9682539682539683
2026_all5mer	seed_71	high_p_filter	5mers_A_RNA_sparse_seq_08	POSTHOC_ROBUSTNESS_ANALYSIS	CONTROLLED_ERROR_INJECTION	provider_construct_condition	read_site	1534	1518	922	562	774	760	770	748	183	739	4	558	562	4	558	0.8943977355957031	0.0007200480361993168	0.007080743321320341	0.4475588918159512	0.037208327174555106	3.0765139554747294	0.015421190054123743	0.5	1.0	558	0	4	0	562	0.006999928756116548	0.007169187281055383	0.03488254625411154	0.03956642096137746	selected p>=0.9 subset; whole-population claim invalid	0.2364341085271318	0.9723684210526315
2026_all5mer	seed_71	high_p_filter	5mers_A_RNA_sparse_seq_09	POSTHOC_ROBUSTNESS_ANALYSIS	CONTROLLED_ERROR_INJECTION	provider_construct_condition	read_site	1504	1470	952	510	745	759	724	746	210	742	2	508	510	2	508	0.9652137756347656	0.0008318743367833416	0.004613764145795037	0.4830228249857745	0.03417587206816672	4.151130990091689	0.017967387351538678	0.5	1.0	508	0	2	0	510	0.0045343137254901964	0.004700843960631127	0.03169373027970193	0.03675363710599334	selected p>=0.9 subset; whole-population claim invalid	0.28187919463087246	0.9776021080368906
2026_all5mer	seed_71	high_p_filter	5mers_A_RNA_sparse_seq_10	POSTHOC_ROBUSTNESS_ANALYSIS	CONTROLLED_ERROR_INJECTION	provider_construct_condition	read_site	1473	1459	922	562	739	734	734	725	200	722	6	556	562	6	556	0.9031664530436198	0.0005810689583099146	0.010217211848900412	0.4518737610009648	0.04831256813225109	3.2530176424993233	0.013729419847714341	0.5	1.0	556	0	6	0	562	0.010129528113531473	0.010312524978800601	0.04565650938742099	0.05105421431174984	selected p>=0.9 subset; whole-population claim invalid	0.2706359945872801	0.9836512261580381
2026_all5mer	seed_71	high_p_filter	5mers_A_RNA_sparse_seq_11	POSTHOC_ROBUSTNESS_ANALYSIS	CONTROLLED_ERROR_INJECTION	provider_construct_condition	read_site	1528	1514	1013	566	769	759	762	752	263	750	2	564	566	2	564	0.8976936340332031	0.000966525246911015	0.004135172274424415	0.44933007964005706	0.029618413365266442	3.016258996689287	0.019027489310925946	0.5	1.0	564	0	2	0	566	0.0040538235182475705	0.0042241504251325085	0.027487991341367337	0.03176020466398712	selected p>=0.9 subset; whole-population claim invalid	0.3420026007802341	0.9881422924901185
2026_all5mer	seed_71	high_p_filter	5mers_A_RNA_sparse_seq_12	POSTHOC_ROBUSTNESS_ANALYSIS	CONTROLLED_ERROR_INJECTION	provider_construct_condition	read_site	1503	1483	942	545	736	767	725	758	194	748	5	540	545	5	540	0.8725929260253906	0.0007943329987702547	0.008792485228372277	0.43669362951208046	0.042851810634500234	2.752588082703386	0.017761659967195732	0.5	1.0	540	0	5	0	545	0.008695689910048739	0.008896909941227065	0.040596170321925154	0.045121461851181426	selected p>=0.9 subset; whole-population claim invalid	0.26358695652173914	0.9752281616688396
2026_all5mer	seed_71	high_p_filter	5mers_A_RNA_sparse_seq_13	POSTHOC_ROBUSTNESS_ANALYSIS	CONTROLLED_ERROR_INJECTION	provider_construct_condition	read_site	1515	1478	905	594	759	756	737	741	173	732	3	591	594	3	591	0.827203114827474	0.0005513238019346183	0.00472633284751815	0.4138772193147043	0.02501193107403779	2.4026720606426957	0.012942590314806024	0.5	1.0	591	0	3	0	594	0.00466302428582702	0.00479727080374053	0.022936990233228212	0.027093126429295185	selected p>=0.9 subset; whole-population claim invalid	0.22793148880105402	0.9682539682539683
2026_all5mer	seed_71	high_p_filter	5mers_A_RNA_sparse_seq_14	POSTHOC_ROBUSTNESS_ANALYSIS	CONTROLLED_ERROR_INJECTION	provider_construct_condition	read_site	1540	1510	939	574	770	770	759	751	196	743	4	570	574	4	570	0.9238777160644531	0.0006560877749794408	0.00708968797211863	0.46226690191971626	0.039073583149409105	3.4653966250660266	0.015029210925432841	0.5	1.0	570	0	4	0	574	0.007010376827226698	0.0071766285115418115	0.036558697499248005	0.041675467444939635	selected p>=0.9 subset; whole-population claim invalid	0.2545454545454545	0.964935064935065
2026_all5mer	seed_71	high_p_filter	5mers_A_RNA_sparse_seq_15	POSTHOC_ROBUSTNESS_ANALYSIS	CONTROLLED_ERROR_INJECTION	provider_construct_condition	read_site	1517	1497	1027	460	737	780	728	769	267	760	3	457	460	3	457	0.9326006571451823	0.0010857529921917738	0.007160850193189538	0.46684320506868704	0.046198829574520636	3.7283435015056448	0.022027201531209097	0.5	1.0	457	0	3	0	460	0.007056791886039402	0.007272537894870924	0.04341954889511146	0.04924522382449459	selected p>=0.9 subset; whole-population claim invalid	0.3622795115332429	0.9743589743589743
2026_all5mer	seed_71	high_p_filter	5mers_A_RNA_sparse_seq_16	POSTHOC_ROBUSTNESS_ANALYSIS	CONTROLLED_ERROR_INJECTION	provider_construct_condition	read_site	1436	1403	968	477	702	734	689	714	267	701	5	472	477	5	472	0.8625099182128906	0.0008703328795352225	0.009902194361016935	0.4316901255462129	0.047664195711740735	2.6847559076639342	0.019728902152925124	0.5	1.0	472	0	5	0	477	0.009793487484849974	0.010018530631715147	0.045381669098822595	0.049961713227674016	selected p>=0.9 subset; whole-population claim invalid	0.3803418803418803	0.9550408719346049
2026_all5mer	seed_71	high_p_filter	5mers_A_RNA_sparse_seq_17	POSTHOC_ROBUSTNESS_ANALYSIS	CONTROLLED_ERROR_INJECTION	provider_construct_condition	read_site	1471	1440	898	561	736	735	728	712	188	710	2	559	561	2	559	0.9498634338378906	0.0006708339629744801	0.00405476480031821	0.47526713390043257	0.028084960528360316	3.673375267577971	0.01504277696109874	0.5	1.0	559	0	2	0	561	0.003987820603205771	0.0041293383919618985	0.025846567422772537	0.03034843250716562	selected p>=0.9 subset; whole-population claim invalid	0.2554347826086957	0.9659863945578231
2026_all5mer	seed_71	high_p_filter	5mers_A_RNA_sparse_seq_18	POSTHOC_ROBUSTNESS_ANALYSIS	CONTROLLED_ERROR_INJECTION	provider_construct_condition	read_site	1494	1485	930	568	761	733	754	731	203	727	5	563	568	5	563	0.8861549377441407	0.0007369954463220193	0.008531167473591549	0.44344596659523133	0.04196985964549429	2.944295399336256	0.016194321992823224	0.5	1.0	563	0	5	0	568	0.008441414631588358	0.00862854971012599	0.03964167690838316	0.04432187333450618	selected p>=0.9 subset; whole-population claim invalid	0.266754270696452	0.9918144611186903
2026_all5mer	seed_71	high_p_filter	5mers_A_RNA_sparse_seq_19	POSTHOC_ROBUSTNESS_ANALYSIS	CONTROLLED_ERROR_INJECTION	provider_construct_condition	read_site	1522	1475	886	566	752	770	736	739	155	731	2	564	566	2	564	0.8320045471191406	0.0006684377683815381	0.003606021193649238	0.4163364924437611	0.0221725387206553	2.4356284426320407	0.01361418445146599	0.5	1.0	564	0	2	0	566	0.003545619573694236	0.0036740522081354903	0.020122784974218842	0.02422799029560518	selected p>=0.9 subset; whole-population claim invalid	0.20611702127659576	0.9493506493506494
2026_all5mer	seed_71	high_p_filter	5mers_A_RNA_sparse_seq_20	POSTHOC_ROBUSTNESS_ANALYSIS	CONTROLLED_ERROR_INJECTION	provider_construct_condition	read_site	1536	1496	1007	506	772	764	759	737	276	731	11	495	506	11	495	0.9015124927867543	0.0009393788347340594	0.02051705522499537	0.45122593581074416	0.08894321815371589	3.242304491100477	0.018868523199343415	0.5	1.0	495	0	11	0	506	0.020370061218502964	0.02067167862601902	0.08541693020195505	0.09281560048532768	selected p>=0.9 subset; whole-population claim invalid	0.35751295336787564	0.9568062827225131
2026_all5mer	seed_71	high_p_filter	5mers_A_RNA_sparse_seq_21	POSTHOC_ROBUSTNESS_ANALYSIS	CONTROLLED_ERROR_INJECTION	provider_construct_condition	read_site	1503	1485	927	559	761	742	753	732	199	728	4	555	559	4	555	0.8775138854980469	0.0006423743995460304	0.006916946929767861	0.43907812994879647	0.035423953372138745	2.808785427174923	0.015435762569956523	0.5	1.0	555	0	4	0	559	0.006836019389744522	0.007005503864322451	0.03321733938311097	0.037643453025011986	selected p>=0.9 subset; whole-population claim invalid	0.2614980289093298	0.9811320754716981
2026_all5mer	seed_71	high_p_filter	5mers_A_RNA_sparse_seq_22	POSTHOC_ROBUSTNESS_ANALYSIS	CONTROLLED_ERROR_INJECTION	provider_construct_condition	read_site	1465	1430	960	385	752	713	736	694	281	679	4	381	385	4	381	0.9331398010253906	0.0014157933513010582	0.01109604278168121	0.46727779718834583	0.06431861073372244	3.649628105792641	0.02667756616617475	0.5	1.0	381	0	4	0	385	0.010960408000202922	0.011239306957690747	0.061232954950445846	0.0677316853938089	selected p>=0.9 subset; whole-population claim invalid	0.37367021276595747	0.9523141654978962
2026_all5mer	seed_71	high_p_filter	5mers_A_RNA_sparse_seq_23	POSTHOC_ROBUSTNESS_ANALYSIS	CONTROLLED_ERROR_INJECTION	provider_construct_condition	read_site	1526	1494	969	494	758	768	746	748	225	744	3	491	494	3	491	0.944970448811849	0.0009791341187269285	0.006711874896215524	0.472974791465288	0.04390339310720246	3.7426000603015943	0.021304431800515743	0.5	1.0	491	0	3	0	494	0.006611905117266574	0.006819474069695724	0.0413427614548407	0.0465622338511919	selected p>=0.9 subset; whole-population claim invalid	0.29683377308707126	0.96875
2026_all5mer	seed_71	high_p_filter	5mers_A_RNA_sparse_seq_24	POSTHOC_ROBUSTNESS_ANALYSIS	CONTROLLED_ERROR_INJECTION	provider_construct_condition	read_site	1519	1494	993	521	758	761	750	744	254	739	7	514	521	7	514	0.8537287030901227	0.0008584850029258877	0.012317393883176134	0.4272935940465243	0.052855617558733956	2.59906316042466	0.018179639348497607	0.5	1.0	514	0	7	0	521	0.012204395374730087	0.012438021786153431	0.05053779259790948	0.05518761310244337	selected p>=0.9 subset; whole-population claim invalid	0.33509234828496043	0.9710906701708278
2026_all5mer	seed_71	high_p_filter	5mers_A_RNA_sparse_seq_25	POSTHOC_ROBUSTNESS_ANALYSIS	CONTROLLED_ERROR_INJECTION	provider_construct_condition	read_site	1504	1487	979	551	746	758	733	754	240	739	5	546	551	5	546	0.9055091857910156	0.0007793859684423649	0.00898927525902833	0.453144285879729	0.0457162774722877	3.187928800034356	0.01694143752208561	0.5	1.0	546	0	5	0	551	0.008895375551199524	0.009090804361388385	0.043259682056505905	0.048214337961860594	selected p>=0.9 subset; whole-population claim invalid	0.32171581769436997	0.974934036939314
2026_all5mer	seed_71	high_p_filter	5mers_A_RNA_sparse_seq_26	POSTHOC_ROBUSTNESS_ANALYSIS	CONTROLLED_ERROR_INJECTION	provider_construct_condition	read_site	1487	1465	978	489	733	754	721	744	241	737	3	486	489	3	486	0.9053484598795573	0.0008410387078430427	0.006390163991105093	0.45309474929370014	0.03797852788878981	3.2390693677024385	0.01821870788994012	0.5	1.0	486	0	3	0	489	0.006302160719421013	0.006485796657320424	0.03561136461333655	0.040395342763742716	selected p>=0.9 subset; whole-population claim invalid	0.32878581173260574	0.9774535809018567
2026_all5mer	seed_71	high_p_filter	5mers_A_RNA_sparse_seq_27	POSTHOC_ROBUSTNESS_ANALYSIS	CONTROLLED_ERROR_INJECTION	provider_construct_condition	read_site	1539	1520	946	599	764	775	755	765	187	759	3	596	599	3	596	0.8982378641764323	0.0006301419046901216	0.005125673067987661	0.4494340030405612	0.030378132876871616	3.0939633439498238	0.01495740194865206	0.5	1.0	596	0	3	0	599	0.005054098138825125	0.005204877391681449	0.02817011639836239	0.032603982248705886	selected p>=0.9 subset; whole-population claim invalid	0.24476439790575916	0.9793548387096774
2026_all5mer	seed_71	high_p_filter	5mers_A_RNA_sparse_seq_28	POSTHOC_ROBUSTNESS_ANALYSIS	CONTROLLED_ERROR_INJECTION	provider_construct_condition	read_site	1533	1509	940	577	764	769	752	757	198	742	3	574	577	3	574	0.9325904846191406	0.0006500004891319142	0.0054954449473468645	0.46662024255413626	0.03382096032070241	3.7262033122380043	0.014522794718347175	0.5	1.0	574	0	3	0	577	0.005424539179281304	0.005573980109943674	0.03121650245804797	0.03663900924430094	selected p>=0.9 subset; whole-population claim invalid	0.2591623036649215	0.9648894668400521
2026_all5mer	seed_71	high_p_filter	5mers_A_RNA_sparse_seq_29	POSTHOC_ROBUSTNESS_ANALYSIS	CONTROLLED_ERROR_INJECTION	provider_construct_condition	read_site	1515	1492	920	596	764	751	750	742	182	738	5	591	596	5	591	0.9028480529785157	0.000503301217067867	0.008073307523791422	0.4516756770977918	0.04250554049534774	3.537588779983609	0.012936308350777003	0.5	1.0	591	0	5	0	596	0.007996911170498637	0.008157333271615457	0.03913431972936681	INFINITE	selected p>=0.9 subset; whole-population claim invalid	0.23821989528795812	0.9826897470039947
2026_all5mer	seed_71	high_p_filter	5mers_A_RNA_sparse_seq_30	POSTHOC_ROBUSTNESS_ANALYSIS	CONTROLLED_ERROR_INJECTION	provider_construct_condition	read_site	1479	1442	951	437	738	741	719	723	232	719	0	437	437	0	437		0.0010317053893065288	0.0010317053893065288		0.020496924832547097		0.020496924832547097			437	0	0	0	437	0.0009575675772311213	0.0011134725959131865	0.018504644938833106	0.022493184693517864	selected p>=0.9 subset; whole-population claim invalid	0.3143631436314363	0.970310391363023
2026_all5mer	seed_71	high_p_filter	5mers_A_RNA_sparse_seq_31	POSTHOC_ROBUSTNESS_ANALYSIS	CONTROLLED_ERROR_INJECTION	provider_construct_condition	read_site	1526	1506	885	616	755	771	749	757	140	745	3	613	616	3	613	0.8924293518066406	0.0005977375472350378	0.004941073330965909	0.4465135446769378	0.028787155415205646	2.901251207593171	0.014729419433910547	0.5	1.0	613	0	3	0	616	0.004870872992973823	0.005018903063489245	0.026645063703312426	0.030939479397146422	selected p>=0.9 subset; whole-population claim invalid	0.18543046357615894	0.9662775616083009
2026_all5mer	seed_71	high_p_filter	5mers_A_RNA_sparse_seq_32	POSTHOC_ROBUSTNESS_ANALYSIS	CONTROLLED_ERROR_INJECTION	provider_construct_condition	read_site	1524	1497	1051	507	757	767	741	756	302	749	7	500	507	7	500	0.8894124712262835	0.001212432861328125	0.013475549761830467	0.4453124520438058	0.06461626976452003	2.9477321100889773	0.024252647999977638	0.5	1.0	500	0	7	0	507	0.013337535971015163	0.013621192947177022	0.06209421841940231	0.06716971162004925	selected p>=0.9 subset; whole-population claim invalid	0.3989431968295905	0.9765319426336375
2026_all5mer	seed_71	high_p_filter	ALL	POSTHOC_ROBUSTNESS_ANALYSIS	CONTROLLED_ERROR_INJECTION	provider_construct_condition	read_site	48319	47545	30529	17136	24125	24194	23778	23767	7009	23520	126	17010	17136	126	17010	0.895624251592727	0.0008098232262559248	0.0073893410818917414	0.4482170374094914	0.04046052308848655	3.147161376397038	0.017447924175089873	0.5	1.0	17010	0	126	0	17136	0.007299975298143346	0.007486336260171386	0.038015782578611136	INFINITE	selected p>=0.9 subset; whole-population claim invalid	0.2905284974093264	0.9721418533520707
2026_all5mer	seed_71	missing_zero	5mers_A_RNA_sparse_seq_01	POSTHOC_ROBUSTNESS_ANALYSIS	CONTROLLED_ERROR_INJECTION	provider_construct_condition	read_site	1515	1489	972	1515	762	753	751	738	247	725	762	753	1489	751	738	0.029768815529489328	0.07184684050438526	0.05062414288440753	0.0508078280169373	INFINITE	0.10266008151211878	INFINITE	0.9360004185927345	0.041278295605858856	674	720	31	64	972					invalid probability: missing replaced by zero	0.3241469816272966	0.9628154050464808
2026_all5mer	seed_71	missing_zero	5mers_A_RNA_sparse_seq_02	POSTHOC_ROBUSTNESS_ANALYSIS	CONTROLLED_ERROR_INJECTION	provider_construct_condition	read_site	1560	1539	987	1560	783	777	770	769	225	762	783	777	1539	770	769	0.0247151213806945	0.09233854216934026	0.05850486185273387	0.05852683177501738	INFINITE	0.08618026577066983	INFINITE	0.9174446489791094	0.02987012987012987	665	747	23	104	987					invalid probability: missing replaced by zero	0.28735632183908044	0.9806949806949807
2026_all5mer	seed_71	missing_zero	5mers_A_RNA_sparse_seq_03	POSTHOC_ROBUSTNESS_ANALYSIS	CONTROLLED_ERROR_INJECTION	provider_construct_condition	read_site	1534	1512	963	1534	775	759	768	744	225	738	775	759	1512	768	744	0.028859898447990417	0.06539671908142747	0.0468383339977769	0.04712830876470894	INFINITE	0.09959610697476605	INFINITE	0.9360299059139784	0.033854166666666664	674	742	26	70	963					invalid probability: missing replaced by zero	0.2903225806451613	0.9723320158102767
2026_all5mer	seed_71	missing_zero	5mers_A_RNA_sparse_seq_04	POSTHOC_ROBUSTNESS_ANALYSIS	CONTROLLED_ERROR_INJECTION	provider_construct_condition	read_site	1487	1469	938	1487	752	735	744	725	226	712	752	735	1469	744	725	0.03806789972448862	0.08526880724676725	0.06136310595570169	0.061668353485627936	INFINITE	0.12603843141950646	INFINITE	0.9206340378197998	0.04838709677419355	645	708	36	80	938					invalid probability: missing replaced by zero	0.300531914893617	0.9687074829931973
2026_all5mer	seed_71	missing_zero	5mers_A_RNA_sparse_seq_05	POSTHOC_ROBUSTNESS_ANALYSIS	CONTROLLED_ERROR_INJECTION	provider_construct_condition	read_site	1489	1478	948	1489	726	763	724	754	199	749	726	763	1478	724	754	0.0299125323638073	0.06527247036799828	0.04795136406553937	0.04759250136590279	INFINITE	0.10001656197977005	INFINITE	0.9321995398390902	0.04143646408839779	683	694	30	71	948					invalid probability: missing replaced by zero	0.2741046831955923	0.981651376146789
2026_all5mer	seed_71	missing_zero	5mers_A_RNA_sparse_seq_06	POSTHOC_ROBUSTNESS_ANALYSIS	CONTROLLED_ERROR_INJECTION	provider_construct_condition	read_site	1522	1504	963	1522	762	760	753	751	215	748	762	760	1504	753	751	0.024510919335353896	0.08847401462763191	0.05644993832770814	0.056492466981492906	INFINITE	0.0821571465801886	INFINITE	0.9208165120255772	0.033200531208499334	657	728	25	94	963					invalid probability: missing replaced by zero	0.2821522309711286	0.9842105263157894
2026_all5mer	seed_71	missing_zero	5mers_A_RNA_sparse_seq_07	POSTHOC_ROBUSTNESS_ANALYSIS	CONTROLLED_ERROR_INJECTION	provider_construct_condition	read_site	1519	1505	948	1519	763	756	758	747	216	732	763	756	1505	758	747	0.02402466142397757	0.10189903085649892	0.06267725542138185	0.06296184614023824	INFINITE	0.08165459139861324	INFINITE	0.9158763461939226	0.029023746701846966	643	736	22	104	948					invalid probability: missing replaced by zero	0.28309305373525556	0.9682539682539683
2026_all5mer	seed_71	missing_zero	5mers_A_RNA_sparse_seq_08	POSTHOC_ROBUSTNESS_ANALYSIS	CONTROLLED_ERROR_INJECTION	provider_construct_condition	read_site	1534	1518	922	1534	774	760	770	748	183	739	774	760	1518	770	748	0.02584652095646053	0.07971237815000157	0.05238911725472713	0.05277944955323105	INFINITE	0.08463243247241038	INFINITE	0.9269671504965623	0.033766233766233764	664	744	26	84	922					invalid probability: missing replaced by zero	0.2364341085271318	0.9723684210526315
2026_all5mer	seed_71	missing_zero	5mers_A_RNA_sparse_seq_09	POSTHOC_ROBUSTNESS_ANALYSIS	CONTROLLED_ERROR_INJECTION	provider_construct_condition	read_site	1504	1470	952	1504	745	759	724	746	210	742	745	759	1470	724	746	0.02227383819074262	0.09593690560266735	0.059656592129039114	0.059105371896704985	INFINITE	0.07969504823708468	INFINITE	0.9164623850221439	0.029005524861878452	643	703	21	103	952					invalid probability: missing replaced by zero	0.28187919463087246	0.9776021080368906
2026_all5mer	seed_71	missing_zero	5mers_A_RNA_sparse_seq_10	POSTHOC_ROBUSTNESS_ANALYSIS	CONTROLLED_ERROR_INJECTION	provider_construct_condition	read_site	1473	1459	922	1473	739	734	734	725	200	722	739	734	1459	734	725	0.028827760784762433	0.0520239363045528	0.04035430448034024	0.04042584854465762	INFINITE	0.10096301512016684	INFINITE	0.9443577938551161	0.035422343324250684	670	708	26	55	922					invalid probability: missing replaced by zero	0.2706359945872801	0.9836512261580381
2026_all5mer	seed_71	missing_zero	5mers_A_RNA_sparse_seq_11	POSTHOC_ROBUSTNESS_ANALYSIS	CONTROLLED_ERROR_INJECTION	provider_construct_condition	read_site	1528	1514	1013	1528	769	759	762	752	263	750	769	759	1514	762	752	0.028206006748469795	0.06600606187861016	0.046981199256967525	0.04710603431353998	INFINITE	0.0941572194755132	INFINITE	0.9377355922265036	0.03543307086614173	685	735	27	67	1013					invalid probability: missing replaced by zero	0.3420026007802341	0.9881422924901185
2026_all5mer	seed_71	missing_zero	5mers_A_RNA_sparse_seq_12	POSTHOC_ROBUSTNESS_ANALYSIS	CONTROLLED_ERROR_INJECTION	provider_construct_condition	read_site	1503	1483	942	1503	736	767	725	758	194	748	736	767	1483	725	758	0.03441369418440194	0.07374397620047617	0.05451642767609733	0.054078835192439056	INFINITE	0.11013588227549888	INFINITE	0.9265398962787734	0.041379310344827586	678	695	30	80	942					invalid probability: missing replaced by zero	0.26358695652173914	0.9752281616688396
2026_all5mer	seed_71	missing_zero	5mers_A_RNA_sparse_seq_13	POSTHOC_ROBUSTNESS_ANALYSIS	CONTROLLED_ERROR_INJECTION	provider_construct_condition	read_site	1515	1478	905	1515	759	756	737	741	173	732	759	756	1478	737	741	0.02547839409298942	0.07213970395395791	0.04887219017348851	0.04880904902347367	INFINITE	0.08143743759661146	INFINITE	0.9304004453258184	0.036635006784260515	665	710	27	76	905					invalid probability: missing replaced by zero	0.22793148880105402	0.9682539682539683
2026_all5mer	seed_71	missing_zero	5mers_A_RNA_sparse_seq_14	POSTHOC_ROBUSTNESS_ANALYSIS	CONTROLLED_ERROR_INJECTION	provider_construct_condition	read_site	1540	1510	939	1540	770	770	759	751	196	743	770	770	1510	759	751	0.024139947099647976	0.0594629473121125	0.041707876344390264	0.041801447205880235	INFINITE	0.08385388164366246	INFINITE	0.9455534912606643	0.02766798418972332	690	738	21	61	939					invalid probability: missing replaced by zero	0.2545454545454545	0.964935064935065
2026_all5mer	seed_71	missing_zero	5mers_A_RNA_sparse_seq_15	POSTHOC_ROBUSTNESS_ANALYSIS	CONTROLLED_ERROR_INJECTION	provider_construct_condition	read_site	1517	1497	1027	1517	737	780	728	769	267	760	737	780	1497	728	769	0.036038299183269125	0.12083048132213102	0.0795955390395048	0.07843439025270008	INFINITE	0.12510702966937706	INFINITE	0.8875716286314466	0.046703296703296704	632	694	34	137	1027					invalid probability: missing replaced by zero	0.3622795115332429	0.9743589743589743
2026_all5mer	seed_71	missing_zero	5mers_A_RNA_sparse_seq_16	POSTHOC_ROBUSTNESS_ANALYSIS	CONTROLLED_ERROR_INJECTION	provider_construct_condition	read_site	1436	1403	968	1436	702	734	689	714	267	701	702	734	1403	689	714	0.03185257268055776	0.09202163760401622	0.0624731802039714	0.06193710514228699	INFINITE	0.11107289993304303	INFINITE	0.919532834904644	0.036284470246734396	625	664	25	89	968					invalid probability: missing replaced by zero	0.3803418803418803	0.9550408719346049
2026_all5mer	seed_71	missing_zero	5mers_A_RNA_sparse_seq_17	POSTHOC_ROBUSTNESS_ANALYSIS	CONTROLLED_ERROR_INJECTION	provider_construct_condition	read_site	1471	1440	898	1471	736	735	728	712	188	710	736	735	1440	728	712	0.024053280170147236	0.048172757866677275	0.0359790219200982	0.036113019018412254	INFINITE	0.07823908167206557	INFINITE	0.9505417335473515	0.03571428571428571	667	702	26	45	898					invalid probability: missing replaced by zero	0.2554347826086957	0.9659863945578231
2026_all5mer	seed_71	missing_zero	5mers_A_RNA_sparse_seq_18	POSTHOC_ROBUSTNESS_ANALYSIS	CONTROLLED_ERROR_INJECTION	provider_construct_condition	read_site	1494	1485	930	1494	761	733	754	731	203	727	761	733	1485	754	731	0.032722629982217234	0.04863102882896663	0.04055363305088647	0.04067682940559193	INFINITE	0.10612175249515246	INFINITE	0.9419067299981494	0.046419098143236075	680	719	35	51	930					invalid probability: missing replaced by zero	0.266754270696452	0.9918144611186903
2026_all5mer	seed_71	missing_zero	5mers_A_RNA_sparse_seq_19	POSTHOC_ROBUSTNESS_ANALYSIS	CONTROLLED_ERROR_INJECTION	provider_construct_condition	read_site	1522	1475	886	1522	752	770	736	739	155	731	752	770	1475	736	739	0.01462473558342975	0.07570900613787371	0.04522899045782574	0.04516687086065173	INFINITE	0.05251739814694558	INFINITE	0.9404187135965171	0.020380434782608696	666	721	15	73	886					invalid probability: missing replaced by zero	0.20611702127659576	0.9493506493506494
2026_all5mer	seed_71	missing_zero	5mers_A_RNA_sparse_seq_20	POSTHOC_ROBUSTNESS_ANALYSIS	CONTROLLED_ERROR_INJECTION	provider_construct_condition	read_site	1536	1496	1007	1536	772	764	759	737	276	731	772	764	1496	759	737	0.046931069516067604	0.09192894012989473	0.06909913812729127	0.06943000482298117	INFINITE	0.15905619003767207	INFINITE	0.9059052563270603	0.05928853754940711	642	714	45	95	1007					invalid probability: missing replaced by zero	0.35751295336787564	0.9568062827225131
2026_all5mer	seed_71	missing_zero	5mers_A_RNA_sparse_seq_21	POSTHOC_ROBUSTNESS_ANALYSIS	CONTROLLED_ERROR_INJECTION	provider_construct_condition	read_site	1503	1485	927	1503	761	742	753	732	199	728	761	742	1485	753	732	0.026254028279784507	0.06552053149280652	0.04560963794438526	0.04588727988629551	INFINITE	0.08760220968894175	INFINITE	0.9376728060435853	0.035856573705179286	667	726	27	65	927					invalid probability: missing replaced by zero	0.2614980289093298	0.9811320754716981
2026_all5mer	seed_71	missing_zero	5mers_A_RNA_sparse_seq_22	POSTHOC_ROBUSTNESS_ANALYSIS	CONTROLLED_ERROR_INJECTION	provider_construct_condition	read_site	1465	1430	960	1465	752	713	736	694	281	679	752	713	1430	736	694	0.04175862540369448	0.13645886138124494	0.08771804062636582	0.08910874339246971	INFINITE	0.1408855401804042	INFINITE	0.8762020736749782	0.051630434782608696	558	698	38	136	960					invalid probability: missing replaced by zero	0.37367021276595747	0.9523141654978962
2026_all5mer	seed_71	missing_zero	5mers_A_RNA_sparse_seq_23	POSTHOC_ROBUSTNESS_ANALYSIS	CONTROLLED_ERROR_INJECTION	provider_construct_condition	read_site	1526	1494	969	1526	758	768	746	748	225	744	758	768	1494	746	748	0.045521104623421266	0.08207237529244653	0.06382120533321436	0.06379673995793389	INFINITE	0.14239069686749914	INFINITE	0.9063275078493498	0.06702412868632708	658	696	50	90	969					invalid probability: missing replaced by zero	0.29683377308707126	0.96875
2026_all5mer	seed_71	missing_zero	5mers_A_RNA_sparse_seq_24	POSTHOC_ROBUSTNESS_ANALYSIS	CONTROLLED_ERROR_INJECTION	provider_construct_condition	read_site	1519	1494	993	1519	758	761	750	744	254	739	758	761	1494	750	744	0.03762218221028646	0.07563008031537456	0.0565498101822982	0.05662613126283051	INFINITE	0.12377537642394894	INFINITE	0.9215537634408602	0.04533333333333334	661	716	34	83	993					invalid probability: missing replaced by zero	0.33509234828496043	0.9710906701708278
2026_all5mer	seed_71	missing_zero	5mers_A_RNA_sparse_seq_25	POSTHOC_ROBUSTNESS_ANALYSIS	CONTROLLED_ERROR_INJECTION	provider_construct_condition	read_site	1504	1487	979	1504	746	758	733	754	240	739	746	758	1487	733	754	0.032224106105580665	0.10135346572026017	0.06727692194247935	0.06678878591292042	INFINITE	0.11133655303320417	INFINITE	0.9092443756083969	0.040927694406548434	648	703	30	106	979					invalid probability: missing replaced by zero	0.32171581769436997	0.974934036939314
2026_all5mer	seed_71	missing_zero	5mers_A_RNA_sparse_seq_26	POSTHOC_ROBUSTNESS_ANALYSIS	CONTROLLED_ERROR_INJECTION	provider_construct_condition	read_site	1487	1465	978	1487	733	754	721	744	241	737	733	754	1465	721	744	0.027918891007295096	0.08912171086957378	0.05900073263018611	0.05852030093843444	INFINITE	0.09801576767958586	INFINITE	0.920835011110614	0.03467406380027739	652	696	25	92	978					invalid probability: missing replaced by zero	0.32878581173260574	0.9774535809018567
2026_all5mer	seed_71	missing_zero	5mers_A_RNA_sparse_seq_27	POSTHOC_ROBUSTNESS_ANALYSIS	CONTROLLED_ERROR_INJECTION	provider_construct_condition	read_site	1539	1520	946	1539	764	775	755	765	187	759	764	775	1520	755	765	0.020437051128867446	0.06476220523609835	0.04274543461046721	0.0425996281824829	INFINITE	0.07344640897892854	INFINITE	0.9429900878673765	0.022516556291390728	695	738	17	70	946					invalid probability: missing replaced by zero	0.24476439790575916	0.9793548387096774
2026_all5mer	seed_71	missing_zero	5mers_A_RNA_sparse_seq_28	POSTHOC_ROBUSTNESS_ANALYSIS	CONTROLLED_ERROR_INJECTION	provider_construct_condition	read_site	1533	1509	940	1533	764	769	752	757	198	742	764	769	1509	752	757	0.0198808528007345	0.09374724858030775	0.0569364270917464	0.056814050690521124	INFINITE	0.07183038299374848	INFINITE	0.9239544394165098	0.026595744680851064	662	732	20	95	940					invalid probability: missing replaced by zero	0.2591623036649215	0.9648894668400521
2026_all5mer	seed_71	missing_zero	5mers_A_RNA_sparse_seq_29	POSTHOC_ROBUSTNESS_ANALYSIS	CONTROLLED_ERROR_INJECTION	provider_construct_condition	read_site	1515	1492	920	1515	764	751	750	742	182	738	764	751	1492	750	742	0.02335973103841146	0.05092899497307214	0.03707045076999204	0.0371443630057418	INFINITE	0.08525487492348538	INFINITE	0.9509380053908356	0.024	687	732	18	55	920					invalid probability: missing replaced by zero	0.23821989528795812	0.9826897470039947
2026_all5mer	seed_71	missing_zero	5mers_A_RNA_sparse_seq_30	POSTHOC_ROBUSTNESS_ANALYSIS	CONTROLLED_ERROR_INJECTION	provider_construct_condition	read_site	1479	1442	951	1479	738	741	719	723	232	719	738	741	1442	719	723	0.023384062404924372	0.09696062966501069	0.0602743939784628	0.06017234603496753	INFINITE	0.07967264597868934	INFINITE	0.9134661441951997	0.031988873435326845	621	696	23	102	951					invalid probability: missing replaced by zero	0.3143631436314363	0.970310391363023
2026_all5mer	seed_71	missing_zero	5mers_A_RNA_sparse_seq_31	POSTHOC_ROBUSTNESS_ANALYSIS	CONTROLLED_ERROR_INJECTION	provider_construct_condition	read_site	1526	1506	885	1526	755	771	749	757	140	745	755	771	1506	749	757	0.017965135969052488	0.05179446282128519	0.03496965152492244	0.03487979939516884	INFINITE	0.060834206331754945	INFINITE	0.9556193815443929	0.02403204272363151	708	731	18	49	885					invalid probability: missing replaced by zero	0.18543046357615894	0.9662775616083009
2026_all5mer	seed_71	missing_zero	5mers_A_RNA_sparse_seq_32	POSTHOC_ROBUSTNESS_ANALYSIS	CONTROLLED_ERROR_INJECTION	provider_construct_condition	read_site	1524	1497	1051	1524	757	767	741	756	302	749	757	767	1497	741	756	0.04555943909926936	0.08824410514226036	0.06711562315304437	0.06690177212076485	INFINITE	0.1499276334863104	INFINITE	0.9014737698948225	0.06477732793522267	656	693	48	100	1051					invalid probability: missing replaced by zero	0.3989431968295905	0.9765319426336375
2026_all5mer	seed_71	missing_zero	ALL	POSTHOC_ROBUSTNESS_ANALYSIS	CONTROLLED_ERROR_INJECTION	provider_construct_condition	read_site	48319	47545	30529	48319	24125	24194	23778	23767	7009	23520	24125	24194	47545	23778	23767	0.02927228449692246	0.07945408180895845	0.05435737812853797	0.054363183152940454	INFINITE	0.0990170105053453	INFINITE	0.9254305526283619	0.03780805786861805	21121	22879	899	2646	30529					invalid probability: missing replaced by zero	0.2905284974093264	0.9721418533520707
2026_all5mer	seed_71	site_mean_as_read	5mers_A_RNA_sparse_seq_01	POSTHOC_ROBUSTNESS_ANALYSIS	CONTROLLED_ERROR_INJECTION	provider_construct_condition	read_site	1515	1489	972	1515	762	753	751	738	247	725	762	753	972	247	725	0.045901157471646456	0.01451117150470782	0.022487844893425767	0.030206164488177138	0.143060434181485	0.2241843233600154	0.11542236435100638	1.0	0.0	725	247	0	0	0					invalid unit: repeated site means	0.3241469816272966	0.9628154050464808
2026_all5mer	seed_71	site_mean_as_read	5mers_A_RNA_sparse_seq_02	POSTHOC_ROBUSTNESS_ANALYSIS	CONTROLLED_ERROR_INJECTION	provider_construct_condition	read_site	1560	1539	987	1560	783	777	770	769	225	762	783	777	987	225	762	0.03946210505363941	0.034172855267880935	0.03537861129806904	0.03681748016076017	0.18804681655489416	0.2182668270575664	0.17912358510725473	1.0	0.0	762	225	0	0	0					invalid unit: repeated site means	0.28735632183908044	0.9806949806949807
2026_all5mer	seed_71	site_mean_as_read	5mers_A_RNA_sparse_seq_03	POSTHOC_ROBUSTNESS_ANALYSIS	CONTROLLED_ERROR_INJECTION	provider_construct_condition	read_site	1534	1512	963	1534	775	759	768	744	225	738	775	759	963	225	738	0.054461203839099546	0.01536135811213222	0.024496836085722718	0.03491128097561588	0.15511881160407937	0.2569516357204867	0.12407221888566249	1.0	0.0	738	225	0	0	0					invalid unit: repeated site means	0.2903225806451613	0.9723320158102767
2026_all5mer	seed_71	site_mean_as_read	5mers_A_RNA_sparse_seq_04	POSTHOC_ROBUSTNESS_ANALYSIS	CONTROLLED_ERROR_INJECTION	provider_construct_condition	read_site	1487	1469	938	1487	752	735	744	725	226	712	752	735	938	226	712	0.07532441874963977	0.021373687260448287	0.03437247757660743	0.04834905300504403	0.18266793972096665	0.30378919024321405	0.1442221495271072	1.0	0.0	712	226	0	0	0					invalid unit: repeated site means	0.300531914893617	0.9687074829931973
2026_all5mer	seed_71	site_mean_as_read	5mers_A_RNA_sparse_seq_05	POSTHOC_ROBUSTNESS_ANALYSIS	CONTROLLED_ERROR_INJECTION	provider_construct_condition	read_site	1489	1478	948	1489	726	763	724	754	199	749	726	763	948	199	749	0.05821009033426425	0.01942209128184544	0.027564297833988206	0.03881609080805484	0.15697621347638613	0.26710098315573	0.1277174295428889	1.0	0.0	749	199	0	0	0					invalid unit: repeated site means	0.2741046831955923	0.981651376146789
2026_all5mer	seed_71	site_mean_as_read	5mers_A_RNA_sparse_seq_06	POSTHOC_ROBUSTNESS_ANALYSIS	CONTROLLED_ERROR_INJECTION	provider_construct_condition	read_site	1522	1504	963	1522	762	760	753	751	215	748	762	760	963	215	748	0.04496600453286763	0.02742747247181559	0.03134313643144818	0.03619673850234161	0.17761395649170922	0.21905110420002502	0.16570354638838317	1.0	0.0	748	215	0	0	0					invalid unit: repeated site means	0.2821522309711286	0.9842105263157894
2026_all5mer	seed_71	site_mean_as_read	5mers_A_RNA_sparse_seq_07	POSTHOC_ROBUSTNESS_ANALYSIS	CONTROLLED_ERROR_INJECTION	provider_construct_condition	read_site	1519	1505	948	1519	763	756	758	747	216	732	763	756	948	216	732	0.0465624217188379	0.03049488696942213	0.03415584425409914	0.03852865434413001	0.1830211716319907	0.23574682610952546	0.16746278178616075	1.0	0.0	732	216	0	0	0					invalid unit: repeated site means	0.28309305373525556	0.9682539682539683
2026_all5mer	seed_71	site_mean_as_read	5mers_A_RNA_sparse_seq_08	POSTHOC_ROBUSTNESS_ANALYSIS	CONTROLLED_ERROR_INJECTION	provider_construct_condition	read_site	1534	1518	922	1534	774	760	770	748	183	739	774	760	922	183	739	0.05879426066246532	0.024382207550216504	0.031212365597441595	0.04158823410634091	0.16055059763369126	0.25748881340518676	0.13654559968215718	1.0	0.0	739	183	0	0	0					invalid unit: repeated site means	0.2364341085271318	0.9723684210526315
2026_all5mer	seed_71	site_mean_as_read	5mers_A_RNA_sparse_seq_09	POSTHOC_ROBUSTNESS_ANALYSIS	CONTROLLED_ERROR_INJECTION	provider_construct_condition	read_site	1504	1470	952	1504	745	759	724	746	210	742	745	759	952	210	742	0.03652807119685615	0.034790413058750504	0.03517372000097969	0.03565924212780333	0.18467618438514682	0.20386783391693308	0.17924458546105634	1.0	0.0	742	210	0	0	0					invalid unit: repeated site means	0.28187919463087246	0.9776021080368906
2026_all5mer	seed_71	site_mean_as_read	5mers_A_RNA_sparse_seq_10	POSTHOC_ROBUSTNESS_ANALYSIS	CONTROLLED_ERROR_INJECTION	provider_construct_condition	read_site	1473	1459	922	1473	739	734	734	725	200	722	739	734	922	200	722	0.05662969233531647	0.013948726204767602	0.023207070267793384	0.03528920927004204	0.14300960628750217	0.2670838423448843	0.10864001181177305	1.0	0.0	722	200	0	0	0					invalid unit: repeated site means	0.2706359945872801	0.9836512261580381
2026_all5mer	seed_71	site_mean_as_read	5mers_A_RNA_sparse_seq_11	POSTHOC_ROBUSTNESS_ANALYSIS	CONTROLLED_ERROR_INJECTION	provider_construct_condition	read_site	1528	1514	1013	1528	769	759	762	752	263	750	769	759	1013	263	750	0.039633658265817405	0.019369310044854746	0.02463043895118562	0.029501484155336075	0.15147968205650567	0.2083157096990682	0.1315491816965137	1.0	0.0	750	263	0	0	0					invalid unit: repeated site means	0.3420026007802341	0.9881422924901185
2026_all5mer	seed_71	site_mean_as_read	5mers_A_RNA_sparse_seq_12	POSTHOC_ROBUSTNESS_ANALYSIS	CONTROLLED_ERROR_INJECTION	provider_construct_condition	read_site	1503	1483	942	1503	736	767	725	758	194	748	736	767	942	194	748	0.07288960174628645	0.021101226158680406	0.03176677272343154	0.046995413952483425	0.17121673218925892	0.30983730066339715	0.13526433876147442	1.0	0.0	748	194	0	0	0					invalid unit: repeated site means	0.26358695652173914	0.9752281616688396
2026_all5mer	seed_71	site_mean_as_read	5mers_A_RNA_sparse_seq_13	POSTHOC_ROBUSTNESS_ANALYSIS	CONTROLLED_ERROR_INJECTION	provider_construct_condition	read_site	1515	1478	905	1515	759	756	737	741	173	732	759	756	905	173	732	0.06131695988346454	0.014935151126467214	0.02380150793857831	0.03812605550496588	0.1437717734255748	0.27611095667907953	0.11249488995172738	1.0	0.0	732	173	0	0	0					invalid unit: repeated site means	0.22793148880105402	0.9682539682539683
2026_all5mer	seed_71	site_mean_as_read	5mers_A_RNA_sparse_seq_14	POSTHOC_ROBUSTNESS_ANALYSIS	CONTROLLED_ERROR_INJECTION	provider_construct_condition	read_site	1540	1510	939	1540	770	770	759	751	196	743	770	770	939	196	743	0.044651258583084	0.0156438928793198	0.021698678478827556	0.0301475757312019	0.13629463172167744	0.23035869082802057	0.11148096337060981	1.0	0.0	743	196	0	0	0					invalid unit: repeated site means	0.2545454545454545	0.964935064935065
2026_all5mer	seed_71	site_mean_as_read	5mers_A_RNA_sparse_seq_15	POSTHOC_ROBUSTNESS_ANALYSIS	CONTROLLED_ERROR_INJECTION	provider_construct_condition	read_site	1517	1497	1027	1517	737	780	728	769	267	760	737	780	1027	267	760	0.05629603534406251	0.04930839053315859	0.051125042105224165	0.05280221293861055	0.23646369276528345	0.2677045311084307	0.22548829297894094	1.0	0.0	760	267	0	0	0					invalid unit: repeated site means	0.3622795115332429	0.9743589743589743
2026_all5mer	seed_71	site_mean_as_read	5mers_A_RNA_sparse_seq_16	POSTHOC_ROBUSTNESS_ANALYSIS	CONTROLLED_ERROR_INJECTION	provider_construct_condition	read_site	1436	1403	968	1436	702	734	689	714	267	701	702	734	968	267	701	0.042027175408253896	0.025930645176700715	0.030370493907924578	0.03397891029247731	0.1766676926004412	0.22258947874811388	0.15917679830453735	1.0	0.0	701	267	0	0	0					invalid unit: repeated site means	0.3803418803418803	0.9550408719346049
2026_all5mer	seed_71	site_mean_as_read	5mers_A_RNA_sparse_seq_17	POSTHOC_ROBUSTNESS_ANALYSIS	CONTROLLED_ERROR_INJECTION	provider_construct_condition	read_site	1471	1440	898	1471	736	735	728	712	188	710	736	735	898	188	710	0.04535332313681115	0.011731930627092981	0.018770707678125293	0.028542626881952065	0.12472549531817312	0.21464358943793518	0.10091619715688402	1.0	0.0	710	188	0	0	0					invalid unit: repeated site means	0.2554347826086957	0.9659863945578231
2026_all5mer	seed_71	site_mean_as_read	5mers_A_RNA_sparse_seq_18	POSTHOC_ROBUSTNESS_ANALYSIS	CONTROLLED_ERROR_INJECTION	provider_construct_condition	read_site	1494	1485	930	1494	761	733	754	731	203	727	761	733	930	203	727	0.06553083877668311	0.011059221181824104	0.0229492624417772	0.03829502997925361	0.14273870021044396	0.2885360743705769	0.1020277415384949	1.0	0.0	727	203	0	0	0					invalid unit: repeated site means	0.266754270696452	0.9918144611186903
2026_all5mer	seed_71	site_mean_as_read	5mers_A_RNA_sparse_seq_19	POSTHOC_ROBUSTNESS_ANALYSIS	CONTROLLED_ERROR_INJECTION	provider_construct_condition	read_site	1522	1475	886	1522	752	770	736	739	155	731	752	770	886	155	731	0.03470161169895598	0.02345473721242455	0.025422305548104426	0.02907817445569026	0.1429965758683262	0.20231206159721252	0.13041942089161293	1.0	0.0	731	155	0	0	0					invalid unit: repeated site means	0.20611702127659576	0.9493506493506494
2026_all5mer	seed_71	site_mean_as_read	5mers_A_RNA_sparse_seq_20	POSTHOC_ROBUSTNESS_ANALYSIS	CONTROLLED_ERROR_INJECTION	provider_construct_condition	read_site	1536	1496	1007	1536	772	764	759	737	276	731	772	764	1007	276	731	0.07749502825484268	0.029649033448203882	0.042762732124104884	0.05357203085152328	0.20782519084327797	0.3105359647635032	0.16904519959569636	1.0	0.0	731	276	0	0	0					invalid unit: repeated site means	0.35751295336787564	0.9568062827225131
2026_all5mer	seed_71	site_mean_as_read	5mers_A_RNA_sparse_seq_21	POSTHOC_ROBUSTNESS_ANALYSIS	CONTROLLED_ERROR_INJECTION	provider_construct_condition	read_site	1503	1485	927	1503	761	742	753	732	199	728	761	742	927	199	728	0.052356314177731005	0.013901995259241177	0.022157021650589047	0.03312915471848609	0.149683942546039	0.25350899050781567	0.12130319454549841	1.0	0.0	728	199	0	0	0					invalid unit: repeated site means	0.2614980289093298	0.9811320754716981
2026_all5mer	seed_71	site_mean_as_read	5mers_A_RNA_sparse_seq_22	POSTHOC_ROBUSTNESS_ANALYSIS	CONTROLLED_ERROR_INJECTION	provider_construct_condition	read_site	1465	1430	960	1465	752	713	736	694	281	679	752	713	960	281	679	0.06170600134881459	0.051569202251105895	0.05453632782033104	0.05663760179996025	0.25136668547901325	0.2774553463237331	0.24057005264047676	1.0	0.0	679	281	0	0	0					invalid unit: repeated site means	0.37367021276595747	0.9523141654978962
2026_all5mer	seed_71	site_mean_as_read	5mers_A_RNA_sparse_seq_23	POSTHOC_ROBUSTNESS_ANALYSIS	CONTROLLED_ERROR_INJECTION	provider_construct_condition	read_site	1526	1494	969	1526	758	768	746	748	225	744	758	768	969	225	744	0.08453312528374184	0.028516365367535778	0.041523352964178056	0.05652474532563881	0.2080232038794521	0.341233209252125	0.16773791999658735	1.0	0.0	744	225	0	0	0					invalid unit: repeated site means	0.29683377308707126	0.96875
2026_all5mer	seed_71	site_mean_as_read	5mers_A_RNA_sparse_seq_24	POSTHOC_ROBUSTNESS_ANALYSIS	CONTROLLED_ERROR_INJECTION	provider_construct_condition	read_site	1519	1494	993	1519	758	761	750	744	254	739	758	761	993	254	739	0.06175377318976223	0.02485219057626185	0.03429126608867786	0.04330298188301204	0.1830388496603029	0.28093302308917906	0.14939186718271893	1.0	0.0	739	254	0	0	0					invalid unit: repeated site means	0.33509234828496043	0.9710906701708278
2026_all5mer	seed_71	site_mean_as_read	5mers_A_RNA_sparse_seq_25	POSTHOC_ROBUSTNESS_ANALYSIS	CONTROLLED_ERROR_INJECTION	provider_construct_condition	read_site	1504	1487	979	1504	746	758	733	754	240	739	746	758	979	240	739	0.053203470310559185	0.03671914256080611	0.040760244358498385	0.04496130643568265	0.18822910911385726	0.25462574249634834	0.1666659264185963	1.0	0.0	739	240	0	0	0					invalid unit: repeated site means	0.32171581769436997	0.974934036939314
2026_all5mer	seed_71	site_mean_as_read	5mers_A_RNA_sparse_seq_26	POSTHOC_ROBUSTNESS_ANALYSIS	CONTROLLED_ERROR_INJECTION	provider_construct_condition	read_site	1487	1465	978	1487	733	754	721	744	241	737	733	754	978	241	737	0.04321376464445701	0.03199047931954449	0.03475613551924174	0.03760212198200075	0.18589950348380538	0.2283357013059883	0.17202280921630733	1.0	0.0	737	241	0	0	0					invalid unit: repeated site means	0.32878581173260574	0.9774535809018567
2026_all5mer	seed_71	site_mean_as_read	5mers_A_RNA_sparse_seq_27	POSTHOC_ROBUSTNESS_ANALYSIS	CONTROLLED_ERROR_INJECTION	provider_construct_condition	read_site	1539	1520	946	1539	764	775	755	765	187	759	764	775	946	187	759	0.04337089950062552	0.011276003804542124	0.01762034365144233	0.02732345165258382	0.1328102860488636	0.22563769695128022	0.10993976452218125	1.0	0.0	759	187	0	0	0					invalid unit: repeated site means	0.24476439790575916	0.9793548387096774
2026_all5mer	seed_71	site_mean_as_read	5mers_A_RNA_sparse_seq_28	POSTHOC_ROBUSTNESS_ANALYSIS	CONTROLLED_ERROR_INJECTION	provider_construct_condition	read_site	1533	1509	940	1533	764	769	752	757	198	742	764	769	940	198	742	0.034083625886343095	0.029970237560271534	0.030836674675763204	0.03202693172330731	0.1534348031901436	0.1919464416071673	0.1431581126152505	1.0	0.0	742	198	0	0	0					invalid unit: repeated site means	0.2591623036649215	0.9648894668400521
2026_all5mer	seed_71	site_mean_as_read	5mers_A_RNA_sparse_seq_29	POSTHOC_ROBUSTNESS_ANALYSIS	CONTROLLED_ERROR_INJECTION	provider_construct_condition	read_site	1515	1492	920	1515	764	751	750	742	182	738	764	751	920	182	738	0.05365792989990591	0.010230765192545408	0.0188217912542189	0.03194434754622566	0.1282778147634992	0.2527538366289876	0.09758047603786384	1.0	0.0	738	182	0	0	0					invalid unit: repeated site means	0.23821989528795812	0.9826897470039947
2026_all5mer	seed_71	site_mean_as_read	5mers_A_RNA_sparse_seq_30	POSTHOC_ROBUSTNESS_ANALYSIS	CONTROLLED_ERROR_INJECTION	provider_construct_condition	read_site	1479	1442	951	1479	738	741	719	723	232	719	738	741	951	232	719	0.03507913873805666	0.0396628755010903	0.03854465580705896	0.03737100711957348	0.19848832276292358	0.20064382777019937	0.19779280515278727	1.0	0.0	719	232	0	0	0					invalid unit: repeated site means	0.3143631436314363	0.970310391363023
2026_all5mer	seed_71	site_mean_as_read	5mers_A_RNA_sparse_seq_31	POSTHOC_ROBUSTNESS_ANALYSIS	CONTROLLED_ERROR_INJECTION	provider_construct_condition	read_site	1526	1506	885	1526	755	771	749	757	140	745	755	771	885	140	745	0.047730519858231325	0.007751606095201646	0.014075954035115947	0.027741062976716486	0.10895009388507564	0.24169967918904872	0.08400386308969816	1.0	0.0	745	140	0	0	0					invalid unit: repeated site means	0.18543046357615894	0.9662775616083009
2026_all5mer	seed_71	site_mean_as_read	5mers_A_RNA_sparse_seq_32	POSTHOC_ROBUSTNESS_ANALYSIS	CONTROLLED_ERROR_INJECTION	provider_construct_condition	read_site	1524	1497	1051	1524	757	767	741	756	302	749	757	767	1051	302	749	0.05767857301774126	0.028780702327707082	0.03708437211685107	0.04322963767272417	0.19865261908593998	0.26903921853694507	0.17027244147018092	1.0	0.0	749	302	0	0	0					invalid unit: repeated site means	0.3989431968295905	0.9765319426336375
2026_all5mer	seed_71	site_mean_as_read	ALL	POSTHOC_ROBUSTNESS_ANALYSIS	CONTROLLED_ERROR_INJECTION	provider_construct_condition	read_site	48319	47545	30529	48319	24125	24194	23778	23767	7009	23520	24125	24194	30529	7009	23520	0.053052170884637484	0.024138505089420396	0.030776648610619142	0.03859533798702894	0.16945157440436462	0.2512073445467729	0.14508821586150153	1.0	0.0	23520	7009	0	0	0					invalid unit: repeated site means	0.2905284974093264	0.9721418533520707
