release	policy	threshold	analysis_class	construct	truth_class	opportunities	N	O	S	coverage_S_over_O	coverage_S_over_N	brier	risk	loss_sum	error_count	definite_retained	possible_retained	ambiguous_retention	state
2025_DRACH	explicit_baseline	0.5	POSTHOC_TARGETED_SUPPLEMENTARY_ANALYSIS	DRACH_oligo_0	0	39383	39081	3655	3655	1.0	0.09352370717228321	0.12306261284406796	0.146374829001368	449.79384994506836	535	3655	3655	0	ESTIMABLE
2025_DRACH	explicit_baseline	0.5	POSTHOC_TARGETED_SUPPLEMENTARY_ANALYSIS	DRACH_oligo_0	1	39538	39140	38849	38849	1.0	0.99256515074093	0.0366810693063068	0.05549692398774743	1425.022861480713	2156	38849	38849	0	ESTIMABLE
2025_DRACH	explicit_baseline	0.5	POSTHOC_TARGETED_SUPPLEMENTARY_ANALYSIS	DRACH_oligo_1	0	39197	38816	3535	3535	1.0	0.09107069249793899	0.11466407074449424	0.13889674681753889	405.3374900817871	491	3535	3535	0	ESTIMABLE
2025_DRACH	explicit_baseline	0.5	POSTHOC_TARGETED_SUPPLEMENTARY_ANALYSIS	DRACH_oligo_1	1	39082	38623	38411	38411	1.0	0.9945110426429847	0.030832121371043564	0.045585899872432376	1184.2926139831543	1751	38411	38411	0	ESTIMABLE
2025_DRACH	explicit_baseline	0.5	POSTHOC_TARGETED_SUPPLEMENTARY_ANALYSIS	DRACH_oligo_2	0	39772	39238	6944	6944	1.0	0.17697130332840613	0.11647083352787703	0.1461693548387097	808.7734680175781	1015	6944	6944	0	ESTIMABLE
2025_DRACH	explicit_baseline	0.5	POSTHOC_TARGETED_SUPPLEMENTARY_ANALYSIS	DRACH_oligo_2	1	39235	38495	38253	38253	1.0	0.9937134692817249	0.04219315980888269	0.0637074216401328	1614.0149421691895	2437	38253	38253	0	ESTIMABLE
2025_DRACH	explicit_baseline	0.5	POSTHOC_TARGETED_SUPPLEMENTARY_ANALYSIS	DRACH_oligo_3	0	39634	39295	3732	3732	1.0	0.09497391525639394	0.1489173055078439	0.17416934619506966	555.7593841552734	650	3732	3732	0	ESTIMABLE
2025_DRACH	explicit_baseline	0.5	POSTHOC_TARGETED_SUPPLEMENTARY_ANALYSIS	DRACH_oligo_3	1	39154	38668	38487	38487	1.0	0.9953191269266577	0.022404819216648792	0.03473900278015953	862.2942771911621	1337	38487	38487	0	ESTIMABLE
2025_DRACH	explicit_baseline	0.5	POSTHOC_TARGETED_SUPPLEMENTARY_ANALYSIS	DRACH_oligo_4	0	39577	39107	3011	3011	1.0	0.07699388856215	0.10931565111477642	0.12952507472600466	329.1494255065918	390	3011	3011	0	ESTIMABLE
2025_DRACH	explicit_baseline	0.5	POSTHOC_TARGETED_SUPPLEMENTARY_ANALYSIS	DRACH_oligo_4	1	39256	38664	38495	38495	1.0	0.9956290088971653	0.023668970518537058	0.03616054032991298	911.137020111084	1392	38495	38495	0	ESTIMABLE
2025_DRACH	explicit_baseline	0.5	POSTHOC_TARGETED_SUPPLEMENTARY_ANALYSIS	ALL	0	197563	195537	20877	20877	1.0	0.10676751714509275	0.12208715896471231	0.1475786750969967	2548.813617706299	3081	20877	20877	0	ESTIMABLE
2025_DRACH	explicit_baseline	0.5	POSTHOC_TARGETED_SUPPLEMENTARY_ANALYSIS	ALL	1	196265	193590	192495	192495	1.0	0.9943437161010382	0.03115281807286061	0.04713369178420219	5996.761714935303	9073	192495	192495	0	ESTIMABLE
2025_DRACH	symmetric_confidence	0.5	POSTHOC_TARGETED_SUPPLEMENTARY_ANALYSIS	DRACH_oligo_0	0	39383	39081	3655	3655	1.0	0.09352370717228321	0.12306261284406796	0.146374829001368	449.79384994506836	535	3655	3655	0	ESTIMABLE
2025_DRACH	symmetric_confidence	0.5	POSTHOC_TARGETED_SUPPLEMENTARY_ANALYSIS	DRACH_oligo_0	1	39538	39140	38849	38849	1.0	0.99256515074093	0.0366810693063068	0.05549692398774743	1425.022861480713	2156	38849	38849	0	ESTIMABLE
2025_DRACH	symmetric_confidence	0.5	POSTHOC_TARGETED_SUPPLEMENTARY_ANALYSIS	DRACH_oligo_1	0	39197	38816	3535	3535	1.0	0.09107069249793899	0.11466407074449424	0.13889674681753889	405.3374900817871	491	3535	3535	0	ESTIMABLE
2025_DRACH	symmetric_confidence	0.5	POSTHOC_TARGETED_SUPPLEMENTARY_ANALYSIS	DRACH_oligo_1	1	39082	38623	38411	38411	1.0	0.9945110426429847	0.030832121371043564	0.045585899872432376	1184.2926139831543	1751	38411	38411	0	ESTIMABLE
2025_DRACH	symmetric_confidence	0.5	POSTHOC_TARGETED_SUPPLEMENTARY_ANALYSIS	DRACH_oligo_2	0	39772	39238	6944	6944	1.0	0.17697130332840613	0.11647083352787703	0.1461693548387097	808.7734680175781	1015	6944	6944	0	ESTIMABLE
2025_DRACH	symmetric_confidence	0.5	POSTHOC_TARGETED_SUPPLEMENTARY_ANALYSIS	DRACH_oligo_2	1	39235	38495	38253	38253	1.0	0.9937134692817249	0.04219315980888269	0.0637074216401328	1614.0149421691895	2437	38253	38253	0	ESTIMABLE
2025_DRACH	symmetric_confidence	0.5	POSTHOC_TARGETED_SUPPLEMENTARY_ANALYSIS	DRACH_oligo_3	0	39634	39295	3732	3732	1.0	0.09497391525639394	0.1489173055078439	0.17416934619506966	555.7593841552734	650	3732	3732	0	ESTIMABLE
2025_DRACH	symmetric_confidence	0.5	POSTHOC_TARGETED_SUPPLEMENTARY_ANALYSIS	DRACH_oligo_3	1	39154	38668	38487	38487	1.0	0.9953191269266577	0.022404819216648792	0.03473900278015953	862.2942771911621	1337	38487	38487	0	ESTIMABLE
2025_DRACH	symmetric_confidence	0.5	POSTHOC_TARGETED_SUPPLEMENTARY_ANALYSIS	DRACH_oligo_4	0	39577	39107	3011	3011	1.0	0.07699388856215	0.10931565111477642	0.12952507472600466	329.1494255065918	390	3011	3011	0	ESTIMABLE
2025_DRACH	symmetric_confidence	0.5	POSTHOC_TARGETED_SUPPLEMENTARY_ANALYSIS	DRACH_oligo_4	1	39256	38664	38495	38495	1.0	0.9956290088971653	0.023668970518537058	0.03616054032991298	911.137020111084	1392	38495	38495	0	ESTIMABLE
2025_DRACH	symmetric_confidence	0.5	POSTHOC_TARGETED_SUPPLEMENTARY_ANALYSIS	ALL	0	197563	195537	20877	20877	1.0	0.10676751714509275	0.12208715896471231	0.1475786750969967	2548.813617706299	3081	20877	20877	0	ESTIMABLE
2025_DRACH	symmetric_confidence	0.5	POSTHOC_TARGETED_SUPPLEMENTARY_ANALYSIS	ALL	1	196265	193590	192495	192495	1.0	0.9943437161010382	0.03115281807286061	0.04713369178420219	5996.761714935303	9073	192495	192495	0	ESTIMABLE
2025_DRACH	symmetric_confidence	0.6	POSTHOC_TARGETED_SUPPLEMENTARY_ANALYSIS	DRACH_oligo_0	0	39383	39081	3655	3302	0.9034199726402189	0.08449118497479594	0.11062261395422637	0.11992731677771049	365.27587127685547	396	3302	3315	13	ESTIMABLE
2025_DRACH	symmetric_confidence	0.6	POSTHOC_TARGETED_SUPPLEMENTARY_ANALYSIS	DRACH_oligo_0	1	39538	39140	38849	37807	0.9731782027851424	0.9659427695452223	0.03078236021039398	0.04308725897320602	1163.7886924743652	1629	37807	37844	37	ESTIMABLE
2025_DRACH	symmetric_confidence	0.6	POSTHOC_TARGETED_SUPPLEMENTARY_ANALYSIS	DRACH_oligo_1	0	39197	38816	3535	3205	0.9066478076379066	0.08256904369332234	0.10144316841399242	0.11107644305772231	325.1253547668457	356	3205	3222	17	ESTIMABLE
2025_DRACH	symmetric_confidence	0.6	POSTHOC_TARGETED_SUPPLEMENTARY_ANALYSIS	DRACH_oligo_1	1	39082	38623	38411	37573	0.9781833328994298	0.9728141262978018	0.025904770309663074	0.035823596731695634	973.3199348449707	1346	37573	37609	36	ESTIMABLE
2025_DRACH	symmetric_confidence	0.6	POSTHOC_TARGETED_SUPPLEMENTARY_ANALYSIS	DRACH_oligo_2	0	39772	39238	6944	6207	0.8938652073732719	0.15818849074876395	0.10148208283832612	0.11583695827291768	629.8992881774902	719	6207	6249	42	ESTIMABLE
2025_DRACH	symmetric_confidence	0.6	POSTHOC_TARGETED_SUPPLEMENTARY_ANALYSIS	DRACH_oligo_2	1	39235	38495	38253	36997	0.9671659739105429	0.9610858553058839	0.0350413557148967	0.04873368110927913	1296.4250373840332	1803	36997	37049	52	ESTIMABLE
2025_DRACH	symmetric_confidence	0.6	POSTHOC_TARGETED_SUPPLEMENTARY_ANALYSIS	DRACH_oligo_3	0	39634	39295	3732	3390	0.9083601286173634	0.08627051787759257	0.13962981862656135	0.14985250737463127	473.34508514404297	508	3390	3398	8	ESTIMABLE
2025_DRACH	symmetric_confidence	0.6	POSTHOC_TARGETED_SUPPLEMENTARY_ANALYSIS	DRACH_oligo_3	1	39154	38668	38487	37921	0.9852937355470679	0.9806817006310127	0.019005423240252197	0.027979219957279606	720.7046546936035	1061	37921	37938	17	ESTIMABLE
2025_DRACH	symmetric_confidence	0.6	POSTHOC_TARGETED_SUPPLEMENTARY_ANALYSIS	DRACH_oligo_4	0	39577	39107	3011	2667	0.8857522417801394	0.0681975093972946	0.0930068263142217	0.09898762654668167	248.0492057800293	264	2667	2681	14	ESTIMABLE
2025_DRACH	symmetric_confidence	0.6	POSTHOC_TARGETED_SUPPLEMENTARY_ANALYSIS	DRACH_oligo_4	1	39256	38664	38495	37888	0.9842317184049877	0.9799296503207118	0.020018193367365246	0.028900971283783782	758.4493103027344	1095	37888	37920	32	ESTIMABLE
2025_DRACH	symmetric_confidence	0.6	POSTHOC_TARGETED_SUPPLEMENTARY_ANALYSIS	ALL	0	197563	195537	20877	18771	0.8991234372754706	0.09599717700486353	0.10876856881067944	0.11949283469181184	2041.6948051452637	2243	18771	18865	94	ESTIMABLE
2025_DRACH	symmetric_confidence	0.6	POSTHOC_TARGETED_SUPPLEMENTARY_ANALYSIS	ALL	1	196265	193590	192495	188186	0.9776150029870906	0.9720853349863112	0.026105489407818365	0.03684652418352056	4912.687629699707	6934	188186	188360	174	ESTIMABLE
2025_DRACH	symmetric_confidence	0.7	POSTHOC_TARGETED_SUPPLEMENTARY_ANALYSIS	DRACH_oligo_0	0	39383	39081	3655	2861	0.7827633378932969	0.07320692919833167	0.0969910886645192	0.09856693463823837	277.49150466918945	282	2845	2861	16	ESTIMABLE
2025_DRACH	symmetric_confidence	0.7	POSTHOC_TARGETED_SUPPLEMENTARY_ANALYSIS	DRACH_oligo_0	1	39538	39140	38849	36698	0.9446317794537826	0.9376085845682166	0.023947060104936427	0.030873617090849636	878.809211730957	1133	36643	36698	55	ESTIMABLE
2025_DRACH	symmetric_confidence	0.7	POSTHOC_TARGETED_SUPPLEMENTARY_ANALYSIS	DRACH_oligo_1	0	39197	38816	3535	2844	0.8045261669024045	0.07326875515251442	0.08989605588416677	0.0949367088607595	255.6643829345703	270	2828	2844	16	ESTIMABLE
2025_DRACH	symmetric_confidence	0.7	POSTHOC_TARGETED_SUPPLEMENTARY_ANALYSIS	DRACH_oligo_1	1	39082	38623	38411	36773	0.9573559657389811	0.9521010796675556	0.021102063037908726	0.02752019144481005	775.9861640930176	1012	36747	36773	26	ESTIMABLE
2025_DRACH	symmetric_confidence	0.7	POSTHOC_TARGETED_SUPPLEMENTARY_ANALYSIS	DRACH_oligo_2	0	39772	39238	6944	5431	0.7821140552995391	0.13841174371782455	0.08713404009781628	0.09372122997606334	473.22497177124023	509	5391	5431	40	ESTIMABLE
2025_DRACH	symmetric_confidence	0.7	POSTHOC_TARGETED_SUPPLEMENTARY_ANALYSIS	DRACH_oligo_2	1	39235	38495	38253	35679	0.9327111599090268	0.9268476425509806	0.02700503206115396	0.03467025421116063	963.5125389099121	1237	35629	35679	50	ESTIMABLE
2025_DRACH	symmetric_confidence	0.7	POSTHOC_TARGETED_SUPPLEMENTARY_ANALYSIS	DRACH_oligo_3	0	39634	39295	3732	2941	0.7880493033226152	0.07484412775162234	0.1318583885693542	0.1370282216933016	387.7955207824707	403	2925	2941	16	ESTIMABLE
2025_DRACH	symmetric_confidence	0.7	POSTHOC_TARGETED_SUPPLEMENTARY_ANALYSIS	DRACH_oligo_3	1	39154	38668	38487	37300	0.9691584171278613	0.9646219095893245	0.014802685039612308	0.020294906166219838	552.1401519775391	757	37267	37300	33	ESTIMABLE
2025_DRACH	symmetric_confidence	0.7	POSTHOC_TARGETED_SUPPLEMENTARY_ANALYSIS	DRACH_oligo_4	0	39577	39107	3011	2282	0.7578877449352375	0.058352724576162834	0.0765407104224724	0.07712532865907099	174.66590118408203	176	2265	2282	17	ESTIMABLE
2025_DRACH	symmetric_confidence	0.7	POSTHOC_TARGETED_SUPPLEMENTARY_ANALYSIS	DRACH_oligo_4	1	39256	38664	38495	37182	0.9658916742434083	0.9616697703289883	0.0153683573207965	0.02043999784842128	571.4262619018555	760	37155	37182	27	ESTIMABLE
2025_DRACH	symmetric_confidence	0.7	POSTHOC_TARGETED_SUPPLEMENTARY_ANALYSIS	ALL	0	197563	195537	20877	16359	0.7835895962063515	0.08366191564767793	0.09590086688315623	0.10025062656641603	1568.8422813415527	1640	16254	16359	105	ESTIMABLE
2025_DRACH	symmetric_confidence	0.7	POSTHOC_TARGETED_SUPPLEMENTARY_ANALYSIS	ALL	1	196265	193590	192495	183632	0.953957245642744	0.948561392633917	0.020377027580232646	0.026678356713426853	3741.8743286132812	4899	183441	183632	191	ESTIMABLE
2025_DRACH	symmetric_confidence	0.8	POSTHOC_TARGETED_SUPPLEMENTARY_ANALYSIS	DRACH_oligo_0	0	39383	39081	3655	2311	0.6322845417236662	0.05913359432972544	0.09148740582732295	0.09433145824318477	211.42739486694336	218	2311	2342	31	ESTIMABLE
2025_DRACH	symmetric_confidence	0.8	POSTHOC_TARGETED_SUPPLEMENTARY_ANALYSIS	DRACH_oligo_0	1	39538	39140	38849	35358	0.9101392571237354	0.9033725089422585	0.015874399292744812	0.01872277843769444	561.2870101928711	662	35358	35417	59	ESTIMABLE
2025_DRACH	symmetric_confidence	0.8	POSTHOC_TARGETED_SUPPLEMENTARY_ANALYSIS	DRACH_oligo_1	0	39197	38816	3535	2286	0.6466760961810467	0.058893239901071724	0.07867400602405779	0.08136482939632546	179.8487777709961	186	2286	2315	29	ESTIMABLE
2025_DRACH	symmetric_confidence	0.8	POSTHOC_TARGETED_SUPPLEMENTARY_ANALYSIS	DRACH_oligo_1	1	39082	38623	38411	35638	0.9278071385800942	0.9227144447608938	0.013722330948955797	0.016246702957517258	489.0364303588867	579	35638	35698	60	ESTIMABLE
2025_DRACH	symmetric_confidence	0.8	POSTHOC_TARGETED_SUPPLEMENTARY_ANALYSIS	DRACH_oligo_2	0	39772	39238	6944	4423	0.6369527649769585	0.11272236097660432	0.07431902315129853	0.07732308387971965	328.71303939819336	342	4423	4465	42	ESTIMABLE
2025_DRACH	symmetric_confidence	0.8	POSTHOC_TARGETED_SUPPLEMENTARY_ANALYSIS	DRACH_oligo_2	1	39235	38495	38253	34227	0.8947533526782213	0.88912845824133	0.01820505038393569	0.02150349139568177	623.1042594909668	736	34227	34299	72	ESTIMABLE
2025_DRACH	symmetric_confidence	0.8	POSTHOC_TARGETED_SUPPLEMENTARY_ANALYSIS	DRACH_oligo_3	0	39634	39295	3732	2274	0.6093247588424437	0.05786995800992493	0.1312336816846433	0.1345646437994723	298.4253921508789	306	2274	2300	26	ESTIMABLE
2025_DRACH	symmetric_confidence	0.8	POSTHOC_TARGETED_SUPPLEMENTARY_ANALYSIS	DRACH_oligo_3	1	39154	38668	38487	36460	0.9473328656429444	0.9428985207406642	0.008416836351989981	0.010175534832693362	306.8778533935547	371	36460	36497	37	ESTIMABLE
2025_DRACH	symmetric_confidence	0.8	POSTHOC_TARGETED_SUPPLEMENTARY_ANALYSIS	DRACH_oligo_4	0	39577	39107	3011	1810	0.6011291929591498	0.04628327409415194	0.06631444857265409	0.06850828729281767	120.0291519165039	124	1810	1835	25	ESTIMABLE
2025_DRACH	symmetric_confidence	0.8	POSTHOC_TARGETED_SUPPLEMENTARY_ANALYSIS	DRACH_oligo_4	1	39256	38664	38495	36444	0.9467203532926354	0.9425822470515208	0.009959975263444642	0.011936121172209418	362.98133850097656	435	36444	36472	28	ESTIMABLE
2025_DRACH	symmetric_confidence	0.8	POSTHOC_TARGETED_SUPPLEMENTARY_ANALYSIS	ALL	0	197563	195537	20877	13104	0.6276763902859607	0.06701544976142623	0.08687757601522555	0.08974358974358974	1138.4437561035156	1176	13104	13257	153	ESTIMABLE
2025_DRACH	symmetric_confidence	0.8	POSTHOC_TARGETED_SUPPLEMENTARY_ANALYSIS	ALL	1	196265	193590	192495	178127	0.9253591002363698	0.9201250064569451	0.013155147125013367	0.015623684225299927	2343.286891937256	2783	178127	178383	256	ESTIMABLE
2025_DRACH	symmetric_confidence	0.9	POSTHOC_TARGETED_SUPPLEMENTARY_ANALYSIS	DRACH_oligo_0	0	39383	39081	3655	1435	0.39261285909712723	0.03671861006627261	0.09209229738454786	0.09337979094076655	132.15244674682617	134	1399	1435	36	ESTIMABLE
2025_DRACH	symmetric_confidence	0.9	POSTHOC_TARGETED_SUPPLEMENTARY_ANALYSIS	DRACH_oligo_0	1	39538	39140	38849	33446	0.8609230610826534	0.8545222278998467	0.007353797195873456	0.007983017401183998	245.9551010131836	267	33329	33446	117	ESTIMABLE
2025_DRACH	symmetric_confidence	0.9	POSTHOC_TARGETED_SUPPLEMENTARY_ANALYSIS	DRACH_oligo_1	0	39197	38816	3535	1494	0.42263083451202266	0.03848928276999176	0.0788017334229496	0.08165997322623829	117.72978973388672	122	1438	1494	56	ESTIMABLE
2025_DRACH	symmetric_confidence	0.9	POSTHOC_TARGETED_SUPPLEMENTARY_ANALYSIS	DRACH_oligo_1	1	39082	38623	38411	34057	0.8866470542292573	0.8817802863578696	0.005998820291345495	0.0064891211791995775	204.30182266235352	221	33963	34057	94	ESTIMABLE
2025_DRACH	symmetric_confidence	0.9	POSTHOC_TARGETED_SUPPLEMENTARY_ANALYSIS	DRACH_oligo_2	0	39772	39238	6944	2787	0.4013536866359447	0.07102808501962384	0.0680306718304117	0.06960889845712236	189.60148239135742	194	2668	2787	119	ESTIMABLE
2025_DRACH	symmetric_confidence	0.9	POSTHOC_TARGETED_SUPPLEMENTARY_ANALYSIS	DRACH_oligo_2	1	39235	38495	38253	32150	0.8404569576242387	0.8351733991427458	0.008203719926659093	0.008895800933125971	263.74959564208984	286	32043	32150	107	ESTIMABLE
2025_DRACH	symmetric_confidence	0.9	POSTHOC_TARGETED_SUPPLEMENTARY_ANALYSIS	DRACH_oligo_3	0	39634	39295	3732	1374	0.36816720257234725	0.03496628069728973	0.1646273361716902	0.16885007278020378	226.19795989990234	232	1324	1374	50	ESTIMABLE
2025_DRACH	symmetric_confidence	0.9	POSTHOC_TARGETED_SUPPLEMENTARY_ANALYSIS	DRACH_oligo_3	1	39154	38668	38487	35451	0.9211162210616571	0.9168045929450709	0.003165327669726733	0.0034413697780034413	112.21403121948242	122	35397	35451	54	ESTIMABLE
2025_DRACH	symmetric_confidence	0.9	POSTHOC_TARGETED_SUPPLEMENTARY_ANALYSIS	DRACH_oligo_4	0	39577	39107	3011	1074	0.35669212886084356	0.02746311402050784	0.05509082787085734	0.055865921787709494	59.16754913330078	60	1038	1074	36	ESTIMABLE
2025_DRACH	symmetric_confidence	0.9	POSTHOC_TARGETED_SUPPLEMENTARY_ANALYSIS	DRACH_oligo_4	1	39256	38664	38495	35435	0.920509157033381	0.9164856196979102	0.004426308264933538	0.00482573726541555	156.84623336791992	171	35387	35435	48	ESTIMABLE
2025_DRACH	symmetric_confidence	0.9	POSTHOC_TARGETED_SUPPLEMENTARY_ANALYSIS	ALL	0	197563	195537	20877	8164	0.3910523542654596	0.04175168893866634	0.08878603967482526	0.09088682018618324	724.8492279052734	742	7867	8164	297	ESTIMABLE
2025_DRACH	symmetric_confidence	0.9	POSTHOC_TARGETED_SUPPLEMENTARY_ANALYSIS	ALL	1	196265	193590	192495	170539	0.8859398945427154	0.8809287669817656	0.005764469029987448	0.0062566333800479655	983.0667839050293	1067	170119	170539	420	ESTIMABLE
2025_DRACH	symmetric_confidence	0.95	POSTHOC_TARGETED_SUPPLEMENTARY_ANALYSIS	DRACH_oligo_0	0	39383	39081	3655	514	0.14062927496580027	0.013152171131752002	0.19984378146754164	0.20428015564202334	102.7197036743164	105	399	514	115	ESTIMABLE
2025_DRACH	symmetric_confidence	0.95	POSTHOC_TARGETED_SUPPLEMENTARY_ANALYSIS	DRACH_oligo_0	1	39538	39140	38849	31496	0.810728718885943	0.8047010730710271	0.001761043317008509	0.001746253492506985	55.4658203125	55	31278	31496	218	ESTIMABLE
2025_DRACH	symmetric_confidence	0.95	POSTHOC_TARGETED_SUPPLEMENTARY_ANALYSIS	DRACH_oligo_1	0	39197	38816	3535	558	0.15785007072135784	0.014375515251442704	0.13175126215890318	0.13620071684587814	73.51720428466797	76	447	558	111	ESTIMABLE
2025_DRACH	symmetric_confidence	0.95	POSTHOC_TARGETED_SUPPLEMENTARY_ANALYSIS	DRACH_oligo_1	1	39082	38623	38411	32443	0.8446278409830518	0.8399917147813479	0.0014128429698682472	0.0013870480535092317	45.83686447143555	45	32249	32443	194	ESTIMABLE
2025_DRACH	symmetric_confidence	0.95	POSTHOC_TARGETED_SUPPLEMENTARY_ANALYSIS	DRACH_oligo_2	0	39772	39238	6944	876	0.1261520737327189	0.02232529690606045	0.13186204814475422	0.1358447488584475	115.51115417480469	119	643	876	233	ESTIMABLE
2025_DRACH	symmetric_confidence	0.95	POSTHOC_TARGETED_SUPPLEMENTARY_ANALYSIS	DRACH_oligo_2	1	39235	38495	38253	30002	0.784304498993543	0.7793739446681387	0.0018265895005599886	0.0017998800079994668	54.80133819580078	54	29718	30002	284	ESTIMABLE
2025_DRACH	symmetric_confidence	0.95	POSTHOC_TARGETED_SUPPLEMENTARY_ANALYSIS	DRACH_oligo_3	0	39634	39295	3732	394	0.10557341907824223	0.010026720956864741	0.45952116293350453	0.46954314720812185	181.05133819580078	185	284	394	110	ESTIMABLE
2025_DRACH	symmetric_confidence	0.95	POSTHOC_TARGETED_SUPPLEMENTARY_ANALYSIS	DRACH_oligo_3	1	39154	38668	38487	34543	0.8975238392184374	0.893322644046757	0.0006002278111630681	0.0005789885070781345	20.73366928100586	20	34429	34543	114	ESTIMABLE
2025_DRACH	symmetric_confidence	0.95	POSTHOC_TARGETED_SUPPLEMENTARY_ANALYSIS	DRACH_oligo_4	0	39577	39107	3011	399	0.13251411491198936	0.010202776996445648	0.08754972108922209	0.09022556390977443	34.93233871459961	36	294	399	105	ESTIMABLE
2025_DRACH	symmetric_confidence	0.95	POSTHOC_TARGETED_SUPPLEMENTARY_ANALYSIS	DRACH_oligo_4	1	39256	38664	38495	34482	0.8957526951552149	0.8918373680943513	0.0012629820779030772	0.0012760280726175975	43.550148010253906	44	34389	34482	93	ESTIMABLE
2025_DRACH	symmetric_confidence	0.95	POSTHOC_TARGETED_SUPPLEMENTARY_ANALYSIS	ALL	0	197563	195537	20877	2741	0.13129281026967476	0.01401780737149491	0.18523595003436316	0.19007661437431594	507.73173904418945	521	2067	2741	674	ESTIMABLE
2025_DRACH	symmetric_confidence	0.95	POSTHOC_TARGETED_SUPPLEMENTARY_ANALYSIS	ALL	1	196265	193590	192495	162966	0.8465986129509857	0.8418100108476677	0.0013523547259612196	0.0013377023428199747	220.3878402709961	218	162063	162966	903	ESTIMABLE
2025_DRACH	symmetric_confidence	0.99	POSTHOC_TARGETED_SUPPLEMENTARY_ANALYSIS	DRACH_oligo_0	0	39383	39081	3655	171	0.046785225718194254	0.004375527750057573	0.3892640900193599	0.391812865497076	66.56415939331055	67	128	171	43	ESTIMABLE
2025_DRACH	symmetric_confidence	0.99	POSTHOC_TARGETED_SUPPLEMENTARY_ANALYSIS	DRACH_oligo_0	1	39538	39140	38849	26818	0.6903137789904502	0.6851814001021972	0.0001971867626985898	0.00018644194197926764	5.288154602050781	5	25258	26818	1560	ESTIMABLE
2025_DRACH	symmetric_confidence	0.99	POSTHOC_TARGETED_SUPPLEMENTARY_ANALYSIS	DRACH_oligo_1	0	39197	38816	3535	194	0.05487977369165488	0.004997938994229184	0.16851008307073534	0.17010309278350516	32.690956115722656	33	147	194	47	ESTIMABLE
2025_DRACH	symmetric_confidence	0.99	POSTHOC_TARGETED_SUPPLEMENTARY_ANALYSIS	DRACH_oligo_1	1	39082	38623	38411	28432	0.7402046288823514	0.7361416772389509	0.0003583303783204224	0.00035171637591446255	10.18804931640625	10	26921	28432	1511	ESTIMABLE
2025_DRACH	symmetric_confidence	0.99	POSTHOC_TARGETED_SUPPLEMENTARY_ANALYSIS	DRACH_oligo_2	0	39772	39238	6944	254	0.036578341013824886	0.006473316682807482	0.1952286066971426	0.1968503937007874	49.58806610107422	50	187	254	67	ESTIMABLE
2025_DRACH	symmetric_confidence	0.99	POSTHOC_TARGETED_SUPPLEMENTARY_ANALYSIS	DRACH_oligo_2	1	39235	38495	38253	24692	0.645491856847829	0.6414339524613586	0.0002541151962885879	0.00024299368216426374	6.2746124267578125	6	22931	24692	1761	ESTIMABLE
2025_DRACH	symmetric_confidence	0.99	POSTHOC_TARGETED_SUPPLEMENTARY_ANALYSIS	DRACH_oligo_3	0	39634	39295	3732	163	0.04367631296891747	0.0041481104466217075	0.7626023321795318	0.7668711656441718	124.30418014526367	125	144	163	19	ESTIMABLE
2025_DRACH	symmetric_confidence	0.99	POSTHOC_TARGETED_SUPPLEMENTARY_ANALYSIS	DRACH_oligo_3	1	39154	38668	38487	32079	0.8335022215293476	0.8296007034240198	0.00013140840695985642	0.00012469216621465758	4.215450286865234	4	31121	32079	958	ESTIMABLE
2025_DRACH	symmetric_confidence	0.99	POSTHOC_TARGETED_SUPPLEMENTARY_ANALYSIS	DRACH_oligo_4	0	39577	39107	3011	99	0.03287944204583195	0.0025315160968624544	0.14027709190291587	0.1414141414141414	13.887432098388672	14	60	99	39	ESTIMABLE
2025_DRACH	symmetric_confidence	0.99	POSTHOC_TARGETED_SUPPLEMENTARY_ANALYSIS	DRACH_oligo_4	1	39256	38664	38495	32062	0.832887387972464	0.8292468446099731	0.0002558526569828331	0.0002495165616617803	8.203147888183594	8	31133	32062	929	ESTIMABLE
2025_DRACH	symmetric_confidence	0.99	POSTHOC_TARGETED_SUPPLEMENTARY_ANALYSIS	ALL	0	197563	195537	20877	881	0.04219954974373713	0.0045055411507796475	0.32580566839246283	0.3280363223609535	287.03479385375977	289	666	881	215	ESTIMABLE
2025_DRACH	symmetric_confidence	0.99	POSTHOC_TARGETED_SUPPLEMENTARY_ANALYSIS	ALL	1	196265	193590	192495	144083	0.7485025585080132	0.7442688155379926	0.0002371509096858316	0.0002290346536371397	34.16941452026367	33	137364	144083	6719	ESTIMABLE
2025_DRACH	one_sided_high_p_reference	0.9	POSTHOC_TARGETED_SUPPLEMENTARY_ANALYSIS	DRACH_oligo_0	0	39383	39081	3655	134	0.036662106703146374	0.003428776131624063	0.9468383219704699	1.0	126.87633514404297	134	133	134	1	ESTIMABLE
2025_DRACH	one_sided_high_p_reference	0.9	POSTHOC_TARGETED_SUPPLEMENTARY_ANALYSIS	DRACH_oligo_0	1	39538	39140	38849	33179	0.85405029730495	0.8477005620848237	0.00040306710554486414	0.0	13.373363494873047	0	33076	33179	103	ESTIMABLE
2025_DRACH	one_sided_high_p_reference	0.9	POSTHOC_TARGETED_SUPPLEMENTARY_ANALYSIS	DRACH_oligo_1	0	39197	38816	3535	122	0.03451202263083451	0.0031430338004946414	0.9212079282666816	1.0	112.38736724853516	122	116	122	6	ESTIMABLE
2025_DRACH	one_sided_high_p_reference	0.9	POSTHOC_TARGETED_SUPPLEMENTARY_ANALYSIS	DRACH_oligo_1	1	39082	38623	38411	33836	0.8808934940511832	0.8760583072262641	0.0003325830665459403	0.0	11.253280639648438	0	33756	33836	80	ESTIMABLE
2025_DRACH	one_sided_high_p_reference	0.9	POSTHOC_TARGETED_SUPPLEMENTARY_ANALYSIS	DRACH_oligo_2	0	39772	39238	6944	194	0.02793778801843318	0.0049441867577348485	0.9206304255220079	1.0	178.60230255126953	194	187	194	7	ESTIMABLE
2025_DRACH	one_sided_high_p_reference	0.9	POSTHOC_TARGETED_SUPPLEMENTARY_ANALYSIS	DRACH_oligo_2	1	39235	38495	38253	31864	0.8329804198363527	0.8277438628393298	0.00047119029526611144	0.0	15.014007568359375	0	31771	31864	93	ESTIMABLE
2025_DRACH	one_sided_high_p_reference	0.9	POSTHOC_TARGETED_SUPPLEMENTARY_ANALYSIS	DRACH_oligo_3	0	39634	39295	3732	232	0.06216505894962487	0.005904059040590406	0.9516009626717403	1.0	220.77142333984375	232	227	232	5	ESTIMABLE
2025_DRACH	one_sided_high_p_reference	0.9	POSTHOC_TARGETED_SUPPLEMENTARY_ANALYSIS	DRACH_oligo_3	1	39154	38668	38487	35329	0.9179463195364669	0.913649529326575	0.00018500596088315592	0.0	6.536075592041016	0	35280	35329	49	ESTIMABLE
2025_DRACH	one_sided_high_p_reference	0.9	POSTHOC_TARGETED_SUPPLEMENTARY_ANALYSIS	DRACH_oligo_4	0	39577	39107	3011	60	0.019926934573231483	0.001534252179916639	0.9184679667154948	1.0	55.10807800292969	60	58	60	2	ESTIMABLE
2025_DRACH	one_sided_high_p_reference	0.9	POSTHOC_TARGETED_SUPPLEMENTARY_ANALYSIS	DRACH_oligo_4	1	39256	38664	38495	35264	0.9160670216911287	0.9120629008897165	0.00018684401053482304	0.0	6.5888671875	0	35224	35264	40	ESTIMABLE
2025_DRACH	one_sided_high_p_reference	0.9	POSTHOC_TARGETED_SUPPLEMENTARY_ANALYSIS	ALL	0	197563	195537	20877	742	0.035541505005508456	0.0037946782450380234	0.9349669896046107	1.0	693.7455062866211	742	721	742	21	ESTIMABLE
2025_DRACH	one_sided_high_p_reference	0.9	POSTHOC_TARGETED_SUPPLEMENTARY_ANALYSIS	ALL	1	196265	193590	192495	169472	0.8803968934258033	0.875417118652823	0.00031135287529752336	0.0	52.765594482421875	0	169107	169472	365	ESTIMABLE
2026_all5mer	explicit_baseline	0.5	POSTHOC_TARGETED_SUPPLEMENTARY_ANALYSIS	5mers_A_RNA_sparse_seq_01	0	73966	72769	24406	24406	1.0	0.3353900699473677	0.08314942770450513	0.10579365729738589	2029.3449325561523	2582	24406	24406	0	ESTIMABLE
2026_all5mer	explicit_baseline	0.5	POSTHOC_TARGETED_SUPPLEMENTARY_ANALYSIS	5mers_A_RNA_sparse_seq_01	1	72043	70521	69619	69619	1.0	0.9872094836998908	0.06095011670340238	0.08520662462833421	4243.28617477417	5932	69619	69619	0	ESTIMABLE
2026_all5mer	explicit_baseline	0.5	POSTHOC_TARGETED_SUPPLEMENTARY_ANALYSIS	5mers_A_RNA_sparse_seq_02	0	73580	72370	22507	22507	1.0	0.3109990327483764	0.0820536502236956	0.10272359710312347	1846.7815055847168	2312	22507	22507	0	ESTIMABLE
2026_all5mer	explicit_baseline	0.5	POSTHOC_TARGETED_SUPPLEMENTARY_ANALYSIS	5mers_A_RNA_sparse_seq_02	1	72171	71172	70623	70623	1.0	0.9922862923621649	0.08490117488177416	0.12359996035285956	5995.975673675537	8729	70623	70623	0	ESTIMABLE
2026_all5mer	explicit_baseline	0.5	POSTHOC_TARGETED_SUPPLEMENTARY_ANALYSIS	5mers_A_RNA_sparse_seq_03	0	76011	75191	20000	20000	1.0	0.2659892806319905	0.09636007843017579	0.1257	1927.2015686035156	2514	20000	20000	0	ESTIMABLE
2026_all5mer	explicit_baseline	0.5	POSTHOC_TARGETED_SUPPLEMENTARY_ANALYSIS	5mers_A_RNA_sparse_seq_03	1	72803	71868	71400	71400	1.0	0.9934880614459843	0.06158243601395636	0.08866946778711485	4396.985931396484	6331	71400	71400	0	ESTIMABLE
2026_all5mer	explicit_baseline	0.5	POSTHOC_TARGETED_SUPPLEMENTARY_ANALYSIS	5mers_A_RNA_sparse_seq_04	0	74257	73395	21962	21962	1.0	0.2992301927924246	0.1194626759792349	0.15608778799745013	2623.639289855957	3428	21962	21962	0	ESTIMABLE
2026_all5mer	explicit_baseline	0.5	POSTHOC_TARGETED_SUPPLEMENTARY_ANALYSIS	5mers_A_RNA_sparse_seq_04	1	71382	70253	69619	69619	1.0	0.990975474356967	0.07422002576662169	0.1082175842801534	5167.123973846436	7534	69619	69619	0	ESTIMABLE
2026_all5mer	explicit_baseline	0.5	POSTHOC_TARGETED_SUPPLEMENTARY_ANALYSIS	5mers_A_RNA_sparse_seq_05	0	72808	72119	21025	21025	1.0	0.29153205119316683	0.09709696784456051	0.12475624256837099	2041.4637489318848	2623	21025	21025	0	ESTIMABLE
2026_all5mer	explicit_baseline	0.5	POSTHOC_TARGETED_SUPPLEMENTARY_ANALYSIS	5mers_A_RNA_sparse_seq_05	1	74353	73753	73382	73382	1.0	0.9949696961479533	0.0594106900169221	0.08703769316726173	4359.675254821777	6387	73382	73382	0	ESTIMABLE
2026_all5mer	explicit_baseline	0.5	POSTHOC_TARGETED_SUPPLEMENTARY_ANALYSIS	5mers_A_RNA_sparse_seq_06	0	76086	75164	20639	20639	1.0	0.27458623809270394	0.0761719383965387	0.09370609041135713	1572.112636566162	1934	20639	20639	0	ESTIMABLE
2026_all5mer	explicit_baseline	0.5	POSTHOC_TARGETED_SUPPLEMENTARY_ANALYSIS	5mers_A_RNA_sparse_seq_06	1	75318	73985	73212	73212	1.0	0.9895519362032844	0.07242201966795968	0.10473692837239797	5302.160903930664	7668	73212	73212	0	ESTIMABLE
2026_all5mer	explicit_baseline	0.5	POSTHOC_TARGETED_SUPPLEMENTARY_ANALYSIS	5mers_A_RNA_sparse_seq_07	0	74968	74180	19389	19389	1.0	0.26137772984631974	0.09453552366501958	0.12011965547475373	1832.9492683410645	2329	19389	19389	0	ESTIMABLE
2026_all5mer	explicit_baseline	0.5	POSTHOC_TARGETED_SUPPLEMENTARY_ANALYSIS	5mers_A_RNA_sparse_seq_07	1	71358	70341	69521	69521	1.0	0.9883425029499154	0.08232063655277398	0.12289811711569167	5723.0129737854	8544	69521	69521	0	ESTIMABLE
2026_all5mer	explicit_baseline	0.5	POSTHOC_TARGETED_SUPPLEMENTARY_ANALYSIS	5mers_A_RNA_sparse_seq_08	0	75951	75180	16571	16571	1.0	0.22041766427241288	0.09976132269551935	0.13246032224971335	1653.1448783874512	2195	16571	16571	0	ESTIMABLE
2026_all5mer	explicit_baseline	0.5	POSTHOC_TARGETED_SUPPLEMENTARY_ANALYSIS	5mers_A_RNA_sparse_seq_08	1	73604	72439	71528	71528	1.0	0.9874239014895291	0.06084532930258736	0.08718264176266637	4352.144714355469	6236	71528	71528	0	ESTIMABLE
2026_all5mer	explicit_baseline	0.5	POSTHOC_TARGETED_SUPPLEMENTARY_ANALYSIS	5mers_A_RNA_sparse_seq_09	0	73973	72715	20457	20457	1.0	0.2813312246441587	0.07168568080953007	0.08886933567971843	1466.4739723205566	1818	20457	20457	0	ESTIMABLE
2026_all5mer	explicit_baseline	0.5	POSTHOC_TARGETED_SUPPLEMENTARY_ANALYSIS	5mers_A_RNA_sparse_seq_09	1	73124	71616	70856	70856	1.0	0.9893878462913316	0.0807888500036606	0.11744947499153212	5724.374755859375	8322	70856	70856	0	ESTIMABLE
2026_all5mer	explicit_baseline	0.5	POSTHOC_TARGETED_SUPPLEMENTARY_ANALYSIS	5mers_A_RNA_sparse_seq_10	0	71263	70338	16556	16556	1.0	0.23537774744803663	0.09720891292154515	0.12291616332447451	1609.3907623291016	2035	16556	16556	0	ESTIMABLE
2026_all5mer	explicit_baseline	0.5	POSTHOC_TARGETED_SUPPLEMENTARY_ANALYSIS	5mers_A_RNA_sparse_seq_10	1	69418	68199	67861	67861	1.0	0.9950439155999354	0.048424776626222424	0.06981918922503352	3286.15376663208	4738	67861	67861	0	ESTIMABLE
2026_all5mer	explicit_baseline	0.5	POSTHOC_TARGETED_SUPPLEMENTARY_ANALYSIS	5mers_A_RNA_sparse_seq_11	0	74685	73993	23470	23470	1.0	0.3171921668265917	0.08747760624798197	0.11371964209629314	2053.0994186401367	2669	23470	23470	0	ESTIMABLE
2026_all5mer	explicit_baseline	0.5	POSTHOC_TARGETED_SUPPLEMENTARY_ANALYSIS	5mers_A_RNA_sparse_seq_11	1	72892	72158	71598	71598	1.0	0.9922392527509077	0.059259373487888484	0.08454146763876086	4242.85262298584	6053	71598	71598	0	ESTIMABLE
2026_all5mer	explicit_baseline	0.5	POSTHOC_TARGETED_SUPPLEMENTARY_ANALYSIS	5mers_A_RNA_sparse_seq_12	0	74252	73447	20730	20730	1.0	0.2822443394556619	0.11447516927613306	0.15094066570188133	2373.0702590942383	3129	20730	20730	0	ESTIMABLE
2026_all5mer	explicit_baseline	0.5	POSTHOC_TARGETED_SUPPLEMENTARY_ANALYSIS	5mers_A_RNA_sparse_seq_12	1	74256	73463	72306	72306	1.0	0.9842505751194479	0.06589981430256722	0.0949713716704008	4764.951972961426	6867	72306	72306	0	ESTIMABLE
2026_all5mer	explicit_baseline	0.5	POSTHOC_TARGETED_SUPPLEMENTARY_ANALYSIS	5mers_A_RNA_sparse_seq_13	0	74437	72576	16692	16692	1.0	0.22999338624338625	0.1003757543538704	0.12964294272705487	1675.4720916748047	2164	16692	16692	0	ESTIMABLE
2026_all5mer	explicit_baseline	0.5	POSTHOC_TARGETED_SUPPLEMENTARY_ANALYSIS	5mers_A_RNA_sparse_seq_13	1	72970	70966	70381	70381	1.0	0.991756615844207	0.05479985869087829	0.08022051405919212	3856.868854522705	5646	70381	70381	0	ESTIMABLE
2026_all5mer	explicit_baseline	0.5	POSTHOC_TARGETED_SUPPLEMENTARY_ANALYSIS	5mers_A_RNA_sparse_seq_14	0	74624	73771	20738	20738	1.0	0.2811131745536864	0.08312526095487167	0.10434950332722538	1723.851661682129	2164	20738	20738	0	ESTIMABLE
2026_all5mer	explicit_baseline	0.5	POSTHOC_TARGETED_SUPPLEMENTARY_ANALYSIS	5mers_A_RNA_sparse_seq_14	1	72869	71627	71165	71165	1.0	0.9935499183268879	0.06066276444693958	0.08877959671186679	4317.065631866455	6318	71165	71165	0	ESTIMABLE
2026_all5mer	explicit_baseline	0.5	POSTHOC_TARGETED_SUPPLEMENTARY_ANALYSIS	5mers_A_RNA_sparse_seq_15	0	72411	71532	26849	26849	1.0	0.3753425040541296	0.11193679448119613	0.14752877202130432	3005.3909950256348	3961	26849	26849	0	ESTIMABLE
2026_all5mer	explicit_baseline	0.5	POSTHOC_TARGETED_SUPPLEMENTARY_ANALYSIS	5mers_A_RNA_sparse_seq_15	1	72849	71798	71088	71088	1.0	0.9901111451572467	0.09955178620765372	0.14566452847175332	7076.9373779296875	10355	71088	71088	0	ESTIMABLE
2026_all5mer	explicit_baseline	0.5	POSTHOC_TARGETED_SUPPLEMENTARY_ANALYSIS	5mers_A_RNA_sparse_seq_16	0	68695	67375	27974	27974	1.0	0.4151985157699443	0.09255521810701664	0.1174304711517838	2589.1396713256836	3285	27974	27974	0	ESTIMABLE
2026_all5mer	explicit_baseline	0.5	POSTHOC_TARGETED_SUPPLEMENTARY_ANALYSIS	5mers_A_RNA_sparse_seq_16	1	71120	69692	68596	68596	1.0	0.9842736612523676	0.07938312604146641	0.11439442533092309	5445.36491394043	7847	68596	68596	0	ESTIMABLE
2026_all5mer	explicit_baseline	0.5	POSTHOC_TARGETED_SUPPLEMENTARY_ANALYSIS	5mers_A_RNA_sparse_seq_17	0	72145	71127	19109	19109	1.0	0.2686602837178568	0.07428366533159941	0.09377780103616097	1419.4865608215332	1792	19109	19109	0	ESTIMABLE
2026_all5mer	explicit_baseline	0.5	POSTHOC_TARGETED_SUPPLEMENTARY_ANALYSIS	5mers_A_RNA_sparse_seq_17	1	69325	68050	67600	67600	1.0	0.9933872152828802	0.05182475524541189	0.07365384615384615	3503.3534545898438	4979	67600	67600	0	ESTIMABLE
2026_all5mer	explicit_baseline	0.5	POSTHOC_TARGETED_SUPPLEMENTARY_ANALYSIS	5mers_A_RNA_sparse_seq_18	0	74475	73950	19397	19397	1.0	0.26229885057471264	0.10444462404439404	0.13862968500283548	2025.9123725891113	2689	19397	19397	0	ESTIMABLE
2026_all5mer	explicit_baseline	0.5	POSTHOC_TARGETED_SUPPLEMENTARY_ANALYSIS	5mers_A_RNA_sparse_seq_18	1	72727	72250	71759	71759	1.0	0.9932041522491349	0.05069987115610267	0.07247871347148092	3638.1720542907715	5201	71759	71759	0	ESTIMABLE
2026_all5mer	explicit_baseline	0.5	POSTHOC_TARGETED_SUPPLEMENTARY_ANALYSIS	5mers_A_RNA_sparse_seq_19	0	74940	73016	13762	13762	1.0	0.18847923742741318	0.08451945101551288	0.10238337450951897	1163.1566848754883	1409	13762	13762	0	ESTIMABLE
2026_all5mer	explicit_baseline	0.5	POSTHOC_TARGETED_SUPPLEMENTARY_ANALYSIS	5mers_A_RNA_sparse_seq_19	1	73293	70540	70027	70027	1.0	0.9927275304791607	0.06396724646398597	0.09453496508489583	4479.434368133545	6620	70027	70027	0	ESTIMABLE
2026_all5mer	explicit_baseline	0.5	POSTHOC_TARGETED_SUPPLEMENTARY_ANALYSIS	5mers_A_RNA_sparse_seq_20	0	75427	73849	27734	27734	1.0	0.3755501090062154	0.13466752590730452	0.17952693444869114	3734.8691635131836	4979	27734	27734	0	ESTIMABLE
2026_all5mer	explicit_baseline	0.5	POSTHOC_TARGETED_SUPPLEMENTARY_ANALYSIS	5mers_A_RNA_sparse_seq_20	1	75137	72786	72206	72206	1.0	0.9920314346165472	0.07972357645096338	0.11601528958812288	5756.520561218262	8377	72206	72206	0	ESTIMABLE
2026_all5mer	explicit_baseline	0.5	POSTHOC_TARGETED_SUPPLEMENTARY_ANALYSIS	5mers_A_RNA_sparse_seq_21	0	74673	73737	20124	20124	1.0	0.2729159038203344	0.09332003865462841	0.11995627111906182	1877.9724578857422	2414	20124	20124	0	ESTIMABLE
2026_all5mer	explicit_baseline	0.5	POSTHOC_TARGETED_SUPPLEMENTARY_ANALYSIS	5mers_A_RNA_sparse_seq_21	1	71724	70875	70175	70175	1.0	0.9901234567901235	0.05662171513659699	0.08185251157819737	3973.4288597106934	5744	70175	70175	0	ESTIMABLE
2026_all5mer	explicit_baseline	0.5	POSTHOC_TARGETED_SUPPLEMENTARY_ANALYSIS	5mers_A_RNA_sparse_seq_22	0	73671	72255	27698	27698	1.0	0.3833367933015016	0.11567316820358264	0.15394613329482273	3203.915412902832	4264	27698	27698	0	ESTIMABLE
2026_all5mer	explicit_baseline	0.5	POSTHOC_TARGETED_SUPPLEMENTARY_ANALYSIS	5mers_A_RNA_sparse_seq_22	1	70591	68555	67673	67673	1.0	0.9871344176208884	0.10722879623402488	0.15560119988769525	7256.494327545166	10530	67673	67673	0	ESTIMABLE
2026_all5mer	explicit_baseline	0.5	POSTHOC_TARGETED_SUPPLEMENTARY_ANALYSIS	5mers_A_RNA_sparse_seq_23	0	73766	72838	22688	22688	1.0	0.31148576292594526	0.11423811488830825	0.1487570521861777	2591.8343505859375	3375	22688	22688	0	ESTIMABLE
2026_all5mer	explicit_baseline	0.5	POSTHOC_TARGETED_SUPPLEMENTARY_ANALYSIS	5mers_A_RNA_sparse_seq_23	1	72664	71284	70615	70615	1.0	0.9906150047696538	0.08118944320025057	0.11932308999504354	5733.192531585693	8426	70615	70615	0	ESTIMABLE
2026_all5mer	explicit_baseline	0.5	POSTHOC_TARGETED_SUPPLEMENTARY_ANALYSIS	5mers_A_RNA_sparse_seq_24	0	75139	74104	26394	26394	1.0	0.356175105257476	0.12149717916708476	0.16291581420019702	3206.796546936035	4300	26394	26394	0	ESTIMABLE
2026_all5mer	explicit_baseline	0.5	POSTHOC_TARGETED_SUPPLEMENTARY_ANALYSIS	5mers_A_RNA_sparse_seq_24	1	73599	72358	71996	71996	1.0	0.9949970977638962	0.06089308669987146	0.0881021167842658	4384.058670043945	6343	71996	71996	0	ESTIMABLE
2026_all5mer	explicit_baseline	0.5	POSTHOC_TARGETED_SUPPLEMENTARY_ANALYSIS	5mers_A_RNA_sparse_seq_25	0	73151	72225	21884	21884	1.0	0.3029975770162686	0.09787075368343988	0.1271248400658015	2141.8035736083984	2782	21884	21884	0	ESTIMABLE
2026_all5mer	explicit_baseline	0.5	POSTHOC_TARGETED_SUPPLEMENTARY_ANALYSIS	5mers_A_RNA_sparse_seq_25	1	73872	73023	71887	71887	1.0	0.9844432576037687	0.08728670615894658	0.12821511538943065	6274.779445648193	9217	71887	71887	0	ESTIMABLE
2026_all5mer	explicit_baseline	0.5	POSTHOC_TARGETED_SUPPLEMENTARY_ANALYSIS	5mers_A_RNA_sparse_seq_26	0	72282	71237	21806	21806	1.0	0.3061049735390317	0.08723986381720394	0.11052004035586536	1902.3524703979492	2410	21806	21806	0	ESTIMABLE
2026_all5mer	explicit_baseline	0.5	POSTHOC_TARGETED_SUPPLEMENTARY_ANALYSIS	5mers_A_RNA_sparse_seq_26	1	73099	72290	71845	71845	1.0	0.9938442384838844	0.07144020049239642	0.1048089637413877	5132.621204376221	7530	71845	71845	0	ESTIMABLE
2026_all5mer	explicit_baseline	0.5	POSTHOC_TARGETED_SUPPLEMENTARY_ANALYSIS	5mers_A_RNA_sparse_seq_27	0	73821	72695	18495	18495	1.0	0.2544191484971456	0.0889883583318417	0.11257096512570965	1645.839687347412	2082	18495	18495	0	ESTIMABLE
2026_all5mer	explicit_baseline	0.5	POSTHOC_TARGETED_SUPPLEMENTARY_ANALYSIS	5mers_A_RNA_sparse_seq_27	1	74217	73413	72733	72733	1.0	0.9907373353493251	0.058454629748253696	0.08466583256568545	4251.580585479736	6158	72733	72733	0	ESTIMABLE
2026_all5mer	explicit_baseline	0.5	POSTHOC_TARGETED_SUPPLEMENTARY_ANALYSIS	5mers_A_RNA_sparse_seq_28	0	73628	72566	17403	17403	1.0	0.23982305763029518	0.06612930929140888	0.0814227432051945	1150.8483695983887	1417	17403	17403	0	ESTIMABLE
2026_all5mer	explicit_baseline	0.5	POSTHOC_TARGETED_SUPPLEMENTARY_ANALYSIS	5mers_A_RNA_sparse_seq_28	1	72386	70997	69357	69357	1.0	0.9769004324126371	0.07438984970778524	0.10554089709762533	5159.456806182861	7320	69357	69357	0	ESTIMABLE
2026_all5mer	explicit_baseline	0.5	POSTHOC_TARGETED_SUPPLEMENTARY_ANALYSIS	5mers_A_RNA_sparse_seq_29	0	74562	73326	15919	15919	1.0	0.2170989826255353	0.1024455119560199	0.13317419435894215	1630.8301048278809	2120	15919	15919	0	ESTIMABLE
2026_all5mer	explicit_baseline	0.5	POSTHOC_TARGETED_SUPPLEMENTARY_ANALYSIS	5mers_A_RNA_sparse_seq_29	1	72071	70884	70555	70555	1.0	0.9953586140736979	0.04340425769372561	0.06183828219119836	3062.3874015808105	4363	70555	70555	0	ESTIMABLE
2026_all5mer	explicit_baseline	0.5	POSTHOC_TARGETED_SUPPLEMENTARY_ANALYSIS	5mers_A_RNA_sparse_seq_30	0	72183	70766	25263	25263	1.0	0.3569934714410875	0.06883758021256035	0.08451094486007205	1739.043788909912	2135	25263	25263	0	ESTIMABLE
2026_all5mer	explicit_baseline	0.5	POSTHOC_TARGETED_SUPPLEMENTARY_ANALYSIS	5mers_A_RNA_sparse_seq_30	1	69412	68036	67464	67464	1.0	0.9915926862249398	0.09499124223674502	0.1379847029526859	6408.489166259766	9309	67464	67464	0	ESTIMABLE
2026_all5mer	explicit_baseline	0.5	POSTHOC_TARGETED_SUPPLEMENTARY_ANALYSIS	5mers_A_RNA_sparse_seq_31	0	74005	72861	15271	15271	1.0	0.20959086479735387	0.09078668316207944	0.11381049047213673	1386.4034385681152	1738	15271	15271	0	ESTIMABLE
2026_all5mer	explicit_baseline	0.5	POSTHOC_TARGETED_SUPPLEMENTARY_ANALYSIS	5mers_A_RNA_sparse_seq_31	1	73462	72502	71628	71628	1.0	0.9879451601335135	0.05014682219523364	0.07099179091975205	3591.9165802001953	5085	71628	71628	0	ESTIMABLE
2026_all5mer	explicit_baseline	0.5	POSTHOC_TARGETED_SUPPLEMENTARY_ANALYSIS	5mers_A_RNA_sparse_seq_32	0	71128	69829	27134	27134	1.0	0.3885778115109768	0.10980524088556663	0.14247807179184788	2979.455406188965	3866	27134	27134	0	ESTIMABLE
2026_all5mer	explicit_baseline	0.5	POSTHOC_TARGETED_SUPPLEMENTARY_ANALYSIS	5mers_A_RNA_sparse_seq_32	1	71433	70544	70001	70001	1.0	0.9923026763438422	0.08439638437512068	0.12481250267853317	5907.831302642822	8737	70001	70001	0	ESTIMABLE
2026_all5mer	explicit_baseline	0.5	POSTHOC_TARGETED_SUPPLEMENTARY_ANALYSIS	ALL	0	2360963	2326496	680046	680046	1.0	0.2923048223594625	0.09679205090608	0.12486508265617326	65823.04705047607	84914	680046	680046	0	ESTIMABLE
2026_all5mer	explicit_baseline	0.5	POSTHOC_TARGETED_SUPPLEMENTARY_ANALYSIS	ALL	1	2321542	2282238	2260276	2260276	1.0	0.9903769896040641	0.06935819024613475	0.10062753398257558	156768.65281677246	227446	2260276	2260276	0	ESTIMABLE
2026_all5mer	symmetric_confidence	0.5	POSTHOC_TARGETED_SUPPLEMENTARY_ANALYSIS	5mers_A_RNA_sparse_seq_01	0	73966	72769	24406	24406	1.0	0.3353900699473677	0.08314942770450513	0.10579365729738589	2029.3449325561523	2582	24406	24406	0	ESTIMABLE
2026_all5mer	symmetric_confidence	0.5	POSTHOC_TARGETED_SUPPLEMENTARY_ANALYSIS	5mers_A_RNA_sparse_seq_01	1	72043	70521	69619	69619	1.0	0.9872094836998908	0.06095011670340238	0.08520662462833421	4243.28617477417	5932	69619	69619	0	ESTIMABLE
2026_all5mer	symmetric_confidence	0.5	POSTHOC_TARGETED_SUPPLEMENTARY_ANALYSIS	5mers_A_RNA_sparse_seq_02	0	73580	72370	22507	22507	1.0	0.3109990327483764	0.0820536502236956	0.10272359710312347	1846.7815055847168	2312	22507	22507	0	ESTIMABLE
2026_all5mer	symmetric_confidence	0.5	POSTHOC_TARGETED_SUPPLEMENTARY_ANALYSIS	5mers_A_RNA_sparse_seq_02	1	72171	71172	70623	70623	1.0	0.9922862923621649	0.08490117488177416	0.12359996035285956	5995.975673675537	8729	70623	70623	0	ESTIMABLE
2026_all5mer	symmetric_confidence	0.5	POSTHOC_TARGETED_SUPPLEMENTARY_ANALYSIS	5mers_A_RNA_sparse_seq_03	0	76011	75191	20000	20000	1.0	0.2659892806319905	0.09636007843017579	0.1257	1927.2015686035156	2514	20000	20000	0	ESTIMABLE
2026_all5mer	symmetric_confidence	0.5	POSTHOC_TARGETED_SUPPLEMENTARY_ANALYSIS	5mers_A_RNA_sparse_seq_03	1	72803	71868	71400	71400	1.0	0.9934880614459843	0.06158243601395636	0.08866946778711485	4396.985931396484	6331	71400	71400	0	ESTIMABLE
2026_all5mer	symmetric_confidence	0.5	POSTHOC_TARGETED_SUPPLEMENTARY_ANALYSIS	5mers_A_RNA_sparse_seq_04	0	74257	73395	21962	21962	1.0	0.2992301927924246	0.1194626759792349	0.15608778799745013	2623.639289855957	3428	21962	21962	0	ESTIMABLE
2026_all5mer	symmetric_confidence	0.5	POSTHOC_TARGETED_SUPPLEMENTARY_ANALYSIS	5mers_A_RNA_sparse_seq_04	1	71382	70253	69619	69619	1.0	0.990975474356967	0.07422002576662169	0.1082175842801534	5167.123973846436	7534	69619	69619	0	ESTIMABLE
2026_all5mer	symmetric_confidence	0.5	POSTHOC_TARGETED_SUPPLEMENTARY_ANALYSIS	5mers_A_RNA_sparse_seq_05	0	72808	72119	21025	21025	1.0	0.29153205119316683	0.09709696784456051	0.12475624256837099	2041.4637489318848	2623	21025	21025	0	ESTIMABLE
2026_all5mer	symmetric_confidence	0.5	POSTHOC_TARGETED_SUPPLEMENTARY_ANALYSIS	5mers_A_RNA_sparse_seq_05	1	74353	73753	73382	73382	1.0	0.9949696961479533	0.0594106900169221	0.08703769316726173	4359.675254821777	6387	73382	73382	0	ESTIMABLE
2026_all5mer	symmetric_confidence	0.5	POSTHOC_TARGETED_SUPPLEMENTARY_ANALYSIS	5mers_A_RNA_sparse_seq_06	0	76086	75164	20639	20639	1.0	0.27458623809270394	0.0761719383965387	0.09370609041135713	1572.112636566162	1934	20639	20639	0	ESTIMABLE
2026_all5mer	symmetric_confidence	0.5	POSTHOC_TARGETED_SUPPLEMENTARY_ANALYSIS	5mers_A_RNA_sparse_seq_06	1	75318	73985	73212	73212	1.0	0.9895519362032844	0.07242201966795968	0.10473692837239797	5302.160903930664	7668	73212	73212	0	ESTIMABLE
2026_all5mer	symmetric_confidence	0.5	POSTHOC_TARGETED_SUPPLEMENTARY_ANALYSIS	5mers_A_RNA_sparse_seq_07	0	74968	74180	19389	19389	1.0	0.26137772984631974	0.09453552366501958	0.12011965547475373	1832.9492683410645	2329	19389	19389	0	ESTIMABLE
2026_all5mer	symmetric_confidence	0.5	POSTHOC_TARGETED_SUPPLEMENTARY_ANALYSIS	5mers_A_RNA_sparse_seq_07	1	71358	70341	69521	69521	1.0	0.9883425029499154	0.08232063655277398	0.12289811711569167	5723.0129737854	8544	69521	69521	0	ESTIMABLE
2026_all5mer	symmetric_confidence	0.5	POSTHOC_TARGETED_SUPPLEMENTARY_ANALYSIS	5mers_A_RNA_sparse_seq_08	0	75951	75180	16571	16571	1.0	0.22041766427241288	0.09976132269551935	0.13246032224971335	1653.1448783874512	2195	16571	16571	0	ESTIMABLE
2026_all5mer	symmetric_confidence	0.5	POSTHOC_TARGETED_SUPPLEMENTARY_ANALYSIS	5mers_A_RNA_sparse_seq_08	1	73604	72439	71528	71528	1.0	0.9874239014895291	0.06084532930258736	0.08718264176266637	4352.144714355469	6236	71528	71528	0	ESTIMABLE
2026_all5mer	symmetric_confidence	0.5	POSTHOC_TARGETED_SUPPLEMENTARY_ANALYSIS	5mers_A_RNA_sparse_seq_09	0	73973	72715	20457	20457	1.0	0.2813312246441587	0.07168568080953007	0.08886933567971843	1466.4739723205566	1818	20457	20457	0	ESTIMABLE
2026_all5mer	symmetric_confidence	0.5	POSTHOC_TARGETED_SUPPLEMENTARY_ANALYSIS	5mers_A_RNA_sparse_seq_09	1	73124	71616	70856	70856	1.0	0.9893878462913316	0.0807888500036606	0.11744947499153212	5724.374755859375	8322	70856	70856	0	ESTIMABLE
2026_all5mer	symmetric_confidence	0.5	POSTHOC_TARGETED_SUPPLEMENTARY_ANALYSIS	5mers_A_RNA_sparse_seq_10	0	71263	70338	16556	16556	1.0	0.23537774744803663	0.09720891292154515	0.12291616332447451	1609.3907623291016	2035	16556	16556	0	ESTIMABLE
2026_all5mer	symmetric_confidence	0.5	POSTHOC_TARGETED_SUPPLEMENTARY_ANALYSIS	5mers_A_RNA_sparse_seq_10	1	69418	68199	67861	67861	1.0	0.9950439155999354	0.048424776626222424	0.06981918922503352	3286.15376663208	4738	67861	67861	0	ESTIMABLE
2026_all5mer	symmetric_confidence	0.5	POSTHOC_TARGETED_SUPPLEMENTARY_ANALYSIS	5mers_A_RNA_sparse_seq_11	0	74685	73993	23470	23470	1.0	0.3171921668265917	0.08747760624798197	0.11371964209629314	2053.0994186401367	2669	23470	23470	0	ESTIMABLE
2026_all5mer	symmetric_confidence	0.5	POSTHOC_TARGETED_SUPPLEMENTARY_ANALYSIS	5mers_A_RNA_sparse_seq_11	1	72892	72158	71598	71598	1.0	0.9922392527509077	0.059259373487888484	0.08454146763876086	4242.85262298584	6053	71598	71598	0	ESTIMABLE
2026_all5mer	symmetric_confidence	0.5	POSTHOC_TARGETED_SUPPLEMENTARY_ANALYSIS	5mers_A_RNA_sparse_seq_12	0	74252	73447	20730	20730	1.0	0.2822443394556619	0.11447516927613306	0.15094066570188133	2373.0702590942383	3129	20730	20730	0	ESTIMABLE
2026_all5mer	symmetric_confidence	0.5	POSTHOC_TARGETED_SUPPLEMENTARY_ANALYSIS	5mers_A_RNA_sparse_seq_12	1	74256	73463	72306	72306	1.0	0.9842505751194479	0.06589981430256722	0.0949713716704008	4764.951972961426	6867	72306	72306	0	ESTIMABLE
2026_all5mer	symmetric_confidence	0.5	POSTHOC_TARGETED_SUPPLEMENTARY_ANALYSIS	5mers_A_RNA_sparse_seq_13	0	74437	72576	16692	16692	1.0	0.22999338624338625	0.1003757543538704	0.12964294272705487	1675.4720916748047	2164	16692	16692	0	ESTIMABLE
2026_all5mer	symmetric_confidence	0.5	POSTHOC_TARGETED_SUPPLEMENTARY_ANALYSIS	5mers_A_RNA_sparse_seq_13	1	72970	70966	70381	70381	1.0	0.991756615844207	0.05479985869087829	0.08022051405919212	3856.868854522705	5646	70381	70381	0	ESTIMABLE
2026_all5mer	symmetric_confidence	0.5	POSTHOC_TARGETED_SUPPLEMENTARY_ANALYSIS	5mers_A_RNA_sparse_seq_14	0	74624	73771	20738	20738	1.0	0.2811131745536864	0.08312526095487167	0.10434950332722538	1723.851661682129	2164	20738	20738	0	ESTIMABLE
2026_all5mer	symmetric_confidence	0.5	POSTHOC_TARGETED_SUPPLEMENTARY_ANALYSIS	5mers_A_RNA_sparse_seq_14	1	72869	71627	71165	71165	1.0	0.9935499183268879	0.06066276444693958	0.08877959671186679	4317.065631866455	6318	71165	71165	0	ESTIMABLE
2026_all5mer	symmetric_confidence	0.5	POSTHOC_TARGETED_SUPPLEMENTARY_ANALYSIS	5mers_A_RNA_sparse_seq_15	0	72411	71532	26849	26849	1.0	0.3753425040541296	0.11193679448119613	0.14752877202130432	3005.3909950256348	3961	26849	26849	0	ESTIMABLE
2026_all5mer	symmetric_confidence	0.5	POSTHOC_TARGETED_SUPPLEMENTARY_ANALYSIS	5mers_A_RNA_sparse_seq_15	1	72849	71798	71088	71088	1.0	0.9901111451572467	0.09955178620765372	0.14566452847175332	7076.9373779296875	10355	71088	71088	0	ESTIMABLE
2026_all5mer	symmetric_confidence	0.5	POSTHOC_TARGETED_SUPPLEMENTARY_ANALYSIS	5mers_A_RNA_sparse_seq_16	0	68695	67375	27974	27974	1.0	0.4151985157699443	0.09255521810701664	0.1174304711517838	2589.1396713256836	3285	27974	27974	0	ESTIMABLE
2026_all5mer	symmetric_confidence	0.5	POSTHOC_TARGETED_SUPPLEMENTARY_ANALYSIS	5mers_A_RNA_sparse_seq_16	1	71120	69692	68596	68596	1.0	0.9842736612523676	0.07938312604146641	0.11439442533092309	5445.36491394043	7847	68596	68596	0	ESTIMABLE
2026_all5mer	symmetric_confidence	0.5	POSTHOC_TARGETED_SUPPLEMENTARY_ANALYSIS	5mers_A_RNA_sparse_seq_17	0	72145	71127	19109	19109	1.0	0.2686602837178568	0.07428366533159941	0.09377780103616097	1419.4865608215332	1792	19109	19109	0	ESTIMABLE
2026_all5mer	symmetric_confidence	0.5	POSTHOC_TARGETED_SUPPLEMENTARY_ANALYSIS	5mers_A_RNA_sparse_seq_17	1	69325	68050	67600	67600	1.0	0.9933872152828802	0.05182475524541189	0.07365384615384615	3503.3534545898438	4979	67600	67600	0	ESTIMABLE
2026_all5mer	symmetric_confidence	0.5	POSTHOC_TARGETED_SUPPLEMENTARY_ANALYSIS	5mers_A_RNA_sparse_seq_18	0	74475	73950	19397	19397	1.0	0.26229885057471264	0.10444462404439404	0.13862968500283548	2025.9123725891113	2689	19397	19397	0	ESTIMABLE
2026_all5mer	symmetric_confidence	0.5	POSTHOC_TARGETED_SUPPLEMENTARY_ANALYSIS	5mers_A_RNA_sparse_seq_18	1	72727	72250	71759	71759	1.0	0.9932041522491349	0.05069987115610267	0.07247871347148092	3638.1720542907715	5201	71759	71759	0	ESTIMABLE
2026_all5mer	symmetric_confidence	0.5	POSTHOC_TARGETED_SUPPLEMENTARY_ANALYSIS	5mers_A_RNA_sparse_seq_19	0	74940	73016	13762	13762	1.0	0.18847923742741318	0.08451945101551288	0.10238337450951897	1163.1566848754883	1409	13762	13762	0	ESTIMABLE
2026_all5mer	symmetric_confidence	0.5	POSTHOC_TARGETED_SUPPLEMENTARY_ANALYSIS	5mers_A_RNA_sparse_seq_19	1	73293	70540	70027	70027	1.0	0.9927275304791607	0.06396724646398597	0.09453496508489583	4479.434368133545	6620	70027	70027	0	ESTIMABLE
2026_all5mer	symmetric_confidence	0.5	POSTHOC_TARGETED_SUPPLEMENTARY_ANALYSIS	5mers_A_RNA_sparse_seq_20	0	75427	73849	27734	27734	1.0	0.3755501090062154	0.13466752590730452	0.17952693444869114	3734.8691635131836	4979	27734	27734	0	ESTIMABLE
2026_all5mer	symmetric_confidence	0.5	POSTHOC_TARGETED_SUPPLEMENTARY_ANALYSIS	5mers_A_RNA_sparse_seq_20	1	75137	72786	72206	72206	1.0	0.9920314346165472	0.07972357645096338	0.11601528958812288	5756.520561218262	8377	72206	72206	0	ESTIMABLE
2026_all5mer	symmetric_confidence	0.5	POSTHOC_TARGETED_SUPPLEMENTARY_ANALYSIS	5mers_A_RNA_sparse_seq_21	0	74673	73737	20124	20124	1.0	0.2729159038203344	0.09332003865462841	0.11995627111906182	1877.9724578857422	2414	20124	20124	0	ESTIMABLE
2026_all5mer	symmetric_confidence	0.5	POSTHOC_TARGETED_SUPPLEMENTARY_ANALYSIS	5mers_A_RNA_sparse_seq_21	1	71724	70875	70175	70175	1.0	0.9901234567901235	0.05662171513659699	0.08185251157819737	3973.4288597106934	5744	70175	70175	0	ESTIMABLE
2026_all5mer	symmetric_confidence	0.5	POSTHOC_TARGETED_SUPPLEMENTARY_ANALYSIS	5mers_A_RNA_sparse_seq_22	0	73671	72255	27698	27698	1.0	0.3833367933015016	0.11567316820358264	0.15394613329482273	3203.915412902832	4264	27698	27698	0	ESTIMABLE
2026_all5mer	symmetric_confidence	0.5	POSTHOC_TARGETED_SUPPLEMENTARY_ANALYSIS	5mers_A_RNA_sparse_seq_22	1	70591	68555	67673	67673	1.0	0.9871344176208884	0.10722879623402488	0.15560119988769525	7256.494327545166	10530	67673	67673	0	ESTIMABLE
2026_all5mer	symmetric_confidence	0.5	POSTHOC_TARGETED_SUPPLEMENTARY_ANALYSIS	5mers_A_RNA_sparse_seq_23	0	73766	72838	22688	22688	1.0	0.31148576292594526	0.11423811488830825	0.1487570521861777	2591.8343505859375	3375	22688	22688	0	ESTIMABLE
2026_all5mer	symmetric_confidence	0.5	POSTHOC_TARGETED_SUPPLEMENTARY_ANALYSIS	5mers_A_RNA_sparse_seq_23	1	72664	71284	70615	70615	1.0	0.9906150047696538	0.08118944320025057	0.11932308999504354	5733.192531585693	8426	70615	70615	0	ESTIMABLE
2026_all5mer	symmetric_confidence	0.5	POSTHOC_TARGETED_SUPPLEMENTARY_ANALYSIS	5mers_A_RNA_sparse_seq_24	0	75139	74104	26394	26394	1.0	0.356175105257476	0.12149717916708476	0.16291581420019702	3206.796546936035	4300	26394	26394	0	ESTIMABLE
2026_all5mer	symmetric_confidence	0.5	POSTHOC_TARGETED_SUPPLEMENTARY_ANALYSIS	5mers_A_RNA_sparse_seq_24	1	73599	72358	71996	71996	1.0	0.9949970977638962	0.06089308669987146	0.0881021167842658	4384.058670043945	6343	71996	71996	0	ESTIMABLE
2026_all5mer	symmetric_confidence	0.5	POSTHOC_TARGETED_SUPPLEMENTARY_ANALYSIS	5mers_A_RNA_sparse_seq_25	0	73151	72225	21884	21884	1.0	0.3029975770162686	0.09787075368343988	0.1271248400658015	2141.8035736083984	2782	21884	21884	0	ESTIMABLE
2026_all5mer	symmetric_confidence	0.5	POSTHOC_TARGETED_SUPPLEMENTARY_ANALYSIS	5mers_A_RNA_sparse_seq_25	1	73872	73023	71887	71887	1.0	0.9844432576037687	0.08728670615894658	0.12821511538943065	6274.779445648193	9217	71887	71887	0	ESTIMABLE
2026_all5mer	symmetric_confidence	0.5	POSTHOC_TARGETED_SUPPLEMENTARY_ANALYSIS	5mers_A_RNA_sparse_seq_26	0	72282	71237	21806	21806	1.0	0.3061049735390317	0.08723986381720394	0.11052004035586536	1902.3524703979492	2410	21806	21806	0	ESTIMABLE
2026_all5mer	symmetric_confidence	0.5	POSTHOC_TARGETED_SUPPLEMENTARY_ANALYSIS	5mers_A_RNA_sparse_seq_26	1	73099	72290	71845	71845	1.0	0.9938442384838844	0.07144020049239642	0.1048089637413877	5132.621204376221	7530	71845	71845	0	ESTIMABLE
2026_all5mer	symmetric_confidence	0.5	POSTHOC_TARGETED_SUPPLEMENTARY_ANALYSIS	5mers_A_RNA_sparse_seq_27	0	73821	72695	18495	18495	1.0	0.2544191484971456	0.0889883583318417	0.11257096512570965	1645.839687347412	2082	18495	18495	0	ESTIMABLE
2026_all5mer	symmetric_confidence	0.5	POSTHOC_TARGETED_SUPPLEMENTARY_ANALYSIS	5mers_A_RNA_sparse_seq_27	1	74217	73413	72733	72733	1.0	0.9907373353493251	0.058454629748253696	0.08466583256568545	4251.580585479736	6158	72733	72733	0	ESTIMABLE
2026_all5mer	symmetric_confidence	0.5	POSTHOC_TARGETED_SUPPLEMENTARY_ANALYSIS	5mers_A_RNA_sparse_seq_28	0	73628	72566	17403	17403	1.0	0.23982305763029518	0.06612930929140888	0.0814227432051945	1150.8483695983887	1417	17403	17403	0	ESTIMABLE
2026_all5mer	symmetric_confidence	0.5	POSTHOC_TARGETED_SUPPLEMENTARY_ANALYSIS	5mers_A_RNA_sparse_seq_28	1	72386	70997	69357	69357	1.0	0.9769004324126371	0.07438984970778524	0.10554089709762533	5159.456806182861	7320	69357	69357	0	ESTIMABLE
2026_all5mer	symmetric_confidence	0.5	POSTHOC_TARGETED_SUPPLEMENTARY_ANALYSIS	5mers_A_RNA_sparse_seq_29	0	74562	73326	15919	15919	1.0	0.2170989826255353	0.1024455119560199	0.13317419435894215	1630.8301048278809	2120	15919	15919	0	ESTIMABLE
2026_all5mer	symmetric_confidence	0.5	POSTHOC_TARGETED_SUPPLEMENTARY_ANALYSIS	5mers_A_RNA_sparse_seq_29	1	72071	70884	70555	70555	1.0	0.9953586140736979	0.04340425769372561	0.06183828219119836	3062.3874015808105	4363	70555	70555	0	ESTIMABLE
2026_all5mer	symmetric_confidence	0.5	POSTHOC_TARGETED_SUPPLEMENTARY_ANALYSIS	5mers_A_RNA_sparse_seq_30	0	72183	70766	25263	25263	1.0	0.3569934714410875	0.06883758021256035	0.08451094486007205	1739.043788909912	2135	25263	25263	0	ESTIMABLE
2026_all5mer	symmetric_confidence	0.5	POSTHOC_TARGETED_SUPPLEMENTARY_ANALYSIS	5mers_A_RNA_sparse_seq_30	1	69412	68036	67464	67464	1.0	0.9915926862249398	0.09499124223674502	0.1379847029526859	6408.489166259766	9309	67464	67464	0	ESTIMABLE
2026_all5mer	symmetric_confidence	0.5	POSTHOC_TARGETED_SUPPLEMENTARY_ANALYSIS	5mers_A_RNA_sparse_seq_31	0	74005	72861	15271	15271	1.0	0.20959086479735387	0.09078668316207944	0.11381049047213673	1386.4034385681152	1738	15271	15271	0	ESTIMABLE
2026_all5mer	symmetric_confidence	0.5	POSTHOC_TARGETED_SUPPLEMENTARY_ANALYSIS	5mers_A_RNA_sparse_seq_31	1	73462	72502	71628	71628	1.0	0.9879451601335135	0.05014682219523364	0.07099179091975205	3591.9165802001953	5085	71628	71628	0	ESTIMABLE
2026_all5mer	symmetric_confidence	0.5	POSTHOC_TARGETED_SUPPLEMENTARY_ANALYSIS	5mers_A_RNA_sparse_seq_32	0	71128	69829	27134	27134	1.0	0.3885778115109768	0.10980524088556663	0.14247807179184788	2979.455406188965	3866	27134	27134	0	ESTIMABLE
2026_all5mer	symmetric_confidence	0.5	POSTHOC_TARGETED_SUPPLEMENTARY_ANALYSIS	5mers_A_RNA_sparse_seq_32	1	71433	70544	70001	70001	1.0	0.9923026763438422	0.08439638437512068	0.12481250267853317	5907.831302642822	8737	70001	70001	0	ESTIMABLE
2026_all5mer	symmetric_confidence	0.5	POSTHOC_TARGETED_SUPPLEMENTARY_ANALYSIS	ALL	0	2360963	2326496	680046	680046	1.0	0.2923048223594625	0.09679205090608	0.12486508265617326	65823.04705047607	84914	680046	680046	0	ESTIMABLE
2026_all5mer	symmetric_confidence	0.5	POSTHOC_TARGETED_SUPPLEMENTARY_ANALYSIS	ALL	1	2321542	2282238	2260276	2260276	1.0	0.9903769896040641	0.06935819024613475	0.10062753398257558	156768.65281677246	227446	2260276	2260276	0	ESTIMABLE
2026_all5mer	symmetric_confidence	0.6	POSTHOC_TARGETED_SUPPLEMENTARY_ANALYSIS	5mers_A_RNA_sparse_seq_01	0	73966	72769	24406	22517	0.9226009997541588	0.3094312138410587	0.06957149442084948	0.07811875471865702	1566.5413398742676	1759	22517	22594	77	ESTIMABLE
2026_all5mer	symmetric_confidence	0.6	POSTHOC_TARGETED_SUPPLEMENTARY_ANALYSIS	5mers_A_RNA_sparse_seq_01	1	72043	70521	69619	66683	0.9578276045332452	0.9455764949447683	0.05270119726505019	0.06859319466730651	3514.273937225342	4574	66683	66793	110	ESTIMABLE
2026_all5mer	symmetric_confidence	0.6	POSTHOC_TARGETED_SUPPLEMENTARY_ANALYSIS	5mers_A_RNA_sparse_seq_02	0	73580	72370	22507	20677	0.9186919625005554	0.2857123117313804	0.0679076236688509	0.07559123663974464	1404.12593460083	1563	20677	20747	70	ESTIMABLE
2026_all5mer	symmetric_confidence	0.6	POSTHOC_TARGETED_SUPPLEMENTARY_ANALYSIS	5mers_A_RNA_sparse_seq_02	1	72171	71172	70623	66047	0.9352052447502938	0.9279913449109201	0.07351873592671444	0.09971686829076264	4855.691951751709	6586	66047	66238	191	ESTIMABLE
2026_all5mer	symmetric_confidence	0.6	POSTHOC_TARGETED_SUPPLEMENTARY_ANALYSIS	5mers_A_RNA_sparse_seq_03	0	76011	75191	20000	18270	0.9135	0.24298120785732336	0.08238839043511284	0.09540229885057472	1505.2358932495117	1743	18270	18346	76	ESTIMABLE
2026_all5mer	symmetric_confidence	0.6	POSTHOC_TARGETED_SUPPLEMENTARY_ANALYSIS	5mers_A_RNA_sparse_seq_03	1	72803	71868	71400	68023	0.952703081232493	0.9464991373072856	0.05231166815092859	0.06977051879511342	3558.3966026306152	4746	68023	68170	147	ESTIMABLE
2026_all5mer	symmetric_confidence	0.6	POSTHOC_TARGETED_SUPPLEMENTARY_ANALYSIS	5mers_A_RNA_sparse_seq_04	0	74257	73395	21962	19970	0.9092978781531736	0.27208937938551675	0.10696616710038202	0.12854281422133199	2136.114356994629	2567	19970	20052	82	ESTIMABLE
2026_all5mer	symmetric_confidence	0.6	POSTHOC_TARGETED_SUPPLEMENTARY_ANALYSIS	5mers_A_RNA_sparse_seq_04	1	71382	70253	69619	65889	0.9464226719717319	0.9378816562993751	0.0643507485853672	0.08766258404285997	4240.00647354126	5776	65889	66052	163	ESTIMABLE
2026_all5mer	symmetric_confidence	0.6	POSTHOC_TARGETED_SUPPLEMENTARY_ANALYSIS	5mers_A_RNA_sparse_seq_05	0	72808	72119	21025	19082	0.9075862068965517	0.2645904685311776	0.0821669738180994	0.09422492401215805	1567.9101943969727	1798	19082	19155	73	ESTIMABLE
2026_all5mer	symmetric_confidence	0.6	POSTHOC_TARGETED_SUPPLEMENTARY_ANALYSIS	5mers_A_RNA_sparse_seq_05	1	74353	73753	73382	69925	0.9528903545828677	0.9480970265616314	0.049939720582058485	0.06747229174115123	3492.0349617004395	4718	69925	70056	131	ESTIMABLE
2026_all5mer	symmetric_confidence	0.6	POSTHOC_TARGETED_SUPPLEMENTARY_ANALYSIS	5mers_A_RNA_sparse_seq_06	0	76086	75164	20639	19146	0.9276612238965066	0.2547230056942153	0.06333195267831421	0.06873498380862843	1212.553565979004	1316	19146	19210	64	ESTIMABLE
2026_all5mer	symmetric_confidence	0.6	POSTHOC_TARGETED_SUPPLEMENTARY_ANALYSIS	5mers_A_RNA_sparse_seq_06	1	75318	73985	73212	69435	0.9484100967054582	0.9385010475096304	0.06273826977651578	0.0846979189169727	4356.231761932373	5881	69435	69590	155	ESTIMABLE
2026_all5mer	symmetric_confidence	0.6	POSTHOC_TARGETED_SUPPLEMENTARY_ANALYSIS	5mers_A_RNA_sparse_seq_07	0	74968	74180	19389	17585	0.9069575532518438	0.2370585063359396	0.07948527896068704	0.09064543645152118	1397.7486305236816	1594	17585	17656	71	ESTIMABLE
2026_all5mer	symmetric_confidence	0.6	POSTHOC_TARGETED_SUPPLEMENTARY_ANALYSIS	5mers_A_RNA_sparse_seq_07	1	71358	70341	69521	65394	0.9406366421656766	0.9296711732844287	0.07170201453330755	0.10040676514664953	4688.881538391113	6566	65394	65561	167	ESTIMABLE
2026_all5mer	symmetric_confidence	0.6	POSTHOC_TARGETED_SUPPLEMENTARY_ANALYSIS	5mers_A_RNA_sparse_seq_08	0	75951	75180	16571	14925	0.9006698449097822	0.19852354349561052	0.08386447133331043	0.10090452261306533	1251.6772346496582	1506	14925	14991	66	ESTIMABLE
2026_all5mer	symmetric_confidence	0.6	POSTHOC_TARGETED_SUPPLEMENTARY_ANALYSIS	5mers_A_RNA_sparse_seq_08	1	73604	72439	71528	68454	0.9570238228386087	0.9449881969657229	0.05241603607793846	0.07019312238875741	3588.087333679199	4805	68454	68565	111	ESTIMABLE
2026_all5mer	symmetric_confidence	0.6	POSTHOC_TARGETED_SUPPLEMENTARY_ANALYSIS	5mers_A_RNA_sparse_seq_09	0	73973	72715	20457	18924	0.9250623258542309	0.26024891700474456	0.0580222525523042	0.06293595434369055	1098.0131072998047	1191	18924	18972	48	ESTIMABLE
2026_all5mer	symmetric_confidence	0.6	POSTHOC_TARGETED_SUPPLEMENTARY_ANALYSIS	5mers_A_RNA_sparse_seq_09	1	73124	71616	70856	66755	0.9421220503556509	0.9321241063449508	0.07037445192934913	0.09585798816568047	4697.846538543701	6399	66755	66899	144	ESTIMABLE
2026_all5mer	symmetric_confidence	0.6	POSTHOC_TARGETED_SUPPLEMENTARY_ANALYSIS	5mers_A_RNA_sparse_seq_10	0	71263	70338	16556	14893	0.8995530321333656	0.2117347664136029	0.08110905609305034	0.091452360169207	1207.9571723937988	1362	14893	14963	70	ESTIMABLE
2026_all5mer	symmetric_confidence	0.6	POSTHOC_TARGETED_SUPPLEMENTARY_ANALYSIS	5mers_A_RNA_sparse_seq_10	1	69418	68199	67861	65107	0.9594170436627812	0.9546620918195281	0.0400316178435227	0.05372694180349271	2606.3385429382324	3498	65107	65219	112	ESTIMABLE
2026_all5mer	symmetric_confidence	0.6	POSTHOC_TARGETED_SUPPLEMENTARY_ANALYSIS	5mers_A_RNA_sparse_seq_11	0	74685	73993	23470	21566	0.9188751597784406	0.29146000297325425	0.07383812189124284	0.08671056292311972	1592.392936706543	1870	21566	21637	71	ESTIMABLE
2026_all5mer	symmetric_confidence	0.6	POSTHOC_TARGETED_SUPPLEMENTARY_ANALYSIS	5mers_A_RNA_sparse_seq_11	1	72892	72158	71598	68603	0.9581692226039834	0.9507331134454946	0.05097631079659574	0.06763552614317159	3497.1278495788574	4640	68603	68710	107	ESTIMABLE
2026_all5mer	symmetric_confidence	0.6	POSTHOC_TARGETED_SUPPLEMENTARY_ANALYSIS	5mers_A_RNA_sparse_seq_12	0	74252	73447	20730	18641	0.8992281717317897	0.2538020613503615	0.1000114603811538	0.11984335604313073	1864.313632965088	2234	18641	18726	85	ESTIMABLE
2026_all5mer	symmetric_confidence	0.6	POSTHOC_TARGETED_SUPPLEMENTARY_ANALYSIS	5mers_A_RNA_sparse_seq_12	1	74256	73463	72306	68425	0.946325339529223	0.9314212596817446	0.05554748964431645	0.07399342345633905	3800.8369789123535	5063	68425	68573	148	ESTIMABLE
2026_all5mer	symmetric_confidence	0.6	POSTHOC_TARGETED_SUPPLEMENTARY_ANALYSIS	5mers_A_RNA_sparse_seq_13	0	74437	72576	16692	15104	0.9048646057991853	0.20811287477954143	0.08544412709898867	0.09891419491525423	1290.548095703125	1494	15104	15157	53	ESTIMABLE
2026_all5mer	symmetric_confidence	0.6	POSTHOC_TARGETED_SUPPLEMENTARY_ANALYSIS	5mers_A_RNA_sparse_seq_13	1	72970	70966	70381	67546	0.959719242409173	0.9518079080122875	0.046665327191702285	0.0642080952239955	3152.0561904907227	4337	67546	67662	116	ESTIMABLE
2026_all5mer	symmetric_confidence	0.6	POSTHOC_TARGETED_SUPPLEMENTARY_ANALYSIS	5mers_A_RNA_sparse_seq_14	0	74624	73771	20738	19105	0.9212556659272833	0.258977104824389	0.06959093718340309	0.07809473959696414	1329.534854888916	1492	19105	19164	59	ESTIMABLE
2026_all5mer	symmetric_confidence	0.6	POSTHOC_TARGETED_SUPPLEMENTARY_ANALYSIS	5mers_A_RNA_sparse_seq_14	1	72869	71627	71165	67788	0.9525468980538185	0.9464028927639019	0.051341324856466	0.07001239157372986	3480.325729370117	4746	67788	67927	139	ESTIMABLE
2026_all5mer	symmetric_confidence	0.6	POSTHOC_TARGETED_SUPPLEMENTARY_ANALYSIS	5mers_A_RNA_sparse_seq_15	0	72411	71532	26849	23982	0.8932176244925323	0.33526253984230836	0.09615569138147148	0.11466933533483446	2306.005790710449	2750	23982	24099	117	ESTIMABLE
2026_all5mer	symmetric_confidence	0.6	POSTHOC_TARGETED_SUPPLEMENTARY_ANALYSIS	5mers_A_RNA_sparse_seq_15	1	72849	71798	71088	66040	0.9289894215620077	0.9198027800217277	0.08804611215296837	0.12048758328285887	5814.565246582031	7957	66040	66244	204	ESTIMABLE
2026_all5mer	symmetric_confidence	0.6	POSTHOC_TARGETED_SUPPLEMENTARY_ANALYSIS	5mers_A_RNA_sparse_seq_16	0	68695	67375	27974	25393	0.9077357546292987	0.3768905380333952	0.07743988755191245	0.08770133501358642	1966.431064605713	2227	25393	25522	129	ESTIMABLE
2026_all5mer	symmetric_confidence	0.6	POSTHOC_TARGETED_SUPPLEMENTARY_ANALYSIS	5mers_A_RNA_sparse_seq_16	1	71120	69692	68596	64508	0.9404046883200187	0.9256155656316364	0.06860575401281079	0.09208160228188751	4425.619979858398	5940	64508	64671	163	ESTIMABLE
2026_all5mer	symmetric_confidence	0.6	POSTHOC_TARGETED_SUPPLEMENTARY_ANALYSIS	5mers_A_RNA_sparse_seq_17	0	72145	71127	19109	17799	0.9314459155371815	0.25024252393605806	0.06197030659880328	0.07017248160008989	1103.0094871520996	1249	17799	17864	65	ESTIMABLE
2026_all5mer	symmetric_confidence	0.6	POSTHOC_TARGETED_SUPPLEMENTARY_ANALYSIS	5mers_A_RNA_sparse_seq_17	1	69325	68050	67600	65006	0.9616272189349112	0.9552681851579721	0.043959719575126656	0.05804079623419377	2857.6455307006836	3773	65006	65114	108	ESTIMABLE
2026_all5mer	symmetric_confidence	0.6	POSTHOC_TARGETED_SUPPLEMENTARY_ANALYSIS	5mers_A_RNA_sparse_seq_18	0	74475	73950	19397	17581	0.9063772748363149	0.23774171737660582	0.08977157538962795	0.10625106649223594	1578.2740669250488	1868	17581	17654	73	ESTIMABLE
2026_all5mer	symmetric_confidence	0.6	POSTHOC_TARGETED_SUPPLEMENTARY_ANALYSIS	5mers_A_RNA_sparse_seq_18	1	72727	72250	71759	68809	0.9588901740548224	0.9523737024221454	0.04226533072351219	0.05614091179932858	2908.2351417541504	3863	68809	68931	122	ESTIMABLE
2026_all5mer	symmetric_confidence	0.6	POSTHOC_TARGETED_SUPPLEMENTARY_ANALYSIS	5mers_A_RNA_sparse_seq_19	0	74940	73016	13762	12521	0.9098241534660659	0.17148296263832585	0.06924468485961163	0.07387588850730772	867.0126991271973	925	12521	12559	38	ESTIMABLE
2026_all5mer	symmetric_confidence	0.6	POSTHOC_TARGETED_SUPPLEMENTARY_ANALYSIS	5mers_A_RNA_sparse_seq_19	1	73293	70540	70027	66716	0.9527182372513459	0.9457896229089878	0.05476816441416848	0.0762785538701361	3653.912857055664	5089	66716	66847	131	ESTIMABLE
2026_all5mer	symmetric_confidence	0.6	POSTHOC_TARGETED_SUPPLEMENTARY_ANALYSIS	5mers_A_RNA_sparse_seq_20	0	75427	73849	27734	24930	0.8988966611379534	0.3375807390756815	0.1220775192634102	0.148896911351785	3043.3925552368164	3712	24930	25034	104	ESTIMABLE
2026_all5mer	symmetric_confidence	0.6	POSTHOC_TARGETED_SUPPLEMENTARY_ANALYSIS	5mers_A_RNA_sparse_seq_20	1	75137	72786	72206	68006	0.941833088662992	0.9343280301156816	0.0692177653519528	0.09380054701055789	4707.223350524902	6379	68006	68170	164	ESTIMABLE
2026_all5mer	symmetric_confidence	0.6	POSTHOC_TARGETED_SUPPLEMENTARY_ANALYSIS	5mers_A_RNA_sparse_seq_21	0	74673	73737	20124	18468	0.9177101967799642	0.2504577077993409	0.07989369343440977	0.09329651288715617	1475.4767303466797	1723	18468	18528	60	ESTIMABLE
2026_all5mer	symmetric_confidence	0.6	POSTHOC_TARGETED_SUPPLEMENTARY_ANALYSIS	5mers_A_RNA_sparse_seq_21	1	71724	70875	70175	67313	0.9592162451015319	0.9497425044091711	0.04837792764779617	0.06505429857531235	3256.4634437561035	4379	67313	67417	104	ESTIMABLE
2026_all5mer	symmetric_confidence	0.6	POSTHOC_TARGETED_SUPPLEMENTARY_ANALYSIS	5mers_A_RNA_sparse_seq_22	0	73671	72255	27698	24766	0.8941439815149108	0.34275828662376306	0.10061372782989011	0.122224016797222	2491.7995834350586	3027	24766	24875	109	ESTIMABLE
2026_all5mer	symmetric_confidence	0.6	POSTHOC_TARGETED_SUPPLEMENTARY_ANALYSIS	5mers_A_RNA_sparse_seq_22	1	70591	68555	67673	62029	0.9165989390155601	0.904806359857049	0.09434229883009689	0.12747263376807622	5851.95845413208	7907	62029	62243	214	ESTIMABLE
2026_all5mer	symmetric_confidence	0.6	POSTHOC_TARGETED_SUPPLEMENTARY_ANALYSIS	5mers_A_RNA_sparse_seq_23	0	73766	72838	22688	20304	0.8949224259520452	0.2787555946072105	0.09912104565295016	0.11569148936170212	2012.5537109375	2349	20304	20391	87	ESTIMABLE
2026_all5mer	symmetric_confidence	0.6	POSTHOC_TARGETED_SUPPLEMENTARY_ANALYSIS	5mers_A_RNA_sparse_seq_23	1	72664	71284	70615	65824	0.9321532252354315	0.9234049716626452	0.06896626190126202	0.09393230432668935	4539.635223388672	6183	65824	65998	174	ESTIMABLE
2026_all5mer	symmetric_confidence	0.6	POSTHOC_TARGETED_SUPPLEMENTARY_ANALYSIS	5mers_A_RNA_sparse_seq_24	0	75139	74104	26394	23375	0.8856179434720012	0.31543506423404943	0.10593655852455507	0.1307807486631016	2476.2670555114746	3057	23375	23490	115	ESTIMABLE
2026_all5mer	symmetric_confidence	0.6	POSTHOC_TARGETED_SUPPLEMENTARY_ANALYSIS	5mers_A_RNA_sparse_seq_24	1	73599	72358	71996	68398	0.9500250013889661	0.9452721191851626	0.05102935032961804	0.06801368461066112	3490.305503845215	4652	68398	68535	137	ESTIMABLE
2026_all5mer	symmetric_confidence	0.6	POSTHOC_TARGETED_SUPPLEMENTARY_ANALYSIS	5mers_A_RNA_sparse_seq_25	0	73151	72225	21884	19745	0.902257356973131	0.2733817930079612	0.08196393223344962	0.0935933147632312	1618.377841949463	1848	19745	19823	78	ESTIMABLE
2026_all5mer	symmetric_confidence	0.6	POSTHOC_TARGETED_SUPPLEMENTARY_ANALYSIS	5mers_A_RNA_sparse_seq_25	1	73872	73023	71887	68086	0.9471253495068649	0.9323911644276461	0.07808767965900748	0.10783420967599801	5316.677757263184	7342	68086	68227	141	ESTIMABLE
2026_all5mer	symmetric_confidence	0.6	POSTHOC_TARGETED_SUPPLEMENTARY_ANALYSIS	5mers_A_RNA_sparse_seq_26	0	72282	71237	21806	19873	0.9113546730257728	0.278970198071227	0.07227810372261566	0.08096412217581643	1436.382755279541	1609	19873	19952	79	ESTIMABLE
2026_all5mer	symmetric_confidence	0.6	POSTHOC_TARGETED_SUPPLEMENTARY_ANALYSIS	5mers_A_RNA_sparse_seq_26	1	73099	72290	71845	67615	0.941123251444081	0.93532992115092	0.06031399713962078	0.08191969237595208	4078.130916595459	5539	67615	67783	168	ESTIMABLE
2026_all5mer	symmetric_confidence	0.6	POSTHOC_TARGETED_SUPPLEMENTARY_ANALYSIS	5mers_A_RNA_sparse_seq_27	0	73821	72695	18495	16919	0.9147877804812111	0.2327395281656235	0.07465559179686057	0.0832791536142798	1263.097957611084	1409	16919	16995	76	ESTIMABLE
2026_all5mer	symmetric_confidence	0.6	POSTHOC_TARGETED_SUPPLEMENTARY_ANALYSIS	5mers_A_RNA_sparse_seq_27	1	74217	73413	72733	69677	0.9579833088144308	0.9491098306839388	0.050092448339907523	0.0679133717008482	3490.2915229797363	4732	69677	69802	125	ESTIMABLE
2026_all5mer	symmetric_confidence	0.6	POSTHOC_TARGETED_SUPPLEMENTARY_ANALYSIS	5mers_A_RNA_sparse_seq_28	0	73628	72566	17403	16235	0.9328851347468827	0.22372736543284735	0.053375329433825336	0.0561749307052664	866.5484733581543	912	16235	16276	41	ESTIMABLE
2026_all5mer	symmetric_confidence	0.6	POSTHOC_TARGETED_SUPPLEMENTARY_ANALYSIS	5mers_A_RNA_sparse_seq_28	1	72386	70997	69357	66594	0.9601626367922488	0.9379832950688057	0.06702350587011668	0.08985794516022465	4463.363349914551	5984	66594	66686	92	ESTIMABLE
2026_all5mer	symmetric_confidence	0.6	POSTHOC_TARGETED_SUPPLEMENTARY_ANALYSIS	5mers_A_RNA_sparse_seq_29	0	74562	73326	15919	14463	0.9085369684025378	0.19724245151787906	0.08825250375174408	0.10412777432068036	1276.3959617614746	1506	14463	14526	63	ESTIMABLE
2026_all5mer	symmetric_confidence	0.6	POSTHOC_TARGETED_SUPPLEMENTARY_ANALYSIS	5mers_A_RNA_sparse_seq_29	1	72071	70884	70555	68232	0.9670753313018213	0.962586761469443	0.036490275440804215	0.04873080079727987	2489.804473876953	3325	68232	68310	78	ESTIMABLE
2026_all5mer	symmetric_confidence	0.6	POSTHOC_TARGETED_SUPPLEMENTARY_ANALYSIS	5mers_A_RNA_sparse_seq_30	0	72183	70766	25263	23482	0.9295016427186004	0.33182601814430657	0.055826673352548796	0.059449791329529	1310.9219436645508	1396	23482	23568	86	ESTIMABLE
2026_all5mer	symmetric_confidence	0.6	POSTHOC_TARGETED_SUPPLEMENTARY_ANALYSIS	5mers_A_RNA_sparse_seq_30	1	69412	68036	67464	62643	0.9285396655994308	0.9207331412781469	0.08302186695229985	0.111664511597465	5200.73881149292	6995	62643	62839	196	ESTIMABLE
2026_all5mer	symmetric_confidence	0.6	POSTHOC_TARGETED_SUPPLEMENTARY_ANALYSIS	5mers_A_RNA_sparse_seq_31	0	74005	72861	15271	13866	0.9079955471154476	0.19030757195207312	0.0754951384613288	0.0839463435742103	1046.8155899047852	1164	13866	13922	56	ESTIMABLE
2026_all5mer	symmetric_confidence	0.6	POSTHOC_TARGETED_SUPPLEMENTARY_ANALYSIS	5mers_A_RNA_sparse_seq_31	1	73462	72502	71628	69061	0.9641620595297928	0.9525392402968194	0.042787270090188186	0.05660213434499935	2954.9316596984863	3909	69061	69162	101	ESTIMABLE
2026_all5mer	symmetric_confidence	0.6	POSTHOC_TARGETED_SUPPLEMENTARY_ANALYSIS	5mers_A_RNA_sparse_seq_32	0	71128	69829	27134	24435	0.900530699491413	0.3499262484068224	0.09507161330318119	0.11135666052793125	2323.0748710632324	2721	24435	24526	91	ESTIMABLE
2026_all5mer	symmetric_confidence	0.6	POSTHOC_TARGETED_SUPPLEMENTARY_ANALYSIS	5mers_A_RNA_sparse_seq_32	1	71433	70544	70001	65369	0.9338295167211897	0.9266415286913132	0.07261252517418917	0.099726169897046	4746.608158111572	6519	65369	65575	206	ESTIMABLE
2026_all5mer	symmetric_confidence	0.6	POSTHOC_TARGETED_SUPPLEMENTARY_ANALYSIS	ALL	0	2360963	2326496	680046	618542	0.9095590592401103	0.2658684992366202	0.08226847180758325	0.0952902147307701	50886.50508880615	58941	618542	620974	2432	ESTIMABLE
2026_all5mer	symmetric_confidence	0.6	POSTHOC_TARGETED_SUPPLEMENTARY_ANALYSIS	ALL	1	2321542	2282238	2260276	2144000	0.9485567249309377	0.9394287537057923	0.05959619765495187	0.08059794776119403	127774.2477722168	172802	2144000	2148569	4569	ESTIMABLE
2026_all5mer	symmetric_confidence	0.7	POSTHOC_TARGETED_SUPPLEMENTARY_ANALYSIS	5mers_A_RNA_sparse_seq_01	0	73966	72769	24406	20409	0.8362287961976563	0.28046283444873504	0.055925230293249625	0.05820961340585036	1141.3780250549316	1188	20314	20409	95	ESTIMABLE
2026_all5mer	symmetric_confidence	0.7	POSTHOC_TARGETED_SUPPLEMENTARY_ANALYSIS	5mers_A_RNA_sparse_seq_01	1	72043	70521	69619	63598	0.9135149887243424	0.9018306603706697	0.044018462340132	0.05405830372024278	2799.486167907715	3438	63451	63598	147	ESTIMABLE
2026_all5mer	symmetric_confidence	0.7	POSTHOC_TARGETED_SUPPLEMENTARY_ANALYSIS	5mers_A_RNA_sparse_seq_02	0	73580	72370	22507	18656	0.8288976762784911	0.25778637556998757	0.05370620675193302	0.05537092624356775	1001.9429931640625	1033	18576	18656	80	ESTIMABLE
2026_all5mer	symmetric_confidence	0.7	POSTHOC_TARGETED_SUPPLEMENTARY_ANALYSIS	5mers_A_RNA_sparse_seq_02	1	72171	71172	70623	61324	0.8683290146269629	0.8616309784746811	0.06056507959826788	0.0766910181984215	3714.0929412841797	4703	61128	61324	196	ESTIMABLE
2026_all5mer	symmetric_confidence	0.7	POSTHOC_TARGETED_SUPPLEMENTARY_ANALYSIS	5mers_A_RNA_sparse_seq_03	0	76011	75191	20000	16261	0.81305	0.2162625846178399	0.06691408799543687	0.07152081667794108	1088.0899848937988	1163	16170	16261	91	ESTIMABLE
2026_all5mer	symmetric_confidence	0.7	POSTHOC_TARGETED_SUPPLEMENTARY_ANALYSIS	5mers_A_RNA_sparse_seq_03	1	72803	71868	71400	64422	0.9022689075630252	0.8963933878777759	0.04212342073641229	0.05271491105522958	2713.6750106811523	3396	64279	64422	143	ESTIMABLE
2026_all5mer	symmetric_confidence	0.7	POSTHOC_TARGETED_SUPPLEMENTARY_ANALYSIS	5mers_A_RNA_sparse_seq_04	0	74257	73395	21962	17746	0.8080320553683635	0.24178758771033448	0.09382908198901448	0.10639017243322439	1665.0908889770508	1888	17637	17746	109	ESTIMABLE
2026_all5mer	symmetric_confidence	0.7	POSTHOC_TARGETED_SUPPLEMENTARY_ANALYSIS	5mers_A_RNA_sparse_seq_04	1	71382	70253	69619	61974	0.8901880233844209	0.8821544987402673	0.053092877385569136	0.06789944170135863	3290.3779830932617	4208	61781	61974	193	ESTIMABLE
2026_all5mer	symmetric_confidence	0.7	POSTHOC_TARGETED_SUPPLEMENTARY_ANALYSIS	5mers_A_RNA_sparse_seq_05	0	72808	72119	21025	16891	0.8033769322235434	0.2342101249324034	0.06635222565703618	0.07009650109525783	1120.755443572998	1184	16785	16891	106	ESTIMABLE
2026_all5mer	symmetric_confidence	0.7	POSTHOC_TARGETED_SUPPLEMENTARY_ANALYSIS	5mers_A_RNA_sparse_seq_05	1	74353	73753	73382	66218	0.9023738791529258	0.8978346643526365	0.0393366098886399	0.049457851339514934	2604.791633605957	3275	66026	66218	192	ESTIMABLE
2026_all5mer	symmetric_confidence	0.7	POSTHOC_TARGETED_SUPPLEMENTARY_ANALYSIS	5mers_A_RNA_sparse_seq_06	0	76086	75164	20639	17363	0.8412713794272978	0.23100154329200148	0.0495458626083904	0.04981857973852445	860.2648124694824	865	17287	17363	76	ESTIMABLE
2026_all5mer	symmetric_confidence	0.7	POSTHOC_TARGETED_SUPPLEMENTARY_ANALYSIS	5mers_A_RNA_sparse_seq_06	1	75318	73985	73212	65421	0.8935830191771841	0.8842468067851591	0.05186948806712082	0.0659115574509714	3393.3537788391113	4312	65252	65421	169	ESTIMABLE
2026_all5mer	symmetric_confidence	0.7	POSTHOC_TARGETED_SUPPLEMENTARY_ANALYSIS	5mers_A_RNA_sparse_seq_07	0	74968	74180	19389	15585	0.8038062819124245	0.21009706120248045	0.06328293620144132	0.06589669554058389	986.2645606994629	1027	15486	15585	99	ESTIMABLE
2026_all5mer	symmetric_confidence	0.7	POSTHOC_TARGETED_SUPPLEMENTARY_ANALYSIS	5mers_A_RNA_sparse_seq_07	1	71358	70341	69521	61121	0.8791731994649099	0.8689242404856342	0.058829958843265466	0.07655306686736146	3595.7459144592285	4679	60941	61121	180	ESTIMABLE
2026_all5mer	symmetric_confidence	0.7	POSTHOC_TARGETED_SUPPLEMENTARY_ANALYSIS	5mers_A_RNA_sparse_seq_08	0	75951	75180	16571	13276	0.8011586506547583	0.17658951848895982	0.06765748794339586	0.07487194938234408	898.2208099365234	994	13213	13276	63	ESTIMABLE
2026_all5mer	symmetric_confidence	0.7	POSTHOC_TARGETED_SUPPLEMENTARY_ANALYSIS	5mers_A_RNA_sparse_seq_08	1	73604	72439	71528	65345	0.9135583268090818	0.9020693272960698	0.04353862245515763	0.055092202922947434	2845.0312843322754	3600	65214	65345	131	ESTIMABLE
2026_all5mer	symmetric_confidence	0.7	POSTHOC_TARGETED_SUPPLEMENTARY_ANALYSIS	5mers_A_RNA_sparse_seq_09	0	73973	72715	20457	17264	0.8439165077968421	0.2374200646359073	0.04509540483617915	0.045644114921223354	778.5270690917969	788	17188	17264	76	ESTIMABLE
2026_all5mer	symmetric_confidence	0.7	POSTHOC_TARGETED_SUPPLEMENTARY_ANALYSIS	5mers_A_RNA_sparse_seq_09	1	73124	71616	70856	62411	0.8808146099130632	0.8714672698838248	0.058286673257386484	0.07424973161782378	3637.729564666748	4634	62239	62411	172	ESTIMABLE
2026_all5mer	symmetric_confidence	0.7	POSTHOC_TARGETED_SUPPLEMENTARY_ANALYSIS	5mers_A_RNA_sparse_seq_10	0	71263	70338	16556	13030	0.7870258516549892	0.18524837214592396	0.06403761927384372	0.06669224865694551	834.4101791381836	869	12941	13030	89	ESTIMABLE
2026_all5mer	symmetric_confidence	0.7	POSTHOC_TARGETED_SUPPLEMENTARY_ANALYSIS	5mers_A_RNA_sparse_seq_10	1	69418	68199	67861	62380	0.9192319594465157	0.9146761682722621	0.03139046671758213	0.03914716255210003	1958.1373138427734	2442	62248	62380	132	ESTIMABLE
2026_all5mer	symmetric_confidence	0.7	POSTHOC_TARGETED_SUPPLEMENTARY_ANALYSIS	5mers_A_RNA_sparse_seq_11	0	74685	73993	23470	19509	0.8312313591819344	0.2636600759531307	0.059733053558676544	0.06509815982367112	1165.3321418762207	1270	19415	19509	94	ESTIMABLE
2026_all5mer	symmetric_confidence	0.7	POSTHOC_TARGETED_SUPPLEMENTARY_ANALYSIS	5mers_A_RNA_sparse_seq_11	1	72892	72158	71598	65554	0.9155842341964859	0.9084786163696333	0.04225506549619547	0.052765658846142115	2769.9885635375977	3459	65417	65554	137	ESTIMABLE
2026_all5mer	symmetric_confidence	0.7	POSTHOC_TARGETED_SUPPLEMENTARY_ANALYSIS	5mers_A_RNA_sparse_seq_12	0	74252	73447	20730	16266	0.7846599131693198	0.2214658188898117	0.08390456560454539	0.09406123201770564	1364.7916641235352	1530	16162	16266	104	ESTIMABLE
2026_all5mer	symmetric_confidence	0.7	POSTHOC_TARGETED_SUPPLEMENTARY_ANALYSIS	5mers_A_RNA_sparse_seq_12	1	74256	73463	72306	64515	0.8922496058418389	0.8781971876999306	0.044605253471345536	0.05542897000697512	2877.7079277038574	3576	64358	64515	157	ESTIMABLE
2026_all5mer	symmetric_confidence	0.7	POSTHOC_TARGETED_SUPPLEMENTARY_ANALYSIS	5mers_A_RNA_sparse_seq_13	0	74437	72576	16692	13330	0.7985861490534387	0.18366953262786595	0.06936032008337778	0.07396849212303076	924.5730667114258	986	13248	13330	82	ESTIMABLE
2026_all5mer	symmetric_confidence	0.7	POSTHOC_TARGETED_SUPPLEMENTARY_ANALYSIS	5mers_A_RNA_sparse_seq_13	1	72970	70966	70381	64662	0.9187422741933192	0.9111687286869768	0.037685695630613025	0.04832822987225882	2436.832450866699	3125	64531	64662	131	ESTIMABLE
2026_all5mer	symmetric_confidence	0.7	POSTHOC_TARGETED_SUPPLEMENTARY_ANALYSIS	5mers_A_RNA_sparse_seq_14	0	74624	73771	20738	17309	0.8346513646446138	0.23463149476081388	0.05590751485302816	0.058293373389566125	967.7031745910645	1009	17226	17309	83	ESTIMABLE
2026_all5mer	symmetric_confidence	0.7	POSTHOC_TARGETED_SUPPLEMENTARY_ANALYSIS	5mers_A_RNA_sparse_seq_14	1	72869	71627	71165	64387	0.9047565516756833	0.8989207980230919	0.04108115926780442	0.051889356547129076	2645.092601776123	3341	64208	64387	179	ESTIMABLE
2026_all5mer	symmetric_confidence	0.7	POSTHOC_TARGETED_SUPPLEMENTARY_ANALYSIS	5mers_A_RNA_sparse_seq_15	0	72411	71532	26849	20825	0.7756341018287459	0.2911284460101773	0.07872807002439648	0.0866266506602641	1639.5120582580566	1804	20686	20825	139	ESTIMABLE
2026_all5mer	symmetric_confidence	0.7	POSTHOC_TARGETED_SUPPLEMENTARY_ANALYSIS	5mers_A_RNA_sparse_seq_15	1	72849	71798	71088	60775	0.8549262885437767	0.8464720465751135	0.07455514930590147	0.09569724393253805	4531.089199066162	5816	60539	60775	236	ESTIMABLE
2026_all5mer	symmetric_confidence	0.7	POSTHOC_TARGETED_SUPPLEMENTARY_ANALYSIS	5mers_A_RNA_sparse_seq_16	0	68695	67375	27974	22528	0.8053192249946379	0.3343673469387755	0.06207175010984594	0.06605113636363637	1398.3523864746094	1488	22413	22528	115	ESTIMABLE
2026_all5mer	symmetric_confidence	0.7	POSTHOC_TARGETED_SUPPLEMENTARY_ANALYSIS	5mers_A_RNA_sparse_seq_16	1	71120	69692	68596	60428	0.8809260015161234	0.8670722608046835	0.05690856966925321	0.0713080029125571	3438.871047973633	4309	60253	60428	175	ESTIMABLE
2026_all5mer	symmetric_confidence	0.7	POSTHOC_TARGETED_SUPPLEMENTARY_ANALYSIS	5mers_A_RNA_sparse_seq_17	0	72145	71127	19109	16342	0.8551991208331153	0.22975803843828643	0.0495414164319877	0.052808713743727816	809.605827331543	863	16274	16342	68	ESTIMABLE
2026_all5mer	symmetric_confidence	0.7	POSTHOC_TARGETED_SUPPLEMENTARY_ANALYSIS	5mers_A_RNA_sparse_seq_17	1	69325	68050	67600	62136	0.919171597633136	0.9130933137398971	0.035126032018287005	0.043131196086004894	2182.5911254882812	2680	62024	62136	112	ESTIMABLE
2026_all5mer	symmetric_confidence	0.7	POSTHOC_TARGETED_SUPPLEMENTARY_ANALYSIS	5mers_A_RNA_sparse_seq_18	0	74475	73950	19397	15627	0.8056400474300149	0.2113184584178499	0.07526503868247052	0.08382926985345876	1176.1667594909668	1310	15545	15627	82	ESTIMABLE
2026_all5mer	symmetric_confidence	0.7	POSTHOC_TARGETED_SUPPLEMENTARY_ANALYSIS	5mers_A_RNA_sparse_seq_18	1	72727	72250	71759	65769	0.9165261500299614	0.9102975778546712	0.03320229494127069	0.04076388572123645	2183.6817359924316	2681	65642	65769	127	ESTIMABLE
2026_all5mer	symmetric_confidence	0.7	POSTHOC_TARGETED_SUPPLEMENTARY_ANALYSIS	5mers_A_RNA_sparse_seq_19	0	74940	73016	13762	11140	0.8094753669524778	0.15256929987947848	0.05339616128315403	0.051795332136445243	594.8332366943359	577	11075	11140	65	ESTIMABLE
2026_all5mer	symmetric_confidence	0.7	POSTHOC_TARGETED_SUPPLEMENTARY_ANALYSIS	5mers_A_RNA_sparse_seq_19	1	73293	70540	70027	63300	0.9039370528510432	0.8973631981854268	0.04409810215376	0.057156398104265406	2791.409866333008	3618	63165	63300	135	ESTIMABLE
2026_all5mer	symmetric_confidence	0.7	POSTHOC_TARGETED_SUPPLEMENTARY_ANALYSIS	5mers_A_RNA_sparse_seq_20	0	75427	73849	27734	21884	0.789067570491094	0.2963344121111999	0.1087591087245087	0.12493145677207092	2380.0843353271484	2734	21742	21884	142	ESTIMABLE
2026_all5mer	symmetric_confidence	0.7	POSTHOC_TARGETED_SUPPLEMENTARY_ANALYSIS	5mers_A_RNA_sparse_seq_20	1	75137	72786	72206	63602	0.8808409273467579	0.873821888824774	0.05729358095271209	0.07290651237382473	3643.9863357543945	4637	63393	63602	209	ESTIMABLE
2026_all5mer	symmetric_confidence	0.7	POSTHOC_TARGETED_SUPPLEMENTARY_ANALYSIS	5mers_A_RNA_sparse_seq_21	0	74673	73737	20124	16467	0.8182766845557543	0.22332072094064037	0.06412338499612566	0.06850063763891419	1055.9197807312012	1128	16389	16467	78	ESTIMABLE
2026_all5mer	symmetric_confidence	0.7	POSTHOC_TARGETED_SUPPLEMENTARY_ANALYSIS	5mers_A_RNA_sparse_seq_21	1	71724	70875	70175	64356	0.9170787317420734	0.9080211640211641	0.03951155997854889	0.049707874945615016	2542.805953979492	3199	64236	64356	120	ESTIMABLE
2026_all5mer	symmetric_confidence	0.7	POSTHOC_TARGETED_SUPPLEMENTARY_ANALYSIS	5mers_A_RNA_sparse_seq_22	0	73671	72255	27698	21508	0.776518160155968	0.29766798145457063	0.08335391557724342	0.09340710433327135	1792.7760162353516	2009	21365	21508	143	ESTIMABLE
2026_all5mer	symmetric_confidence	0.7	POSTHOC_TARGETED_SUPPLEMENTARY_ANALYSIS	5mers_A_RNA_sparse_seq_22	1	70591	68555	67673	56162	0.8299026199518271	0.8192254394281964	0.07912664853933467	0.09967593746661443	4443.910835266113	5598	55909	56162	253	ESTIMABLE
2026_all5mer	symmetric_confidence	0.7	POSTHOC_TARGETED_SUPPLEMENTARY_ANALYSIS	5mers_A_RNA_sparse_seq_23	0	73766	72838	22688	17618	0.776533850493653	0.24187923885883741	0.08336124036920803	0.09183789306391191	1468.658332824707	1618	17502	17618	116	ESTIMABLE
2026_all5mer	symmetric_confidence	0.7	POSTHOC_TARGETED_SUPPLEMENTARY_ANALYSIS	5mers_A_RNA_sparse_seq_23	1	72664	71284	70615	61081	0.8649861927352546	0.8568683014421189	0.055562448884892764	0.0704146952407459	3393.8099403381348	4301	60881	61081	200	ESTIMABLE
2026_all5mer	symmetric_confidence	0.7	POSTHOC_TARGETED_SUPPLEMENTARY_ANALYSIS	5mers_A_RNA_sparse_seq_24	0	75139	74104	26394	20212	0.7657801015382284	0.27275180826945916	0.0887775817484566	0.10216702948743321	1794.3724822998047	2065	20073	20212	139	ESTIMABLE
2026_all5mer	symmetric_confidence	0.7	POSTHOC_TARGETED_SUPPLEMENTARY_ANALYSIS	5mers_A_RNA_sparse_seq_24	1	73599	72358	71996	64777	0.8997305405855881	0.8952292766522015	0.04063470771759282	0.05020300415270852	2632.1944618225098	3252	64624	64777	153	ESTIMABLE
2026_all5mer	symmetric_confidence	0.7	POSTHOC_TARGETED_SUPPLEMENTARY_ANALYSIS	5mers_A_RNA_sparse_seq_25	0	73151	72225	21884	17488	0.7991226466825078	0.24213222568362755	0.06630246266245515	0.07044830741079597	1159.4974670410156	1232	17383	17488	105	ESTIMABLE
2026_all5mer	symmetric_confidence	0.7	POSTHOC_TARGETED_SUPPLEMENTARY_ANALYSIS	5mers_A_RNA_sparse_seq_25	1	73872	73023	71887	64145	0.8923031980747562	0.8784218670829739	0.06709421651288477	0.0868656949099696	4303.758518218994	5572	63971	64145	174	ESTIMABLE
2026_all5mer	symmetric_confidence	0.7	POSTHOC_TARGETED_SUPPLEMENTARY_ANALYSIS	5mers_A_RNA_sparse_seq_26	0	72282	71237	21806	17683	0.810923599009447	0.2482277468169631	0.05665297730168707	0.05915285867782616	1001.7945976257324	1046	17586	17683	97	ESTIMABLE
2026_all5mer	symmetric_confidence	0.7	POSTHOC_TARGETED_SUPPLEMENTARY_ANALYSIS	5mers_A_RNA_sparse_seq_26	1	73099	72290	71845	63146	0.8789198970004871	0.8735094757227833	0.04764458475652685	0.06001963703164096	3008.5649490356445	3790	62979	63146	167	ESTIMABLE
2026_all5mer	symmetric_confidence	0.7	POSTHOC_TARGETED_SUPPLEMENTARY_ANALYSIS	5mers_A_RNA_sparse_seq_27	0	73821	72695	18495	15099	0.8163828061638281	0.20770341839191142	0.05929723156391449	0.06106364659911252	895.3288993835449	922	15021	15099	78	ESTIMABLE
2026_all5mer	symmetric_confidence	0.7	POSTHOC_TARGETED_SUPPLEMENTARY_ANALYSIS	5mers_A_RNA_sparse_seq_27	1	74217	73413	72733	66456	0.9136980462788555	0.9052347676841976	0.040642445478052444	0.05137233658360419	2700.934356689453	3414	66313	66456	143	ESTIMABLE
2026_all5mer	symmetric_confidence	0.7	POSTHOC_TARGETED_SUPPLEMENTARY_ANALYSIS	5mers_A_RNA_sparse_seq_28	0	73628	72566	17403	14817	0.851404930184451	0.20418653363834302	0.039716388336550314	0.037659445231828306	588.477725982666	558	14745	14817	72	ESTIMABLE
2026_all5mer	symmetric_confidence	0.7	POSTHOC_TARGETED_SUPPLEMENTARY_ANALYSIS	5mers_A_RNA_sparse_seq_28	1	72386	70997	69357	63605	0.9170667704773852	0.8958829246306182	0.05828832694264236	0.07367345334486282	3707.4290351867676	4686	63494	63605	111	ESTIMABLE
2026_all5mer	symmetric_confidence	0.7	POSTHOC_TARGETED_SUPPLEMENTARY_ANALYSIS	5mers_A_RNA_sparse_seq_29	0	74562	73326	15919	12903	0.8105408631195427	0.17596759675967596	0.07327924206729343	0.08013640238704177	945.5220603942871	1034	12838	12903	65	ESTIMABLE
2026_all5mer	symmetric_confidence	0.7	POSTHOC_TARGETED_SUPPLEMENTARY_ANALYSIS	5mers_A_RNA_sparse_seq_29	1	72071	70884	70555	65745	0.9318262348522429	0.9275012696800407	0.028814284202580906	0.035805004182827595	1894.3951148986816	2354	65623	65745	122	ESTIMABLE
2026_all5mer	symmetric_confidence	0.7	POSTHOC_TARGETED_SUPPLEMENTARY_ANALYSIS	5mers_A_RNA_sparse_seq_30	0	72183	70766	25263	21411	0.8475240470252939	0.3025605516773592	0.04227617782344055	0.04072672925131941	905.1752433776855	872	21307	21411	104	ESTIMABLE
2026_all5mer	symmetric_confidence	0.7	POSTHOC_TARGETED_SUPPLEMENTARY_ANALYSIS	5mers_A_RNA_sparse_seq_30	1	69412	68036	67464	57653	0.8545742914739713	0.8473896172614498	0.06931681888811839	0.08712469429171076	3996.3225593566895	5023	57459	57653	194	ESTIMABLE
2026_all5mer	symmetric_confidence	0.7	POSTHOC_TARGETED_SUPPLEMENTARY_ANALYSIS	5mers_A_RNA_sparse_seq_31	0	74005	72861	15271	12236	0.801257285050095	0.16793620729882927	0.05905249758692651	0.06023210199411572	722.5663604736328	737	12145	12236	91	ESTIMABLE
2026_all5mer	symmetric_confidence	0.7	POSTHOC_TARGETED_SUPPLEMENTARY_ANALYSIS	5mers_A_RNA_sparse_seq_31	1	73462	72502	71628	66343	0.9262160049142794	0.9150506192932609	0.03472700562196873	0.04285305156534977	2303.8937339782715	2843	66218	66343	125	ESTIMABLE
2026_all5mer	symmetric_confidence	0.7	POSTHOC_TARGETED_SUPPLEMENTARY_ANALYSIS	5mers_A_RNA_sparse_seq_32	0	71128	69829	27134	21437	0.7900420137097368	0.3069927966890547	0.07935859180850291	0.08676587209031114	1701.210132598877	1860	21297	21437	140	ESTIMABLE
2026_all5mer	symmetric_confidence	0.7	POSTHOC_TARGETED_SUPPLEMENTARY_ANALYSIS	5mers_A_RNA_sparse_seq_32	1	71433	70544	70001	60581	0.8654304938500879	0.8587689952370152	0.05900339947161474	0.07538667238903286	3574.4849433898926	4567	60361	60581	220	ESTIMABLE
2026_all5mer	symmetric_confidence	0.7	POSTHOC_TARGETED_SUPPLEMENTARY_ANALYSIS	ALL	0	2360963	2326496	680046	550120	0.8089452772312461	0.23645860555960552	0.06694393680805225	0.07207700138151676	36827.1985168457	39651	547034	550120	3086	ESTIMABLE
2026_all5mer	symmetric_confidence	0.7	POSTHOC_TARGETED_SUPPLEMENTARY_ANALYSIS	ALL	1	2321542	2282238	2260276	2023392	0.8951968697628078	0.8865823809786709	0.048708395036337615	0.06154417927915105	98556.17684936523	124528	2018157	2023392	5235	ESTIMABLE
2026_all5mer	symmetric_confidence	0.8	POSTHOC_TARGETED_SUPPLEMENTARY_ANALYSIS	5mers_A_RNA_sparse_seq_01	0	73966	72769	24406	17340	0.7104810292551013	0.23828828209814618	0.04130469809491467	0.040945790080738176	716.2234649658203	710	17340	17484	144	ESTIMABLE
2026_all5mer	symmetric_confidence	0.8	POSTHOC_TARGETED_SUPPLEMENTARY_ANALYSIS	5mers_A_RNA_sparse_seq_01	1	72043	70521	69619	59452	0.8539622804119565	0.843039661944669	0.03282967299044489	0.037946578752607145	1951.7897186279297	2256	59452	59640	188	ESTIMABLE
2026_all5mer	symmetric_confidence	0.8	POSTHOC_TARGETED_SUPPLEMENTARY_ANALYSIS	5mers_A_RNA_sparse_seq_02	0	73580	72370	22507	15858	0.7045807970853513	0.2191239463866243	0.03901290797333291	0.03852944885862025	618.6666946411133	611	15858	15984	126	ESTIMABLE
2026_all5mer	symmetric_confidence	0.8	POSTHOC_TARGETED_SUPPLEMENTARY_ANALYSIS	5mers_A_RNA_sparse_seq_02	1	72171	71172	70623	55552	0.7865992665279017	0.7805316697577699	0.04415489946092878	0.052275345622119815	2452.8929748535156	2904	55552	55822	270	ESTIMABLE
2026_all5mer	symmetric_confidence	0.8	POSTHOC_TARGETED_SUPPLEMENTARY_ANALYSIS	5mers_A_RNA_sparse_seq_03	0	76011	75191	20000	13459	0.67295	0.17899748640129803	0.050142615145618026	0.05059811278698269	674.869457244873	681	13459	13594	135	ESTIMABLE
2026_all5mer	symmetric_confidence	0.8	POSTHOC_TARGETED_SUPPLEMENTARY_ANALYSIS	5mers_A_RNA_sparse_seq_03	1	72803	71868	71400	59982	0.8400840336134454	0.834613458006345	0.02975873777656572	0.034810443132939885	1784.9886093139648	2088	59982	60160	178	ESTIMABLE
2026_all5mer	symmetric_confidence	0.8	POSTHOC_TARGETED_SUPPLEMENTARY_ANALYSIS	5mers_A_RNA_sparse_seq_04	0	74257	73395	21962	14537	0.6619160367908206	0.1980652633013148	0.07911067164123833	0.08578111027034464	1150.0318336486816	1247	14537	14692	155	ESTIMABLE
2026_all5mer	symmetric_confidence	0.8	POSTHOC_TARGETED_SUPPLEMENTARY_ANALYSIS	5mers_A_RNA_sparse_seq_04	1	71382	70253	69619	57284	0.8228213562389578	0.815395783809944	0.038808622720496094	0.04631310662663222	2223.1131439208984	2653	57284	57488	204	ESTIMABLE
2026_all5mer	symmetric_confidence	0.8	POSTHOC_TARGETED_SUPPLEMENTARY_ANALYSIS	5mers_A_RNA_sparse_seq_05	0	72808	72119	21025	13886	0.6604518430439953	0.19254288051692342	0.04973651139310024	0.04983436554803399	690.6411972045898	692	13886	14020	134	ESTIMABLE
2026_all5mer	symmetric_confidence	0.8	POSTHOC_TARGETED_SUPPLEMENTARY_ANALYSIS	5mers_A_RNA_sparse_seq_05	1	74353	73753	73382	61527	0.8384481207925649	0.8342304719808008	0.026109265368947365	0.030214377427795928	1606.4247703552246	1859	61527	61727	200	ESTIMABLE
2026_all5mer	symmetric_confidence	0.8	POSTHOC_TARGETED_SUPPLEMENTARY_ANALYSIS	5mers_A_RNA_sparse_seq_06	0	76086	75164	20639	14877	0.7208198071611996	0.19792719919110213	0.036760279558082656	0.03623042280029576	546.8826789855957	539	14877	14987	110	ESTIMABLE
2026_all5mer	symmetric_confidence	0.8	POSTHOC_TARGETED_SUPPLEMENTARY_ANALYSIS	5mers_A_RNA_sparse_seq_06	1	75318	73985	73212	60358	0.8244276894498169	0.8158140163546664	0.03701523948590306	0.04342423539547367	2234.1658248901367	2621	60358	60566	208	ESTIMABLE
2026_all5mer	symmetric_confidence	0.8	POSTHOC_TARGETED_SUPPLEMENTARY_ANALYSIS	5mers_A_RNA_sparse_seq_07	0	74968	74180	19389	12808	0.6605807416576409	0.1726610946346724	0.046051554349271454	0.04520612117426608	589.8283081054688	579	12808	12944	136	ESTIMABLE
2026_all5mer	symmetric_confidence	0.8	POSTHOC_TARGETED_SUPPLEMENTARY_ANALYSIS	5mers_A_RNA_sparse_seq_07	1	71358	70341	69521	55978	0.8051955524230089	0.7958089876458965	0.041719616892645396	0.05012683554253457	2335.380714416504	2806	55978	56187	209	ESTIMABLE
2026_all5mer	symmetric_confidence	0.8	POSTHOC_TARGETED_SUPPLEMENTARY_ANALYSIS	5mers_A_RNA_sparse_seq_08	0	75951	75180	16571	11005	0.6641120028966266	0.14638201649374832	0.049363239501509434	0.0506133575647433	543.2424507141113	557	11005	11110	105	ESTIMABLE
2026_all5mer	symmetric_confidence	0.8	POSTHOC_TARGETED_SUPPLEMENTARY_ANALYSIS	5mers_A_RNA_sparse_seq_08	1	73604	72439	71528	61297	0.8569651045744324	0.8461878269992683	0.03188920484304152	0.037815880059383	1954.712589263916	2318	61297	61501	204	ESTIMABLE
2026_all5mer	symmetric_confidence	0.8	POSTHOC_TARGETED_SUPPLEMENTARY_ANALYSIS	5mers_A_RNA_sparse_seq_09	0	73973	72715	20457	14946	0.7306056606540549	0.2055421852437599	0.031291680914737066	0.03004148267094875	467.68546295166016	449	14946	15040	94	ESTIMABLE
2026_all5mer	symmetric_confidence	0.8	POSTHOC_TARGETED_SUPPLEMENTARY_ANALYSIS	5mers_A_RNA_sparse_seq_09	1	73124	71616	70856	56967	0.8039827255278311	0.7954507372654156	0.0420686675362722	0.049642775642038374	2396.5257835388184	2828	56967	57199	232	ESTIMABLE
2026_all5mer	symmetric_confidence	0.8	POSTHOC_TARGETED_SUPPLEMENTARY_ANALYSIS	5mers_A_RNA_sparse_seq_10	0	71263	70338	16556	10622	0.6415800918096158	0.1510136768176519	0.04724254906233635	0.046789681792506116	501.8103561401367	497	10622	10724	102	ESTIMABLE
2026_all5mer	symmetric_confidence	0.8	POSTHOC_TARGETED_SUPPLEMENTARY_ANALYSIS	5mers_A_RNA_sparse_seq_10	1	69418	68199	67861	58858	0.8673317516688525	0.8630331823047259	0.020854884361555633	0.02407489211322165	1227.4767837524414	1417	58858	58986	128	ESTIMABLE
2026_all5mer	symmetric_confidence	0.8	POSTHOC_TARGETED_SUPPLEMENTARY_ANALYSIS	5mers_A_RNA_sparse_seq_11	0	74685	73993	23470	16675	0.7104814657008948	0.2253591555957996	0.04453830770466818	0.04623688155922039	742.6762809753418	771	16675	16811	136	ESTIMABLE
2026_all5mer	symmetric_confidence	0.8	POSTHOC_TARGETED_SUPPLEMENTARY_ANALYSIS	5mers_A_RNA_sparse_seq_11	1	72892	72158	71598	61541	0.8595351825469986	0.8528645472435489	0.03071741127153877	0.0356672787247526	1890.3802070617676	2195	61541	61743	202	ESTIMABLE
2026_all5mer	symmetric_confidence	0.8	POSTHOC_TARGETED_SUPPLEMENTARY_ANALYSIS	5mers_A_RNA_sparse_seq_12	0	74252	73447	20730	13279	0.6405692233478051	0.18079703731942762	0.06768152780027954	0.07244521424806084	898.7430076599121	962	13279	13448	169	ESTIMABLE
2026_all5mer	symmetric_confidence	0.8	POSTHOC_TARGETED_SUPPLEMENTARY_ANALYSIS	5mers_A_RNA_sparse_seq_12	1	74256	73463	72306	59542	0.8234724642491633	0.8105032465322679	0.031329982045524	0.0363440932451043	1865.4497909545898	2164	59542	59777	235	ESTIMABLE
2026_all5mer	symmetric_confidence	0.8	POSTHOC_TARGETED_SUPPLEMENTARY_ANALYSIS	5mers_A_RNA_sparse_seq_13	0	74437	72576	16692	10955	0.6563024203211119	0.1509452160493827	0.053418624439178566	0.05449566408032862	585.2010307312012	597	10955	11037	82	ESTIMABLE
2026_all5mer	symmetric_confidence	0.8	POSTHOC_TARGETED_SUPPLEMENTARY_ANALYSIS	5mers_A_RNA_sparse_seq_13	1	72970	70966	70381	61013	0.8668958951989884	0.8597497393117831	0.02600368235722513	0.030862275252814975	1586.562671661377	1883	61013	61155	142	ESTIMABLE
2026_all5mer	symmetric_confidence	0.8	POSTHOC_TARGETED_SUPPLEMENTARY_ANALYSIS	5mers_A_RNA_sparse_seq_14	0	74624	73771	20738	14637	0.7058057671906645	0.19841129983326783	0.041141626767596806	0.041265286602445855	602.1899909973145	604	14637	14762	125	ESTIMABLE
2026_all5mer	symmetric_confidence	0.8	POSTHOC_TARGETED_SUPPLEMENTARY_ANALYSIS	5mers_A_RNA_sparse_seq_14	1	72869	71627	71165	60139	0.8450642872198412	0.839613553548243	0.028530906256442595	0.03340594289895076	1715.8201713562012	2009	60139	60323	184	ESTIMABLE
2026_all5mer	symmetric_confidence	0.8	POSTHOC_TARGETED_SUPPLEMENTARY_ANALYSIS	5mers_A_RNA_sparse_seq_15	0	72411	71532	26849	16745	0.6236731349398488	0.2340910361796119	0.06084479750288391	0.06378023290534487	1018.846134185791	1068	16745	16932	187	ESTIMABLE
2026_all5mer	symmetric_confidence	0.8	POSTHOC_TARGETED_SUPPLEMENTARY_ANALYSIS	5mers_A_RNA_sparse_seq_15	1	72849	71798	71088	54374	0.7648829619626378	0.7573191453800941	0.05547707077420928	0.06596902931548167	3016.5102462768555	3587	54374	54663	289	ESTIMABLE
2026_all5mer	symmetric_confidence	0.8	POSTHOC_TARGETED_SUPPLEMENTARY_ANALYSIS	5mers_A_RNA_sparse_seq_16	0	68695	67375	27974	18567	0.6637234574962465	0.2755769944341373	0.045056527218346375	0.04561857058221576	836.5645408630371	847	18567	18747	180	ESTIMABLE
2026_all5mer	symmetric_confidence	0.8	POSTHOC_TARGETED_SUPPLEMENTARY_ANALYSIS	5mers_A_RNA_sparse_seq_16	1	71120	69692	68596	55225	0.8050760977316461	0.7924151983010963	0.04176206541255676	0.048727931190583974	2306.3100624084473	2691	55225	55446	221	ESTIMABLE
2026_all5mer	symmetric_confidence	0.8	POSTHOC_TARGETED_SUPPLEMENTARY_ANALYSIS	5mers_A_RNA_sparse_seq_17	0	72145	71127	19109	14412	0.754199591815375	0.20262347631701041	0.03727942071555225	0.038370802109353314	537.2710113525391	553	14412	14501	89	ESTIMABLE
2026_all5mer	symmetric_confidence	0.8	POSTHOC_TARGETED_SUPPLEMENTARY_ANALYSIS	5mers_A_RNA_sparse_seq_17	1	69325	68050	67600	58532	0.8658579881656805	0.8601322556943424	0.024819211608557205	0.028497232283195516	1452.7180938720703	1668	58532	58715	183	ESTIMABLE
2026_all5mer	symmetric_confidence	0.8	POSTHOC_TARGETED_SUPPLEMENTARY_ANALYSIS	5mers_A_RNA_sparse_seq_18	0	74475	73950	19397	12972	0.6687632108057947	0.1754158215010142	0.058665140006706154	0.061979648473635525	761.0041961669922	804	12972	13098	126	ESTIMABLE
2026_all5mer	symmetric_confidence	0.8	POSTHOC_TARGETED_SUPPLEMENTARY_ANALYSIS	5mers_A_RNA_sparse_seq_18	1	72727	72250	71759	62007	0.8641006702991959	0.8582283737024221	0.02292489892449375	0.026206718596287516	1421.504207611084	1625	62007	62178	171	ESTIMABLE
2026_all5mer	symmetric_confidence	0.8	POSTHOC_TARGETED_SUPPLEMENTARY_ANALYSIS	5mers_A_RNA_sparse_seq_19	0	74940	73016	13762	9211	0.6693067868042436	0.12615043278185603	0.03839154854852024	0.036043860601454786	353.6245536804199	332	9211	9298	87	ESTIMABLE
2026_all5mer	symmetric_confidence	0.8	POSTHOC_TARGETED_SUPPLEMENTARY_ANALYSIS	5mers_A_RNA_sparse_seq_19	1	73293	70540	70027	59274	0.846444942664972	0.8402891976183725	0.03097378551571838	0.03733508789688565	1835.9401626586914	2213	59274	59440	166	ESTIMABLE
2026_all5mer	symmetric_confidence	0.8	POSTHOC_TARGETED_SUPPLEMENTARY_ANALYSIS	5mers_A_RNA_sparse_seq_20	0	75427	73849	27734	17715	0.638746664743636	0.239881379571829	0.09497977032555115	0.10437482359582274	1682.5666313171387	1849	17715	17904	189	ESTIMABLE
2026_all5mer	symmetric_confidence	0.8	POSTHOC_TARGETED_SUPPLEMENTARY_ANALYSIS	5mers_A_RNA_sparse_seq_20	1	75137	72786	72206	58197	0.8059856521618702	0.7995631027944935	0.0414966323223016	0.04900596250665842	2414.9795112609863	2852	58197	58409	212	ESTIMABLE
2026_all5mer	symmetric_confidence	0.8	POSTHOC_TARGETED_SUPPLEMENTARY_ANALYSIS	5mers_A_RNA_sparse_seq_21	0	74673	73737	20124	13777	0.6846054462333532	0.18683971411909897	0.048229431841243134	0.04913987079915802	664.4568824768066	677	13777	13905	128	ESTIMABLE
2026_all5mer	symmetric_confidence	0.8	POSTHOC_TARGETED_SUPPLEMENTARY_ANALYSIS	5mers_A_RNA_sparse_seq_21	1	71724	70875	70175	60601	0.8635696473102957	0.8550405643738977	0.02826917833413321	0.03311826537515883	1713.1404762268066	2007	60601	60764	163	ESTIMABLE
2026_all5mer	symmetric_confidence	0.8	POSTHOC_TARGETED_SUPPLEMENTARY_ANALYSIS	5mers_A_RNA_sparse_seq_22	0	73671	72255	27698	17259	0.6231135822081016	0.2388623624662653	0.06475993704081645	0.06877571122312996	1117.6917533874512	1187	17259	17460	201	ESTIMABLE
2026_all5mer	symmetric_confidence	0.8	POSTHOC_TARGETED_SUPPLEMENTARY_ANALYSIS	5mers_A_RNA_sparse_seq_22	1	70591	68555	67673	48916	0.7228288977878917	0.7135292830573992	0.05902241198310225	0.06926159129937035	2887.1403045654297	3388	48916	49229	313	ESTIMABLE
2026_all5mer	symmetric_confidence	0.8	POSTHOC_TARGETED_SUPPLEMENTARY_ANALYSIS	5mers_A_RNA_sparse_seq_23	0	73766	72838	22688	13958	0.6152150916784203	0.1916307421950081	0.06543979243026932	0.06877776185699958	913.4086227416992	960	13958	14147	189	ESTIMABLE
2026_all5mer	symmetric_confidence	0.8	POSTHOC_TARGETED_SUPPLEMENTARY_ANALYSIS	5mers_A_RNA_sparse_seq_23	1	72664	71284	70615	55266	0.7826382496636692	0.7752931934234891	0.03889979659740964	0.04574240943799081	2149.8361587524414	2528	55266	55517	251	ESTIMABLE
2026_all5mer	symmetric_confidence	0.8	POSTHOC_TARGETED_SUPPLEMENTARY_ANALYSIS	5mers_A_RNA_sparse_seq_24	0	75139	74104	26394	16126	0.61097219064939	0.21761308431393717	0.06917333999136076	0.07528215304477241	1115.4892807006836	1214	16126	16299	173	ESTIMABLE
2026_all5mer	symmetric_confidence	0.8	POSTHOC_TARGETED_SUPPLEMENTARY_ANALYSIS	5mers_A_RNA_sparse_seq_24	1	73599	72358	71996	60107	0.8348658258792155	0.8306890737720777	0.027860560783606964	0.031909760926348014	1674.6147270202637	1918	60107	60331	224	ESTIMABLE
2026_all5mer	symmetric_confidence	0.8	POSTHOC_TARGETED_SUPPLEMENTARY_ANALYSIS	5mers_A_RNA_sparse_seq_25	0	73151	72225	21884	14282	0.6526229208554195	0.19774316372447215	0.048952330495943594	0.04922279792746114	699.1371841430664	703	14282	14434	152	ESTIMABLE
2026_all5mer	symmetric_confidence	0.8	POSTHOC_TARGETED_SUPPLEMENTARY_ANALYSIS	5mers_A_RNA_sparse_seq_25	1	73872	73023	71887	59366	0.8258238624507909	0.8129767333579832	0.05198568459715045	0.06296533369268605	3086.1821517944336	3738	59366	59591	225	ESTIMABLE
2026_all5mer	symmetric_confidence	0.8	POSTHOC_TARGETED_SUPPLEMENTARY_ANALYSIS	5mers_A_RNA_sparse_seq_26	0	72282	71237	21806	14643	0.6715124277721728	0.2055532939343319	0.03924676084554253	0.03838011336474766	574.6903190612793	562	14643	14797	154	ESTIMABLE
2026_all5mer	symmetric_confidence	0.8	POSTHOC_TARGETED_SUPPLEMENTARY_ANALYSIS	5mers_A_RNA_sparse_seq_26	1	73099	72290	71845	57756	0.8038972788642216	0.7989486789320791	0.03226840686778281	0.037589168224946325	1863.694107055664	2171	57756	57985	229	ESTIMABLE
2026_all5mer	symmetric_confidence	0.8	POSTHOC_TARGETED_SUPPLEMENTARY_ANALYSIS	5mers_A_RNA_sparse_seq_27	0	73821	72695	18495	12527	0.6773181941065153	0.172322718206204	0.04340788417282342	0.042707751257284265	543.770565032959	535	12527	12645	118	ESTIMABLE
2026_all5mer	symmetric_confidence	0.8	POSTHOC_TARGETED_SUPPLEMENTARY_ANALYSIS	5mers_A_RNA_sparse_seq_27	1	74217	73413	72733	62374	0.8575749659714298	0.8496315366488224	0.028923214840767424	0.0340366178215282	1804.0566024780273	2123	62374	62538	164	ESTIMABLE
2026_all5mer	symmetric_confidence	0.8	POSTHOC_TARGETED_SUPPLEMENTARY_ANALYSIS	5mers_A_RNA_sparse_seq_28	0	73628	72566	17403	12776	0.7341263000632074	0.17606041396797398	0.026601534600398206	0.0243425172197871	339.8612060546875	311	12776	12873	97	ESTIMABLE
2026_all5mer	symmetric_confidence	0.8	POSTHOC_TARGETED_SUPPLEMENTARY_ANALYSIS	5mers_A_RNA_sparse_seq_28	1	72386	70997	69357	60087	0.8663436999870237	0.8463315351352874	0.04652818480494543	0.05493700800505933	2795.739040374756	3301	60087	60238	151	ESTIMABLE
2026_all5mer	symmetric_confidence	0.8	POSTHOC_TARGETED_SUPPLEMENTARY_ANALYSIS	5mers_A_RNA_sparse_seq_29	0	74562	73326	15919	10572	0.6641120673409133	0.14417805416905327	0.05639989205575828	0.05855088914112751	596.2596588134766	619	10572	10663	91	ESTIMABLE
2026_all5mer	symmetric_confidence	0.8	POSTHOC_TARGETED_SUPPLEMENTARY_ANALYSIS	5mers_A_RNA_sparse_seq_29	1	72071	70884	70555	62619	0.8875203741761746	0.8834010496021669	0.019674635867819392	0.02262891454670308	1232.0060234069824	1417	62619	62752	133	ESTIMABLE
2026_all5mer	symmetric_confidence	0.8	POSTHOC_TARGETED_SUPPLEMENTARY_ANALYSIS	5mers_A_RNA_sparse_seq_30	0	72183	70766	25263	18390	0.7279420496378103	0.25987055930814235	0.028875758558463117	0.026699293094072866	531.0251998901367	491	18390	18528	138	ESTIMABLE
2026_all5mer	symmetric_confidence	0.8	POSTHOC_TARGETED_SUPPLEMENTARY_ANALYSIS	5mers_A_RNA_sparse_seq_30	1	69412	68036	67464	51587	0.7646596703427013	0.7582309365629961	0.05192335018862155	0.06090681760908756	2678.56986618042	3142	51587	51862	275	ESTIMABLE
2026_all5mer	symmetric_confidence	0.8	POSTHOC_TARGETED_SUPPLEMENTARY_ANALYSIS	5mers_A_RNA_sparse_seq_31	0	74005	72861	15271	10088	0.6605985200707223	0.13845541510547482	0.043009419936589265	0.042426645519429027	433.8790283203125	428	10088	10187	99	ESTIMABLE
2026_all5mer	symmetric_confidence	0.8	POSTHOC_TARGETED_SUPPLEMENTARY_ANALYSIS	5mers_A_RNA_sparse_seq_31	1	73462	72502	71628	62965	0.8790556765510694	0.8684588011365204	0.02539498931901729	0.029460811561978877	1598.9955024719238	1855	62965	63128	163	ESTIMABLE
2026_all5mer	symmetric_confidence	0.8	POSTHOC_TARGETED_SUPPLEMENTARY_ANALYSIS	5mers_A_RNA_sparse_seq_32	0	71128	69829	27134	17143	0.6317903737008919	0.24549972074639476	0.06220265855618399	0.0650994575045208	1066.340175628662	1116	17143	17331	188	ESTIMABLE
2026_all5mer	symmetric_confidence	0.8	POSTHOC_TARGETED_SUPPLEMENTARY_ANALYSIS	5mers_A_RNA_sparse_seq_32	1	71433	70544	70001	54713	0.7816031199554292	0.7755868677704695	0.0412598108745481	0.04856249885767551	2257.4480323791504	2657	54713	54938	225	ESTIMABLE
2026_all5mer	symmetric_confidence	0.8	POSTHOC_TARGETED_SUPPLEMENTARY_ANALYSIS	ALL	0	2360963	2326496	680046	456047	0.6706119880125756	0.1960231180281419	0.050684642501283766	0.05208235116117418	23114.57915878296	23752	456047	460386	4339	ESTIMABLE
2026_all5mer	symmetric_confidence	0.8	POSTHOC_TARGETED_SUPPLEMENTARY_ANALYSIS	ALL	1	2321542	2282238	2260276	1873456	0.8288616080514061	0.8208854641803353	0.03491678962877256	0.04103752636838015	65415.06903076172	76882	1873456	1879998	6542	ESTIMABLE
2026_all5mer	symmetric_confidence	0.9	POSTHOC_TARGETED_SUPPLEMENTARY_ANALYSIS	5mers_A_RNA_sparse_seq_01	0	73966	72769	24406	12098	0.49569777923461444	0.16625211285025218	0.029205640735143788	0.029013060009918996	353.32984161376953	351	11755	12098	343	ESTIMABLE
2026_all5mer	symmetric_confidence	0.9	POSTHOC_TARGETED_SUPPLEMENTARY_ANALYSIS	5mers_A_RNA_sparse_seq_01	1	72043	70521	69619	53068	0.7622631752826097	0.7525134357141844	0.018281084254609798	0.019898997512625312	970.1405792236328	1056	52700	53068	368	ESTIMABLE
2026_all5mer	symmetric_confidence	0.9	POSTHOC_TARGETED_SUPPLEMENTARY_ANALYSIS	5mers_A_RNA_sparse_seq_02	0	73580	72370	22507	10916	0.48500466521526636	0.15083598176039795	0.02533989330052718	0.02482594356907292	276.6102752685547	271	10600	10916	316	ESTIMABLE
2026_all5mer	symmetric_confidence	0.9	POSTHOC_TARGETED_SUPPLEMENTARY_ANALYSIS	5mers_A_RNA_sparse_seq_02	1	72171	71172	70623	47485	0.6723730229528624	0.6671865340302366	0.022171508380961793	0.02438664841528904	1052.8140754699707	1158	47040	47485	445	ESTIMABLE
2026_all5mer	symmetric_confidence	0.9	POSTHOC_TARGETED_SUPPLEMENTARY_ANALYSIS	5mers_A_RNA_sparse_seq_03	0	76011	75191	20000	8592	0.4296	0.11426899495950313	0.03598756630327449	0.03596368715083799	309.2051696777344	309	8276	8592	316	ESTIMABLE
2026_all5mer	symmetric_confidence	0.9	POSTHOC_TARGETED_SUPPLEMENTARY_ANALYSIS	5mers_A_RNA_sparse_seq_03	1	72803	71868	71400	53549	0.7499859943977591	0.7451021316858686	0.014194176220159668	0.015369101197034492	760.0839424133301	823	53192	53549	357	ESTIMABLE
2026_all5mer	symmetric_confidence	0.9	POSTHOC_TARGETED_SUPPLEMENTARY_ANALYSIS	5mers_A_RNA_sparse_seq_04	0	74257	73395	21962	9322	0.4244604316546763	0.1270113767967845	0.06487271796477964	0.06768933705213473	604.7434768676758	631	8987	9322	335	ESTIMABLE
2026_all5mer	symmetric_confidence	0.9	POSTHOC_TARGETED_SUPPLEMENTARY_ANALYSIS	5mers_A_RNA_sparse_seq_04	1	71382	70253	69619	50423	0.7242706732357546	0.7177344739726418	0.01855521094942548	0.02044701822580965	935.6094017028809	1031	50024	50423	399	ESTIMABLE
2026_all5mer	symmetric_confidence	0.9	POSTHOC_TARGETED_SUPPLEMENTARY_ANALYSIS	5mers_A_RNA_sparse_seq_05	0	72808	72119	21025	8902	0.42340071343638525	0.12343487846475963	0.03799913535357004	0.038418332958885644	338.26830291748047	342	8590	8902	312	ESTIMABLE
2026_all5mer	symmetric_confidence	0.9	POSTHOC_TARGETED_SUPPLEMENTARY_ANALYSIS	5mers_A_RNA_sparse_seq_05	1	74353	73753	73382	55111	0.7510152353438173	0.7472374005125215	0.0121665251053653	0.013064542468835623	670.5093650817871	720	54754	55111	357	ESTIMABLE
2026_all5mer	symmetric_confidence	0.9	POSTHOC_TARGETED_SUPPLEMENTARY_ANALYSIS	5mers_A_RNA_sparse_seq_06	0	76086	75164	20639	10614	0.5142691021851834	0.14121121813634185	0.02448136779083603	0.02430751837196156	259.8452377319336	258	10306	10614	308	ESTIMABLE
2026_all5mer	symmetric_confidence	0.9	POSTHOC_TARGETED_SUPPLEMENTARY_ANALYSIS	5mers_A_RNA_sparse_seq_06	1	75318	73985	73212	53551	0.7314511282303447	0.7238088801784145	0.019634598583843955	0.0214001605945734	1051.4523887634277	1146	53179	53551	372	ESTIMABLE
2026_all5mer	symmetric_confidence	0.9	POSTHOC_TARGETED_SUPPLEMENTARY_ANALYSIS	5mers_A_RNA_sparse_seq_07	0	74968	74180	19389	8072	0.4163185311258961	0.10881639255864115	0.033202932185767545	0.03258176412289395	268.0140686035156	263	7756	8072	316	ESTIMABLE
2026_all5mer	symmetric_confidence	0.9	POSTHOC_TARGETED_SUPPLEMENTARY_ANALYSIS	5mers_A_RNA_sparse_seq_07	1	71358	70341	69521	49205	0.707771752420132	0.6995209053041611	0.019693894411003113	0.021705111269179962	969.0380744934082	1068	48843	49205	362	ESTIMABLE
2026_all5mer	symmetric_confidence	0.9	POSTHOC_TARGETED_SUPPLEMENTARY_ANALYSIS	5mers_A_RNA_sparse_seq_08	0	75951	75180	16571	7381	0.44541669181099514	0.09817770683692471	0.03513609634604077	0.03563202818046335	259.33952713012695	263	7157	7381	224	ESTIMABLE
2026_all5mer	symmetric_confidence	0.9	POSTHOC_TARGETED_SUPPLEMENTARY_ANALYSIS	5mers_A_RNA_sparse_seq_08	1	73604	72439	71528	55237	0.7722430376915334	0.7625312331754994	0.015416960705284198	0.016890852146206347	851.5866584777832	933	54910	55237	327	ESTIMABLE
2026_all5mer	symmetric_confidence	0.9	POSTHOC_TARGETED_SUPPLEMENTARY_ANALYSIS	5mers_A_RNA_sparse_seq_09	0	73973	72715	20457	11049	0.5401085203108961	0.15194939145980885	0.01957311154663406	0.01891573898090325	216.26330947875977	209	10807	11049	242	ESTIMABLE
2026_all5mer	symmetric_confidence	0.9	POSTHOC_TARGETED_SUPPLEMENTARY_ANALYSIS	5mers_A_RNA_sparse_seq_09	1	73124	71616	70856	49506	0.6986846562041323	0.6912701072386059	0.021817835760526896	0.023976891689896175	1080.1137771606445	1187	49110	49506	396	ESTIMABLE
2026_all5mer	symmetric_confidence	0.9	POSTHOC_TARGETED_SUPPLEMENTARY_ANALYSIS	5mers_A_RNA_sparse_seq_10	0	71263	70338	16556	6667	0.40269388741241846	0.09478518013022832	0.03321237308038163	0.03224838758062097	221.4268913269043	215	6437	6667	230	ESTIMABLE
2026_all5mer	symmetric_confidence	0.9	POSTHOC_TARGETED_SUPPLEMENTARY_ANALYSIS	5mers_A_RNA_sparse_seq_10	1	69418	68199	67861	53989	0.7955821458569723	0.7916391735949208	0.009592523776024724	0.01022430495100854	517.8907661437988	552	53731	53989	258	ESTIMABLE
2026_all5mer	symmetric_confidence	0.9	POSTHOC_TARGETED_SUPPLEMENTARY_ANALYSIS	5mers_A_RNA_sparse_seq_11	0	74685	73993	23470	11954	0.5093310609288453	0.16155582284810727	0.02945754606627652	0.029864480508616363	352.13550567626953	357	11682	11954	272	ESTIMABLE
2026_all5mer	symmetric_confidence	0.9	POSTHOC_TARGETED_SUPPLEMENTARY_ANALYSIS	5mers_A_RNA_sparse_seq_11	1	72892	72158	71598	55586	0.7763624682253695	0.7703373153357909	0.0163878221010521	0.01772028928147375	910.933479309082	985	55266	55586	320	ESTIMABLE
2026_all5mer	symmetric_confidence	0.9	POSTHOC_TARGETED_SUPPLEMENTARY_ANALYSIS	5mers_A_RNA_sparse_seq_12	0	74252	73447	20730	8358	0.4031837916063676	0.11379634294116846	0.05295579266280014	0.05479779851639148	442.6045150756836	458	8088	8358	270	ESTIMABLE
2026_all5mer	symmetric_confidence	0.9	POSTHOC_TARGETED_SUPPLEMENTARY_ANALYSIS	5mers_A_RNA_sparse_seq_12	1	74256	73463	72306	52591	0.7273393632616934	0.7158841865973347	0.015543808697434677	0.016808959707934817	817.4644432067871	884	52188	52591	403	ESTIMABLE
2026_all5mer	symmetric_confidence	0.9	POSTHOC_TARGETED_SUPPLEMENTARY_ANALYSIS	5mers_A_RNA_sparse_seq_13	0	74437	72576	16692	7130	0.42715073088904865	0.0982418430335097	0.04161555115002904	0.04249649368863955	296.71887969970703	303	6915	7130	215	ESTIMABLE
2026_all5mer	symmetric_confidence	0.9	POSTHOC_TARGETED_SUPPLEMENTARY_ANALYSIS	5mers_A_RNA_sparse_seq_13	1	72970	70966	70381	56064	0.7965786220712977	0.7900121184792718	0.012093105816949992	0.013234874429223744	677.9878845214844	742	55763	56064	301	ESTIMABLE
2026_all5mer	symmetric_confidence	0.9	POSTHOC_TARGETED_SUPPLEMENTARY_ANALYSIS	5mers_A_RNA_sparse_seq_14	0	74624	73771	20738	10171	0.49045230976950527	0.1378726057664936	0.027597553199540784	0.027627568577327698	280.6947135925293	281	9912	10171	259	ESTIMABLE
2026_all5mer	symmetric_confidence	0.9	POSTHOC_TARGETED_SUPPLEMENTARY_ANALYSIS	5mers_A_RNA_sparse_seq_14	1	72869	71627	71165	53978	0.7584908311670062	0.7535985033576724	0.013277398497103637	0.014394753418059208	716.6874160766602	777	53680	53978	298	ESTIMABLE
2026_all5mer	symmetric_confidence	0.9	POSTHOC_TARGETED_SUPPLEMENTARY_ANALYSIS	5mers_A_RNA_sparse_seq_15	0	72411	71532	26849	9998	0.3723788595478416	0.1397696135995079	0.044648830736606304	0.04560912182436487	446.39900970458984	456	9575	9998	423	ESTIMABLE
2026_all5mer	symmetric_confidence	0.9	POSTHOC_TARGETED_SUPPLEMENTARY_ANALYSIS	5mers_A_RNA_sparse_seq_15	1	72849	71798	71088	45753	0.6436107359891965	0.6372461628457617	0.029982372338380005	0.032981443839748215	1371.7834815979004	1509	45313	45753	440	ESTIMABLE
2026_all5mer	symmetric_confidence	0.9	POSTHOC_TARGETED_SUPPLEMENTARY_ANALYSIS	5mers_A_RNA_sparse_seq_16	0	68695	67375	27974	12538	0.4482019017659255	0.18609276437847866	0.030129157483321015	0.03038762163024406	377.7593765258789	381	12180	12538	358	ESTIMABLE
2026_all5mer	symmetric_confidence	0.9	POSTHOC_TARGETED_SUPPLEMENTARY_ANALYSIS	5mers_A_RNA_sparse_seq_16	1	71120	69692	68596	47906	0.6983789142224036	0.6873959708431384	0.022776811728968987	0.02475681543021751	1091.1459426879883	1186	47499	47906	407	ESTIMABLE
2026_all5mer	symmetric_confidence	0.9	POSTHOC_TARGETED_SUPPLEMENTARY_ANALYSIS	5mers_A_RNA_sparse_seq_17	0	72145	71127	19109	11190	0.5855879428541525	0.15732422286895273	0.02530397512318302	0.025737265415549597	283.15148162841797	288	10994	11190	196	ESTIMABLE
2026_all5mer	symmetric_confidence	0.9	POSTHOC_TARGETED_SUPPLEMENTARY_ANALYSIS	5mers_A_RNA_sparse_seq_17	1	69325	68050	67600	53107	0.7856065088757397	0.7804114621601763	0.012538243182299378	0.013482215150545125	665.868480682373	716	52782	53107	325	ESTIMABLE
2026_all5mer	symmetric_confidence	0.9	POSTHOC_TARGETED_SUPPLEMENTARY_ANALYSIS	5mers_A_RNA_sparse_seq_18	0	74475	73950	19397	8544	0.4404804866731969	0.11553752535496957	0.041632080792487786	0.04260299625468165	355.7044982910156	364	8255	8544	289	ESTIMABLE
2026_all5mer	symmetric_confidence	0.9	POSTHOC_TARGETED_SUPPLEMENTARY_ANALYSIS	5mers_A_RNA_sparse_seq_18	1	72727	72250	71759	56344	0.7851837400186736	0.7798477508650519	0.011433578224729174	0.012263950021297742	644.2135314941406	691	55995	56344	349	ESTIMABLE
2026_all5mer	symmetric_confidence	0.9	POSTHOC_TARGETED_SUPPLEMENTARY_ANALYSIS	5mers_A_RNA_sparse_seq_19	0	74940	73016	13762	6049	0.4395436709780555	0.0828448559219897	0.02919563637782491	0.028930401719292446	176.6044044494629	175	5872	6049	177	ESTIMABLE
2026_all5mer	symmetric_confidence	0.9	POSTHOC_TARGETED_SUPPLEMENTARY_ANALYSIS	5mers_A_RNA_sparse_seq_19	1	73293	70540	70027	54101	0.7725734359604153	0.7669549191947831	0.014105737602637348	0.015563483114914697	763.1345100402832	842	53836	54101	265	ESTIMABLE
2026_all5mer	symmetric_confidence	0.9	POSTHOC_TARGETED_SUPPLEMENTARY_ANALYSIS	5mers_A_RNA_sparse_seq_20	0	75427	73849	27734	10997	0.39651691065118627	0.14891196901786077	0.08465717596997778	0.08975175047740293	930.9749641418457	987	10604	10997	393	ESTIMABLE
2026_all5mer	symmetric_confidence	0.9	POSTHOC_TARGETED_SUPPLEMENTARY_ANALYSIS	5mers_A_RNA_sparse_seq_20	1	75137	72786	72206	50668	0.7017145389579813	0.6961228807737752	0.0215503583910942	0.02356516933764901	1091.913558959961	1194	50274	50668	394	ESTIMABLE
2026_all5mer	symmetric_confidence	0.9	POSTHOC_TARGETED_SUPPLEMENTARY_ANALYSIS	5mers_A_RNA_sparse_seq_21	0	74673	73737	20124	9220	0.45815941164778373	0.12503898992364756	0.034268349008291246	0.03438177874186551	315.9541778564453	317	8945	9220	275	ESTIMABLE
2026_all5mer	symmetric_confidence	0.9	POSTHOC_TARGETED_SUPPLEMENTARY_ANALYSIS	5mers_A_RNA_sparse_seq_21	1	71724	70875	70175	54876	0.7819878874242964	0.7742645502645502	0.013838789902550892	0.015052117501275603	759.4174346923828	826	54556	54876	320	ESTIMABLE
2026_all5mer	symmetric_confidence	0.9	POSTHOC_TARGETED_SUPPLEMENTARY_ANALYSIS	5mers_A_RNA_sparse_seq_22	0	73671	72255	27698	10771	0.3888728428045346	0.14906926856272923	0.049934629809169115	0.05171293287531334	537.8458976745605	557	10409	10771	362	ESTIMABLE
2026_all5mer	symmetric_confidence	0.9	POSTHOC_TARGETED_SUPPLEMENTARY_ANALYSIS	5mers_A_RNA_sparse_seq_22	1	70591	68555	67673	39438	0.5827730409469064	0.5752753263802786	0.033444394590864436	0.03669050154673158	1318.9800338745117	1447	38901	39438	537	ESTIMABLE
2026_all5mer	symmetric_confidence	0.9	POSTHOC_TARGETED_SUPPLEMENTARY_ANALYSIS	5mers_A_RNA_sparse_seq_23	0	73766	72838	22688	8277	0.3648184062059238	0.11363573958647959	0.051209604508262965	0.05231364020780476	423.8618965148926	433	7891	8277	386	ESTIMABLE
2026_all5mer	symmetric_confidence	0.9	POSTHOC_TARGETED_SUPPLEMENTARY_ANALYSIS	5mers_A_RNA_sparse_seq_23	1	72664	71284	70615	47119	0.6672661615804008	0.6610038718365973	0.01807348196736069	0.019609923809928053	851.6043968200684	924	46716	47119	403	ESTIMABLE
2026_all5mer	symmetric_confidence	0.9	POSTHOC_TARGETED_SUPPLEMENTARY_ANALYSIS	5mers_A_RNA_sparse_seq_24	0	75139	74104	26394	10127	0.3836856861407896	0.13665928964698262	0.04980427427565909	0.051940357460254764	504.3678855895996	526	9782	10127	345	ESTIMABLE
2026_all5mer	symmetric_confidence	0.9	POSTHOC_TARGETED_SUPPLEMENTARY_ANALYSIS	5mers_A_RNA_sparse_seq_24	1	73599	72358	71996	53344	0.7409300516695372	0.7372232510572432	0.013889141689179254	0.014940761847630473	740.9023742675781	797	52958	53344	386	ESTIMABLE
2026_all5mer	symmetric_confidence	0.9	POSTHOC_TARGETED_SUPPLEMENTARY_ANALYSIS	5mers_A_RNA_sparse_seq_25	0	73151	72225	21884	9013	0.4118534088832023	0.12479058497750087	0.03551946648691148	0.035615222456451795	320.1369514465332	321	8702	9013	311	ESTIMABLE
2026_all5mer	symmetric_confidence	0.9	POSTHOC_TARGETED_SUPPLEMENTARY_ANALYSIS	5mers_A_RNA_sparse_seq_25	1	73872	73023	71887	52591	0.731578727725458	0.7201977459156704	0.027347775339407045	0.030556559107071554	1438.2468528747559	1607	52241	52591	350	ESTIMABLE
2026_all5mer	symmetric_confidence	0.9	POSTHOC_TARGETED_SUPPLEMENTARY_ANALYSIS	5mers_A_RNA_sparse_seq_26	0	72282	71237	21806	9739	0.44662019627625427	0.13671266336313995	0.024309027303916396	0.02341102782626553	236.7456169128418	228	9427	9739	312	ESTIMABLE
2026_all5mer	symmetric_confidence	0.9	POSTHOC_TARGETED_SUPPLEMENTARY_ANALYSIS	5mers_A_RNA_sparse_seq_26	1	73099	72290	71845	50590	0.704154777646322	0.6998201687646978	0.015166651040910615	0.016386637675429926	767.280876159668	829	50168	50590	422	ESTIMABLE
2026_all5mer	symmetric_confidence	0.9	POSTHOC_TARGETED_SUPPLEMENTARY_ANALYSIS	5mers_A_RNA_sparse_seq_27	0	73821	72695	18495	8310	0.44931062449310627	0.11431322649425682	0.030818489340955456	0.030445246690734055	256.10164642333984	253	8057	8310	253	ESTIMABLE
2026_all5mer	symmetric_confidence	0.9	POSTHOC_TARGETED_SUPPLEMENTARY_ANALYSIS	5mers_A_RNA_sparse_seq_27	1	74217	73413	72733	56496	0.7767588302421184	0.7695639736831351	0.013749849421550586	0.014939110733503257	776.8114929199219	844	56152	56496	344	ESTIMABLE
2026_all5mer	symmetric_confidence	0.9	POSTHOC_TARGETED_SUPPLEMENTARY_ANALYSIS	5mers_A_RNA_sparse_seq_28	0	73628	72566	17403	9408	0.5405964488881227	0.1296474933164292	0.015788629752438086	0.014668367346938776	148.5394287109375	138	9222	9408	186	ESTIMABLE
2026_all5mer	symmetric_confidence	0.9	POSTHOC_TARGETED_SUPPLEMENTARY_ANALYSIS	5mers_A_RNA_sparse_seq_28	1	72386	70997	69357	54999	0.7929841256109693	0.7746665352057129	0.02904106084233048	0.0319460353824615	1597.229305267334	1757	54704	54999	295	ESTIMABLE
2026_all5mer	symmetric_confidence	0.9	POSTHOC_TARGETED_SUPPLEMENTARY_ANALYSIS	5mers_A_RNA_sparse_seq_29	0	74562	73326	15919	6971	0.43790439097933287	0.0950685977688678	0.04354148922751819	0.04461339836465356	303.5277214050293	311	6745	6971	226	ESTIMABLE
2026_all5mer	symmetric_confidence	0.9	POSTHOC_TARGETED_SUPPLEMENTARY_ANALYSIS	5mers_A_RNA_sparse_seq_29	1	72071	70884	70555	57916	0.8208631564028063	0.8170532137012584	0.009326160756813343	0.009945438220871607	540.1339263916016	576	57629	57916	287	ESTIMABLE
2026_all5mer	symmetric_confidence	0.9	POSTHOC_TARGETED_SUPPLEMENTARY_ANALYSIS	5mers_A_RNA_sparse_seq_30	0	72183	70766	25263	13353	0.5285595534972094	0.18869230986632	0.017759932620350558	0.016775256496667414	237.14838027954102	224	13052	13353	301	ESTIMABLE
2026_all5mer	symmetric_confidence	0.9	POSTHOC_TARGETED_SUPPLEMENTARY_ANALYSIS	5mers_A_RNA_sparse_seq_30	1	69412	68036	67464	43538	0.6453515949247006	0.6399259215709331	0.029051686643135826	0.03162754375488079	1264.8523330688477	1377	43070	43538	468	ESTIMABLE
2026_all5mer	symmetric_confidence	0.9	POSTHOC_TARGETED_SUPPLEMENTARY_ANALYSIS	5mers_A_RNA_sparse_seq_31	0	74005	72861	15271	6639	0.43474559622814485	0.0911187054802981	0.029315104989478306	0.02876939298087061	194.62298202514648	191	6440	6639	199	ESTIMABLE
2026_all5mer	symmetric_confidence	0.9	POSTHOC_TARGETED_SUPPLEMENTARY_ANALYSIS	5mers_A_RNA_sparse_seq_31	1	73462	72502	71628	57771	0.8065421343608644	0.79681939808557	0.013252936376740134	0.01441899915182358	765.6353874206543	833	57459	57771	312	ESTIMABLE
2026_all5mer	symmetric_confidence	0.9	POSTHOC_TARGETED_SUPPLEMENTARY_ANALYSIS	5mers_A_RNA_sparse_seq_32	0	71128	69829	27134	10428	0.38431488169823835	0.14933623566140142	0.04787640412465612	0.04909858074415036	499.25514221191406	512	10022	10428	406	ESTIMABLE
2026_all5mer	symmetric_confidence	0.9	POSTHOC_TARGETED_SUPPLEMENTARY_ANALYSIS	5mers_A_RNA_sparse_seq_32	1	71433	70544	70001	46792	0.6684475936058056	0.6633023361306418	0.019801343479896736	0.021478030432552572	926.5444641113281	1005	46357	46792	435	ESTIMABLE
2026_all5mer	symmetric_confidence	0.9	POSTHOC_TARGETED_SUPPLEMENTARY_ANALYSIS	ALL	0	2360963	2326496	680046	302798	0.44526105586975	0.13015195383959396	0.036419993449271916	0.036899186916690335	11027.901176452637	11173	293442	302798	9356	ESTIMABLE
2026_all5mer	symmetric_confidence	0.9	POSTHOC_TARGETED_SUPPLEMENTARY_ANALYSIS	ALL	1	2321542	2282238	2260276	1662692	0.7356145886608538	0.7285357618267683	0.017656914591142544	0.019259129171247592	29358.010635375977	32022	1650990	1662692	11702	ESTIMABLE
2026_all5mer	symmetric_confidence	0.95	POSTHOC_TARGETED_SUPPLEMENTARY_ANALYSIS	5mers_A_RNA_sparse_seq_01	0	73966	72769	24406	5957	0.2440793247562075	0.0818617818026907	0.0302365860003282	0.031223770354205135	180.11934280395508	186	5173	5957	784	ESTIMABLE
2026_all5mer	symmetric_confidence	0.95	POSTHOC_TARGETED_SUPPLEMENTARY_ANALYSIS	5mers_A_RNA_sparse_seq_01	1	72043	70521	69619	46472	0.6675189244315488	0.6589810127479758	0.0055832996654067235	0.00565932174212429	259.46710205078125	263	45659	46472	813	ESTIMABLE
2026_all5mer	symmetric_confidence	0.95	POSTHOC_TARGETED_SUPPLEMENTARY_ANALYSIS	5mers_A_RNA_sparse_seq_02	0	73580	72370	22507	5260	0.23370506953392278	0.07268205057344203	0.023702634514058043	0.024334600760456272	124.67585754394531	128	4572	5260	688	ESTIMABLE
2026_all5mer	symmetric_confidence	0.95	POSTHOC_TARGETED_SUPPLEMENTARY_ANALYSIS	5mers_A_RNA_sparse_seq_02	1	72171	71172	70623	40272	0.5702391572150716	0.565840499072669	0.005495580643664099	0.005587008343265793	221.31802368164062	225	39476	40272	796	ESTIMABLE
2026_all5mer	symmetric_confidence	0.95	POSTHOC_TARGETED_SUPPLEMENTARY_ANALYSIS	5mers_A_RNA_sparse_seq_03	0	76011	75191	20000	2972	0.1486	0.03952600710191379	0.04700124440250936	0.048788694481830416	139.6876983642578	145	2225	2972	747	ESTIMABLE
2026_all5mer	symmetric_confidence	0.95	POSTHOC_TARGETED_SUPPLEMENTARY_ANALYSIS	5mers_A_RNA_sparse_seq_03	1	72803	71868	71400	47080	0.6593837535014005	0.6550898870150832	0.0036303965034582093	0.003610875106202209	170.9190673828125	170	46300	47080	780	ESTIMABLE
2026_all5mer	symmetric_confidence	0.95	POSTHOC_TARGETED_SUPPLEMENTARY_ANALYSIS	5mers_A_RNA_sparse_seq_04	0	74257	73395	21962	3398	0.15472179218650395	0.04629743170515703	0.09251798749882169	0.09652736904061213	314.3761215209961	328	2666	3398	732	ESTIMABLE
2026_all5mer	symmetric_confidence	0.95	POSTHOC_TARGETED_SUPPLEMENTARY_ANALYSIS	5mers_A_RNA_sparse_seq_04	1	71382	70253	69619	43713	0.627888938364527	0.6222225385392794	0.00364984253102825	0.003637361883192643	159.5455665588379	159	42962	43713	751	ESTIMABLE
2026_all5mer	symmetric_confidence	0.95	POSTHOC_TARGETED_SUPPLEMENTARY_ANALYSIS	5mers_A_RNA_sparse_seq_05	0	72808	72119	21025	3268	0.15543400713436387	0.045313994925054425	0.043868743074713605	0.045593635250917995	143.36305236816406	149	2612	3268	656	ESTIMABLE
2026_all5mer	symmetric_confidence	0.95	POSTHOC_TARGETED_SUPPLEMENTARY_ANALYSIS	5mers_A_RNA_sparse_seq_05	1	74353	73753	73382	48814	0.665204000981167	0.6618578227326346	0.002938885004404074	0.0028885155897898146	143.45873260498047	141	48099	48814	715	ESTIMABLE
2026_all5mer	symmetric_confidence	0.95	POSTHOC_TARGETED_SUPPLEMENTARY_ANALYSIS	5mers_A_RNA_sparse_seq_06	0	76086	75164	20639	5568	0.2697805126217355	0.0740780160715236	0.018436903241036952	0.018857758620689655	102.65667724609375	105	4931	5568	637	ESTIMABLE
2026_all5mer	symmetric_confidence	0.95	POSTHOC_TARGETED_SUPPLEMENTARY_ANALYSIS	5mers_A_RNA_sparse_seq_06	1	75318	73985	73212	46728	0.6382560236026881	0.6315874839494492	0.006452685491492988	0.006591337099811676	301.5210876464844	308	45938	46728	790	ESTIMABLE
2026_all5mer	symmetric_confidence	0.95	POSTHOC_TARGETED_SUPPLEMENTARY_ANALYSIS	5mers_A_RNA_sparse_seq_07	0	74968	74180	19389	2578	0.1329619887565114	0.03475330277702885	0.04514378739291147	0.04654771140418929	116.38068389892578	120	1933	2578	645	ESTIMABLE
2026_all5mer	symmetric_confidence	0.95	POSTHOC_TARGETED_SUPPLEMENTARY_ANALYSIS	5mers_A_RNA_sparse_seq_07	1	71358	70341	69521	43056	0.619323657599862	0.612103893888344	0.0047144788829246356	0.004807692307692308	202.98660278320312	207	42351	43056	705	ESTIMABLE
2026_all5mer	symmetric_confidence	0.95	POSTHOC_TARGETED_SUPPLEMENTARY_ANALYSIS	5mers_A_RNA_sparse_seq_08	0	75951	75180	16571	3233	0.19509987327258463	0.04300345836658686	0.0353498343819625	0.03680791834209712	114.28601455688477	119	2730	3233	503	ESTIMABLE
2026_all5mer	symmetric_confidence	0.95	POSTHOC_TARGETED_SUPPLEMENTARY_ANALYSIS	5mers_A_RNA_sparse_seq_08	1	73604	72439	71528	49227	0.6882199977631137	0.6795648752743688	0.0037632825051219588	0.003798728340138542	185.25510787963867	187	48523	49227	704	ESTIMABLE
2026_all5mer	symmetric_confidence	0.95	POSTHOC_TARGETED_SUPPLEMENTARY_ANALYSIS	5mers_A_RNA_sparse_seq_09	0	73973	72715	20457	6428	0.3142200713692135	0.08839991748607577	0.015737178686174014	0.016023646546359675	101.15858459472656	103	5812	6428	616	ESTIMABLE
2026_all5mer	symmetric_confidence	0.95	POSTHOC_TARGETED_SUPPLEMENTARY_ANALYSIS	5mers_A_RNA_sparse_seq_09	1	73124	71616	70856	42662	0.6020943886191713	0.5957048704200179	0.006006674247699852	0.006117856640570063	256.2567367553711	261	41897	42662	765	ESTIMABLE
2026_all5mer	symmetric_confidence	0.95	POSTHOC_TARGETED_SUPPLEMENTARY_ANALYSIS	5mers_A_RNA_sparse_seq_10	0	71263	70338	16556	2046	0.12358057501812032	0.029088117376098267	0.05357482775914704	0.0552297165200391	109.61409759521484	113	1477	2046	569	ESTIMABLE
2026_all5mer	symmetric_confidence	0.95	POSTHOC_TARGETED_SUPPLEMENTARY_ANALYSIS	5mers_A_RNA_sparse_seq_10	1	69418	68199	67861	49156	0.724363036206363	0.7207730318626373	0.0026921919416746875	0.00264464154935308	132.33738708496094	130	48554	49156	602	ESTIMABLE
2026_all5mer	symmetric_confidence	0.95	POSTHOC_TARGETED_SUPPLEMENTARY_ANALYSIS	5mers_A_RNA_sparse_seq_11	0	74685	73993	23470	6416	0.2733702599062633	0.08671090508561621	0.02315229192338977	0.023846633416458853	148.54510498046875	153	5700	6416	716	ESTIMABLE
2026_all5mer	symmetric_confidence	0.95	POSTHOC_TARGETED_SUPPLEMENTARY_ANALYSIS	5mers_A_RNA_sparse_seq_11	1	72892	72158	71598	49500	0.6913600938573703	0.6859946229108346	0.006280588169290562	0.006404040404040404	310.8891143798828	317	48768	49500	732	ESTIMABLE
2026_all5mer	symmetric_confidence	0.95	POSTHOC_TARGETED_SUPPLEMENTARY_ANALYSIS	5mers_A_RNA_sparse_seq_12	0	74252	73447	20730	3205	0.15460684997588037	0.04363690824676297	0.06808378008338108	0.07082683307332294	218.20851516723633	227	2576	3205	629	ESTIMABLE
2026_all5mer	symmetric_confidence	0.95	POSTHOC_TARGETED_SUPPLEMENTARY_ANALYSIS	5mers_A_RNA_sparse_seq_12	1	74256	73463	72306	45887	0.6346222996708434	0.6246273634346542	0.004608345750833697	0.004641837557478153	211.46316146850586	213	45063	45887	824	ESTIMABLE
2026_all5mer	symmetric_confidence	0.95	POSTHOC_TARGETED_SUPPLEMENTARY_ANALYSIS	5mers_A_RNA_sparse_seq_13	0	74437	72576	16692	2956	0.17709082195063502	0.040729717813051146	0.04772380885639113	0.04939106901217862	141.0715789794922	146	2426	2956	530	ESTIMABLE
2026_all5mer	symmetric_confidence	0.95	POSTHOC_TARGETED_SUPPLEMENTARY_ANALYSIS	5mers_A_RNA_sparse_seq_13	1	72970	70966	70381	51224	0.7278100623747886	0.7218104444381817	0.0028568716434953585	0.0028502264563485865	146.34039306640625	146	50626	51224	598	ESTIMABLE
2026_all5mer	symmetric_confidence	0.95	POSTHOC_TARGETED_SUPPLEMENTARY_ANALYSIS	5mers_A_RNA_sparse_seq_14	0	74624	73771	20738	5307	0.255907030571897	0.07193883775467325	0.023231026904830514	0.023930657622008668	123.28705978393555	127	4706	5307	601	ESTIMABLE
2026_all5mer	symmetric_confidence	0.95	POSTHOC_TARGETED_SUPPLEMENTARY_ANALYSIS	5mers_A_RNA_sparse_seq_14	1	72869	71627	71165	48250	0.6780018267406731	0.6736286595836766	0.003547924456818734	0.0035647668393782384	171.1873550415039	172	47558	48250	692	ESTIMABLE
2026_all5mer	symmetric_confidence	0.95	POSTHOC_TARGETED_SUPPLEMENTARY_ANALYSIS	5mers_A_RNA_sparse_seq_15	0	72411	71532	26849	2905	0.10819769823829566	0.04061119498965498	0.06225170063274863	0.06471600688468158	180.84119033813477	188	2056	2905	849	ESTIMABLE
2026_all5mer	symmetric_confidence	0.95	POSTHOC_TARGETED_SUPPLEMENTARY_ANALYSIS	5mers_A_RNA_sparse_seq_15	1	72849	71798	71088	38241	0.5379388926401081	0.5326192930165186	0.010650092202971624	0.010982976386600769	407.2701759338379	420	37425	38241	816	ESTIMABLE
2026_all5mer	symmetric_confidence	0.95	POSTHOC_TARGETED_SUPPLEMENTARY_ANALYSIS	5mers_A_RNA_sparse_seq_16	0	68695	67375	27974	6175	0.2207406877815114	0.09165120593692022	0.025726401757614814	0.026558704453441294	158.86053085327148	164	5449	6175	726	ESTIMABLE
2026_all5mer	symmetric_confidence	0.95	POSTHOC_TARGETED_SUPPLEMENTARY_ANALYSIS	5mers_A_RNA_sparse_seq_16	1	71120	69692	68596	40952	0.597002740684588	0.5876140733513172	0.008041036061463726	0.008180308654033991	329.2965087890625	335	40141	40952	811	ESTIMABLE
2026_all5mer	symmetric_confidence	0.95	POSTHOC_TARGETED_SUPPLEMENTARY_ANALYSIS	5mers_A_RNA_sparse_seq_17	0	72145	71127	19109	7346	0.38442618661363753	0.10328004836419362	0.01979926234202978	0.020419275796351756	145.44538116455078	150	6862	7346	484	ESTIMABLE
2026_all5mer	symmetric_confidence	0.95	POSTHOC_TARGETED_SUPPLEMENTARY_ANALYSIS	5mers_A_RNA_sparse_seq_17	1	69325	68050	67600	47690	0.705473372781065	0.7008082292432035	0.004012733406679614	0.00404697001467813	191.36725616455078	193	47058	47690	632	ESTIMABLE
2026_all5mer	symmetric_confidence	0.95	POSTHOC_TARGETED_SUPPLEMENTARY_ANALYSIS	5mers_A_RNA_sparse_seq_18	0	74475	73950	19397	3391	0.1748208485848327	0.0458553076402975	0.04884368415006808	0.05072250073724565	165.62893295288086	172	2778	3391	613	ESTIMABLE
2026_all5mer	symmetric_confidence	0.95	POSTHOC_TARGETED_SUPPLEMENTARY_ANALYSIS	5mers_A_RNA_sparse_seq_18	1	72727	72250	71759	50545	0.7043715770844076	0.6995847750865052	0.0032683931456933876	0.0032446334949055296	165.20093154907227	164	49861	50545	684	ESTIMABLE
2026_all5mer	symmetric_confidence	0.95	POSTHOC_TARGETED_SUPPLEMENTARY_ANALYSIS	5mers_A_RNA_sparse_seq_19	0	74940	73016	13762	2740	0.19909896817323064	0.03752602169387532	0.027845780866859602	0.02846715328467153	76.29743957519531	78	2364	2740	376	ESTIMABLE
2026_all5mer	symmetric_confidence	0.95	POSTHOC_TARGETED_SUPPLEMENTARY_ANALYSIS	5mers_A_RNA_sparse_seq_19	1	73293	70540	70027	49526	0.7072414925671526	0.7020981003685852	0.0032890603889225325	0.0033517748253442635	162.89400482177734	166	49027	49526	499	ESTIMABLE
2026_all5mer	symmetric_confidence	0.95	POSTHOC_TARGETED_SUPPLEMENTARY_ANALYSIS	5mers_A_RNA_sparse_seq_20	0	75427	73849	27734	4108	0.14812143938847624	0.05562702270849978	0.11979835383964026	0.12560856864654332	492.1316375732422	516	3358	4108	750	ESTIMABLE
2026_all5mer	symmetric_confidence	0.95	POSTHOC_TARGETED_SUPPLEMENTARY_ANALYSIS	5mers_A_RNA_sparse_seq_20	1	75137	72786	72206	43853	0.6073318006813838	0.602492237518204	0.0070126410659095174	0.007160285499281691	307.5253486633301	314	43125	43853	728	ESTIMABLE
2026_all5mer	symmetric_confidence	0.95	POSTHOC_TARGETED_SUPPLEMENTARY_ANALYSIS	5mers_A_RNA_sparse_seq_21	0	74673	73737	20124	3811	0.18937586960842775	0.05168368661594586	0.03627304741792621	0.03752295985305694	138.2365837097168	143	3152	3811	659	ESTIMABLE
2026_all5mer	symmetric_confidence	0.95	POSTHOC_TARGETED_SUPPLEMENTARY_ANALYSIS	5mers_A_RNA_sparse_seq_21	1	71724	70875	70175	49212	0.7012753829711436	0.6943492063492064	0.003624600820751449	0.003637324229862635	178.3738555908203	179	48550	49212	662	ESTIMABLE
2026_all5mer	symmetric_confidence	0.95	POSTHOC_TARGETED_SUPPLEMENTARY_ANALYSIS	5mers_A_RNA_sparse_seq_22	0	73671	72255	27698	3902	0.14087659758827353	0.05400318317071483	0.0624904642344621	0.06535110199897488	243.8377914428711	255	3054	3902	848	ESTIMABLE
2026_all5mer	symmetric_confidence	0.95	POSTHOC_TARGETED_SUPPLEMENTARY_ANALYSIS	5mers_A_RNA_sparse_seq_22	1	70591	68555	67673	30972	0.4576714494702466	0.4517832397345197	0.010861830457026963	0.011139093374660984	336.41261291503906	345	30097	30972	875	ESTIMABLE
2026_all5mer	symmetric_confidence	0.95	POSTHOC_TARGETED_SUPPLEMENTARY_ANALYSIS	5mers_A_RNA_sparse_seq_23	0	73766	72838	22688	2088	0.09203102961918194	0.028666355473791153	0.09627676192828065	0.10057471264367816	201.02587890625	210	1361	2088	727	ESTIMABLE
2026_all5mer	symmetric_confidence	0.95	POSTHOC_TARGETED_SUPPLEMENTARY_ANALYSIS	5mers_A_RNA_sparse_seq_23	1	72664	71284	70615	39863	0.5645117892798981	0.559213848830032	0.004439922826837926	0.004415121792138073	176.98864364624023	176	39045	39863	818	ESTIMABLE
2026_all5mer	symmetric_confidence	0.95	POSTHOC_TARGETED_SUPPLEMENTARY_ANALYSIS	5mers_A_RNA_sparse_seq_24	0	75139	74104	26394	4204	0.15927862392968098	0.056731080643420057	0.05500869315425971	0.05756422454804948	231.2565460205078	242	3503	4204	701	ESTIMABLE
2026_all5mer	symmetric_confidence	0.95	POSTHOC_TARGETED_SUPPLEMENTARY_ANALYSIS	5mers_A_RNA_sparse_seq_24	1	73599	72358	71996	46591	0.6471331740652259	0.643895630061638	0.0038659556584273165	0.003841943723036638	180.1187400817871	179	45803	46591	788	ESTIMABLE
2026_all5mer	symmetric_confidence	0.95	POSTHOC_TARGETED_SUPPLEMENTARY_ANALYSIS	5mers_A_RNA_sparse_seq_25	0	73151	72225	21884	2957	0.1351215499908609	0.04094150224991346	0.040455282480280505	0.04193439296584376	119.62627029418945	124	2246	2957	711	ESTIMABLE
2026_all5mer	symmetric_confidence	0.95	POSTHOC_TARGETED_SUPPLEMENTARY_ANALYSIS	5mers_A_RNA_sparse_seq_25	1	73872	73023	71887	46365	0.6449705788251006	0.6349369376771702	0.00701299976096703	0.007268413674107624	325.1577339172363	337	45643	46365	722	ESTIMABLE
2026_all5mer	symmetric_confidence	0.95	POSTHOC_TARGETED_SUPPLEMENTARY_ANALYSIS	5mers_A_RNA_sparse_seq_26	0	72282	71237	21806	4304	0.1973768687517197	0.060418041186462094	0.0231138888788046	0.023698884758364312	99.482177734375	102	3627	4304	677	ESTIMABLE
2026_all5mer	symmetric_confidence	0.95	POSTHOC_TARGETED_SUPPLEMENTARY_ANALYSIS	5mers_A_RNA_sparse_seq_26	1	73099	72290	71845	43637	0.6073769921358481	0.6036381242218841	0.003483292064119943	0.00341453353805257	152.00041580200195	149	42812	43637	825	ESTIMABLE
2026_all5mer	symmetric_confidence	0.95	POSTHOC_TARGETED_SUPPLEMENTARY_ANALYSIS	5mers_A_RNA_sparse_seq_27	0	73821	72695	18495	3476	0.1879426872127602	0.04781621844693583	0.036447597455374806	0.03768699654775604	126.69184875488281	131	2874	3476	602	ESTIMABLE
2026_all5mer	symmetric_confidence	0.95	POSTHOC_TARGETED_SUPPLEMENTARY_ANALYSIS	5mers_A_RNA_sparse_seq_27	1	74217	73413	72733	50610	0.695832703174625	0.6893874381921458	0.003834051747633944	0.0038529934795494963	194.0413589477539	195	49916	50610	694	ESTIMABLE
2026_all5mer	symmetric_confidence	0.95	POSTHOC_TARGETED_SUPPLEMENTARY_ANALYSIS	5mers_A_RNA_sparse_seq_28	0	73628	72566	17403	5471	0.3143710854450382	0.07539343494198385	0.01220400166498462	0.012246390056662402	66.76809310913086	67	4910	5471	561	ESTIMABLE
2026_all5mer	symmetric_confidence	0.95	POSTHOC_TARGETED_SUPPLEMENTARY_ANALYSIS	5mers_A_RNA_sparse_seq_28	1	72386	70997	69357	49925	0.7198264054096919	0.7031987267067623	0.012825763685200652	0.013299949924887332	640.3262519836426	664	49341	49925	584	ESTIMABLE
2026_all5mer	symmetric_confidence	0.95	POSTHOC_TARGETED_SUPPLEMENTARY_ANALYSIS	5mers_A_RNA_sparse_seq_29	0	74562	73326	15919	2791	0.17532508323387147	0.03806289719881079	0.05080001185932111	0.05266929415979935	141.78283309936523	147	2244	2791	547	ESTIMABLE
2026_all5mer	symmetric_confidence	0.95	POSTHOC_TARGETED_SUPPLEMENTARY_ANALYSIS	5mers_A_RNA_sparse_seq_29	1	72071	70884	70555	52909	0.7498972432853802	0.7464166807742226	0.0028995740379643953	0.0028728571698576804	153.4135627746582	152	52290	52909	619	ESTIMABLE
2026_all5mer	symmetric_confidence	0.95	POSTHOC_TARGETED_SUPPLEMENTARY_ANALYSIS	5mers_A_RNA_sparse_seq_30	0	72183	70766	25263	7469	0.29564976447769464	0.10554503575163214	0.012568337576729911	0.012585352791538358	93.8729133605957	94	6763	7469	706	ESTIMABLE
2026_all5mer	symmetric_confidence	0.95	POSTHOC_TARGETED_SUPPLEMENTARY_ANALYSIS	5mers_A_RNA_sparse_seq_30	1	69412	68036	67464	36317	0.5383167318866359	0.5337909342112999	0.012168232090893264	0.01250103257427651	441.9136848449707	454	35536	36317	781	ESTIMABLE
2026_all5mer	symmetric_confidence	0.95	POSTHOC_TARGETED_SUPPLEMENTARY_ANALYSIS	5mers_A_RNA_sparse_seq_31	0	74005	72861	15271	2606	0.17065025211184598	0.03576673391800826	0.03092738434798152	0.0318495778971604	80.59676361083984	83	2098	2606	508	ESTIMABLE
2026_all5mer	symmetric_confidence	0.95	POSTHOC_TARGETED_SUPPLEMENTARY_ANALYSIS	5mers_A_RNA_sparse_seq_31	1	73462	72502	71628	52098	0.7273412631931647	0.7185732807370832	0.0033541706510915275	0.0033590540903681524	174.7455825805664	175	51429	52098	669	ESTIMABLE
2026_all5mer	symmetric_confidence	0.95	POSTHOC_TARGETED_SUPPLEMENTARY_ANALYSIS	5mers_A_RNA_sparse_seq_32	0	71128	69829	27134	3454	0.12729416967642074	0.049463689870970516	0.06632760362122607	0.06919513607411697	229.09554290771484	239	2628	3454	826	ESTIMABLE
2026_all5mer	symmetric_confidence	0.95	POSTHOC_TARGETED_SUPPLEMENTARY_ANALYSIS	5mers_A_RNA_sparse_seq_32	1	71433	70544	70001	39415	0.5630633848087885	0.5587293036969835	0.005612968010269082	0.005607002410249905	221.23513412475586	221	38618	39415	797	ESTIMABLE
2026_all5mer	symmetric_confidence	0.95	POSTHOC_TARGETED_SUPPLEMENTARY_ANALYSIS	ALL	0	2360963	2326496	680046	131790	0.19379571381935928	0.05664742170199304	0.038462013391091975	0.039866454207451246	5068.908744812012	5254	110866	131790	20924	ESTIMABLE
2026_all5mer	symmetric_confidence	0.95	POSTHOC_TARGETED_SUPPLEMENTARY_ANALYSIS	ALL	1	2321542	2282238	2260276	1460762	0.6462759415221858	0.6400568214182745	0.005210449916903721	0.005282859220050905	7611.227241516113	7717	1437491	1460762	23271	ESTIMABLE
2026_all5mer	symmetric_confidence	0.99	POSTHOC_TARGETED_SUPPLEMENTARY_ANALYSIS	5mers_A_RNA_sparse_seq_01	0	73966	72769	24406	3039	0.1245185610095878	0.04176228888675123	0.012713708152658024	0.012833168805528134	38.636959075927734	39	2536	3039	503	ESTIMABLE
2026_all5mer	symmetric_confidence	0.99	POSTHOC_TARGETED_SUPPLEMENTARY_ANALYSIS	5mers_A_RNA_sparse_seq_01	1	72043	70521	69619	30850	0.44312615808902744	0.43745834574098497	0.0010569698883996404	0.0010372771474878445	32.607521057128906	32	25227	30850	5623	ESTIMABLE
2026_all5mer	symmetric_confidence	0.99	POSTHOC_TARGETED_SUPPLEMENTARY_ANALYSIS	5mers_A_RNA_sparse_seq_02	0	73580	72370	22507	2439	0.10836628604434176	0.033701810142324165	0.011341501621498148	0.011480114801148012	27.661922454833984	28	2015	2439	424	ESTIMABLE
2026_all5mer	symmetric_confidence	0.99	POSTHOC_TARGETED_SUPPLEMENTARY_ANALYSIS	5mers_A_RNA_sparse_seq_02	1	72171	71172	70623	27420	0.38825878254959434	0.38526386781318495	0.0011062905877111257	0.0010940919037199124	30.334487915039062	30	23909	27420	3511	ESTIMABLE
2026_all5mer	symmetric_confidence	0.99	POSTHOC_TARGETED_SUPPLEMENTARY_ANALYSIS	5mers_A_RNA_sparse_seq_03	0	76011	75191	20000	784	0.0392	0.01042677980077403	0.025243953782684948	0.025510204081632654	19.791259765625	20	543	784	241	ESTIMABLE
2026_all5mer	symmetric_confidence	0.99	POSTHOC_TARGETED_SUPPLEMENTARY_ANALYSIS	5mers_A_RNA_sparse_seq_03	1	72803	71868	71400	32696	0.45792717086834733	0.4549451772694384	0.0005983941153089254	0.000581110839246391	19.565093994140625	19	28207	32696	4489	ESTIMABLE
2026_all5mer	symmetric_confidence	0.99	POSTHOC_TARGETED_SUPPLEMENTARY_ANALYSIS	5mers_A_RNA_sparse_seq_04	0	74257	73395	21962	1011	0.04603405882888626	0.013774780298385449	0.07419011524475883	0.0751730959446093	75.00620651245117	76	747	1011	264	ESTIMABLE
2026_all5mer	symmetric_confidence	0.99	POSTHOC_TARGETED_SUPPLEMENTARY_ANALYSIS	5mers_A_RNA_sparse_seq_04	1	71382	70253	69619	29868	0.42902081328373004	0.4251491039528561	0.0006510963302005387	0.0006361323155216285	19.446945190429688	19	25758	29868	4110	ESTIMABLE
2026_all5mer	symmetric_confidence	0.99	POSTHOC_TARGETED_SUPPLEMENTARY_ANALYSIS	5mers_A_RNA_sparse_seq_05	0	72808	72119	21025	1115	0.05303210463733651	0.015460558244013366	0.023864947947686028	0.0242152466367713	26.609416961669922	27	807	1115	308	ESTIMABLE
2026_all5mer	symmetric_confidence	0.99	POSTHOC_TARGETED_SUPPLEMENTARY_ANALYSIS	5mers_A_RNA_sparse_seq_05	1	74353	73753	73382	35490	0.4836335886184623	0.48120076471465567	0.000523592082840787	0.0005071851225697379	18.58228302001953	18	31071	35490	4419	ESTIMABLE
2026_all5mer	symmetric_confidence	0.99	POSTHOC_TARGETED_SUPPLEMENTARY_ANALYSIS	5mers_A_RNA_sparse_seq_06	0	76086	75164	20639	2725	0.13203159067784292	0.03625405779362461	0.006193921850361955	0.006238532110091743	16.878437042236328	17	2226	2725	499	ESTIMABLE
2026_all5mer	symmetric_confidence	0.99	POSTHOC_TARGETED_SUPPLEMENTARY_ANALYSIS	5mers_A_RNA_sparse_seq_06	1	75318	73985	73212	31884	0.435502376659564	0.43095222004460365	0.001295289046910039	0.0012859114289298708	41.29899597167969	41	27369	31884	4515	ESTIMABLE
2026_all5mer	symmetric_confidence	0.99	POSTHOC_TARGETED_SUPPLEMENTARY_ANALYSIS	5mers_A_RNA_sparse_seq_07	0	74968	74180	19389	877	0.045231832482335345	0.011822593691021838	0.029266065991183098	0.029646522234891677	25.666339874267578	26	704	877	173	ESTIMABLE
2026_all5mer	symmetric_confidence	0.99	POSTHOC_TARGETED_SUPPLEMENTARY_ANALYSIS	5mers_A_RNA_sparse_seq_07	1	71358	70341	69521	30762	0.44248500453100503	0.4373267368959782	0.000472149701059876	0.00045510695013328134	14.524269104003906	14	26866	30762	3896	ESTIMABLE
2026_all5mer	symmetric_confidence	0.99	POSTHOC_TARGETED_SUPPLEMENTARY_ANALYSIS	5mers_A_RNA_sparse_seq_08	0	75951	75180	16571	1348	0.08134693138615653	0.017930300611864857	0.011775608232537788	0.011869436201780416	15.873519897460938	16	1045	1348	303	ESTIMABLE
2026_all5mer	symmetric_confidence	0.99	POSTHOC_TARGETED_SUPPLEMENTARY_ANALYSIS	5mers_A_RNA_sparse_seq_08	1	73604	72439	71528	36863	0.5153646124594564	0.5088833363243557	0.0007184035377760114	0.0007053142717630144	26.48250961303711	26	32847	36863	4016	ESTIMABLE
2026_all5mer	symmetric_confidence	0.99	POSTHOC_TARGETED_SUPPLEMENTARY_ANALYSIS	5mers_A_RNA_sparse_seq_09	0	73973	72715	20457	3247	0.1587231754411693	0.04465378532627381	0.006431218914740409	0.006467508469356329	20.88216781616211	21	2636	3247	611	ESTIMABLE
2026_all5mer	symmetric_confidence	0.99	POSTHOC_TARGETED_SUPPLEMENTARY_ANALYSIS	5mers_A_RNA_sparse_seq_09	1	73124	71616	70856	29225	0.41245624929434344	0.408079200178731	0.0014412276086081185	0.001437125748502994	42.119876861572266	42	25308	29225	3917	ESTIMABLE
2026_all5mer	symmetric_confidence	0.99	POSTHOC_TARGETED_SUPPLEMENTARY_ANALYSIS	5mers_A_RNA_sparse_seq_10	0	71263	70338	16556	478	0.0288717081420633	0.006795757627455998	0.06415489228699496	0.06485355648535565	30.666038513183594	31	324	478	154	ESTIMABLE
2026_all5mer	symmetric_confidence	0.99	POSTHOC_TARGETED_SUPPLEMENTARY_ANALYSIS	5mers_A_RNA_sparse_seq_10	1	69418	68199	67861	37582	0.5538085203577902	0.5510637985894221	0.0006254371869215773	0.0006119951040391676	23.50518035888672	23	33501	37582	4081	ESTIMABLE
2026_all5mer	symmetric_confidence	0.99	POSTHOC_TARGETED_SUPPLEMENTARY_ANALYSIS	5mers_A_RNA_sparse_seq_11	0	74685	73993	23470	3320	0.14145717937792926	0.04486910924006325	0.00925360989857869	0.009337349397590362	30.72198486328125	31	2696	3320	624	ESTIMABLE
2026_all5mer	symmetric_confidence	0.99	POSTHOC_TARGETED_SUPPLEMENTARY_ANALYSIS	5mers_A_RNA_sparse_seq_11	1	72892	72158	71598	35084	0.4900136875331713	0.4862108151556307	0.001432225065673856	0.0014251510660129973	50.24818420410156	50	30271	35084	4813	ESTIMABLE
2026_all5mer	symmetric_confidence	0.99	POSTHOC_TARGETED_SUPPLEMENTARY_ANALYSIS	5mers_A_RNA_sparse_seq_12	0	74252	73447	20730	1120	0.054027978774722624	0.01524909118139611	0.04927716936383929	0.05	55.1904296875	56	833	1120	287	ESTIMABLE
2026_all5mer	symmetric_confidence	0.99	POSTHOC_TARGETED_SUPPLEMENTARY_ANALYSIS	5mers_A_RNA_sparse_seq_12	1	74256	73463	72306	31092	0.43000580864658533	0.4232334644651049	0.000950418106917324	0.0009327158111411295	29.550399780273438	29	25677	31092	5415	ESTIMABLE
2026_all5mer	symmetric_confidence	0.99	POSTHOC_TARGETED_SUPPLEMENTARY_ANALYSIS	5mers_A_RNA_sparse_seq_13	0	74437	72576	16692	1152	0.06901509705248023	0.015873015873015872	0.03179099824693468	0.03211805555555555	36.62322998046875	37	869	1152	283	ESTIMABLE
2026_all5mer	symmetric_confidence	0.99	POSTHOC_TARGETED_SUPPLEMENTARY_ANALYSIS	5mers_A_RNA_sparse_seq_13	1	72970	70966	70381	40040	0.5689035393074836	0.5642138488853817	0.0005134811172714005	0.0004995004995004995	20.559783935546875	20	36032	40040	4008	ESTIMABLE
2026_all5mer	symmetric_confidence	0.99	POSTHOC_TARGETED_SUPPLEMENTARY_ANALYSIS	5mers_A_RNA_sparse_seq_14	0	74624	73771	20738	2692	0.1298100106085447	0.03649130417101571	0.00919709907066946	0.009286775631500743	24.758590698242188	25	2221	2692	471	ESTIMABLE
2026_all5mer	symmetric_confidence	0.99	POSTHOC_TARGETED_SUPPLEMENTARY_ANALYSIS	5mers_A_RNA_sparse_seq_14	1	72869	71627	71165	35714	0.5018478184500808	0.49861085903360464	0.0005203892644324748	0.0005040040320322563	18.585182189941406	18	31602	35714	4112	ESTIMABLE
2026_all5mer	symmetric_confidence	0.99	POSTHOC_TARGETED_SUPPLEMENTARY_ANALYSIS	5mers_A_RNA_sparse_seq_15	0	72411	71532	26849	693	0.025811017170099444	0.009687971816809261	0.05257578157587313	0.05339105339105339	36.43501663208008	37	441	693	252	ESTIMABLE
2026_all5mer	symmetric_confidence	0.99	POSTHOC_TARGETED_SUPPLEMENTARY_ANALYSIS	5mers_A_RNA_sparse_seq_15	1	72849	71798	71088	24188	0.3402543326581139	0.3368896069528399	0.0030545101730374436	0.0030593682817926246	73.88249206542969	74	19880	24188	4308	ESTIMABLE
2026_all5mer	symmetric_confidence	0.99	POSTHOC_TARGETED_SUPPLEMENTARY_ANALYSIS	5mers_A_RNA_sparse_seq_16	0	68695	67375	27974	2869	0.10255951955387145	0.04258256029684601	0.007942129236848233	0.00801673056814221	22.785968780517578	23	2302	2869	567	ESTIMABLE
2026_all5mer	symmetric_confidence	0.99	POSTHOC_TARGETED_SUPPLEMENTARY_ANALYSIS	5mers_A_RNA_sparse_seq_16	1	71120	69692	68596	25965	0.37852061344684823	0.37256787005682146	0.0026595280392193365	0.002657423454650491	69.05464553833008	69	21091	25965	4874	ESTIMABLE
2026_all5mer	symmetric_confidence	0.99	POSTHOC_TARGETED_SUPPLEMENTARY_ANALYSIS	5mers_A_RNA_sparse_seq_17	0	72145	71127	19109	4403	0.2304149877021299	0.061903355968900696	0.006979593818035554	0.007040654099477629	30.731151580810547	31	3748	4403	655	ESTIMABLE
2026_all5mer	symmetric_confidence	0.99	POSTHOC_TARGETED_SUPPLEMENTARY_ANALYSIS	5mers_A_RNA_sparse_seq_17	1	69325	68050	67600	35693	0.5280029585798817	0.5245113886847906	0.0009053174470060328	0.0008965343344633401	32.31349563598633	32	31906	35693	3787	ESTIMABLE
2026_all5mer	symmetric_confidence	0.99	POSTHOC_TARGETED_SUPPLEMENTARY_ANALYSIS	5mers_A_RNA_sparse_seq_18	0	74475	73950	19397	1243	0.06408207454761046	0.016808654496281272	0.02547263638779509	0.02574416733708769	31.662487030029297	32	947	1243	296	ESTIMABLE
2026_all5mer	symmetric_confidence	0.99	POSTHOC_TARGETED_SUPPLEMENTARY_ANALYSIS	5mers_A_RNA_sparse_seq_18	1	72727	72250	71759	37388	0.5210217533689154	0.5174809688581314	0.0007349836439885875	0.000722156841767412	27.479568481445312	27	33143	37388	4245	ESTIMABLE
2026_all5mer	symmetric_confidence	0.99	POSTHOC_TARGETED_SUPPLEMENTARY_ANALYSIS	5mers_A_RNA_sparse_seq_19	0	74940	73016	13762	1133	0.08232814997820084	0.015517146926700996	0.022719559160251063	0.02294792586054722	25.741260528564453	26	882	1133	251	ESTIMABLE
2026_all5mer	symmetric_confidence	0.99	POSTHOC_TARGETED_SUPPLEMENTARY_ANALYSIS	5mers_A_RNA_sparse_seq_19	1	73293	70540	70027	40450	0.5776343410398846	0.573433512900482	0.0005518689055377975	0.0005438813349814586	22.323097229003906	22	37477	40450	2973	ESTIMABLE
2026_all5mer	symmetric_confidence	0.99	POSTHOC_TARGETED_SUPPLEMENTARY_ANALYSIS	5mers_A_RNA_sparse_seq_20	0	75427	73849	27734	1191	0.042943679238479845	0.016127503419139055	0.07541974545726247	0.0764063811922754	89.82491683959961	91	861	1191	330	ESTIMABLE
2026_all5mer	symmetric_confidence	0.99	POSTHOC_TARGETED_SUPPLEMENTARY_ANALYSIS	5mers_A_RNA_sparse_seq_20	1	75137	72786	72206	30436	0.4215162174888513	0.4181573379496057	0.0016433865219679718	0.0016427914311998948	50.01811218261719	50	26464	30436	3972	ESTIMABLE
2026_all5mer	symmetric_confidence	0.99	POSTHOC_TARGETED_SUPPLEMENTARY_ANALYSIS	5mers_A_RNA_sparse_seq_21	0	74673	73737	20124	1478	0.07344464321208508	0.020044211182988186	0.020089336596580576	0.02029769959404601	29.692039489746094	30	1140	1478	338	ESTIMABLE
2026_all5mer	symmetric_confidence	0.99	POSTHOC_TARGETED_SUPPLEMENTARY_ANALYSIS	5mers_A_RNA_sparse_seq_21	1	71724	70875	70175	36073	0.5140434627716424	0.5089664902998237	0.0006800726553038392	0.0006653175505225515	24.53226089477539	24	31481	36073	4592	ESTIMABLE
2026_all5mer	symmetric_confidence	0.99	POSTHOC_TARGETED_SUPPLEMENTARY_ANALYSIS	5mers_A_RNA_sparse_seq_22	0	73671	72255	27698	1537	0.05549137121813849	0.021271884298664452	0.02505120132833467	0.025374105400130124	38.50369644165039	39	1238	1537	299	ESTIMABLE
2026_all5mer	symmetric_confidence	0.99	POSTHOC_TARGETED_SUPPLEMENTARY_ANALYSIS	5mers_A_RNA_sparse_seq_22	1	70591	68555	67673	16928	0.2501440751850812	0.24692582597914084	0.0028972229119284616	0.0028946124763705103	49.044189453125	49	13217	16928	3711	ESTIMABLE
2026_all5mer	symmetric_confidence	0.99	POSTHOC_TARGETED_SUPPLEMENTARY_ANALYSIS	5mers_A_RNA_sparse_seq_23	0	73766	72838	22688	456	0.02009873060648801	0.0062604684368049645	0.06718578673245613	0.06798245614035088	30.63671875	31	361	456	95	ESTIMABLE
2026_all5mer	symmetric_confidence	0.99	POSTHOC_TARGETED_SUPPLEMENTARY_ANALYSIS	5mers_A_RNA_sparse_seq_23	1	72664	71284	70615	25129	0.35585923670608227	0.35251949946692107	0.0007018097226222847	0.0006765092124636873	17.63577651977539	17	20567	25129	4562	ESTIMABLE
2026_all5mer	symmetric_confidence	0.99	POSTHOC_TARGETED_SUPPLEMENTARY_ANALYSIS	5mers_A_RNA_sparse_seq_24	0	75139	74104	26394	1598	0.060544063044631356	0.021564288027636835	0.019206857502236684	0.01939924906132666	30.69255828857422	31	1224	1598	374	ESTIMABLE
2026_all5mer	symmetric_confidence	0.99	POSTHOC_TARGETED_SUPPLEMENTARY_ANALYSIS	5mers_A_RNA_sparse_seq_24	1	73599	72358	71996	32066	0.44538585476970943	0.44315763288095306	0.00070338349433651	0.0006860849497910559	22.55469512939453	22	27614	32066	4452	ESTIMABLE
2026_all5mer	symmetric_confidence	0.99	POSTHOC_TARGETED_SUPPLEMENTARY_ANALYSIS	5mers_A_RNA_sparse_seq_25	0	73151	72225	21884	831	0.03797294827271066	0.011505711318795431	0.017902062114251938	0.018050541516245487	14.87661361694336	15	559	831	272	ESTIMABLE
2026_all5mer	symmetric_confidence	0.99	POSTHOC_TARGETED_SUPPLEMENTARY_ANALYSIS	5mers_A_RNA_sparse_seq_25	1	73872	73023	71887	33406	0.46470154548110226	0.45747230324692223	0.0010586416393755754	0.0010477159791654194	35.36498260498047	35	28905	33406	4501	ESTIMABLE
2026_all5mer	symmetric_confidence	0.99	POSTHOC_TARGETED_SUPPLEMENTARY_ANALYSIS	5mers_A_RNA_sparse_seq_26	0	72282	71237	21806	1477	0.06773365128863615	0.02073360753540997	0.009421721131073597	0.009478672985781991	13.915882110595703	14	1082	1477	395	ESTIMABLE
2026_all5mer	symmetric_confidence	0.99	POSTHOC_TARGETED_SUPPLEMENTARY_ANALYSIS	5mers_A_RNA_sparse_seq_26	1	73099	72290	71845	29099	0.40502470596422857	0.4025314704661779	0.0005348975348953546	0.0005154816316711914	15.564983367919922	15	24556	29099	4543	ESTIMABLE
2026_all5mer	symmetric_confidence	0.99	POSTHOC_TARGETED_SUPPLEMENTARY_ANALYSIS	5mers_A_RNA_sparse_seq_27	0	73821	72695	18495	1448	0.07829143011624763	0.019918838984799504	0.01705903111241799	0.017265193370165747	24.70147705078125	25	1111	1448	337	ESTIMABLE
2026_all5mer	symmetric_confidence	0.99	POSTHOC_TARGETED_SUPPLEMENTARY_ANALYSIS	5mers_A_RNA_sparse_seq_27	1	74217	73413	72733	37267	0.5123809000041247	0.5076348875539755	0.0009251766331250146	0.0009123353100598385	34.47855758666992	34	32609	37267	4658	ESTIMABLE
2026_all5mer	symmetric_confidence	0.99	POSTHOC_TARGETED_SUPPLEMENTARY_ANALYSIS	5mers_A_RNA_sparse_seq_28	0	73628	72566	17403	2695	0.15485835775441015	0.03713860485626878	0.006613820205150597	0.006679035250463822	17.82424545288086	18	2155	2695	540	ESTIMABLE
2026_all5mer	symmetric_confidence	0.99	POSTHOC_TARGETED_SUPPLEMENTARY_ANALYSIS	5mers_A_RNA_sparse_seq_28	1	72386	70997	69357	38977	0.5619764407341725	0.5489950279589279	0.004991026017904239	0.005028606614157067	194.53522109985352	196	34755	38977	4222	ESTIMABLE
2026_all5mer	symmetric_confidence	0.99	POSTHOC_TARGETED_SUPPLEMENTARY_ANALYSIS	5mers_A_RNA_sparse_seq_29	0	74562	73326	15919	813	0.051071047176330174	0.011087472383601997	0.043821238650313746	0.04428044280442804	35.62666702270508	36	584	813	229	ESTIMABLE
2026_all5mer	symmetric_confidence	0.99	POSTHOC_TARGETED_SUPPLEMENTARY_ANALYSIS	5mers_A_RNA_sparse_seq_29	1	72071	70884	70555	39983	0.5666926511232372	0.564062411827775	0.000541695884660893	0.0005252232198684441	21.658626556396484	21	35268	39983	4715	ESTIMABLE
2026_all5mer	symmetric_confidence	0.99	POSTHOC_TARGETED_SUPPLEMENTARY_ANALYSIS	5mers_A_RNA_sparse_seq_30	0	72183	70766	25263	3428	0.13569251474488384	0.04844134188734703	0.005211379452931283	0.005250875145857643	17.864608764648438	18	2734	3428	694	ESTIMABLE
2026_all5mer	symmetric_confidence	0.99	POSTHOC_TARGETED_SUPPLEMENTARY_ANALYSIS	5mers_A_RNA_sparse_seq_30	1	69412	68036	67464	22798	0.3379283766156765	0.3350873067199718	0.00397446779046459	0.00399157820861479	90.60991668701172	91	19076	22798	3722	ESTIMABLE
2026_all5mer	symmetric_confidence	0.99	POSTHOC_TARGETED_SUPPLEMENTARY_ANALYSIS	5mers_A_RNA_sparse_seq_31	0	74005	72861	15271	1009	0.06607294872634405	0.01384828646326567	0.014699465219518475	0.014866204162537165	14.83176040649414	15	740	1009	269	ESTIMABLE
2026_all5mer	symmetric_confidence	0.99	POSTHOC_TARGETED_SUPPLEMENTARY_ANALYSIS	5mers_A_RNA_sparse_seq_31	1	73462	72502	71628	37894	0.5290389233260736	0.5226614438222393	0.0005471965483564144	0.0005277880403230063	20.73546600341797	20	32664	37894	5230	ESTIMABLE
2026_all5mer	symmetric_confidence	0.99	POSTHOC_TARGETED_SUPPLEMENTARY_ANALYSIS	5mers_A_RNA_sparse_seq_32	0	71128	69829	27134	1111	0.040944939927765905	0.015910295149579687	0.03546905860935214	0.036003600360036005	39.406124114990234	40	846	1111	265	ESTIMABLE
2026_all5mer	symmetric_confidence	0.99	POSTHOC_TARGETED_SUPPLEMENTARY_ANALYSIS	5mers_A_RNA_sparse_seq_32	1	71433	70544	70001	23369	0.3338380880273139	0.33126842821501473	0.0017749520789531704	0.0017544610381274338	41.47885513305664	41	17569	23369	5800	ESTIMABLE
2026_all5mer	symmetric_confidence	0.99	POSTHOC_TARGETED_SUPPLEMENTARY_ANALYSIS	ALL	0	2360963	2326496	680046	54760	0.0805239645553389	0.02353754315502799	0.018092032433252775	0.018298027757487217	990.7196960449219	1002	43157	54760	11603	ESTIMABLE
2026_all5mer	symmetric_confidence	0.99	POSTHOC_TARGETED_SUPPLEMENTARY_ANALYSIS	ALL	1	2321542	2282238	2260276	1031679	0.4564393905876981	0.45204706958695806	0.0011928862130226457	0.001182538367069602	1230.6756553649902	1220	891887	1031679	139792	ESTIMABLE
2026_all5mer	one_sided_high_p_reference	0.9	POSTHOC_TARGETED_SUPPLEMENTARY_ANALYSIS	5mers_A_RNA_sparse_seq_01	0	73966	72769	24406	351	0.014381709415717446	0.004823482526900191	0.9033893356975328	1.0	317.089656829834	351	334	351	17	ESTIMABLE
2026_all5mer	one_sided_high_p_reference	0.9	POSTHOC_TARGETED_SUPPLEMENTARY_ANALYSIS	5mers_A_RNA_sparse_seq_01	1	72043	70521	69619	52012	0.7470949022536951	0.7375391727286907	0.0008710720241505266	0.0	45.30619812011719	0	51698	52012	314	ESTIMABLE
2026_all5mer	one_sided_high_p_reference	0.9	POSTHOC_TARGETED_SUPPLEMENTARY_ANALYSIS	5mers_A_RNA_sparse_seq_02	0	73580	72370	22507	271	0.012040698449371307	0.003744645571369352	0.8972784936208127	1.0	243.16247177124023	271	253	271	18	ESTIMABLE
2026_all5mer	one_sided_high_p_reference	0.9	POSTHOC_TARGETED_SUPPLEMENTARY_ANALYSIS	5mers_A_RNA_sparse_seq_02	1	72171	71172	70623	46327	0.6559760984381858	0.650916090597426	0.000996332606848927	0.0	46.157100677490234	0	45953	46327	374	ESTIMABLE
2026_all5mer	one_sided_high_p_reference	0.9	POSTHOC_TARGETED_SUPPLEMENTARY_ANALYSIS	5mers_A_RNA_sparse_seq_03	0	76011	75191	20000	309	0.01545	0.004109534385764254	0.8945442495994198	1.0	276.4141731262207	309	296	309	13	ESTIMABLE
2026_all5mer	one_sided_high_p_reference	0.9	POSTHOC_TARGETED_SUPPLEMENTARY_ANALYSIS	5mers_A_RNA_sparse_seq_03	1	72803	71868	71400	52726	0.7384593837535014	0.7336505816218623	0.0008410998696292952	0.0	44.34783172607422	0	52423	52726	303	ESTIMABLE
2026_all5mer	one_sided_high_p_reference	0.9	POSTHOC_TARGETED_SUPPLEMENTARY_ANALYSIS	5mers_A_RNA_sparse_seq_04	0	74257	73395	21962	631	0.02873144522356798	0.008597315893453233	0.9044052523025053	1.0	570.6797142028809	631	605	631	26	ESTIMABLE
2026_all5mer	one_sided_high_p_reference	0.9	POSTHOC_TARGETED_SUPPLEMENTARY_ANALYSIS	5mers_A_RNA_sparse_seq_04	1	71382	70253	69619	49392	0.7094614975796837	0.7030589441020312	0.0008936215651857842	0.0	44.13775634765625	0	49062	49392	330	ESTIMABLE
2026_all5mer	one_sided_high_p_reference	0.9	POSTHOC_TARGETED_SUPPLEMENTARY_ANALYSIS	5mers_A_RNA_sparse_seq_05	0	72808	72119	21025	342	0.016266349583828776	0.004742162259598719	0.8935742963824356	1.0	305.60240936279297	342	332	342	10	ESTIMABLE
2026_all5mer	one_sided_high_p_reference	0.9	POSTHOC_TARGETED_SUPPLEMENTARY_ANALYSIS	5mers_A_RNA_sparse_seq_05	1	74353	73753	73382	54391	0.7412035649069254	0.7374750857592234	0.0007958802557765689	0.0	43.28872299194336	0	54072	54391	319	ESTIMABLE
2026_all5mer	one_sided_high_p_reference	0.9	POSTHOC_TARGETED_SUPPLEMENTARY_ANALYSIS	5mers_A_RNA_sparse_seq_06	0	76086	75164	20639	258	0.012500605649498522	0.003432494279176201	0.8912752432416576	1.0	229.94901275634766	258	248	258	10	ESTIMABLE
2026_all5mer	one_sided_high_p_reference	0.9	POSTHOC_TARGETED_SUPPLEMENTARY_ANALYSIS	5mers_A_RNA_sparse_seq_06	1	75318	73985	73212	52405	0.7157979566191335	0.7083192539028181	0.000864619460796061	0.0	45.31038284301758	0	52093	52405	312	ESTIMABLE
2026_all5mer	one_sided_high_p_reference	0.9	POSTHOC_TARGETED_SUPPLEMENTARY_ANALYSIS	5mers_A_RNA_sparse_seq_07	0	74968	74180	19389	263	0.013564392181133632	0.003545430035049879	0.8978903737811534	1.0	236.14516830444336	263	249	263	14	ESTIMABLE
2026_all5mer	one_sided_high_p_reference	0.9	POSTHOC_TARGETED_SUPPLEMENTARY_ANALYSIS	5mers_A_RNA_sparse_seq_07	1	71358	70341	69521	48137	0.6924094877806706	0.6843377262194168	0.0008290819784273353	0.0	39.90951919555664	0	47839	48137	298	ESTIMABLE
2026_all5mer	one_sided_high_p_reference	0.9	POSTHOC_TARGETED_SUPPLEMENTARY_ANALYSIS	5mers_A_RNA_sparse_seq_08	0	75951	75180	16571	263	0.015871100114658136	0.003498270816706571	0.8946426304574249	1.0	235.29101181030273	263	254	263	9	ESTIMABLE
2026_all5mer	one_sided_high_p_reference	0.9	POSTHOC_TARGETED_SUPPLEMENTARY_ANALYSIS	5mers_A_RNA_sparse_seq_08	1	73604	72439	71528	54304	0.7591991947209484	0.7496514308590676	0.0007299812105591324	0.0	39.640899658203125	0	54030	54304	274	ESTIMABLE
2026_all5mer	one_sided_high_p_reference	0.9	POSTHOC_TARGETED_SUPPLEMENTARY_ANALYSIS	5mers_A_RNA_sparse_seq_09	0	73973	72715	20457	209	0.01021655179156279	0.002874235027160833	0.899399771074359	1.0	187.97455215454102	209	204	209	5	ESTIMABLE
2026_all5mer	one_sided_high_p_reference	0.9	POSTHOC_TARGETED_SUPPLEMENTARY_ANALYSIS	5mers_A_RNA_sparse_seq_09	1	73124	71616	70856	48319	0.6819323698769335	0.674695598748883	0.000920585001212442	0.0	44.481746673583984	0	47996	48319	323	ESTIMABLE
2026_all5mer	one_sided_high_p_reference	0.9	POSTHOC_TARGETED_SUPPLEMENTARY_ANALYSIS	5mers_A_RNA_sparse_seq_10	0	71263	70338	16556	215	0.012986228557622614	0.0030566692257385764	0.9052463087924691	1.0	194.62795639038086	215	205	215	10	ESTIMABLE
2026_all5mer	one_sided_high_p_reference	0.9	POSTHOC_TARGETED_SUPPLEMENTARY_ANALYSIS	5mers_A_RNA_sparse_seq_10	1	69418	68199	67861	53437	0.787447871384153	0.7835452132729219	0.0006432538172003729	0.0	34.37355422973633	0	53203	53437	234	ESTIMABLE
2026_all5mer	one_sided_high_p_reference	0.9	POSTHOC_TARGETED_SUPPLEMENTARY_ANALYSIS	5mers_A_RNA_sparse_seq_11	0	74685	73993	23470	357	0.015210907541542395	0.004824780722500777	0.8947204782181427	1.0	319.41521072387695	357	336	357	21	ESTIMABLE
2026_all5mer	one_sided_high_p_reference	0.9	POSTHOC_TARGETED_SUPPLEMENTARY_ANALYSIS	5mers_A_RNA_sparse_seq_11	1	72892	72158	71598	54601	0.7626051007011369	0.7566867152637268	0.0007638924811904272	0.0	41.709293365478516	0	54327	54601	274	ESTIMABLE
2026_all5mer	one_sided_high_p_reference	0.9	POSTHOC_TARGETED_SUPPLEMENTARY_ANALYSIS	5mers_A_RNA_sparse_seq_12	0	74252	73447	20730	458	0.0220935841775205	0.006235789072392337	0.901876274675261	1.0	413.05933380126953	458	440	458	18	ESTIMABLE
2026_all5mer	one_sided_high_p_reference	0.9	POSTHOC_TARGETED_SUPPLEMENTARY_ANALYSIS	5mers_A_RNA_sparse_seq_12	1	74256	73463	72306	51707	0.7151135452106326	0.7038509181492725	0.0008903206251229509	0.0	46.03580856323242	0	51353	51707	354	ESTIMABLE
2026_all5mer	one_sided_high_p_reference	0.9	POSTHOC_TARGETED_SUPPLEMENTARY_ANALYSIS	5mers_A_RNA_sparse_seq_13	0	74437	72576	16692	303	0.018152408339324227	0.004174933862433863	0.8997575992798255	1.0	272.6265525817871	303	296	303	7	ESTIMABLE
2026_all5mer	one_sided_high_p_reference	0.9	POSTHOC_TARGETED_SUPPLEMENTARY_ANALYSIS	5mers_A_RNA_sparse_seq_13	1	72970	70966	70381	55322	0.7860360040351799	0.7795564072936336	0.0005963842900093007	0.0	32.99317169189453	0	55080	55322	242	ESTIMABLE
2026_all5mer	one_sided_high_p_reference	0.9	POSTHOC_TARGETED_SUPPLEMENTARY_ANALYSIS	5mers_A_RNA_sparse_seq_14	0	74624	73771	20738	281	0.013550004822065772	0.0038090848707486684	0.8959431088267696	1.0	251.76001358032227	281	267	281	14	ESTIMABLE
2026_all5mer	one_sided_high_p_reference	0.9	POSTHOC_TARGETED_SUPPLEMENTARY_ANALYSIS	5mers_A_RNA_sparse_seq_14	1	72869	71627	71165	53201	0.7475725426824984	0.7427506387256202	0.0007349631183185657	0.0	39.100772857666016	0	52938	53201	263	ESTIMABLE
2026_all5mer	one_sided_high_p_reference	0.9	POSTHOC_TARGETED_SUPPLEMENTARY_ANALYSIS	5mers_A_RNA_sparse_seq_15	0	72411	71532	26849	456	0.016983872769935567	0.006374769334004362	0.8891001918859649	1.0	405.4296875	456	427	456	29	ESTIMABLE
2026_all5mer	one_sided_high_p_reference	0.9	POSTHOC_TARGETED_SUPPLEMENTARY_ANALYSIS	5mers_A_RNA_sparse_seq_15	1	72849	71798	71088	44244	0.6223835246455098	0.6162288643137692	0.0010788599132747873	0.0	47.73307800292969	0	43886	44244	358	ESTIMABLE
2026_all5mer	one_sided_high_p_reference	0.9	POSTHOC_TARGETED_SUPPLEMENTARY_ANALYSIS	5mers_A_RNA_sparse_seq_16	0	68695	67375	27974	381	0.01361978980481876	0.005654916512059369	0.8920951803212404	1.0	339.8882637023926	381	365	381	16	ESTIMABLE
2026_all5mer	one_sided_high_p_reference	0.9	POSTHOC_TARGETED_SUPPLEMENTARY_ANALYSIS	5mers_A_RNA_sparse_seq_16	1	71120	69692	68596	46720	0.6810892763426439	0.6703782356654996	0.0009957300473565924	0.0	46.5205078125	0	46372	46720	348	ESTIMABLE
2026_all5mer	one_sided_high_p_reference	0.9	POSTHOC_TARGETED_SUPPLEMENTARY_ANALYSIS	5mers_A_RNA_sparse_seq_17	0	72145	71127	19109	288	0.015071432309383013	0.004049095280273314	0.9031864802042643	1.0	260.1177062988281	288	277	288	11	ESTIMABLE
2026_all5mer	one_sided_high_p_reference	0.9	POSTHOC_TARGETED_SUPPLEMENTARY_ANALYSIS	5mers_A_RNA_sparse_seq_17	1	69325	68050	67600	52391	0.7750147928994083	0.7698897869213813	0.0007158777344299877	0.0	37.505550384521484	0	52105	52391	286	ESTIMABLE
2026_all5mer	one_sided_high_p_reference	0.9	POSTHOC_TARGETED_SUPPLEMENTARY_ANALYSIS	5mers_A_RNA_sparse_seq_18	0	74475	73950	19397	364	0.018765788523998555	0.0049222447599729545	0.8957342210706773	1.0	326.04725646972656	364	342	364	22	ESTIMABLE
2026_all5mer	one_sided_high_p_reference	0.9	POSTHOC_TARGETED_SUPPLEMENTARY_ANALYSIS	5mers_A_RNA_sparse_seq_18	1	72727	72250	71759	55653	0.7755542858735489	0.7702837370242215	0.0007226790533257206	0.0	40.21925735473633	0	55356	55653	297	ESTIMABLE
2026_all5mer	one_sided_high_p_reference	0.9	POSTHOC_TARGETED_SUPPLEMENTARY_ANALYSIS	5mers_A_RNA_sparse_seq_19	0	74940	73016	13762	175	0.01271617497456765	0.002396734962200066	0.8970901707240514	1.0	156.99077987670898	175	166	175	9	ESTIMABLE
2026_all5mer	one_sided_high_p_reference	0.9	POSTHOC_TARGETED_SUPPLEMENTARY_ANALYSIS	5mers_A_RNA_sparse_seq_19	1	73293	70540	70027	53259	0.7605495023348137	0.7550184292599943	0.0005555961633382606	0.0	29.590496063232422	0	53041	53259	218	ESTIMABLE
2026_all5mer	one_sided_high_p_reference	0.9	POSTHOC_TARGETED_SUPPLEMENTARY_ANALYSIS	5mers_A_RNA_sparse_seq_20	0	75427	73849	27734	987	0.03558808682483594	0.013365109886389795	0.9037023039936657	1.0	891.954174041748	987	958	987	29	ESTIMABLE
2026_all5mer	one_sided_high_p_reference	0.9	POSTHOC_TARGETED_SUPPLEMENTARY_ANALYSIS	5mers_A_RNA_sparse_seq_20	1	75137	72786	72206	49474	0.6851785170207462	0.6797186272085292	0.0008998017604673825	0.0	44.51679229736328	0	49153	49474	321	ESTIMABLE
2026_all5mer	one_sided_high_p_reference	0.9	POSTHOC_TARGETED_SUPPLEMENTARY_ANALYSIS	5mers_A_RNA_sparse_seq_21	0	74673	73737	20124	317	0.01575233551977738	0.004299062885661202	0.8972039568687463	1.0	284.4136543273926	317	307	317	10	ESTIMABLE
2026_all5mer	one_sided_high_p_reference	0.9	POSTHOC_TARGETED_SUPPLEMENTARY_ANALYSIS	5mers_A_RNA_sparse_seq_21	1	71724	70875	70175	54050	0.7702173138582116	0.7626102292768959	0.0007158821098899312	0.0	38.69342803955078	0	53779	54050	271	ESTIMABLE
2026_all5mer	one_sided_high_p_reference	0.9	POSTHOC_TARGETED_SUPPLEMENTARY_ANALYSIS	5mers_A_RNA_sparse_seq_22	0	73671	72255	27698	557	0.020109755216983174	0.007708809078956474	0.8948869208673172	1.0	498.4520149230957	557	529	557	28	ESTIMABLE
2026_all5mer	one_sided_high_p_reference	0.9	POSTHOC_TARGETED_SUPPLEMENTARY_ANALYSIS	5mers_A_RNA_sparse_seq_22	1	70591	68555	67673	37991	0.5613908057866505	0.5541681861279265	0.001414204600209332	0.0	53.727046966552734	0	37543	37991	448	ESTIMABLE
2026_all5mer	one_sided_high_p_reference	0.9	POSTHOC_TARGETED_SUPPLEMENTARY_ANALYSIS	5mers_A_RNA_sparse_seq_23	0	73766	72838	22688	433	0.01908497884344147	0.005944699195474889	0.8970468798630783	1.0	388.4212989807129	433	411	433	22	ESTIMABLE
2026_all5mer	one_sided_high_p_reference	0.9	POSTHOC_TARGETED_SUPPLEMENTARY_ANALYSIS	5mers_A_RNA_sparse_seq_23	1	72664	71284	70615	46195	0.654181122990866	0.6480416362718141	0.0010606424905789571	0.0	48.99637985229492	0	45847	46195	348	ESTIMABLE
2026_all5mer	one_sided_high_p_reference	0.9	POSTHOC_TARGETED_SUPPLEMENTARY_ANALYSIS	5mers_A_RNA_sparse_seq_24	0	75139	74104	26394	526	0.019928771690535727	0.00709813235452877	0.8937205470560168	1.0	470.09700775146484	526	500	526	26	ESTIMABLE
2026_all5mer	one_sided_high_p_reference	0.9	POSTHOC_TARGETED_SUPPLEMENTARY_ANALYSIS	5mers_A_RNA_sparse_seq_24	1	73599	72358	71996	52547	0.7298599922217901	0.726208574034661	0.0008791895337587288	0.0	46.19877243041992	0	52215	52547	332	ESTIMABLE
2026_all5mer	one_sided_high_p_reference	0.9	POSTHOC_TARGETED_SUPPLEMENTARY_ANALYSIS	5mers_A_RNA_sparse_seq_25	0	73151	72225	21884	321	0.01466825077682325	0.0044444444444444444	0.887946595284055	1.0	285.03085708618164	321	307	321	14	ESTIMABLE
2026_all5mer	one_sided_high_p_reference	0.9	POSTHOC_TARGETED_SUPPLEMENTARY_ANALYSIS	5mers_A_RNA_sparse_seq_25	1	73872	73023	71887	50984	0.7092241990902388	0.6981909809238185	0.0007513205783999024	0.0	38.305328369140625	0	50728	50984	256	ESTIMABLE
2026_all5mer	one_sided_high_p_reference	0.9	POSTHOC_TARGETED_SUPPLEMENTARY_ANALYSIS	5mers_A_RNA_sparse_seq_26	0	72282	71237	21806	228	0.010455837842795562	0.0032005839661973412	0.8948264540287486	1.0	204.0204315185547	228	219	228	9	ESTIMABLE
2026_all5mer	one_sided_high_p_reference	0.9	POSTHOC_TARGETED_SUPPLEMENTARY_ANALYSIS	5mers_A_RNA_sparse_seq_26	1	73099	72290	71845	49761	0.6926160484376087	0.6883524692211924	0.0009575826926586034	0.0	47.650272369384766	0	49379	49761	382	ESTIMABLE
2026_all5mer	one_sided_high_p_reference	0.9	POSTHOC_TARGETED_SUPPLEMENTARY_ANALYSIS	5mers_A_RNA_sparse_seq_27	0	73821	72695	18495	253	0.013679372803460394	0.0034802943806314054	0.9012617179056401	1.0	228.01921463012695	253	245	253	8	ESTIMABLE
2026_all5mer	one_sided_high_p_reference	0.9	POSTHOC_TARGETED_SUPPLEMENTARY_ANALYSIS	5mers_A_RNA_sparse_seq_27	1	74217	73413	72733	55652	0.7651547440639049	0.758067372263768	0.0007242065530586558	0.0	40.30354309082031	0	55367	55652	285	ESTIMABLE
2026_all5mer	one_sided_high_p_reference	0.9	POSTHOC_TARGETED_SUPPLEMENTARY_ANALYSIS	5mers_A_RNA_sparse_seq_28	0	73628	72566	17403	138	0.007929667298741597	0.001901717057575173	0.9015417237212693	1.0	124.41275787353516	138	135	138	3	ESTIMABLE
2026_all5mer	one_sided_high_p_reference	0.9	POSTHOC_TARGETED_SUPPLEMENTARY_ANALYSIS	5mers_A_RNA_sparse_seq_28	1	72386	70997	69357	53242	0.767651426676471	0.7499190106624224	0.0005753758856322459	0.0	30.63416290283203	0	53022	53242	220	ESTIMABLE
2026_all5mer	one_sided_high_p_reference	0.9	POSTHOC_TARGETED_SUPPLEMENTARY_ANALYSIS	5mers_A_RNA_sparse_seq_29	0	74562	73326	15919	311	0.019536403040391986	0.004241333224231514	0.896759904082565	1.0	278.89233016967773	311	296	311	15	ESTIMABLE
2026_all5mer	one_sided_high_p_reference	0.9	POSTHOC_TARGETED_SUPPLEMENTARY_ANALYSIS	5mers_A_RNA_sparse_seq_29	1	72071	70884	70555	57340	0.8126993125930125	0.808927261441228	0.0006268799658390467	0.0	35.94529724121094	0	57092	57340	248	ESTIMABLE
2026_all5mer	one_sided_high_p_reference	0.9	POSTHOC_TARGETED_SUPPLEMENTARY_ANALYSIS	5mers_A_RNA_sparse_seq_30	0	72183	70766	25263	224	0.00886672208367969	0.0031653618969561654	0.8964885984148298	1.0	200.81344604492188	224	220	224	4	ESTIMABLE
2026_all5mer	one_sided_high_p_reference	0.9	POSTHOC_TARGETED_SUPPLEMENTARY_ANALYSIS	5mers_A_RNA_sparse_seq_30	1	69412	68036	67464	42161	0.6249407091189375	0.619686636486566	0.0011182495364738833	0.0	47.14651870727539	0	41769	42161	392	ESTIMABLE
2026_all5mer	one_sided_high_p_reference	0.9	POSTHOC_TARGETED_SUPPLEMENTARY_ANALYSIS	5mers_A_RNA_sparse_seq_31	0	74005	72861	15271	191	0.0125073669045904	0.0026214298458709048	0.8949987401512904	1.0	170.94475936889648	191	185	191	6	ESTIMABLE
2026_all5mer	one_sided_high_p_reference	0.9	POSTHOC_TARGETED_SUPPLEMENTARY_ANALYSIS	5mers_A_RNA_sparse_seq_31	1	73462	72502	71628	56938	0.7949126040096052	0.7853300598604176	0.000686377652256141	0.0	39.080970764160156	0	56663	56938	275	ESTIMABLE
2026_all5mer	one_sided_high_p_reference	0.9	POSTHOC_TARGETED_SUPPLEMENTARY_ANALYSIS	5mers_A_RNA_sparse_seq_32	0	71128	69829	27134	512	0.018869315250239552	0.007332197224648785	0.8962113857269287	1.0	458.8602294921875	512	491	512	21	ESTIMABLE
2026_all5mer	one_sided_high_p_reference	0.9	POSTHOC_TARGETED_SUPPLEMENTARY_ANALYSIS	5mers_A_RNA_sparse_seq_32	1	71433	70544	70001	45787	0.6540906558477736	0.6490559083692448	0.0010913980762985655	0.0	49.97184371948242	0	45423	45787	364	ESTIMABLE
2026_all5mer	one_sided_high_p_reference	0.9	POSTHOC_TARGETED_SUPPLEMENTARY_ANALYSIS	ALL	0	2360963	2326496	680046	11173	0.016429770927260803	0.00480250127229963	0.8973957851474441	1.0	10026.603107452393	11173	10699	11173	474	ESTIMABLE
2026_all5mer	one_sided_high_p_reference	0.9	POSTHOC_TARGETED_SUPPLEMENTARY_ANALYSIS	ALL	1	2321542	2282238	2260276	1630670	0.7214472922775803	0.7145047974838733	0.0008275935690912684	0.0	1349.5320053100586	0	1620807	1630670	9863	ESTIMABLE
