release	policy	threshold	analysis_class	construct	opportunities	N	O	S	loss_sum	error_count	definite_retained	possible_retained	ambiguous_retention	Brier_observed	Brier_equal_class	risk_observed	risk_equal_class	balanced_accuracy	coverage_S_over_O	coverage_S_over_N	state	N_class_0	O_class_0	S_class_0	brier_class_0	risk_class_0	coverage_S_over_O_class_0	coverage_S_over_N_class_0	ambiguous_retention_class_0	N_class_1	O_class_1	S_class_1	brier_class_1	risk_class_1	coverage_S_over_O_class_1	coverage_S_over_N_class_1	ambiguous_retention_class_1
2025_DRACH	explicit_baseline	0.5	POSTHOC_TARGETED_SUPPLEMENTARY_ANALYSIS	DRACH_oligo_0	78921	78221	42504	42504	1874.8167114257812	2691	42504	42504	0	0.04410918293397754	0.07987184107518738	0.0633116883116883	0.10093587649455771	0.8990641235054423	1.0	0.543383490367037	ESTIMABLE	39081	3655	3655	0.12306261284406796	0.146374829001368	1.0	0.09352370717228321	0	39140	38849	38849	0.0366810693063068	0.05549692398774743	1.0	0.99256515074093	0
2025_DRACH	explicit_baseline	0.5	POSTHOC_TARGETED_SUPPLEMENTARY_ANALYSIS	DRACH_oligo_1	78279	77439	41946	41946	1589.6301040649414	2242	41946	41946	0	0.037897060603274246	0.0727480960577689	0.05344967338959615	0.09224132334498564	0.9077586766550143	1.0	0.54166505249293	ESTIMABLE	38816	3535	3535	0.11466407074449424	0.13889674681753889	1.0	0.09107069249793899	0	38623	38411	38411	0.030832121371043564	0.045585899872432376	1.0	0.9945110426429847	0
2025_DRACH	explicit_baseline	0.5	POSTHOC_TARGETED_SUPPLEMENTARY_ANALYSIS	DRACH_oligo_2	79007	77733	45197	45197	2422.7884101867676	3452	45197	45197	0	0.053605071358425724	0.07933199666837987	0.07637675066929221	0.10493838823942124	0.8950616117605787	1.0	0.5814390284692473	ESTIMABLE	39238	6944	6944	0.11647083352787703	0.1461693548387097	1.0	0.17697130332840613	0	38495	38253	38253	0.04219315980888269	0.0637074216401328	1.0	0.9937134692817249	0
2025_DRACH	explicit_baseline	0.5	POSTHOC_TARGETED_SUPPLEMENTARY_ANALYSIS	DRACH_oligo_3	78788	77963	42219	42219	1418.0536613464355	1987	42219	42219	0	0.03358804475109395	0.08566106236224635	0.04706411805111443	0.1044541744876146	0.8955458255123854	1.0	0.5415261085386658	ESTIMABLE	39295	3732	3732	0.1489173055078439	0.17416934619506966	1.0	0.09497391525639394	0	38668	38487	38487	0.022404819216648792	0.03473900278015953	1.0	0.9953191269266577	0
2025_DRACH	explicit_baseline	0.5	POSTHOC_TARGETED_SUPPLEMENTARY_ANALYSIS	DRACH_oligo_4	78833	77771	41506	41506	1240.2864456176758	1782	41506	41506	0	0.029882100072704566	0.06649231081665674	0.042933551775646894	0.08284280752795882	0.9171571924720412	1.0	0.533695079142611	ESTIMABLE	39107	3011	3011	0.10931565111477642	0.12952507472600466	1.0	0.07699388856215	0	38664	38495	38495	0.023668970518537058	0.03616054032991298	1.0	0.9956290088971653	0
2025_DRACH	explicit_baseline	0.5	POSTHOC_TARGETED_SUPPLEMENTARY_ANALYSIS	ALL	393828	389127	213372	213372	8545.575332641602	12154	213372	213372	0	0.04005012528654932	0.07661998851878646	0.05696155071893219	0.09735618344059944	0.9026438165594005	1.0	0.548335119382618	ESTIMABLE	195537	20877	20877	0.12208715896471231	0.1475786750969967	1.0	0.10676751714509275	0	193590	192495	192495	0.03115281807286061	0.04713369178420219	1.0	0.9943437161010382	0
2025_DRACH	symmetric_confidence	0.5	POSTHOC_TARGETED_SUPPLEMENTARY_ANALYSIS	DRACH_oligo_0	78921	78221	42504	42504	1874.8167114257812	2691	42504	42504	0	0.04410918293397754	0.07987184107518738	0.0633116883116883	0.10093587649455771	0.8990641235054423	1.0	0.543383490367037	ESTIMABLE	39081	3655	3655	0.12306261284406796	0.146374829001368	1.0	0.09352370717228321	0	39140	38849	38849	0.0366810693063068	0.05549692398774743	1.0	0.99256515074093	0
2025_DRACH	symmetric_confidence	0.5	POSTHOC_TARGETED_SUPPLEMENTARY_ANALYSIS	DRACH_oligo_1	78279	77439	41946	41946	1589.6301040649414	2242	41946	41946	0	0.037897060603274246	0.0727480960577689	0.05344967338959615	0.09224132334498564	0.9077586766550143	1.0	0.54166505249293	ESTIMABLE	38816	3535	3535	0.11466407074449424	0.13889674681753889	1.0	0.09107069249793899	0	38623	38411	38411	0.030832121371043564	0.045585899872432376	1.0	0.9945110426429847	0
2025_DRACH	symmetric_confidence	0.5	POSTHOC_TARGETED_SUPPLEMENTARY_ANALYSIS	DRACH_oligo_2	79007	77733	45197	45197	2422.7884101867676	3452	45197	45197	0	0.053605071358425724	0.07933199666837987	0.07637675066929221	0.10493838823942124	0.8950616117605787	1.0	0.5814390284692473	ESTIMABLE	39238	6944	6944	0.11647083352787703	0.1461693548387097	1.0	0.17697130332840613	0	38495	38253	38253	0.04219315980888269	0.0637074216401328	1.0	0.9937134692817249	0
2025_DRACH	symmetric_confidence	0.5	POSTHOC_TARGETED_SUPPLEMENTARY_ANALYSIS	DRACH_oligo_3	78788	77963	42219	42219	1418.0536613464355	1987	42219	42219	0	0.03358804475109395	0.08566106236224635	0.04706411805111443	0.1044541744876146	0.8955458255123854	1.0	0.5415261085386658	ESTIMABLE	39295	3732	3732	0.1489173055078439	0.17416934619506966	1.0	0.09497391525639394	0	38668	38487	38487	0.022404819216648792	0.03473900278015953	1.0	0.9953191269266577	0
2025_DRACH	symmetric_confidence	0.5	POSTHOC_TARGETED_SUPPLEMENTARY_ANALYSIS	DRACH_oligo_4	78833	77771	41506	41506	1240.2864456176758	1782	41506	41506	0	0.029882100072704566	0.06649231081665674	0.042933551775646894	0.08284280752795882	0.9171571924720412	1.0	0.533695079142611	ESTIMABLE	39107	3011	3011	0.10931565111477642	0.12952507472600466	1.0	0.07699388856215	0	38664	38495	38495	0.023668970518537058	0.03616054032991298	1.0	0.9956290088971653	0
2025_DRACH	symmetric_confidence	0.5	POSTHOC_TARGETED_SUPPLEMENTARY_ANALYSIS	ALL	393828	389127	213372	213372	8545.575332641602	12154	213372	213372	0	0.04005012528654932	0.07661998851878646	0.05696155071893219	0.09735618344059944	0.9026438165594005	1.0	0.548335119382618	ESTIMABLE	195537	20877	20877	0.12208715896471231	0.1475786750969967	1.0	0.10676751714509275	0	193590	192495	192495	0.03115281807286061	0.04713369178420219	1.0	0.9943437161010382	0
2025_DRACH	symmetric_confidence	0.6	POSTHOC_TARGETED_SUPPLEMENTARY_ANALYSIS	DRACH_oligo_0	78921	78221	42504	41109	1529.0645637512207	2025	41109	41159	50	0.03719537239415264	0.07070248708231018	0.04925928628767423	0.08150728787545825	0.9184927121245418	0.9671795595708639	0.5255494048912696	ESTIMABLE	39081	3655	3302	0.11062261395422637	0.11992731677771049	0.9034199726402189	0.08449118497479594	13	39140	38849	37807	0.03078236021039398	0.04308725897320602	0.9731782027851424	0.9659427695452223	37
2025_DRACH	symmetric_confidence	0.6	POSTHOC_TARGETED_SUPPLEMENTARY_ANALYSIS	DRACH_oligo_1	78279	77439	41946	40778	1298.4452896118164	1702	40778	40831	53	0.031841809054191386	0.06367396936182775	0.041738192162440534	0.07345001989470898	0.926549980105291	0.9721546750584085	0.52658221309676	ESTIMABLE	38816	3535	3205	0.10144316841399242	0.11107644305772231	0.9066478076379066	0.08256904369332234	17	38623	38411	37573	0.025904770309663074	0.035823596731695634	0.9781833328994298	0.9728141262978018	36
2025_DRACH	symmetric_confidence	0.6	POSTHOC_TARGETED_SUPPLEMENTARY_ANALYSIS	DRACH_oligo_2	79007	77733	45197	43204	1926.3243255615234	2522	43204	43298	94	0.04458671247017691	0.06826171927661141	0.058374224608832515	0.0822853196910984	0.9177146803089016	0.9559041529305042	0.5557999819896312	ESTIMABLE	39238	6944	6207	0.10148208283832612	0.11583695827291768	0.8938652073732719	0.15818849074876395	42	38495	38253	36997	0.0350413557148967	0.04873368110927913	0.9671659739105429	0.9610858553058839	52
2025_DRACH	symmetric_confidence	0.6	POSTHOC_TARGETED_SUPPLEMENTARY_ANALYSIS	DRACH_oligo_3	78788	77963	42219	41311	1194.0497398376465	1569	41311	41336	25	0.028903917596709024	0.07931762093340677	0.03798019897848031	0.08891586366595544	0.9110841363340445	0.9784930955257112	0.5298795582519913	ESTIMABLE	39295	3732	3390	0.13962981862656135	0.14985250737463127	0.9083601286173634	0.08627051787759257	8	38668	38487	37921	0.019005423240252197	0.027979219957279606	0.9852937355470679	0.9806817006310127	17
2025_DRACH	symmetric_confidence	0.6	POSTHOC_TARGETED_SUPPLEMENTARY_ANALYSIS	DRACH_oligo_4	78833	77771	41506	40555	1006.4985160827637	1359	40555	40601	46	0.024818111603569563	0.05651250984079348	0.03351004808285045	0.06394429891523272	0.9360557010847673	0.9770876499783164	0.5214668706844453	ESTIMABLE	39107	3011	2667	0.0930068263142217	0.09898762654668167	0.8857522417801394	0.0681975093972946	14	38664	38495	37888	0.020018193367365246	0.028900971283783782	0.9842317184049877	0.9799296503207118	32
2025_DRACH	symmetric_confidence	0.6	POSTHOC_TARGETED_SUPPLEMENTARY_ANALYSIS	ALL	393828	389127	213372	206957	6954.382434844971	9177	206957	207225	268	0.03360303074960002	0.0674370291092489	0.04434254458655663	0.0781696794376662	0.9218303205623338	0.9699351367564629	0.531849499006751	ESTIMABLE	195537	20877	18771	0.10876856881067944	0.11949283469181184	0.8991234372754706	0.09599717700486353	94	193590	192495	188186	0.026105489407818365	0.03684652418352056	0.9776150029870906	0.9720853349863112	174
2025_DRACH	symmetric_confidence	0.7	POSTHOC_TARGETED_SUPPLEMENTARY_ANALYSIS	DRACH_oligo_0	78921	78221	42504	39559	1156.3007164001465	1415	39488	39559	71	0.029229776192526265	0.06046907438472782	0.03576935716271898	0.064720275864544	0.935279724135456	0.9307124035384905	0.5057337543626392	ESTIMABLE	39081	3655	2861	0.0969910886645192	0.09856693463823837	0.7827633378932969	0.07320692919833167	16	39140	38849	36698	0.023947060104936427	0.030873617090849636	0.9446317794537826	0.9376085845682166	55
2025_DRACH	symmetric_confidence	0.7	POSTHOC_TARGETED_SUPPLEMENTARY_ANALYSIS	DRACH_oligo_1	78279	77439	41946	39617	1031.650547027588	1282	39575	39617	42	0.026040602444091877	0.055499059461037746	0.032359845520862254	0.061228450152784775	0.9387715498472152	0.9444762313450626	0.511589767429848	ESTIMABLE	38816	3535	2844	0.08989605588416677	0.0949367088607595	0.8045261669024045	0.07326875515251442	16	38623	38411	36773	0.021102063037908726	0.02752019144481005	0.9573559657389811	0.9521010796675556	26
2025_DRACH	symmetric_confidence	0.7	POSTHOC_TARGETED_SUPPLEMENTARY_ANALYSIS	DRACH_oligo_2	79007	77733	45197	41110	1436.7375106811523	1746	41020	41110	90	0.03494861373585873	0.05706953607948512	0.04247141814643639	0.06419574209361198	0.935804257906388	0.9095736442684249	0.5288616160446657	ESTIMABLE	39238	6944	5431	0.08713404009781628	0.09372122997606334	0.7821140552995391	0.13841174371782455	40	38495	38253	35679	0.02700503206115396	0.03467025421116063	0.9327111599090268	0.9268476425509806	50
2025_DRACH	symmetric_confidence	0.7	POSTHOC_TARGETED_SUPPLEMENTARY_ANALYSIS	DRACH_oligo_3	78788	77963	42219	40241	939.9356727600098	1160	40192	40241	49	0.023357661906016496	0.07333053680448325	0.02882632141348376	0.07866156392976072	0.9213384360702392	0.9531490561121769	0.5161550992137296	ESTIMABLE	39295	3732	2941	0.1318583885693542	0.1370282216933016	0.7880493033226152	0.07484412775162234	16	38668	38487	37300	0.014802685039612308	0.020294906166219838	0.9691584171278613	0.9646219095893245	33
2025_DRACH	symmetric_confidence	0.7	POSTHOC_TARGETED_SUPPLEMENTARY_ANALYSIS	DRACH_oligo_4	78833	77771	41506	39464	746.0921630859375	936	39420	39464	44	0.0189056396484375	0.04595453387163445	0.023717818771538616	0.04878266325374613	0.9512173367462539	0.9508022936442924	0.5074385053554666	ESTIMABLE	39107	3011	2282	0.0765407104224724	0.07712532865907099	0.7578877449352375	0.058352724576162834	17	38664	38495	37182	0.0153683573207965	0.02043999784842128	0.9658916742434083	0.9616697703289883	27
2025_DRACH	symmetric_confidence	0.7	POSTHOC_TARGETED_SUPPLEMENTARY_ANALYSIS	ALL	393828	389127	213372	199991	5310.716609954834	6539	199695	199991	296	0.026554778014784834	0.05813894723169444	0.032696471341210356	0.06346449163992145	0.9365355083600786	0.9372879290628574	0.5139478884785686	ESTIMABLE	195537	20877	16359	0.09590086688315623	0.10025062656641603	0.7835895962063515	0.08366191564767793	105	193590	192495	183632	0.020377027580232646	0.026678356713426853	0.953957245642744	0.948561392633917	191
2025_DRACH	symmetric_confidence	0.8	POSTHOC_TARGETED_SUPPLEMENTARY_ANALYSIS	DRACH_oligo_0	78921	78221	42504	37669	772.7144050598145	880	37669	37759	90	0.020513270993650336	0.05368090256003388	0.02336138469298362	0.05652711834043961	0.9434728816595603	0.8862460003764352	0.48157144500837373	ESTIMABLE	39081	3655	2311	0.09148740582732295	0.09433145824318477	0.6322845417236662	0.05913359432972544	31	39140	38849	35358	0.015874399292744812	0.01872277843769444	0.9101392571237354	0.9033725089422585	59
2025_DRACH	symmetric_confidence	0.8	POSTHOC_TARGETED_SUPPLEMENTARY_ANALYSIS	DRACH_oligo_1	78279	77439	41946	37924	668.8852081298828	765	37924	38013	89	0.017637517353915274	0.04619816848650679	0.02017192279295433	0.04880576617692136	0.9511942338230787	0.9041148142850332	0.48972739833933804	ESTIMABLE	38816	3535	2286	0.07867400602405779	0.08136482939632546	0.6466760961810467	0.058893239901071724	29	38623	38411	35638	0.013722330948955797	0.016246702957517258	0.9278071385800942	0.9227144447608938	60
2025_DRACH	symmetric_confidence	0.8	POSTHOC_TARGETED_SUPPLEMENTARY_ANALYSIS	DRACH_oligo_2	79007	77733	45197	38650	951.8172988891602	1078	38650	38764	114	0.024626579531414235	0.04626203676761711	0.027891332470892625	0.04941328763770071	0.9505867123622993	0.855145253003518	0.49721482510645415	ESTIMABLE	39238	6944	4423	0.07431902315129853	0.07732308387971965	0.6369527649769585	0.11272236097660432	42	38495	38253	34227	0.01820505038393569	0.02150349139568177	0.8947533526782213	0.88912845824133	72
2025_DRACH	symmetric_confidence	0.8	POSTHOC_TARGETED_SUPPLEMENTARY_ANALYSIS	DRACH_oligo_3	78788	77963	42219	38734	605.3032455444336	677	38734	38797	63	0.015627181430898786	0.06982525901831664	0.017478184540713586	0.07237008931608284	0.9276299106839172	0.9174542267699377	0.49682541718507495	ESTIMABLE	39295	3732	2274	0.1312336816846433	0.1345646437994723	0.6093247588424437	0.05786995800992493	26	38668	38487	36460	0.008416836351989981	0.010175534832693362	0.9473328656429444	0.9428985207406642	37
2025_DRACH	symmetric_confidence	0.8	POSTHOC_TARGETED_SUPPLEMENTARY_ANALYSIS	DRACH_oligo_4	78833	77771	41506	38254	483.01049041748047	559	38254	38307	53	0.012626404831324317	0.03813721191804936	0.014612850943692163	0.04022220423251355	0.9597777957674865	0.921649881944779	0.49188000668629694	ESTIMABLE	39107	3011	1810	0.06631444857265409	0.06850828729281767	0.6011291929591498	0.04628327409415194	25	38664	38495	36444	0.009959975263444642	0.011936121172209418	0.9467203532926354	0.9425822470515208	28
2025_DRACH	symmetric_confidence	0.8	POSTHOC_TARGETED_SUPPLEMENTARY_ANALYSIS	ALL	393828	389127	213372	191231	3481.7306480407715	3959	191231	191640	409	0.018206936365133118	0.05001636157011946	0.02070271033462148	0.05268363698444484	0.9473163630155552	0.8962328702922595	0.49143595792633255	ESTIMABLE	195537	20877	13104	0.08687757601522555	0.08974358974358974	0.6276763902859607	0.06701544976142623	153	193590	192495	178127	0.013155147125013367	0.015623684225299927	0.9253591002363698	0.9201250064569451	256
2025_DRACH	symmetric_confidence	0.9	POSTHOC_TARGETED_SUPPLEMENTARY_ANALYSIS	DRACH_oligo_0	78921	78221	42504	34881	378.10754776000977	401	34728	34881	153	0.010839928550213863	0.049723047290210654	0.011496230039276398	0.050681404170975275	0.9493185958290247	0.8206521739130435	0.44592884263816623	ESTIMABLE	39081	3655	1435	0.09209229738454786	0.09337979094076655	0.39261285909712723	0.03671861006627261	36	39140	38849	33446	0.007353797195873456	0.007983017401183998	0.8609230610826534	0.8545222278998467	117
2025_DRACH	symmetric_confidence	0.9	POSTHOC_TARGETED_SUPPLEMENTARY_ANALYSIS	DRACH_oligo_1	78279	77439	41946	35551	322.03161239624023	343	35401	35551	150	0.00905829969329246	0.04240027685714755	0.009648111164242919	0.04407454720271893	0.955925452797281	0.8475420779096934	0.45908392412092097	ESTIMABLE	38816	3535	1494	0.0788017334229496	0.08165997322623829	0.42263083451202266	0.03848928276999176	56	38623	38411	34057	0.005998820291345495	0.0064891211791995775	0.8866470542292573	0.8817802863578696	94
2025_DRACH	symmetric_confidence	0.9	POSTHOC_TARGETED_SUPPLEMENTARY_ANALYSIS	DRACH_oligo_2	79007	77733	45197	34937	453.35107803344727	480	34711	34937	226	0.012976245185146042	0.0381171958785354	0.013739015942983084	0.039252349695124165	0.9607476503048759	0.7729937827731929	0.44944875406841367	ESTIMABLE	39238	6944	2787	0.0680306718304117	0.06960889845712236	0.4013536866359447	0.07102808501962384	119	38495	38253	32150	0.008203719926659093	0.008895800933125971	0.8404569576242387	0.8351733991427458	107
2025_DRACH	symmetric_confidence	0.9	POSTHOC_TARGETED_SUPPLEMENTARY_ANALYSIS	DRACH_oligo_3	78788	77963	42219	36825	338.41199111938477	354	36721	36825	104	0.009189734993058649	0.08389633192070847	0.009613034623217923	0.08614572127910361	0.9138542787208964	0.8722376181340155	0.4723394430691482	ESTIMABLE	39295	3732	1374	0.1646273361716902	0.16885007278020378	0.36816720257234725	0.03496628069728973	50	38668	38487	35451	0.003165327669726733	0.0034413697780034413	0.9211162210616571	0.9168045929450709	54
2025_DRACH	symmetric_confidence	0.9	POSTHOC_TARGETED_SUPPLEMENTARY_ANALYSIS	DRACH_oligo_4	78833	77771	41506	36509	216.0137825012207	231	36425	36509	84	0.005916726902988871	0.02975856806789544	0.006327206990057246	0.03034582952656252	0.9696541704734375	0.8796077675516792	0.46944233711794886	ESTIMABLE	39107	3011	1074	0.05509082787085734	0.055865921787709494	0.35669212886084356	0.02746311402050784	36	38664	38495	35435	0.004426308264933538	0.00482573726541555	0.920509157033381	0.9164856196979102	48
2025_DRACH	symmetric_confidence	0.9	POSTHOC_TARGETED_SUPPLEMENTARY_ANALYSIS	ALL	393828	389127	213372	178703	1707.9160118103027	1809	177986	178703	717	0.009557287856445067	0.04727525435240636	0.010122941416764128	0.0485717267831156	0.9514282732168844	0.8375185122696511	0.4592408134105318	ESTIMABLE	195537	20877	8164	0.08878603967482526	0.09088682018618324	0.3910523542654596	0.04175168893866634	297	193590	192495	170539	0.005764469029987448	0.0062566333800479655	0.8859398945427154	0.8809287669817656	420
2025_DRACH	symmetric_confidence	0.95	POSTHOC_TARGETED_SUPPLEMENTARY_ANALYSIS	DRACH_oligo_0	78921	78221	42504	32010	158.1855239868164	160	31677	32010	333	0.004941753326673427	0.10080241239227508	0.00499843798812871	0.10301320456726516	0.8969867954327349	0.7531055900621118	0.40922514414287725	ESTIMABLE	39081	3655	514	0.19984378146754164	0.20428015564202334	0.14062927496580027	0.013152171131752002	115	39140	38849	31496	0.001761043317008509	0.001746253492506985	0.810728718885943	0.8047010730710271	218
2025_DRACH	symmetric_confidence	0.95	POSTHOC_TARGETED_SUPPLEMENTARY_ANALYSIS	DRACH_oligo_1	78279	77439	41946	33001	119.35406875610352	121	32696	33001	305	0.003616680365931442	0.06658205256438571	0.003666555558922457	0.06879388244969369	0.9312061175503064	0.7867496304772803	0.42615477989126926	ESTIMABLE	38816	3535	558	0.13175126215890318	0.13620071684587814	0.15785007072135784	0.014375515251442704	111	38623	38411	32443	0.0014128429698682472	0.0013870480535092317	0.8446278409830518	0.8399917147813479	194
2025_DRACH	symmetric_confidence	0.95	POSTHOC_TARGETED_SUPPLEMENTARY_ANALYSIS	DRACH_oligo_2	79007	77733	45197	30878	170.31249237060547	173	30361	30878	517	0.0055156581504827214	0.06684431882265711	0.0056026944750307665	0.06882231443322348	0.9311776855667765	0.6831869371860965	0.39723154902036456	ESTIMABLE	39238	6944	876	0.13186204814475422	0.1358447488584475	0.1261520737327189	0.02232529690606045	233	38495	38253	30002	0.0018265895005599886	0.0017998800079994668	0.784304498993543	0.7793739446681387	284
2025_DRACH	symmetric_confidence	0.95	POSTHOC_TARGETED_SUPPLEMENTARY_ANALYSIS	DRACH_oligo_3	78788	77963	42219	34937	201.78500747680664	205	34713	34937	224	0.005775682155789182	0.2300606953723338	0.005867704725649026	0.2350610678576	0.7649389321424	0.8275184158791066	0.4481228274950938	ESTIMABLE	39295	3732	394	0.45952116293350453	0.46954314720812185	0.10557341907824223	0.010026720956864741	110	38668	38487	34543	0.0006002278111630681	0.0005789885070781345	0.8975238392184374	0.893322644046757	114
2025_DRACH	symmetric_confidence	0.95	POSTHOC_TARGETED_SUPPLEMENTARY_ANALYSIS	DRACH_oligo_4	78833	77771	41506	34881	78.48248672485352	80	34683	34881	198	0.0022500067866418256	0.044406351583562584	0.0022935122272870617	0.04575079599119601	0.954249204008804	0.8403845227196068	0.4485090843630659	ESTIMABLE	39107	3011	399	0.08754972108922209	0.09022556390977443	0.13251411491198936	0.010202776996445648	105	38664	38495	34482	0.0012629820779030772	0.0012760280726175975	0.8957526951552149	0.8918373680943513	93
2025_DRACH	symmetric_confidence	0.95	POSTHOC_TARGETED_SUPPLEMENTARY_ANALYSIS	ALL	393828	389127	213372	165707	728.1195793151855	739	164130	165707	1577	0.004394018232876013	0.09329415238016218	0.004459678830707212	0.09570715835856795	0.9042928416414321	0.7766108017921751	0.4258429767145431	ESTIMABLE	195537	20877	2741	0.18523595003436316	0.19007661437431594	0.13129281026967476	0.01401780737149491	674	193590	192495	162966	0.0013523547259612196	0.0013377023428199747	0.8465986129509857	0.8418100108476677	903
2025_DRACH	symmetric_confidence	0.99	POSTHOC_TARGETED_SUPPLEMENTARY_ANALYSIS	DRACH_oligo_0	78921	78221	42504	26989	71.85231399536133	72	25386	26989	1603	0.0026622814478254597	0.19473063839102925	0.0026677535292156064	0.19599965371952763	0.8040003462804723	0.6349755317146621	0.3450352207207783	ESTIMABLE	39081	3655	171	0.3892640900193599	0.391812865497076	0.046785225718194254	0.004375527750057573	43	39140	38849	26818	0.0001971867626985898	0.00018644194197926764	0.6903137789904502	0.6851814001021972	1560
2025_DRACH	symmetric_confidence	0.99	POSTHOC_TARGETED_SUPPLEMENTARY_ANALYSIS	DRACH_oligo_1	78279	77439	41946	28626	42.879005432128906	43	27068	28626	1558	0.0014979041931156608	0.08443420672452788	0.0015021309299238454	0.08522740457970981	0.9147725954202902	0.6824488628236304	0.3696586991051021	ESTIMABLE	38816	3535	194	0.16851008307073534	0.17010309278350516	0.05487977369165488	0.004997938994229184	47	38623	38411	28432	0.0003583303783204224	0.00035171637591446255	0.7402046288823514	0.7361416772389509	1511
2025_DRACH	symmetric_confidence	0.99	POSTHOC_TARGETED_SUPPLEMENTARY_ANALYSIS	DRACH_oligo_2	79007	77733	45197	24946	55.86267852783203	56	23118	24946	1828	0.002239344124422033	0.0977413609467156	0.0022448488735669044	0.09854669369147584	0.9014533063085242	0.5519392880058411	0.32091904339212435	ESTIMABLE	39238	6944	254	0.1952286066971426	0.1968503937007874	0.036578341013824886	0.006473316682807482	67	38495	38253	24692	0.0002541151962885879	0.00024299368216426374	0.645491856847829	0.6414339524613586	1761
2025_DRACH	symmetric_confidence	0.99	POSTHOC_TARGETED_SUPPLEMENTARY_ANALYSIS	DRACH_oligo_3	78788	77963	42219	32242	128.5196304321289	129	31265	32242	977	0.003986093618017769	0.38136687029324584	0.004000992494262143	0.38349792890519324	0.6165020710948068	0.7636845969824013	0.4135551479547991	ESTIMABLE	39295	3732	163	0.7626023321795318	0.7668711656441718	0.04367631296891747	0.0041481104466217075	19	38668	38487	32079	0.00013140840695985642	0.00012469216621465758	0.8335022215293476	0.8296007034240198	958
2025_DRACH	symmetric_confidence	0.99	POSTHOC_TARGETED_SUPPLEMENTARY_ANALYSIS	DRACH_oligo_4	78833	77771	41506	32161	22.090579986572266	22	31193	32161	968	0.0006868747858142553	0.07026647227994935	0.0006840583315195423	0.0708318289879016	0.9291681710120984	0.7748518286512793	0.41353460801584135	ESTIMABLE	39107	3011	99	0.14027709190291587	0.1414141414141414	0.03287944204583195	0.0025315160968624544	39	38664	38495	32062	0.0002558526569828331	0.0002495165616617803	0.832887387972464	0.8292468446099731	929
2025_DRACH	symmetric_confidence	0.99	POSTHOC_TARGETED_SUPPLEMENTARY_ANALYSIS	ALL	393828	389127	213372	144964	321.20420837402344	322	138030	144964	6934	0.0022157515546896017	0.16302140965107434	0.00222124113573025	0.16413267850729532	0.8358673214927047	0.6793956095457698	0.37253647266830625	ESTIMABLE	195537	20877	881	0.32580566839246283	0.3280363223609535	0.04219954974373713	0.0045055411507796475	215	193590	192495	144083	0.0002371509096858316	0.0002290346536371397	0.7485025585080132	0.7442688155379926	6719
2025_DRACH	one_sided_high_p_reference	0.9	POSTHOC_TARGETED_SUPPLEMENTARY_ANALYSIS	DRACH_oligo_0	78921	78221	42504	33313	140.24969863891602	134	33209	33313	104	0.004210059095215562	0.47362069453800737	0.0040224536967550205	0.5	0.5	0.7837615283267457	0.4258830748775904	ESTIMABLE	39081	3655	134	0.9468383219704699	1.0	0.036662106703146374	0.003428776131624063	1	39140	38849	33179	0.00040306710554486414	0.0	0.85405029730495	0.8477005620848237	103
2025_DRACH	one_sided_high_p_reference	0.9	POSTHOC_TARGETED_SUPPLEMENTARY_ANALYSIS	DRACH_oligo_1	78279	77439	41946	33958	123.6406478881836	122	33872	33958	86	0.003640987334006231	0.4607702556666138	0.003592673302314624	0.5	0.5	0.809564678396033	0.43851289401980914	ESTIMABLE	38816	3535	122	0.9212079282666816	1.0	0.03451202263083451	0.0031430338004946414	6	38623	38411	33836	0.0003325830665459403	0.0	0.8808934940511832	0.8760583072262641	80
2025_DRACH	one_sided_high_p_reference	0.9	POSTHOC_TARGETED_SUPPLEMENTARY_ANALYSIS	DRACH_oligo_2	79007	77733	45197	32058	193.6163101196289	194	31958	32058	100	0.006039562983331115	0.460550807908637	0.006051531598976855	0.5	0.5	0.7092948647034095	0.41241171703137663	ESTIMABLE	39238	6944	194	0.9206304255220079	1.0	0.02793778801843318	0.0049441867577348485	7	38495	38253	31864	0.00047119029526611144	0.0	0.8329804198363527	0.8277438628393298	93
2025_DRACH	one_sided_high_p_reference	0.9	POSTHOC_TARGETED_SUPPLEMENTARY_ANALYSIS	DRACH_oligo_3	78788	77963	42219	35561	227.30749893188477	232	35507	35561	54	0.00639204462562596	0.4758929843163117	0.006524001012344985	0.5	0.5	0.8422984912006443	0.45612662416787453	ESTIMABLE	39295	3732	232	0.9516009626717403	1.0	0.06216505894962487	0.005904059040590406	5	38668	38487	35329	0.00018500596088315592	0.0	0.9179463195364669	0.913649529326575	49
2025_DRACH	one_sided_high_p_reference	0.9	POSTHOC_TARGETED_SUPPLEMENTARY_ANALYSIS	DRACH_oligo_4	78833	77771	41506	35324	61.69694519042969	60	35282	35324	42	0.0017466013246073403	0.4593274053630148	0.0016985618842713169	0.5	0.5	0.851057678407941	0.45420529503285284	ESTIMABLE	39107	3011	60	0.9184679667154948	1.0	0.019926934573231483	0.001534252179916639	2	38664	38495	35264	0.00018684401053482304	0.0	0.9160670216911287	0.9120629008897165	40
2025_DRACH	one_sided_high_p_reference	0.9	POSTHOC_TARGETED_SUPPLEMENTARY_ANALYSIS	ALL	393828	389127	213372	170214	746.511100769043	742	169828	170214	386	0.004385720920541454	0.4676391712399541	0.004359218395666631	0.5	0.5	0.7977335357966369	0.43742531358656683	ESTIMABLE	195537	20877	742	0.9349669896046107	1.0	0.035541505005508456	0.0037946782450380234	21	193590	192495	169472	0.00031135287529752336	0.0	0.8803968934258033	0.875417118652823	365
2026_all5mer	explicit_baseline	0.5	POSTHOC_TARGETED_SUPPLEMENTARY_ANALYSIS	5mers_A_RNA_sparse_seq_01	146009	143290	94025	94025	6272.631107330322	8514	94025	94025	0	0.06671237551002736	0.07204977220395375	0.09055038553576177	0.09550014096286005	0.9044998590371399	1.0	0.6561867541349711	ESTIMABLE	72769	24406	24406	0.08314942770450513	0.10579365729738589	1.0	0.3353900699473677	0	70521	69619	69619	0.06095011670340238	0.08520662462833421	1.0	0.9872094836998908	0
2026_all5mer	explicit_baseline	0.5	POSTHOC_TARGETED_SUPPLEMENTARY_ANALYSIS	5mers_A_RNA_sparse_seq_02	145751	143542	93130	93130	7842.757179260254	11041	93130	93130	0	0.08421300525351931	0.08347741255273489	0.11855470847202834	0.11316177872799152	0.8868382212720085	1.0	0.6487996544565354	ESTIMABLE	72370	22507	22507	0.0820536502236956	0.10272359710312347	1.0	0.3109990327483764	0	71172	70623	70623	0.08490117488177416	0.12359996035285956	1.0	0.9922862923621649	0
2026_all5mer	explicit_baseline	0.5	POSTHOC_TARGETED_SUPPLEMENTARY_ANALYSIS	5mers_A_RNA_sparse_seq_03	148814	147059	91400	91400	6324.1875	8845	91400	91400	0	0.06919242341356674	0.07897125722206608	0.09677242888402626	0.10718473389355743	0.8928152661064426	1.0	0.621519254176895	ESTIMABLE	75191	20000	20000	0.09636007843017579	0.1257	1.0	0.2659892806319905	0	71868	71400	71400	0.06158243601395636	0.08866946778711485	1.0	0.9934880614459843	0
2026_all5mer	explicit_baseline	0.5	POSTHOC_TARGETED_SUPPLEMENTARY_ANALYSIS	5mers_A_RNA_sparse_seq_04	145639	143648	91581	91581	7790.763263702393	10962	91581	91581	0	0.08506964614606079	0.0968413508729283	0.11969731712909883	0.13215268613880177	0.8678473138611982	1.0	0.6375375918912898	ESTIMABLE	73395	21962	21962	0.1194626759792349	0.15608778799745013	1.0	0.2992301927924246	0	70253	69619	69619	0.07422002576662169	0.1082175842801534	1.0	0.990975474356967	0
2026_all5mer	explicit_baseline	0.5	POSTHOC_TARGETED_SUPPLEMENTARY_ANALYSIS	5mers_A_RNA_sparse_seq_05	147161	145872	94407	94407	6401.139003753662	9010	94407	94407	0	0.06780364807433413	0.0782538289307413	0.09543783829588907	0.10589696786781636	0.8941030321321837	1.0	0.6471906877262257	ESTIMABLE	72119	21025	21025	0.09709696784456051	0.12475624256837099	1.0	0.29153205119316683	0	73753	73382	73382	0.0594106900169221	0.08703769316726173	1.0	0.9949696961479533	0
2026_all5mer	explicit_baseline	0.5	POSTHOC_TARGETED_SUPPLEMENTARY_ANALYSIS	5mers_A_RNA_sparse_seq_06	151404	149149	93851	93851	6874.273540496826	9602	93851	93851	0	0.07324667334921126	0.07429697903224919	0.10231111016398334	0.09922150939187754	0.9007784906081224	1.0	0.629243239981495	ESTIMABLE	75164	20639	20639	0.0761719383965387	0.09370609041135713	1.0	0.27458623809270394	0	73985	73212	73212	0.07242201966795968	0.10473692837239797	1.0	0.9895519362032844	0
2026_all5mer	explicit_baseline	0.5	POSTHOC_TARGETED_SUPPLEMENTARY_ANALYSIS	5mers_A_RNA_sparse_seq_07	146326	144521	88910	88910	7555.962242126465	10873	88910	88910	0	0.08498439143095787	0.08842808010889677	0.12229220560116973	0.12150888629522269	0.8784911137047773	1.0	0.6152047107340801	ESTIMABLE	74180	19389	19389	0.09453552366501958	0.12011965547475373	1.0	0.26137772984631974	0	70341	69521	69521	0.08232063655277398	0.12289811711569167	1.0	0.9883425029499154	0
2026_all5mer	explicit_baseline	0.5	POSTHOC_TARGETED_SUPPLEMENTARY_ANALYSIS	5mers_A_RNA_sparse_seq_08	149555	147619	88099	88099	6005.28959274292	8431	88099	88099	0	0.06816524129380493	0.08030332599905335	0.09569915663060875	0.10982148200618985	0.8901785179938102	1.0	0.5967998699354419	ESTIMABLE	75180	16571	16571	0.09976132269551935	0.13246032224971335	1.0	0.22041766427241288	0	72439	71528	71528	0.06084532930258736	0.08718264176266637	1.0	0.9874239014895291	0
2026_all5mer	explicit_baseline	0.5	POSTHOC_TARGETED_SUPPLEMENTARY_ANALYSIS	5mers_A_RNA_sparse_seq_09	147097	144331	91313	91313	7190.848728179932	10140	91313	91313	0	0.07874945219388182	0.07623726540659534	0.1110466198679268	0.10315940533562527	0.8968405946643747	1.0	0.6326638074980427	ESTIMABLE	72715	20457	20457	0.07168568080953007	0.08886933567971843	1.0	0.2813312246441587	0	71616	70856	70856	0.0807888500036606	0.11744947499153212	1.0	0.9893878462913316	0
2026_all5mer	explicit_baseline	0.5	POSTHOC_TARGETED_SUPPLEMENTARY_ANALYSIS	5mers_A_RNA_sparse_seq_10	140681	138537	84417	84417	4895.544528961182	6773	84417	84417	0	0.05799240116281296	0.07281684477388378	0.08023265456010045	0.09636767627475401	0.9036323237252459	1.0	0.6093462396327335	ESTIMABLE	70338	16556	16556	0.09720891292154515	0.12291616332447451	1.0	0.23537774744803663	0	68199	67861	67861	0.048424776626222424	0.06981918922503352	1.0	0.9950439155999354	0
2026_all5mer	explicit_baseline	0.5	POSTHOC_TARGETED_SUPPLEMENTARY_ANALYSIS	5mers_A_RNA_sparse_seq_11	147577	146151	95068	95068	6295.952041625977	8722	95068	95068	0	0.0662257756724237	0.07336848986793523	0.09174485631337569	0.099130554867527	0.900869445132473	1.0	0.6504779303596965	ESTIMABLE	73993	23470	23470	0.08747760624798197	0.11371964209629314	1.0	0.3171921668265917	0	72158	71598	71598	0.059259373487888484	0.08454146763876086	1.0	0.9922392527509077	0
2026_all5mer	explicit_baseline	0.5	POSTHOC_TARGETED_SUPPLEMENTARY_ANALYSIS	5mers_A_RNA_sparse_seq_12	148508	146910	93036	93036	7138.022232055664	9996	93036	93036	0	0.07672322791237439	0.09018749178935015	0.10744228040758416	0.12295601868614106	0.877043981313859	1.0	0.6332856851133347	ESTIMABLE	73447	20730	20730	0.11447516927613306	0.15094066570188133	1.0	0.2822443394556619	0	73463	72306	72306	0.06589981430256722	0.0949713716704008	1.0	0.9842505751194479	0
2026_all5mer	explicit_baseline	0.5	POSTHOC_TARGETED_SUPPLEMENTARY_ANALYSIS	5mers_A_RNA_sparse_seq_13	147407	143542	87073	87073	5532.34094619751	7810	87073	87073	0	0.06353681331982945	0.07758780652237435	0.0896948537434107	0.1049317283931235	0.8950682716068765	1.0	0.6066029454793719	ESTIMABLE	72576	16692	16692	0.1003757543538704	0.12964294272705487	1.0	0.22999338624338625	0	70966	70381	70381	0.05479985869087829	0.08022051405919212	1.0	0.991756615844207	0
2026_all5mer	explicit_baseline	0.5	POSTHOC_TARGETED_SUPPLEMENTARY_ANALYSIS	5mers_A_RNA_sparse_seq_14	147493	145398	91903	91903	6040.917293548584	8482	91903	91903	0	0.06573144830471893	0.07189401270090562	0.09229296105676638	0.09656455001954609	0.9034354499804539	1.0	0.632078845651247	ESTIMABLE	73771	20738	20738	0.08312526095487167	0.10434950332722538	1.0	0.2811131745536864	0	71627	71165	71165	0.06066276444693958	0.08877959671186679	1.0	0.9935499183268879	0
2026_all5mer	explicit_baseline	0.5	POSTHOC_TARGETED_SUPPLEMENTARY_ANALYSIS	5mers_A_RNA_sparse_seq_15	145260	143330	97937	97937	10082.328372955322	14316	97937	97937	0	0.10294708203187071	0.10574429034442492	0.14617560268335766	0.14659665024652882	0.8534033497534712	1.0	0.683297285983395	ESTIMABLE	71532	26849	26849	0.11193679448119613	0.14752877202130432	1.0	0.3753425040541296	0	71798	71088	71088	0.09955178620765372	0.14566452847175332	1.0	0.9901111451572467	0
2026_all5mer	explicit_baseline	0.5	POSTHOC_TARGETED_SUPPLEMENTARY_ANALYSIS	5mers_A_RNA_sparse_seq_16	139815	137067	96570	96570	8034.504585266113	11132	96570	96570	0	0.0831987634386053	0.08596917207424153	0.11527389458423941	0.11591244824135344	0.8840875517586466	1.0	0.7045459519796887	ESTIMABLE	67375	27974	27974	0.09255521810701664	0.1174304711517838	1.0	0.4151985157699443	0	69692	68596	68596	0.07938312604146641	0.11439442533092309	1.0	0.9842736612523676	0
2026_all5mer	explicit_baseline	0.5	POSTHOC_TARGETED_SUPPLEMENTARY_ANALYSIS	5mers_A_RNA_sparse_seq_17	141470	139177	86709	86709	4922.840015411377	6771	86709	86709	0	0.056774268131467055	0.06305421028850565	0.07808877971144863	0.08371582359500357	0.9162841764049965	1.0	0.6230124230296673	ESTIMABLE	71127	19109	19109	0.07428366533159941	0.09377780103616097	1.0	0.2686602837178568	0	68050	67600	67600	0.05182475524541189	0.07365384615384615	1.0	0.9933872152828802	0
2026_all5mer	explicit_baseline	0.5	POSTHOC_TARGETED_SUPPLEMENTARY_ANALYSIS	5mers_A_RNA_sparse_seq_18	147202	146200	91156	91156	5664.084426879883	7890	91156	91156	0	0.06213616686646938	0.07757224760024836	0.08655491684584668	0.1055541992371582	0.8944458007628417	1.0	0.6235020519835841	ESTIMABLE	73950	19397	19397	0.10444462404439404	0.13862968500283548	1.0	0.26229885057471264	0	72250	71759	71759	0.05069987115610267	0.07247871347148092	1.0	0.9932041522491349	0
2026_all5mer	explicit_baseline	0.5	POSTHOC_TARGETED_SUPPLEMENTARY_ANALYSIS	5mers_A_RNA_sparse_seq_19	148233	143556	83789	83789	5642.591053009033	8029	83789	83789	0	0.06734286186741736	0.07424334873974942	0.09582403418109776	0.0984591697972074	0.9015408302027926	1.0	0.5836676976232271	ESTIMABLE	73016	13762	13762	0.08451945101551288	0.10238337450951897	1.0	0.18847923742741318	0	70540	70027	70027	0.06396724646398597	0.09453496508489583	1.0	0.9927275304791607	0
2026_all5mer	explicit_baseline	0.5	POSTHOC_TARGETED_SUPPLEMENTARY_ANALYSIS	5mers_A_RNA_sparse_seq_20	150564	146635	99940	99940	9491.389724731445	13356	99940	99940	0	0.09497087977517957	0.10719555117913396	0.13364018411046627	0.147771112018407	0.852228887981593	1.0	0.6815562450983735	ESTIMABLE	73849	27734	27734	0.13466752590730452	0.17952693444869114	1.0	0.3755501090062154	0	72786	72206	72206	0.07972357645096338	0.11601528958812288	1.0	0.9920314346165472	0
2026_all5mer	explicit_baseline	0.5	POSTHOC_TARGETED_SUPPLEMENTARY_ANALYSIS	5mers_A_RNA_sparse_seq_21	146397	144612	90299	90299	5851.401317596436	8158	90299	90299	0	0.06480028923461428	0.0749708768956127	0.09034430060133557	0.1009043913486296	0.8990956086513704	1.0	0.6244225928691948	ESTIMABLE	73737	20124	20124	0.09332003865462841	0.11995627111906182	1.0	0.2729159038203344	0	70875	70175	70175	0.05662171513659699	0.08185251157819737	1.0	0.9901234567901235	0
2026_all5mer	explicit_baseline	0.5	POSTHOC_TARGETED_SUPPLEMENTARY_ANALYSIS	5mers_A_RNA_sparse_seq_22	144262	140810	95371	95371	10460.409740447998	14794	95371	95371	0	0.10968124210135154	0.11145098221880376	0.15512052930135994	0.154773666591259	0.845226333408741	1.0	0.6773027483843477	ESTIMABLE	72255	27698	27698	0.11567316820358264	0.15394613329482273	1.0	0.3833367933015016	0	68555	67673	67673	0.10722879623402488	0.15560119988769525	1.0	0.9871344176208884	0
2026_all5mer	explicit_baseline	0.5	POSTHOC_TARGETED_SUPPLEMENTARY_ANALYSIS	5mers_A_RNA_sparse_seq_23	146430	144122	93303	93303	8325.02688217163	11801	93303	93303	0	0.08922571495205546	0.09771377904427941	0.12648039184163423	0.1340400710906106	0.8659599289093893	1.0	0.6473890176378346	ESTIMABLE	72838	22688	22688	0.11423811488830825	0.1487570521861777	1.0	0.31148576292594526	0	71284	70615	70615	0.08118944320025057	0.11932308999504354	1.0	0.9906150047696538	0
2026_all5mer	explicit_baseline	0.5	POSTHOC_TARGETED_SUPPLEMENTARY_ANALYSIS	5mers_A_RNA_sparse_seq_24	148738	146462	98390	98390	7590.8552169799805	10643	98390	98390	0	0.07715067808700052	0.09119513293347811	0.10817156215062507	0.1255089654922314	0.8744910345077685	1.0	0.671778345236307	ESTIMABLE	74104	26394	26394	0.12149717916708476	0.16291581420019702	1.0	0.356175105257476	0	72358	71996	71996	0.06089308669987146	0.0881021167842658	1.0	0.9949970977638962	0
2026_all5mer	explicit_baseline	0.5	POSTHOC_TARGETED_SUPPLEMENTARY_ANALYSIS	5mers_A_RNA_sparse_seq_25	147023	145248	93771	93771	8416.583019256592	11999	93771	93771	0	0.0897567800200125	0.09257872992119323	0.12796067014322124	0.12766997772761607	0.872330022272384	1.0	0.6455923661599471	ESTIMABLE	72225	21884	21884	0.09787075368343988	0.1271248400658015	1.0	0.3029975770162686	0	73023	71887	71887	0.08728670615894658	0.12821511538943065	1.0	0.9844432576037687	0
2026_all5mer	explicit_baseline	0.5	POSTHOC_TARGETED_SUPPLEMENTARY_ANALYSIS	5mers_A_RNA_sparse_seq_26	145381	143527	93651	93651	7034.97367477417	9940	93651	93651	0	0.07511904490901507	0.07934003215480018	0.10613874918580687	0.10766450204862654	0.8923354979513735	1.0	0.6524974395061557	ESTIMABLE	71237	21806	21806	0.08723986381720394	0.11052004035586536	1.0	0.3061049735390317	0	72290	71845	71845	0.07144020049239642	0.1048089637413877	1.0	0.9938442384838844	0
2026_all5mer	explicit_baseline	0.5	POSTHOC_TARGETED_SUPPLEMENTARY_ANALYSIS	5mers_A_RNA_sparse_seq_27	148038	146108	91228	91228	5897.420272827148	8240	91228	91228	0	0.06464484887125826	0.0737214940400477	0.09032314640242031	0.09861839884569755	0.9013816011543024	1.0	0.624387439428368	ESTIMABLE	72695	18495	18495	0.0889883583318417	0.11257096512570965	1.0	0.2544191484971456	0	73413	72733	72733	0.058454629748253696	0.08466583256568545	1.0	0.9907373353493251	0
2026_all5mer	explicit_baseline	0.5	POSTHOC_TARGETED_SUPPLEMENTARY_ANALYSIS	5mers_A_RNA_sparse_seq_28	146014	143563	86760	86760	6310.30517578125	8737	86760	86760	0	0.07273288584349066	0.07025957949959706	0.10070308898109728	0.09348182015140992	0.9065181798485901	1.0	0.6043339857762794	ESTIMABLE	72566	17403	17403	0.06612930929140888	0.0814227432051945	1.0	0.23982305763029518	0	70997	69357	69357	0.07438984970778524	0.10554089709762533	1.0	0.9769004324126371	0
2026_all5mer	explicit_baseline	0.5	POSTHOC_TARGETED_SUPPLEMENTARY_ANALYSIS	5mers_A_RNA_sparse_seq_29	146633	144210	86474	86474	4693.217506408691	6483	86474	86474	0	0.05427316310577389	0.07292488482487276	0.0749705113675787	0.09750623827507025	0.9024937617249298	1.0	0.5996394147423896	ESTIMABLE	73326	15919	15919	0.1024455119560199	0.13317419435894215	1.0	0.2170989826255353	0	70884	70555	70555	0.04340425769372561	0.06183828219119836	1.0	0.9953586140736979	0
2026_all5mer	explicit_baseline	0.5	POSTHOC_TARGETED_SUPPLEMENTARY_ANALYSIS	5mers_A_RNA_sparse_seq_30	141595	138802	92727	92727	8147.532955169678	11444	92727	92727	0	0.08786580990617272	0.08191441122465268	0.12341604926288999	0.11124782390637897	0.888752176093621	1.0	0.6680523335398625	ESTIMABLE	70766	25263	25263	0.06883758021256035	0.08451094486007205	1.0	0.3569934714410875	0	68036	67464	67464	0.09499124223674502	0.1379847029526859	1.0	0.9915926862249398	0
2026_all5mer	explicit_baseline	0.5	POSTHOC_TARGETED_SUPPLEMENTARY_ANALYSIS	5mers_A_RNA_sparse_seq_31	147467	145363	86899	86899	4978.320018768311	6823	86899	86899	0	0.0572885766092626	0.07046675267865654	0.07851643862414988	0.09240114069594439	0.9075988593040556	1.0	0.5978068696986165	ESTIMABLE	72861	15271	15271	0.09078668316207944	0.11381049047213673	1.0	0.20959086479735387	0	72502	71628	71628	0.05014682219523364	0.07099179091975205	1.0	0.9879451601335135	0
2026_all5mer	explicit_baseline	0.5	POSTHOC_TARGETED_SUPPLEMENTARY_ANALYSIS	5mers_A_RNA_sparse_seq_32	142561	140373	97135	97135	8887.286708831787	12603	97135	97135	0	0.09149417520802787	0.09710081263034365	0.12974725896947548	0.13364528723519054	0.8663547127648095	1.0	0.6919778019989599	ESTIMABLE	69829	27134	27134	0.10980524088556663	0.14247807179184788	1.0	0.3885778115109768	0	70544	70001	70001	0.08439638437512068	0.12481250267853317	1.0	0.9923026763438422	0
2026_all5mer	explicit_baseline	0.5	POSTHOC_TARGETED_SUPPLEMENTARY_ANALYSIS	ALL	4682505	4608734	2940322	2940322	222591.69986724854	312360	2940322	2940322	0	0.0757031712401732	0.08307512057610737	0.10623326288753408	0.11274630831937442	0.8872536916806256	1.0	0.6379890876757044	ESTIMABLE	2326496	680046	680046	0.09679205090608	0.12486508265617326	1.0	0.2923048223594625	0	2282238	2260276	2260276	0.06935819024613475	0.10062753398257558	1.0	0.9903769896040641	0
2026_all5mer	symmetric_confidence	0.5	POSTHOC_TARGETED_SUPPLEMENTARY_ANALYSIS	5mers_A_RNA_sparse_seq_01	146009	143290	94025	94025	6272.631107330322	8514	94025	94025	0	0.06671237551002736	0.07204977220395375	0.09055038553576177	0.09550014096286005	0.9044998590371399	1.0	0.6561867541349711	ESTIMABLE	72769	24406	24406	0.08314942770450513	0.10579365729738589	1.0	0.3353900699473677	0	70521	69619	69619	0.06095011670340238	0.08520662462833421	1.0	0.9872094836998908	0
2026_all5mer	symmetric_confidence	0.5	POSTHOC_TARGETED_SUPPLEMENTARY_ANALYSIS	5mers_A_RNA_sparse_seq_02	145751	143542	93130	93130	7842.757179260254	11041	93130	93130	0	0.08421300525351931	0.08347741255273489	0.11855470847202834	0.11316177872799152	0.8868382212720085	1.0	0.6487996544565354	ESTIMABLE	72370	22507	22507	0.0820536502236956	0.10272359710312347	1.0	0.3109990327483764	0	71172	70623	70623	0.08490117488177416	0.12359996035285956	1.0	0.9922862923621649	0
2026_all5mer	symmetric_confidence	0.5	POSTHOC_TARGETED_SUPPLEMENTARY_ANALYSIS	5mers_A_RNA_sparse_seq_03	148814	147059	91400	91400	6324.1875	8845	91400	91400	0	0.06919242341356674	0.07897125722206608	0.09677242888402626	0.10718473389355743	0.8928152661064426	1.0	0.621519254176895	ESTIMABLE	75191	20000	20000	0.09636007843017579	0.1257	1.0	0.2659892806319905	0	71868	71400	71400	0.06158243601395636	0.08866946778711485	1.0	0.9934880614459843	0
2026_all5mer	symmetric_confidence	0.5	POSTHOC_TARGETED_SUPPLEMENTARY_ANALYSIS	5mers_A_RNA_sparse_seq_04	145639	143648	91581	91581	7790.763263702393	10962	91581	91581	0	0.08506964614606079	0.0968413508729283	0.11969731712909883	0.13215268613880177	0.8678473138611982	1.0	0.6375375918912898	ESTIMABLE	73395	21962	21962	0.1194626759792349	0.15608778799745013	1.0	0.2992301927924246	0	70253	69619	69619	0.07422002576662169	0.1082175842801534	1.0	0.990975474356967	0
2026_all5mer	symmetric_confidence	0.5	POSTHOC_TARGETED_SUPPLEMENTARY_ANALYSIS	5mers_A_RNA_sparse_seq_05	147161	145872	94407	94407	6401.139003753662	9010	94407	94407	0	0.06780364807433413	0.0782538289307413	0.09543783829588907	0.10589696786781636	0.8941030321321837	1.0	0.6471906877262257	ESTIMABLE	72119	21025	21025	0.09709696784456051	0.12475624256837099	1.0	0.29153205119316683	0	73753	73382	73382	0.0594106900169221	0.08703769316726173	1.0	0.9949696961479533	0
2026_all5mer	symmetric_confidence	0.5	POSTHOC_TARGETED_SUPPLEMENTARY_ANALYSIS	5mers_A_RNA_sparse_seq_06	151404	149149	93851	93851	6874.273540496826	9602	93851	93851	0	0.07324667334921126	0.07429697903224919	0.10231111016398334	0.09922150939187754	0.9007784906081224	1.0	0.629243239981495	ESTIMABLE	75164	20639	20639	0.0761719383965387	0.09370609041135713	1.0	0.27458623809270394	0	73985	73212	73212	0.07242201966795968	0.10473692837239797	1.0	0.9895519362032844	0
2026_all5mer	symmetric_confidence	0.5	POSTHOC_TARGETED_SUPPLEMENTARY_ANALYSIS	5mers_A_RNA_sparse_seq_07	146326	144521	88910	88910	7555.962242126465	10873	88910	88910	0	0.08498439143095787	0.08842808010889677	0.12229220560116973	0.12150888629522269	0.8784911137047773	1.0	0.6152047107340801	ESTIMABLE	74180	19389	19389	0.09453552366501958	0.12011965547475373	1.0	0.26137772984631974	0	70341	69521	69521	0.08232063655277398	0.12289811711569167	1.0	0.9883425029499154	0
2026_all5mer	symmetric_confidence	0.5	POSTHOC_TARGETED_SUPPLEMENTARY_ANALYSIS	5mers_A_RNA_sparse_seq_08	149555	147619	88099	88099	6005.28959274292	8431	88099	88099	0	0.06816524129380493	0.08030332599905335	0.09569915663060875	0.10982148200618985	0.8901785179938102	1.0	0.5967998699354419	ESTIMABLE	75180	16571	16571	0.09976132269551935	0.13246032224971335	1.0	0.22041766427241288	0	72439	71528	71528	0.06084532930258736	0.08718264176266637	1.0	0.9874239014895291	0
2026_all5mer	symmetric_confidence	0.5	POSTHOC_TARGETED_SUPPLEMENTARY_ANALYSIS	5mers_A_RNA_sparse_seq_09	147097	144331	91313	91313	7190.848728179932	10140	91313	91313	0	0.07874945219388182	0.07623726540659534	0.1110466198679268	0.10315940533562527	0.8968405946643747	1.0	0.6326638074980427	ESTIMABLE	72715	20457	20457	0.07168568080953007	0.08886933567971843	1.0	0.2813312246441587	0	71616	70856	70856	0.0807888500036606	0.11744947499153212	1.0	0.9893878462913316	0
2026_all5mer	symmetric_confidence	0.5	POSTHOC_TARGETED_SUPPLEMENTARY_ANALYSIS	5mers_A_RNA_sparse_seq_10	140681	138537	84417	84417	4895.544528961182	6773	84417	84417	0	0.05799240116281296	0.07281684477388378	0.08023265456010045	0.09636767627475401	0.9036323237252459	1.0	0.6093462396327335	ESTIMABLE	70338	16556	16556	0.09720891292154515	0.12291616332447451	1.0	0.23537774744803663	0	68199	67861	67861	0.048424776626222424	0.06981918922503352	1.0	0.9950439155999354	0
2026_all5mer	symmetric_confidence	0.5	POSTHOC_TARGETED_SUPPLEMENTARY_ANALYSIS	5mers_A_RNA_sparse_seq_11	147577	146151	95068	95068	6295.952041625977	8722	95068	95068	0	0.0662257756724237	0.07336848986793523	0.09174485631337569	0.099130554867527	0.900869445132473	1.0	0.6504779303596965	ESTIMABLE	73993	23470	23470	0.08747760624798197	0.11371964209629314	1.0	0.3171921668265917	0	72158	71598	71598	0.059259373487888484	0.08454146763876086	1.0	0.9922392527509077	0
2026_all5mer	symmetric_confidence	0.5	POSTHOC_TARGETED_SUPPLEMENTARY_ANALYSIS	5mers_A_RNA_sparse_seq_12	148508	146910	93036	93036	7138.022232055664	9996	93036	93036	0	0.07672322791237439	0.09018749178935015	0.10744228040758416	0.12295601868614106	0.877043981313859	1.0	0.6332856851133347	ESTIMABLE	73447	20730	20730	0.11447516927613306	0.15094066570188133	1.0	0.2822443394556619	0	73463	72306	72306	0.06589981430256722	0.0949713716704008	1.0	0.9842505751194479	0
2026_all5mer	symmetric_confidence	0.5	POSTHOC_TARGETED_SUPPLEMENTARY_ANALYSIS	5mers_A_RNA_sparse_seq_13	147407	143542	87073	87073	5532.34094619751	7810	87073	87073	0	0.06353681331982945	0.07758780652237435	0.0896948537434107	0.1049317283931235	0.8950682716068765	1.0	0.6066029454793719	ESTIMABLE	72576	16692	16692	0.1003757543538704	0.12964294272705487	1.0	0.22999338624338625	0	70966	70381	70381	0.05479985869087829	0.08022051405919212	1.0	0.991756615844207	0
2026_all5mer	symmetric_confidence	0.5	POSTHOC_TARGETED_SUPPLEMENTARY_ANALYSIS	5mers_A_RNA_sparse_seq_14	147493	145398	91903	91903	6040.917293548584	8482	91903	91903	0	0.06573144830471893	0.07189401270090562	0.09229296105676638	0.09656455001954609	0.9034354499804539	1.0	0.632078845651247	ESTIMABLE	73771	20738	20738	0.08312526095487167	0.10434950332722538	1.0	0.2811131745536864	0	71627	71165	71165	0.06066276444693958	0.08877959671186679	1.0	0.9935499183268879	0
2026_all5mer	symmetric_confidence	0.5	POSTHOC_TARGETED_SUPPLEMENTARY_ANALYSIS	5mers_A_RNA_sparse_seq_15	145260	143330	97937	97937	10082.328372955322	14316	97937	97937	0	0.10294708203187071	0.10574429034442492	0.14617560268335766	0.14659665024652882	0.8534033497534712	1.0	0.683297285983395	ESTIMABLE	71532	26849	26849	0.11193679448119613	0.14752877202130432	1.0	0.3753425040541296	0	71798	71088	71088	0.09955178620765372	0.14566452847175332	1.0	0.9901111451572467	0
2026_all5mer	symmetric_confidence	0.5	POSTHOC_TARGETED_SUPPLEMENTARY_ANALYSIS	5mers_A_RNA_sparse_seq_16	139815	137067	96570	96570	8034.504585266113	11132	96570	96570	0	0.0831987634386053	0.08596917207424153	0.11527389458423941	0.11591244824135344	0.8840875517586466	1.0	0.7045459519796887	ESTIMABLE	67375	27974	27974	0.09255521810701664	0.1174304711517838	1.0	0.4151985157699443	0	69692	68596	68596	0.07938312604146641	0.11439442533092309	1.0	0.9842736612523676	0
2026_all5mer	symmetric_confidence	0.5	POSTHOC_TARGETED_SUPPLEMENTARY_ANALYSIS	5mers_A_RNA_sparse_seq_17	141470	139177	86709	86709	4922.840015411377	6771	86709	86709	0	0.056774268131467055	0.06305421028850565	0.07808877971144863	0.08371582359500357	0.9162841764049965	1.0	0.6230124230296673	ESTIMABLE	71127	19109	19109	0.07428366533159941	0.09377780103616097	1.0	0.2686602837178568	0	68050	67600	67600	0.05182475524541189	0.07365384615384615	1.0	0.9933872152828802	0
2026_all5mer	symmetric_confidence	0.5	POSTHOC_TARGETED_SUPPLEMENTARY_ANALYSIS	5mers_A_RNA_sparse_seq_18	147202	146200	91156	91156	5664.084426879883	7890	91156	91156	0	0.06213616686646938	0.07757224760024836	0.08655491684584668	0.1055541992371582	0.8944458007628417	1.0	0.6235020519835841	ESTIMABLE	73950	19397	19397	0.10444462404439404	0.13862968500283548	1.0	0.26229885057471264	0	72250	71759	71759	0.05069987115610267	0.07247871347148092	1.0	0.9932041522491349	0
2026_all5mer	symmetric_confidence	0.5	POSTHOC_TARGETED_SUPPLEMENTARY_ANALYSIS	5mers_A_RNA_sparse_seq_19	148233	143556	83789	83789	5642.591053009033	8029	83789	83789	0	0.06734286186741736	0.07424334873974942	0.09582403418109776	0.0984591697972074	0.9015408302027926	1.0	0.5836676976232271	ESTIMABLE	73016	13762	13762	0.08451945101551288	0.10238337450951897	1.0	0.18847923742741318	0	70540	70027	70027	0.06396724646398597	0.09453496508489583	1.0	0.9927275304791607	0
2026_all5mer	symmetric_confidence	0.5	POSTHOC_TARGETED_SUPPLEMENTARY_ANALYSIS	5mers_A_RNA_sparse_seq_20	150564	146635	99940	99940	9491.389724731445	13356	99940	99940	0	0.09497087977517957	0.10719555117913396	0.13364018411046627	0.147771112018407	0.852228887981593	1.0	0.6815562450983735	ESTIMABLE	73849	27734	27734	0.13466752590730452	0.17952693444869114	1.0	0.3755501090062154	0	72786	72206	72206	0.07972357645096338	0.11601528958812288	1.0	0.9920314346165472	0
2026_all5mer	symmetric_confidence	0.5	POSTHOC_TARGETED_SUPPLEMENTARY_ANALYSIS	5mers_A_RNA_sparse_seq_21	146397	144612	90299	90299	5851.401317596436	8158	90299	90299	0	0.06480028923461428	0.0749708768956127	0.09034430060133557	0.1009043913486296	0.8990956086513704	1.0	0.6244225928691948	ESTIMABLE	73737	20124	20124	0.09332003865462841	0.11995627111906182	1.0	0.2729159038203344	0	70875	70175	70175	0.05662171513659699	0.08185251157819737	1.0	0.9901234567901235	0
2026_all5mer	symmetric_confidence	0.5	POSTHOC_TARGETED_SUPPLEMENTARY_ANALYSIS	5mers_A_RNA_sparse_seq_22	144262	140810	95371	95371	10460.409740447998	14794	95371	95371	0	0.10968124210135154	0.11145098221880376	0.15512052930135994	0.154773666591259	0.845226333408741	1.0	0.6773027483843477	ESTIMABLE	72255	27698	27698	0.11567316820358264	0.15394613329482273	1.0	0.3833367933015016	0	68555	67673	67673	0.10722879623402488	0.15560119988769525	1.0	0.9871344176208884	0
2026_all5mer	symmetric_confidence	0.5	POSTHOC_TARGETED_SUPPLEMENTARY_ANALYSIS	5mers_A_RNA_sparse_seq_23	146430	144122	93303	93303	8325.02688217163	11801	93303	93303	0	0.08922571495205546	0.09771377904427941	0.12648039184163423	0.1340400710906106	0.8659599289093893	1.0	0.6473890176378346	ESTIMABLE	72838	22688	22688	0.11423811488830825	0.1487570521861777	1.0	0.31148576292594526	0	71284	70615	70615	0.08118944320025057	0.11932308999504354	1.0	0.9906150047696538	0
2026_all5mer	symmetric_confidence	0.5	POSTHOC_TARGETED_SUPPLEMENTARY_ANALYSIS	5mers_A_RNA_sparse_seq_24	148738	146462	98390	98390	7590.8552169799805	10643	98390	98390	0	0.07715067808700052	0.09119513293347811	0.10817156215062507	0.1255089654922314	0.8744910345077685	1.0	0.671778345236307	ESTIMABLE	74104	26394	26394	0.12149717916708476	0.16291581420019702	1.0	0.356175105257476	0	72358	71996	71996	0.06089308669987146	0.0881021167842658	1.0	0.9949970977638962	0
2026_all5mer	symmetric_confidence	0.5	POSTHOC_TARGETED_SUPPLEMENTARY_ANALYSIS	5mers_A_RNA_sparse_seq_25	147023	145248	93771	93771	8416.583019256592	11999	93771	93771	0	0.0897567800200125	0.09257872992119323	0.12796067014322124	0.12766997772761607	0.872330022272384	1.0	0.6455923661599471	ESTIMABLE	72225	21884	21884	0.09787075368343988	0.1271248400658015	1.0	0.3029975770162686	0	73023	71887	71887	0.08728670615894658	0.12821511538943065	1.0	0.9844432576037687	0
2026_all5mer	symmetric_confidence	0.5	POSTHOC_TARGETED_SUPPLEMENTARY_ANALYSIS	5mers_A_RNA_sparse_seq_26	145381	143527	93651	93651	7034.97367477417	9940	93651	93651	0	0.07511904490901507	0.07934003215480018	0.10613874918580687	0.10766450204862654	0.8923354979513735	1.0	0.6524974395061557	ESTIMABLE	71237	21806	21806	0.08723986381720394	0.11052004035586536	1.0	0.3061049735390317	0	72290	71845	71845	0.07144020049239642	0.1048089637413877	1.0	0.9938442384838844	0
2026_all5mer	symmetric_confidence	0.5	POSTHOC_TARGETED_SUPPLEMENTARY_ANALYSIS	5mers_A_RNA_sparse_seq_27	148038	146108	91228	91228	5897.420272827148	8240	91228	91228	0	0.06464484887125826	0.0737214940400477	0.09032314640242031	0.09861839884569755	0.9013816011543024	1.0	0.624387439428368	ESTIMABLE	72695	18495	18495	0.0889883583318417	0.11257096512570965	1.0	0.2544191484971456	0	73413	72733	72733	0.058454629748253696	0.08466583256568545	1.0	0.9907373353493251	0
2026_all5mer	symmetric_confidence	0.5	POSTHOC_TARGETED_SUPPLEMENTARY_ANALYSIS	5mers_A_RNA_sparse_seq_28	146014	143563	86760	86760	6310.30517578125	8737	86760	86760	0	0.07273288584349066	0.07025957949959706	0.10070308898109728	0.09348182015140992	0.9065181798485901	1.0	0.6043339857762794	ESTIMABLE	72566	17403	17403	0.06612930929140888	0.0814227432051945	1.0	0.23982305763029518	0	70997	69357	69357	0.07438984970778524	0.10554089709762533	1.0	0.9769004324126371	0
2026_all5mer	symmetric_confidence	0.5	POSTHOC_TARGETED_SUPPLEMENTARY_ANALYSIS	5mers_A_RNA_sparse_seq_29	146633	144210	86474	86474	4693.217506408691	6483	86474	86474	0	0.05427316310577389	0.07292488482487276	0.0749705113675787	0.09750623827507025	0.9024937617249298	1.0	0.5996394147423896	ESTIMABLE	73326	15919	15919	0.1024455119560199	0.13317419435894215	1.0	0.2170989826255353	0	70884	70555	70555	0.04340425769372561	0.06183828219119836	1.0	0.9953586140736979	0
2026_all5mer	symmetric_confidence	0.5	POSTHOC_TARGETED_SUPPLEMENTARY_ANALYSIS	5mers_A_RNA_sparse_seq_30	141595	138802	92727	92727	8147.532955169678	11444	92727	92727	0	0.08786580990617272	0.08191441122465268	0.12341604926288999	0.11124782390637897	0.888752176093621	1.0	0.6680523335398625	ESTIMABLE	70766	25263	25263	0.06883758021256035	0.08451094486007205	1.0	0.3569934714410875	0	68036	67464	67464	0.09499124223674502	0.1379847029526859	1.0	0.9915926862249398	0
2026_all5mer	symmetric_confidence	0.5	POSTHOC_TARGETED_SUPPLEMENTARY_ANALYSIS	5mers_A_RNA_sparse_seq_31	147467	145363	86899	86899	4978.320018768311	6823	86899	86899	0	0.0572885766092626	0.07046675267865654	0.07851643862414988	0.09240114069594439	0.9075988593040556	1.0	0.5978068696986165	ESTIMABLE	72861	15271	15271	0.09078668316207944	0.11381049047213673	1.0	0.20959086479735387	0	72502	71628	71628	0.05014682219523364	0.07099179091975205	1.0	0.9879451601335135	0
2026_all5mer	symmetric_confidence	0.5	POSTHOC_TARGETED_SUPPLEMENTARY_ANALYSIS	5mers_A_RNA_sparse_seq_32	142561	140373	97135	97135	8887.286708831787	12603	97135	97135	0	0.09149417520802787	0.09710081263034365	0.12974725896947548	0.13364528723519054	0.8663547127648095	1.0	0.6919778019989599	ESTIMABLE	69829	27134	27134	0.10980524088556663	0.14247807179184788	1.0	0.3885778115109768	0	70544	70001	70001	0.08439638437512068	0.12481250267853317	1.0	0.9923026763438422	0
2026_all5mer	symmetric_confidence	0.5	POSTHOC_TARGETED_SUPPLEMENTARY_ANALYSIS	ALL	4682505	4608734	2940322	2940322	222591.69986724854	312360	2940322	2940322	0	0.0757031712401732	0.08307512057610737	0.10623326288753408	0.11274630831937442	0.8872536916806256	1.0	0.6379890876757044	ESTIMABLE	2326496	680046	680046	0.09679205090608	0.12486508265617326	1.0	0.2923048223594625	0	2282238	2260276	2260276	0.06935819024613475	0.10062753398257558	1.0	0.9903769896040641	0
2026_all5mer	symmetric_confidence	0.6	POSTHOC_TARGETED_SUPPLEMENTARY_ANALYSIS	5mers_A_RNA_sparse_seq_01	146009	143290	94025	89200	5080.815277099609	6333	89200	89387	187	0.05695981252353822	0.06113634584294983	0.07099775784753364	0.07335597469298177	0.9266440253070183	0.9486838606753523	0.6225137832367925	ESTIMABLE	72769	24406	22517	0.06957149442084948	0.07811875471865702	0.9226009997541588	0.3094312138410587	77	70521	69619	66683	0.05270119726505019	0.06859319466730651	0.9578276045332452	0.9455764949447683	110
2026_all5mer	symmetric_confidence	0.6	POSTHOC_TARGETED_SUPPLEMENTARY_ANALYSIS	5mers_A_RNA_sparse_seq_02	145751	143542	93130	86724	6259.817886352539	8149	86724	86985	261	0.07218091746635924	0.07071317979778267	0.09396476177298095	0.08765405246525364	0.9123459475347464	0.9312144314399227	0.6041716013431608	ESTIMABLE	72370	22507	20677	0.0679076236688509	0.07559123663974464	0.9186919625005554	0.2857123117313804	70	71172	70623	66047	0.07351873592671444	0.09971686829076264	0.9352052447502938	0.9279913449109201	191
2026_all5mer	symmetric_confidence	0.6	POSTHOC_TARGETED_SUPPLEMENTARY_ANALYSIS	5mers_A_RNA_sparse_seq_03	148814	147059	91400	86293	5063.632495880127	6489	86293	86516	223	0.058679527839803076	0.06735002929302071	0.07519729294380773	0.08258640882284407	0.9174135911771559	0.9441247264770241	0.5867916958499649	ESTIMABLE	75191	20000	18270	0.08238839043511284	0.09540229885057472	0.9135	0.24298120785732336	76	71868	71400	68023	0.05231166815092859	0.06977051879511342	0.952703081232493	0.9464991373072856	147
2026_all5mer	symmetric_confidence	0.6	POSTHOC_TARGETED_SUPPLEMENTARY_ANALYSIS	5mers_A_RNA_sparse_seq_04	145639	143648	91581	85859	6376.120830535889	8343	85859	86104	245	0.07426269617088353	0.08565845784287461	0.09717094305780408	0.10810269913209597	0.8918973008679041	0.9375197912230703	0.597704110046781	ESTIMABLE	73395	21962	19970	0.10696616710038202	0.12854281422133199	0.9092978781531736	0.27208937938551675	82	70253	69619	65889	0.0643507485853672	0.08766258404285997	0.9464226719717319	0.9378816562993751	163
2026_all5mer	symmetric_confidence	0.6	POSTHOC_TARGETED_SUPPLEMENTARY_ANALYSIS	5mers_A_RNA_sparse_seq_05	147161	145872	94407	89007	5059.945156097412	6516	89007	89211	204	0.056848845103165055	0.06605334720007894	0.07320772523509386	0.08084860787665464	0.9191513921233454	0.9428008516317646	0.610171931556433	ESTIMABLE	72119	21025	19082	0.0821669738180994	0.09422492401215805	0.9075862068965517	0.2645904685311776	73	73753	73382	69925	0.049939720582058485	0.06747229174115123	0.9528903545828677	0.9480970265616314	131
2026_all5mer	symmetric_confidence	0.6	POSTHOC_TARGETED_SUPPLEMENTARY_ANALYSIS	5mers_A_RNA_sparse_seq_06	151404	149149	93851	88581	5568.785327911377	7197	88581	88800	219	0.06286658908695292	0.063035111227415	0.08124767162258272	0.07671645136280056	0.9232835486371994	0.9438471619908152	0.5939094462584396	ESTIMABLE	75164	20639	19146	0.06333195267831421	0.06873498380862843	0.9276612238965066	0.2547230056942153	64	73985	73212	69435	0.06273826977651578	0.0846979189169727	0.9484100967054582	0.9385010475096304	155
2026_all5mer	symmetric_confidence	0.6	POSTHOC_TARGETED_SUPPLEMENTARY_ANALYSIS	5mers_A_RNA_sparse_seq_07	146326	144521	88910	82979	6086.630168914795	8160	82979	83217	238	0.07335145240259337	0.07559364674699728	0.0983381337446824	0.09552610079908536	0.9044738992009147	0.9332920931278821	0.574165692183143	ESTIMABLE	74180	19389	17585	0.07948527896068704	0.09064543645152118	0.9069575532518438	0.2370585063359396	71	70341	69521	65394	0.07170201453330755	0.10040676514664953	0.9406366421656766	0.9296711732844287	167
2026_all5mer	symmetric_confidence	0.6	POSTHOC_TARGETED_SUPPLEMENTARY_ANALYSIS	5mers_A_RNA_sparse_seq_08	149555	147619	88099	83379	4839.764568328857	6311	83379	83556	177	0.05804536595940054	0.06814025370562445	0.0756905215941664	0.08554882250091136	0.9144511774990887	0.9464239094654877	0.5648256660727955	ESTIMABLE	75180	16571	14925	0.08386447133331043	0.10090452261306533	0.9006698449097822	0.19852354349561052	66	72439	71528	68454	0.05241603607793846	0.07019312238875741	0.9570238228386087	0.9449881969657229	111
2026_all5mer	symmetric_confidence	0.6	POSTHOC_TARGETED_SUPPLEMENTARY_ANALYSIS	5mers_A_RNA_sparse_seq_09	147097	144331	91313	85679	5795.859645843506	7590	85679	85871	192	0.06764621022471674	0.06419835224082666	0.08858646809603286	0.0793969712546855	0.9206030287453145	0.9383001325112525	0.593628534410487	ESTIMABLE	72715	20457	18924	0.0580222525523042	0.06293595434369055	0.9250623258542309	0.26024891700474456	48	71616	70856	66755	0.07037445192934913	0.09585798816568047	0.9421220503556509	0.9321241063449508	144
2026_all5mer	symmetric_confidence	0.6	POSTHOC_TARGETED_SUPPLEMENTARY_ANALYSIS	5mers_A_RNA_sparse_seq_10	140681	138537	84417	80000	3814.2957153320312	4860	80000	80182	182	0.04767869644165039	0.06057033696828652	0.06075	0.07258965098634985	0.9274103490136502	0.9476764158877952	0.5774630604098544	ESTIMABLE	70338	16556	14893	0.08110905609305034	0.091452360169207	0.8995530321333656	0.2117347664136029	70	68199	67861	65107	0.0400316178435227	0.05372694180349271	0.9594170436627812	0.9546620918195281	112
2026_all5mer	symmetric_confidence	0.6	POSTHOC_TARGETED_SUPPLEMENTARY_ANALYSIS	5mers_A_RNA_sparse_seq_11	147577	146151	95068	90169	5089.5207862854	6510	90169	90347	178	0.05644424121688607	0.06240721634391928	0.07219776198028147	0.07717304453314566	0.9228269554668543	0.9484684646779148	0.6169578039151289	ESTIMABLE	73993	23470	21566	0.07383812189124284	0.08671056292311972	0.9188751597784406	0.29146000297325425	71	72158	71598	68603	0.05097631079659574	0.06763552614317159	0.9581692226039834	0.9507331134454946	107
2026_all5mer	symmetric_confidence	0.6	POSTHOC_TARGETED_SUPPLEMENTARY_ANALYSIS	5mers_A_RNA_sparse_seq_12	148508	146910	93036	87066	5665.150611877441	7297	87066	87299	233	0.06506731229041694	0.07777947501273513	0.08380998323111204	0.09691838974973489	0.9030816102502651	0.9358312911131175	0.5926485603430672	ESTIMABLE	73447	20730	18641	0.1000114603811538	0.11984335604313073	0.8992281717317897	0.2538020613503615	85	73463	72306	68425	0.05554748964431645	0.07399342345633905	0.946325339529223	0.9314212596817446	148
2026_all5mer	symmetric_confidence	0.6	POSTHOC_TARGETED_SUPPLEMENTARY_ANALYSIS	5mers_A_RNA_sparse_seq_13	147407	143542	87073	82650	4442.604286193848	5831	82650	82819	169	0.05375201798177674	0.06605472714534548	0.07055051421657592	0.08156114506962486	0.9184388549303751	0.9492035418556843	0.5757896643491104	ESTIMABLE	72576	16692	15104	0.08544412709898867	0.09891419491525423	0.9048646057991853	0.20811287477954143	53	70966	70381	67546	0.046665327191702285	0.0642080952239955	0.959719242409173	0.9518079080122875	116
2026_all5mer	symmetric_confidence	0.6	POSTHOC_TARGETED_SUPPLEMENTARY_ANALYSIS	5mers_A_RNA_sparse_seq_14	147493	145398	91903	86893	4809.860584259033	6238	86893	87091	198	0.05535383269376167	0.060466131019934546	0.07178944218751798	0.07405356558534701	0.925946434414653	0.9454860015451073	0.5976217004360446	ESTIMABLE	73771	20738	19105	0.06959093718340309	0.07809473959696414	0.9212556659272833	0.258977104824389	59	71627	71165	67788	0.051341324856466	0.07001239157372986	0.9525468980538185	0.9464028927639019	139
2026_all5mer	symmetric_confidence	0.6	POSTHOC_TARGETED_SUPPLEMENTARY_ANALYSIS	5mers_A_RNA_sparse_seq_15	145260	143330	97937	90022	8120.5710372924805	10707	90022	90343	321	0.0902065165991922	0.09210090176721993	0.1189375930328142	0.11757845930884667	0.8824215406911533	0.9191827399246454	0.628075071513291	ESTIMABLE	71532	26849	23982	0.09615569138147148	0.11466933533483446	0.8932176244925323	0.33526253984230836	117	71798	71088	66040	0.08804611215296837	0.12048758328285887	0.9289894215620077	0.9198027800217277	204
2026_all5mer	symmetric_confidence	0.6	POSTHOC_TARGETED_SUPPLEMENTARY_ANALYSIS	5mers_A_RNA_sparse_seq_16	139815	137067	96570	89901	6392.051044464111	8167	89901	90193	292	0.07110100048346639	0.07302282078236161	0.09084437325502497	0.08989146864773696	0.910108531352263	0.9309412861136999	0.6558909146621725	ESTIMABLE	67375	27974	25393	0.07743988755191245	0.08770133501358642	0.9077357546292987	0.3768905380333952	129	69692	68596	64508	0.06860575401281079	0.09208160228188751	0.9404046883200187	0.9256155656316364	163
2026_all5mer	symmetric_confidence	0.6	POSTHOC_TARGETED_SUPPLEMENTARY_ANALYSIS	5mers_A_RNA_sparse_seq_17	141470	139177	86709	82805	3960.655017852783	5022	82805	82978	173	0.047831109448134575	0.05296501308696497	0.06064851156331139	0.06410663891714183	0.9358933610828581	0.9549758387249305	0.5949618112188078	ESTIMABLE	71127	19109	17799	0.06197030659880328	0.07017248160008989	0.9314459155371815	0.25024252393605806	65	68050	67600	65006	0.043959719575126656	0.05804079623419377	0.9616272189349112	0.9552681851579721	108
2026_all5mer	symmetric_confidence	0.6	POSTHOC_TARGETED_SUPPLEMENTARY_ANALYSIS	5mers_A_RNA_sparse_seq_18	147202	146200	91156	86390	4486.509208679199	5731	86390	86585	195	0.05193320070238684	0.06601845305657007	0.06633869660840375	0.08119598914578226	0.9188040108542177	0.9477160033349423	0.5909028727770178	ESTIMABLE	73950	19397	17581	0.08977157538962795	0.10625106649223594	0.9063772748363149	0.23774171737660582	73	72250	71759	68809	0.04226533072351219	0.05614091179932858	0.9588901740548224	0.9523737024221454	122
2026_all5mer	symmetric_confidence	0.6	POSTHOC_TARGETED_SUPPLEMENTARY_ANALYSIS	5mers_A_RNA_sparse_seq_19	148233	143556	83789	79237	4520.925556182861	6014	79237	79406	169	0.05705573855879023	0.06200642463689006	0.07589888562161616	0.07507722118872191	0.924922778811278	0.9456730597095084	0.5519588174649614	ESTIMABLE	73016	13762	12521	0.06924468485961163	0.07387588850730772	0.9098241534660659	0.17148296263832585	38	70540	70027	66716	0.05476816441416848	0.0762785538701361	0.9527182372513459	0.9457896229089878	131
2026_all5mer	symmetric_confidence	0.6	POSTHOC_TARGETED_SUPPLEMENTARY_ANALYSIS	5mers_A_RNA_sparse_seq_20	150564	146635	99940	92936	7750.615905761719	10091	92936	93204	268	0.08339734769908021	0.0956476423076815	0.10858009813204786	0.12134872918117146	0.8786512708188285	0.9299179507704622	0.6337913867766904	ESTIMABLE	73849	27734	24930	0.1220775192634102	0.148896911351785	0.8988966611379534	0.3375807390756815	104	72786	72206	68006	0.0692177653519528	0.09380054701055789	0.941833088662992	0.9343280301156816	164
2026_all5mer	symmetric_confidence	0.6	POSTHOC_TARGETED_SUPPLEMENTARY_ANALYSIS	5mers_A_RNA_sparse_seq_21	146397	144612	90299	85781	4731.940174102783	6102	85781	85945	164	0.055163033470148205	0.06413581054110297	0.0711346335435586	0.07917540573123426	0.9208245942687657	0.9499662233247322	0.5931803723065859	ESTIMABLE	73737	20124	18468	0.07989369343440977	0.09329651288715617	0.9177101967799642	0.2504577077993409	60	70875	70175	67313	0.04837792764779617	0.06505429857531235	0.9592162451015319	0.9497425044091711	104
2026_all5mer	symmetric_confidence	0.6	POSTHOC_TARGETED_SUPPLEMENTARY_ANALYSIS	5mers_A_RNA_sparse_seq_22	144262	140810	95371	86795	8343.758037567139	10934	86795	87118	323	0.09613178221749108	0.09747801332999351	0.12597499855982489	0.12484832528264911	0.8751516747173509	0.910077486867077	0.6163979830977914	ESTIMABLE	72255	27698	24766	0.10061372782989011	0.122224016797222	0.8941439815149108	0.34275828662376306	109	68555	67673	62029	0.09434229883009689	0.12747263376807622	0.9165989390155601	0.904806359857049	214
2026_all5mer	symmetric_confidence	0.6	POSTHOC_TARGETED_SUPPLEMENTARY_ANALYSIS	5mers_A_RNA_sparse_seq_23	146430	144122	93303	86128	6552.188934326172	8532	86128	86389	261	0.0760750154923622	0.0840436537771061	0.09906186141556753	0.10481189684419573	0.8951881031558042	0.9231000075024383	0.5976048070384813	ESTIMABLE	72838	22688	20304	0.09912104565295016	0.11569148936170212	0.8949224259520452	0.2787555946072105	87	71284	70615	65824	0.06896626190126202	0.09393230432668935	0.9321532252354315	0.9234049716626452	174
2026_all5mer	symmetric_confidence	0.6	POSTHOC_TARGETED_SUPPLEMENTARY_ANALYSIS	5mers_A_RNA_sparse_seq_24	148738	146462	98390	91773	5966.572559356689	7709	91773	92025	252	0.06501446568551414	0.07848295442708655	0.08400074095866976	0.09939721663688136	0.9006027833631186	0.9327472304095945	0.6265993909683057	ESTIMABLE	74104	26394	23375	0.10593655852455507	0.1307807486631016	0.8856179434720012	0.31543506423404943	115	72358	71996	68398	0.05102935032961804	0.06801368461066112	0.9500250013889661	0.9452721191851626	137
2026_all5mer	symmetric_confidence	0.6	POSTHOC_TARGETED_SUPPLEMENTARY_ANALYSIS	5mers_A_RNA_sparse_seq_25	147023	145248	93771	87831	6935.0555992126465	9190	87831	88050	219	0.07895908732921915	0.08002580594622855	0.10463276064259772	0.1007137622196146	0.8992862377803854	0.9366541894615606	0.6046967944481163	ESTIMABLE	72225	21884	19745	0.08196393223344962	0.0935933147632312	0.902257356973131	0.2733817930079612	78	73023	71887	68086	0.07808767965900748	0.10783420967599801	0.9471253495068649	0.9323911644276461	141
2026_all5mer	symmetric_confidence	0.6	POSTHOC_TARGETED_SUPPLEMENTARY_ANALYSIS	5mers_A_RNA_sparse_seq_26	145381	143527	93651	87488	5514.513671875	7148	87488	87735	247	0.06303165773448931	0.06629605043111822	0.0817026335040234	0.08144190727588425	0.9185580927241157	0.934191839916285	0.6095577835529203	ESTIMABLE	71237	21806	19873	0.07227810372261566	0.08096412217581643	0.9113546730257728	0.278970198071227	79	72290	71845	67615	0.06031399713962078	0.08191969237595208	0.941123251444081	0.93532992115092	168
2026_all5mer	symmetric_confidence	0.6	POSTHOC_TARGETED_SUPPLEMENTARY_ANALYSIS	5mers_A_RNA_sparse_seq_27	148038	146108	91228	86596	4753.38948059082	6141	86596	86797	201	0.05489155943220034	0.06237402006838405	0.07091551572820916	0.075596262657564	0.924403737342436	0.9492261147893191	0.5926848632518411	ESTIMABLE	72695	18495	16919	0.07465559179686057	0.0832791536142798	0.9147877804812111	0.2327395281656235	76	73413	72733	69677	0.050092448339907523	0.0679133717008482	0.9579833088144308	0.9491098306839388	125
2026_all5mer	symmetric_confidence	0.6	POSTHOC_TARGETED_SUPPLEMENTARY_ANALYSIS	5mers_A_RNA_sparse_seq_28	146014	143563	86760	82829	5329.911823272705	6896	82829	82962	133	0.0643483782645294	0.06019941765197101	0.08325586449190502	0.07301643793274552	0.9269835620672545	0.9546911018902721	0.5769522787904962	ESTIMABLE	72566	17403	16235	0.053375329433825336	0.0561749307052664	0.9328851347468827	0.22372736543284735	41	70997	69357	66594	0.06702350587011668	0.08985794516022465	0.9601626367922488	0.9379832950688057	92
2026_all5mer	symmetric_confidence	0.6	POSTHOC_TARGETED_SUPPLEMENTARY_ANALYSIS	5mers_A_RNA_sparse_seq_29	146633	144210	86474	82695	3766.2004356384277	4831	82695	82836	141	0.045543266650201676	0.06237138959627415	0.05841949331882218	0.07642928755898012	0.9235707124410198	0.9562990031685825	0.5734345745787394	ESTIMABLE	73326	15919	14463	0.08825250375174408	0.10412777432068036	0.9085369684025378	0.19724245151787906	63	70884	70555	68232	0.036490275440804215	0.04873080079727987	0.9670753313018213	0.962586761469443	78
2026_all5mer	symmetric_confidence	0.6	POSTHOC_TARGETED_SUPPLEMENTARY_ANALYSIS	5mers_A_RNA_sparse_seq_30	141595	138802	92727	86125	6511.660755157471	8391	86125	86407	282	0.07560709149674857	0.06942427015242432	0.09742815674891146	0.085557151463497	0.914442848536503	0.9288017513777002	0.6204881774037838	ESTIMABLE	70766	25263	23482	0.055826673352548796	0.059449791329529	0.9295016427186004	0.33182601814430657	86	68036	67464	62643	0.08302186695229985	0.111664511597465	0.9285396655994308	0.9207331412781469	196
2026_all5mer	symmetric_confidence	0.6	POSTHOC_TARGETED_SUPPLEMENTARY_ANALYSIS	5mers_A_RNA_sparse_seq_31	147467	145363	86899	82927	4001.7472496032715	5073	82927	83084	157	0.04825626454114187	0.05914120427575849	0.06117428581764685	0.07027423895960483	0.9297257610403952	0.9542917640018872	0.5704821722171391	ESTIMABLE	72861	15271	13866	0.0754951384613288	0.0839463435742103	0.9079955471154476	0.19030757195207312	56	72502	71628	69061	0.042787270090188186	0.05660213434499935	0.9641620595297928	0.9525392402968194	101
2026_all5mer	symmetric_confidence	0.6	POSTHOC_TARGETED_SUPPLEMENTARY_ANALYSIS	5mers_A_RNA_sparse_seq_32	142561	140373	97135	89804	7069.683029174805	9240	89804	90101	297	0.07872347589388896	0.08384206923868517	0.102890739833415	0.10554141521248862	0.8944585847875114	0.9245277191537551	0.6397526589871272	ESTIMABLE	69829	27134	24435	0.09507161330318119	0.11135666052793125	0.900530699491413	0.3499262484068224	91	70544	70001	65369	0.07261252517418917	0.099726169897046	0.9338295167211897	0.9266415286913132	206
2026_all5mer	symmetric_confidence	0.6	POSTHOC_TARGETED_SUPPLEMENTARY_ANALYSIS	ALL	4682505	4608734	2940322	2762542	178660.75286102295	231743	2762542	2769543	7001	0.0646725924387839	0.07093233473126756	0.08388759338319562	0.08794408124598206	0.9120559187540179	0.9395372343573255	0.5994145029849846	ESTIMABLE	2326496	680046	618542	0.08226847180758325	0.0952902147307701	0.9095590592401103	0.2658684992366202	2432	2282238	2260276	2144000	0.05959619765495187	0.08059794776119403	0.9485567249309377	0.9394287537057923	4569
2026_all5mer	symmetric_confidence	0.7	POSTHOC_TARGETED_SUPPLEMENTARY_ANALYSIS	5mers_A_RNA_sparse_seq_01	146009	143290	94025	84007	3940.8641929626465	4626	83765	84007	242	0.04691114065450078	0.04997184631669081	0.0550668396681229	0.056133958563046565	0.9438660414369534	0.8934538686519543	0.5862725940400586	ESTIMABLE	72769	24406	20409	0.055925230293249625	0.05820961340585036	0.8362287961976563	0.28046283444873504	95	70521	69619	63598	0.044018462340132	0.05405830372024278	0.9135149887243424	0.9018306603706697	147
2026_all5mer	symmetric_confidence	0.7	POSTHOC_TARGETED_SUPPLEMENTARY_ANALYSIS	5mers_A_RNA_sparse_seq_02	145751	143542	93130	79980	4716.035934448242	5736	79704	79980	276	0.05896519047822258	0.05713564317510045	0.07171792948237059	0.06603097222099463	0.9339690277790054	0.8587995275421454	0.5571888367167798	ESTIMABLE	72370	22507	18656	0.05370620675193302	0.05537092624356775	0.8288976762784911	0.25778637556998757	80	71172	70623	61324	0.06056507959826788	0.0766910181984215	0.8683290146269629	0.8616309784746811	196
2026_all5mer	symmetric_confidence	0.7	POSTHOC_TARGETED_SUPPLEMENTARY_ANALYSIS	5mers_A_RNA_sparse_seq_03	148814	147059	91400	80683	3801.764995574951	4559	80449	80683	234	0.04711977734559884	0.05451875436592458	0.056505087812798234	0.06211786386658533	0.9378821361334146	0.8827461706783369	0.5486437416275101	ESTIMABLE	75191	20000	16261	0.06691408799543687	0.07152081667794108	0.81305	0.2162625846178399	91	71868	71400	64422	0.04212342073641229	0.05271491105522958	0.9022689075630252	0.8963933878777759	143
2026_all5mer	symmetric_confidence	0.7	POSTHOC_TARGETED_SUPPLEMENTARY_ANALYSIS	5mers_A_RNA_sparse_seq_04	145639	143648	91581	79720	4955.4688720703125	6096	79418	79720	302	0.06216092413535264	0.0734609796872918	0.07646763672854992	0.08714480706729151	0.9128551929327084	0.8704862362280386	0.5549676988193362	ESTIMABLE	73395	21962	17746	0.09382908198901448	0.10639017243322439	0.8080320553683635	0.24178758771033448	109	70253	69619	61974	0.053092877385569136	0.06789944170135863	0.8901880233844209	0.8821544987402673	193
2026_all5mer	symmetric_confidence	0.7	POSTHOC_TARGETED_SUPPLEMENTARY_ANALYSIS	5mers_A_RNA_sparse_seq_05	147161	145872	94407	83109	3725.547077178955	4459	82811	83109	298	0.04482723985583938	0.052844417772838034	0.053652432347880495	0.05977717621738639	0.9402228237826136	0.8803266706917919	0.5697392234287595	ESTIMABLE	72119	21025	16891	0.06635222565703618	0.07009650109525783	0.8033769322235434	0.2342101249324034	106	73753	73382	66218	0.0393366098886399	0.049457851339514934	0.9023738791529258	0.8978346643526365	192
2026_all5mer	symmetric_confidence	0.7	POSTHOC_TARGETED_SUPPLEMENTARY_ANALYSIS	5mers_A_RNA_sparse_seq_06	151404	149149	93851	82784	4253.618591308594	5177	82539	82784	245	0.051382134123847525	0.05070767533775561	0.0625362388867414	0.05786506859474792	0.9421349314052521	0.8820790401807119	0.5550422731630785	ESTIMABLE	75164	20639	17363	0.0495458626083904	0.04981857973852445	0.8412713794272978	0.23100154329200148	76	73985	73212	65421	0.05186948806712082	0.0659115574509714	0.8935830191771841	0.8842468067851591	169
2026_all5mer	symmetric_confidence	0.7	POSTHOC_TARGETED_SUPPLEMENTARY_ANALYSIS	5mers_A_RNA_sparse_seq_07	146326	144521	88910	76706	4582.010475158691	5706	76427	76706	279	0.0597347075216892	0.061056447522353396	0.07438792271790994	0.07122488120397268	0.9287751187960274	0.8627375998200427	0.530760235536704	ESTIMABLE	74180	19389	15585	0.06328293620144132	0.06589669554058389	0.8038062819124245	0.21009706120248045	99	70341	69521	61121	0.058829958843265466	0.07655306686736146	0.8791731994649099	0.8689242404856342	180
2026_all5mer	symmetric_confidence	0.7	POSTHOC_TARGETED_SUPPLEMENTARY_ANALYSIS	5mers_A_RNA_sparse_seq_08	149555	147619	88099	78621	3743.252094268799	4594	78427	78621	194	0.047611351855977396	0.05559805519927675	0.05843222548682922	0.06498207615264576	0.9350179238473543	0.892416485998706	0.5325940427722718	ESTIMABLE	75180	16571	13276	0.06765748794339586	0.07487194938234408	0.8011586506547583	0.17658951848895982	63	72439	71528	65345	0.04353862245515763	0.055092202922947434	0.9135583268090818	0.9020693272960698	131
2026_all5mer	symmetric_confidence	0.7	POSTHOC_TARGETED_SUPPLEMENTARY_ANALYSIS	5mers_A_RNA_sparse_seq_09	147097	144331	91313	79675	4416.256633758545	5422	79427	79675	248	0.05542838573904669	0.05169103904678282	0.06805145905240037	0.05994692326952357	0.9400530767304764	0.8725482680450757	0.5520297094872203	ESTIMABLE	72715	20457	17264	0.04509540483617915	0.045644114921223354	0.8439165077968421	0.2374200646359073	76	71616	70856	62411	0.058286673257386484	0.07424973161782378	0.8808146099130632	0.8714672698838248	172
2026_all5mer	symmetric_confidence	0.7	POSTHOC_TARGETED_SUPPLEMENTARY_ANALYSIS	5mers_A_RNA_sparse_seq_10	140681	138537	84417	75410	2792.547492980957	3311	75189	75410	221	0.037031527555774525	0.04771404299571293	0.04390664368120939	0.05291970560452277	0.9470802943954773	0.8933034815262328	0.544331117318839	ESTIMABLE	70338	16556	13030	0.06403761927384372	0.06669224865694551	0.7870258516549892	0.18524837214592396	89	68199	67861	62380	0.03139046671758213	0.03914716255210003	0.9192319594465157	0.9146761682722621	132
2026_all5mer	symmetric_confidence	0.7	POSTHOC_TARGETED_SUPPLEMENTARY_ANALYSIS	5mers_A_RNA_sparse_seq_11	147577	146151	95068	85063	3935.3207054138184	4729	84832	85063	231	0.04626360115930332	0.050994059527436006	0.05559408908691205	0.05893190933490662	0.9410680906650933	0.8947595405394033	0.5820213340996641	ESTIMABLE	73993	23470	19509	0.059733053558676544	0.06509815982367112	0.8312313591819344	0.2636600759531307	94	72158	71598	65554	0.04225506549619547	0.052765658846142115	0.9155842341964859	0.9084786163696333	137
2026_all5mer	symmetric_confidence	0.7	POSTHOC_TARGETED_SUPPLEMENTARY_ANALYSIS	5mers_A_RNA_sparse_seq_12	148508	146910	93036	80781	4242.499591827393	5106	80520	80781	261	0.05251853272214249	0.06425490953794546	0.06320793255839863	0.07474510101234039	0.9252548989876597	0.8682767960789372	0.5498672656728609	ESTIMABLE	73447	20730	16266	0.08390456560454539	0.09406123201770564	0.7846599131693198	0.2214658188898117	104	73463	72306	64515	0.044605253471345536	0.05542897000697512	0.8922496058418389	0.8781971876999306	157
2026_all5mer	symmetric_confidence	0.7	POSTHOC_TARGETED_SUPPLEMENTARY_ANALYSIS	5mers_A_RNA_sparse_seq_13	147407	143542	87073	77992	3361.405517578125	4111	77779	77992	213	0.04309936298053807	0.0535230078569954	0.05271053441378603	0.06114836099764479	0.9388516390023552	0.8957081988676169	0.5433392317231194	ESTIMABLE	72576	16692	13330	0.06936032008337778	0.07396849212303076	0.7985861490534387	0.18366953262786595	82	70966	70381	64662	0.037685695630613025	0.04832822987225882	0.9187422741933192	0.9111687286869768	131
2026_all5mer	symmetric_confidence	0.7	POSTHOC_TARGETED_SUPPLEMENTARY_ANALYSIS	5mers_A_RNA_sparse_seq_14	147493	145398	91903	81696	3612.7957763671875	4350	81434	81696	262	0.044222431653534906	0.04849433706041629	0.05324618096357227	0.0550913649683476	0.9449086350316525	0.88893724905607	0.5618784302397557	ESTIMABLE	73771	20738	17309	0.05590751485302816	0.058293373389566125	0.8346513646446138	0.23463149476081388	83	71627	71165	64387	0.04108115926780442	0.051889356547129076	0.9047565516756833	0.8989207980230919	179
2026_all5mer	symmetric_confidence	0.7	POSTHOC_TARGETED_SUPPLEMENTARY_ANALYSIS	5mers_A_RNA_sparse_seq_15	145260	143330	97937	81600	6170.601257324219	7620	81225	81600	375	0.07562011344760072	0.07664160966514898	0.09338235294117647	0.09116194729640108	0.908838052703599	0.8331886825203958	0.5693155654782669	ESTIMABLE	71532	26849	20825	0.07872807002439648	0.0866266506602641	0.7756341018287459	0.2911284460101773	139	71798	71088	60775	0.07455514930590147	0.09569724393253805	0.8549262885437767	0.8464720465751135	236
2026_all5mer	symmetric_confidence	0.7	POSTHOC_TARGETED_SUPPLEMENTARY_ANALYSIS	5mers_A_RNA_sparse_seq_16	139815	137067	96570	82956	4837.223434448242	5797	82666	82956	290	0.05831071211784852	0.059490159889549574	0.06988041853512705	0.06867956963809674	0.9313204303619033	0.8590245417831625	0.6052222635645341	ESTIMABLE	67375	27974	22528	0.06207175010984594	0.06605113636363637	0.8053192249946379	0.3343673469387755	115	69692	68596	60428	0.05690856966925321	0.0713080029125571	0.8809260015161234	0.8670722608046835	175
2026_all5mer	symmetric_confidence	0.7	POSTHOC_TARGETED_SUPPLEMENTARY_ANALYSIS	5mers_A_RNA_sparse_seq_17	141470	139177	86709	78478	2992.196952819824	3543	78298	78478	180	0.03812784414510849	0.042333724225137356	0.045146410458982135	0.04796995491486636	0.9520300450851337	0.9050732911231821	0.5638719041220891	ESTIMABLE	71127	19109	16342	0.0495414164319877	0.052808713743727816	0.8551991208331153	0.22975803843828643	68	68050	67600	62136	0.035126032018287005	0.043131196086004894	0.919171597633136	0.9130933137398971	112
2026_all5mer	symmetric_confidence	0.7	POSTHOC_TARGETED_SUPPLEMENTARY_ANALYSIS	5mers_A_RNA_sparse_seq_18	147202	146200	91156	81396	3359.8484954833984	3991	81187	81396	209	0.04127780843632855	0.0542336668118706	0.04903189345913804	0.06229657778734761	0.9377034222126523	0.892930799947343	0.5567441860465117	ESTIMABLE	73950	19397	15627	0.07526503868247052	0.08382926985345876	0.8056400474300149	0.2113184584178499	82	72250	71759	65769	0.03320229494127069	0.04076388572123645	0.9165261500299614	0.9102975778546712	127
2026_all5mer	symmetric_confidence	0.7	POSTHOC_TARGETED_SUPPLEMENTARY_ANALYSIS	5mers_A_RNA_sparse_seq_19	148233	143556	83789	74440	3386.2431030273438	4195	74240	74440	200	0.04548956344743879	0.048747131718457015	0.05635411069317571	0.05447586512035532	0.9455241348796447	0.8884221079139266	0.5185432862436958	ESTIMABLE	73016	13762	11140	0.05339616128315403	0.051795332136445243	0.8094753669524778	0.15256929987947848	65	70540	70027	63300	0.04409810215376	0.057156398104265406	0.9039370528510432	0.8973631981854268	135
2026_all5mer	symmetric_confidence	0.7	POSTHOC_TARGETED_SUPPLEMENTARY_ANALYSIS	5mers_A_RNA_sparse_seq_20	150564	146635	99940	85486	6024.070671081543	7371	85135	85486	351	0.07046850561590837	0.08302634483861039	0.08622464497110638	0.09891898457294782	0.9010810154270522	0.8553732239343607	0.582984962662393	ESTIMABLE	73849	27734	21884	0.1087591087245087	0.12493145677207092	0.789067570491094	0.2963344121111999	142	72786	72206	63602	0.05729358095271209	0.07290651237382473	0.8808409273467579	0.873821888824774	209
2026_all5mer	symmetric_confidence	0.7	POSTHOC_TARGETED_SUPPLEMENTARY_ANALYSIS	5mers_A_RNA_sparse_seq_21	146397	144612	90299	80823	3598.7257347106934	4327	80625	80823	198	0.04452601035238352	0.05181747248733727	0.053536740779233635	0.0591042562922646	0.9408957437077354	0.8950597459551047	0.5588955273421293	ESTIMABLE	73737	20124	16467	0.06412338499612566	0.06850063763891419	0.8182766845557543	0.22332072094064037	78	70875	70175	64356	0.03951155997854889	0.049707874945615016	0.9170787317420734	0.9080211640211641	120
2026_all5mer	symmetric_confidence	0.7	POSTHOC_TARGETED_SUPPLEMENTARY_ANALYSIS	5mers_A_RNA_sparse_seq_22	144262	140810	95371	77670	6236.686851501465	7607	77274	77670	396	0.08029724284152781	0.08124028205828904	0.09794000257499678	0.09654152089994289	0.903458479100057	0.8143985068836439	0.5515943469924011	ESTIMABLE	72255	27698	21508	0.08335391557724342	0.09340710433327135	0.776518160155968	0.29766798145457063	143	68555	67673	56162	0.07912664853933467	0.09967593746661443	0.8299026199518271	0.8192254394281964	253
2026_all5mer	symmetric_confidence	0.7	POSTHOC_TARGETED_SUPPLEMENTARY_ANALYSIS	5mers_A_RNA_sparse_seq_23	146430	144122	93303	78699	4862.468273162842	5919	78383	78699	316	0.061785642424463355	0.06946184462705039	0.07521061258719933	0.0811262941523289	0.9188737058476711	0.843477701681618	0.5460582006910811	ESTIMABLE	72838	22688	17618	0.08336124036920803	0.09183789306391191	0.776533850493653	0.24187923885883741	116	71284	70615	61081	0.055562448884892764	0.0704146952407459	0.8649861927352546	0.8568683014421189	200
2026_all5mer	symmetric_confidence	0.7	POSTHOC_TARGETED_SUPPLEMENTARY_ANALYSIS	5mers_A_RNA_sparse_seq_24	148738	146462	98390	84989	4426.566944122314	5317	84697	84989	292	0.05208399844829701	0.0647061447330247	0.0625610373107108	0.07618501682007087	0.9238149831799292	0.8637971338550666	0.5802802092010214	ESTIMABLE	74104	26394	20212	0.0887775817484566	0.10216702948743321	0.7657801015382284	0.27275180826945916	139	72358	71996	64777	0.04063470771759282	0.05020300415270852	0.8997305405855881	0.8952292766522015	153
2026_all5mer	symmetric_confidence	0.7	POSTHOC_TARGETED_SUPPLEMENTARY_ANALYSIS	5mers_A_RNA_sparse_seq_25	147023	145248	93771	81633	5463.25598526001	6804	81354	81633	279	0.06692460138987921	0.06669833958766996	0.08334864576825549	0.0786570011603828	0.9213429988396172	0.8705569952330678	0.5620249504296101	ESTIMABLE	72225	21884	17488	0.06630246266245515	0.07044830741079597	0.7991226466825078	0.24213222568362755	105	73023	71887	64145	0.06709421651288477	0.0868656949099696	0.8923031980747562	0.8784218670829739	174
2026_all5mer	symmetric_confidence	0.7	POSTHOC_TARGETED_SUPPLEMENTARY_ANALYSIS	5mers_A_RNA_sparse_seq_26	145381	143527	93651	80829	4010.359546661377	4836	80565	80829	264	0.049615355214853295	0.05214878102910696	0.05983001150577144	0.05958624785473356	0.9404137521452665	0.8630874203158535	0.5631623318260676	ESTIMABLE	71237	21806	17683	0.05665297730168707	0.05915285867782616	0.810923599009447	0.2482277468169631	97	72290	71845	63146	0.04764458475652685	0.06001963703164096	0.8789198970004871	0.8735094757227833	167
2026_all5mer	symmetric_confidence	0.7	POSTHOC_TARGETED_SUPPLEMENTARY_ANALYSIS	5mers_A_RNA_sparse_seq_27	148038	146108	91228	81555	3596.263256072998	4336	81334	81555	221	0.044096171369909856	0.04996983852098347	0.053166574704187355	0.05621799159135836	0.9437820084086417	0.8939689568991976	0.5581829879267391	ESTIMABLE	72695	18495	15099	0.05929723156391449	0.06106364659911252	0.8163828061638281	0.20770341839191142	78	73413	72733	66456	0.040642445478052444	0.05137233658360419	0.9136980462788555	0.9052347676841976	143
2026_all5mer	symmetric_confidence	0.7	POSTHOC_TARGETED_SUPPLEMENTARY_ANALYSIS	5mers_A_RNA_sparse_seq_28	146014	143563	86760	78422	4295.906761169434	5244	78239	78422	183	0.054779357338112185	0.04900235763959634	0.06686899084440591	0.05566644928834556	0.9443335507116545	0.9038958045182112	0.5462549542709473	ESTIMABLE	72566	17403	14817	0.039716388336550314	0.037659445231828306	0.851404930184451	0.20418653363834302	72	70997	69357	63605	0.05828832694264236	0.07367345334486282	0.9170667704773852	0.8958829246306182	111
2026_all5mer	symmetric_confidence	0.7	POSTHOC_TARGETED_SUPPLEMENTARY_ANALYSIS	5mers_A_RNA_sparse_seq_29	146633	144210	86474	78648	2839.9171752929688	3388	78461	78648	187	0.036109210346009675	0.05104676313493717	0.04307801851286746	0.057970703284934685	0.9420292967150653	0.9094988088905336	0.5453713334720199	ESTIMABLE	73326	15919	12903	0.07327924206729343	0.08013640238704177	0.8105408631195427	0.17596759675967596	65	70884	70555	65745	0.028814284202580906	0.035805004182827595	0.9318262348522429	0.9275012696800407	122
2026_all5mer	symmetric_confidence	0.7	POSTHOC_TARGETED_SUPPLEMENTARY_ANALYSIS	5mers_A_RNA_sparse_seq_30	141595	138802	92727	79064	4901.497802734375	5895	78766	79064	298	0.06199405295373843	0.05579649835577947	0.07455985024790043	0.06392571177151508	0.9360742882284849	0.8526534881965339	0.5696171524905981	ESTIMABLE	70766	25263	21411	0.04227617782344055	0.04072672925131941	0.8475240470252939	0.3025605516773592	104	68036	67464	57653	0.06931681888811839	0.08712469429171076	0.8545742914739713	0.8473896172614498	194
2026_all5mer	symmetric_confidence	0.7	POSTHOC_TARGETED_SUPPLEMENTARY_ANALYSIS	5mers_A_RNA_sparse_seq_31	147467	145363	86899	78579	3026.4600944519043	3580	78363	78579	216	0.03851487158721674	0.046889751604447624	0.04555924610901131	0.05154257677973274	0.9484574232202673	0.9042566657844164	0.5405708467766901	ESTIMABLE	72861	15271	12236	0.05905249758692651	0.06023210199411572	0.801257285050095	0.16793620729882927	91	72502	71628	66343	0.03472700562196873	0.04285305156534977	0.9262160049142794	0.9150506192932609	125
2026_all5mer	symmetric_confidence	0.7	POSTHOC_TARGETED_SUPPLEMENTARY_ANALYSIS	5mers_A_RNA_sparse_seq_32	142561	140373	97135	82018	5275.6950759887695	6427	81658	82018	360	0.0643236250090074	0.06918099564005882	0.07836084761881539	0.08107627223967201	0.9189237277603279	0.8443712359087867	0.5842861518953075	ESTIMABLE	69829	27134	21437	0.07935859180850291	0.08676587209031114	0.7900420137097368	0.3069927966890547	140	70544	70001	60581	0.05900339947161474	0.07538667238903286	0.8654304938500879	0.8587689952370152	220
2026_all5mer	symmetric_confidence	0.7	POSTHOC_TARGETED_SUPPLEMENTARY_ANALYSIS	ALL	4682505	4608734	2940322	2573512	135383.37536621094	164179	2565191	2573512	8321	0.05260646749119916	0.05782616592219493	0.06379570019490875	0.0668105903303339	0.9331894096696661	0.87524835715272	0.5583989008695229	ESTIMABLE	2326496	680046	550120	0.06694393680805225	0.07207700138151676	0.8089452772312461	0.23645860555960552	3086	2282238	2260276	2023392	0.048708395036337615	0.06154417927915105	0.8951968697628078	0.8865823809786709	5235
2026_all5mer	symmetric_confidence	0.8	POSTHOC_TARGETED_SUPPLEMENTARY_ANALYSIS	5mers_A_RNA_sparse_seq_01	146009	143290	94025	76792	2668.01318359375	2966	76792	77124	332	0.034743374096178635	0.03706718554267978	0.03862381498072716	0.039446184416672664	0.9605538155833273	0.8167189577240096	0.5359201619094145	ESTIMABLE	72769	24406	17340	0.04130469809491467	0.040945790080738176	0.7104810292551013	0.23828828209814618	144	70521	69619	59452	0.03282967299044489	0.037946578752607145	0.8539622804119565	0.843039661944669	188
2026_all5mer	symmetric_confidence	0.8	POSTHOC_TARGETED_SUPPLEMENTARY_ANALYSIS	5mers_A_RNA_sparse_seq_02	145751	143542	93130	71410	3071.559669494629	3515	71410	71806	396	0.043013018757801835	0.041583903717130846	0.04922279792746114	0.045402397240370033	0.95459760275963	0.766777622677977	0.49748505663847514	ESTIMABLE	72370	22507	15858	0.03901290797333291	0.03852944885862025	0.7045807970853513	0.2191239463866243	126	71172	70623	55552	0.04415489946092878	0.052275345622119815	0.7865992665279017	0.7805316697577699	270
2026_all5mer	symmetric_confidence	0.8	POSTHOC_TARGETED_SUPPLEMENTARY_ANALYSIS	5mers_A_RNA_sparse_seq_03	148814	147059	91400	73441	2459.858066558838	2769	73441	73754	313	0.03349434330358843	0.03995067646109187	0.03770373497092905	0.04270427795996129	0.9572957220400387	0.8035120350109409	0.4993982007221591	ESTIMABLE	75191	20000	13459	0.050142615145618026	0.05059811278698269	0.67295	0.17899748640129803	135	71868	71400	59982	0.02975873777656572	0.034810443132939885	0.8400840336134454	0.834613458006345	178
2026_all5mer	symmetric_confidence	0.8	POSTHOC_TARGETED_SUPPLEMENTARY_ANALYSIS	5mers_A_RNA_sparse_seq_04	145639	143648	91581	71821	3373.14497756958	3900	71821	72180	359	0.046965998490268585	0.058959647180867214	0.054301666643460825	0.06604710844848843	0.9339528915515116	0.7842347211757897	0.4999791156159501	ESTIMABLE	73395	21962	14537	0.07911067164123833	0.08578111027034464	0.6619160367908206	0.1980652633013148	155	70253	69619	57284	0.038808622720496094	0.04631310662663222	0.8228213562389578	0.815395783809944	204
2026_all5mer	symmetric_confidence	0.8	POSTHOC_TARGETED_SUPPLEMENTARY_ANALYSIS	5mers_A_RNA_sparse_seq_05	147161	145872	94407	75413	2297.0659675598145	2551	75413	75747	334	0.030459814190654324	0.0379228883810238	0.03382705899513346	0.04002437148791496	0.9599756285120851	0.7988072918321735	0.5169806405615882	ESTIMABLE	72119	21025	13886	0.04973651139310024	0.04983436554803399	0.6604518430439953	0.19254288051692342	134	73753	73382	61527	0.026109265368947365	0.030214377427795928	0.8384481207925649	0.8342304719808008	200
2026_all5mer	symmetric_confidence	0.8	POSTHOC_TARGETED_SUPPLEMENTARY_ANALYSIS	5mers_A_RNA_sparse_seq_06	151404	149149	93851	75235	2781.0485038757324	3160	75235	75553	318	0.0369648236043827	0.03688775952199286	0.04200172791918655	0.039827329097884716	0.9601726709021153	0.8016430299091113	0.5044284574485917	ESTIMABLE	75164	20639	14877	0.036760279558082656	0.03623042280029576	0.7208198071611996	0.19792719919110213	110	73985	73212	60358	0.03701523948590306	0.04342423539547367	0.8244276894498169	0.8158140163546664	208
2026_all5mer	symmetric_confidence	0.8	POSTHOC_TARGETED_SUPPLEMENTARY_ANALYSIS	5mers_A_RNA_sparse_seq_07	146326	144521	88910	68786	2925.2090225219727	3385	68786	69131	345	0.04252622659439381	0.04388558562095843	0.04921059517925159	0.04766647835840032	0.9523335216415997	0.7736587560454392	0.47595851121982274	ESTIMABLE	74180	19389	12808	0.046051554349271454	0.04520612117426608	0.6605807416576409	0.1726610946346724	136	70341	69521	55978	0.041719616892645396	0.05012683554253457	0.8051955524230089	0.7958089876458965	209
2026_all5mer	symmetric_confidence	0.8	POSTHOC_TARGETED_SUPPLEMENTARY_ANALYSIS	5mers_A_RNA_sparse_seq_08	149555	147619	88099	72302	2497.9550399780273	2875	72302	72611	309	0.03454890653063577	0.040626222172275475	0.03976376863710548	0.04421461881206315	0.9557853811879369	0.8206903597089638	0.4897878999315806	ESTIMABLE	75180	16571	11005	0.049363239501509434	0.0506133575647433	0.6641120028966266	0.14638201649374832	105	72439	71528	61297	0.03188920484304152	0.037815880059383	0.8569651045744324	0.8461878269992683	204
2026_all5mer	symmetric_confidence	0.8	POSTHOC_TARGETED_SUPPLEMENTARY_ANALYSIS	5mers_A_RNA_sparse_seq_09	147097	144331	91313	71913	2864.2112464904785	3277	71913	72239	326	0.039828838269721445	0.03668017422550463	0.04556895137179648	0.03984212915649356	0.9601578708435065	0.7875439422645187	0.49825054908508914	ESTIMABLE	72715	20457	14946	0.031291680914737066	0.03004148267094875	0.7306056606540549	0.2055421852437599	94	71616	70856	56967	0.0420686675362722	0.049642775642038374	0.8039827255278311	0.7954507372654156	232
2026_all5mer	symmetric_confidence	0.8	POSTHOC_TARGETED_SUPPLEMENTARY_ANALYSIS	5mers_A_RNA_sparse_seq_10	140681	138537	84417	69480	1729.2871398925781	1914	69480	69710	230	0.024888991650727953	0.034048716711945995	0.02754749568221071	0.035432286952863885	0.9645677130471361	0.82305696719855	0.5015266679659586	ESTIMABLE	70338	16556	10622	0.04724254906233635	0.046789681792506116	0.6415800918096158	0.1510136768176519	102	68199	67861	58858	0.020854884361555633	0.02407489211322165	0.8673317516688525	0.8630331823047259	128
2026_all5mer	symmetric_confidence	0.8	POSTHOC_TARGETED_SUPPLEMENTARY_ANALYSIS	5mers_A_RNA_sparse_seq_11	147577	146151	95068	78216	2633.0564880371094	2966	78216	78554	338	0.033663911322966006	0.037627859488103474	0.03792063005011762	0.040952080141986494	0.9590479198580135	0.8227374090124964	0.5351725270439477	ESTIMABLE	73993	23470	16675	0.04453830770466818	0.04623688155922039	0.7104814657008948	0.2253591555957996	136	72158	71598	61541	0.03071741127153877	0.0356672787247526	0.8595351825469986	0.8528645472435489	202
2026_all5mer	symmetric_confidence	0.8	POSTHOC_TARGETED_SUPPLEMENTARY_ANALYSIS	5mers_A_RNA_sparse_seq_12	148508	146910	93036	72821	2764.192798614502	3126	72821	73225	404	0.03795873166551547	0.04950575492290177	0.04292717759986817	0.054394653746582575	0.9456053462534174	0.7827185175630939	0.4956844326458376	ESTIMABLE	73447	20730	13279	0.06768152780027954	0.07244521424806084	0.6405692233478051	0.18079703731942762	169	73463	72306	59542	0.031329982045524	0.0363440932451043	0.8234724642491633	0.8105032465322679	235
2026_all5mer	symmetric_confidence	0.8	POSTHOC_TARGETED_SUPPLEMENTARY_ANALYSIS	5mers_A_RNA_sparse_seq_13	147407	143542	87073	71968	2171.763702392578	2480	71968	72192	224	0.0301767966650814	0.039711153398201846	0.0344597598932859	0.042678969666571795	0.9573210303334282	0.8265248699367198	0.501372420615569	ESTIMABLE	72576	16692	10955	0.053418624439178566	0.05449566408032862	0.6563024203211119	0.1509452160493827	82	70966	70381	61013	0.02600368235722513	0.030862275252814975	0.8668958951989884	0.8597497393117831	142
2026_all5mer	symmetric_confidence	0.8	POSTHOC_TARGETED_SUPPLEMENTARY_ANALYSIS	5mers_A_RNA_sparse_seq_14	147493	145398	91903	74776	2318.0101623535156	2613	74776	75085	309	0.0309993870005552	0.0348362665120197	0.03494436717663421	0.03733561475069831	0.9626643852493016	0.8136404687551004	0.5142849282658634	ESTIMABLE	73771	20738	14637	0.041141626767596806	0.041265286602445855	0.7058057671906645	0.19841129983326783	125	71627	71165	60139	0.028530906256442595	0.03340594289895076	0.8450642872198412	0.839613553548243	184
2026_all5mer	symmetric_confidence	0.8	POSTHOC_TARGETED_SUPPLEMENTARY_ANALYSIS	5mers_A_RNA_sparse_seq_15	145260	143330	97937	71119	4035.3563804626465	4655	71119	71595	476	0.05674090440617341	0.058160934138546595	0.06545367623279293	0.06487463111041328	0.9351253688895867	0.7261709057863729	0.4961906090839322	ESTIMABLE	71532	26849	16745	0.06084479750288391	0.06378023290534487	0.6236731349398488	0.2340910361796119	187	71798	71088	54374	0.05547707077420928	0.06596902931548167	0.7648829619626378	0.7573191453800941	289
2026_all5mer	symmetric_confidence	0.8	POSTHOC_TARGETED_SUPPLEMENTARY_ANALYSIS	5mers_A_RNA_sparse_seq_16	139815	137067	96570	73792	3142.8746032714844	3538	73792	74193	401	0.042590993647976534	0.04340929631545157	0.047945576756287946	0.04717325088639987	0.9528267491136001	0.7641296468882676	0.5383644495027979	ESTIMABLE	67375	27974	18567	0.045056527218346375	0.04561857058221576	0.6637234574962465	0.2755769944341373	180	69692	68596	55225	0.04176206541255676	0.048727931190583974	0.8050760977316461	0.7924151983010963	221
2026_all5mer	symmetric_confidence	0.8	POSTHOC_TARGETED_SUPPLEMENTARY_ANALYSIS	5mers_A_RNA_sparse_seq_17	141470	139177	86709	72944	1989.9891052246094	2221	72944	73216	272	0.02728105265991184	0.031049316162054728	0.030448014915551658	0.03343401719627442	0.9665659828037256	0.8412506198895155	0.5241095870725766	ESTIMABLE	71127	19109	14412	0.03727942071555225	0.038370802109353314	0.754199591815375	0.20262347631701041	89	68050	67600	58532	0.024819211608557205	0.028497232283195516	0.8658579881656805	0.8601322556943424	183
2026_all5mer	symmetric_confidence	0.8	POSTHOC_TARGETED_SUPPLEMENTARY_ANALYSIS	5mers_A_RNA_sparse_seq_18	147202	146200	91156	74979	2182.508403778076	2429	74979	75276	297	0.029108262363836224	0.04079501946559995	0.03239573747315915	0.04409318353496152	0.9559068164650385	0.8225349949537057	0.5128522571819425	ESTIMABLE	73950	19397	12972	0.058665140006706154	0.061979648473635525	0.6687632108057947	0.1754158215010142	126	72250	71759	62007	0.02292489892449375	0.026206718596287516	0.8641006702991959	0.8582283737024221	171
2026_all5mer	symmetric_confidence	0.8	POSTHOC_TARGETED_SUPPLEMENTARY_ANALYSIS	5mers_A_RNA_sparse_seq_19	148233	143556	83789	68485	2189.5647163391113	2545	68485	68738	253	0.03197144946103689	0.03468266703211931	0.0371614222092429	0.03668947424917022	0.9633105257508298	0.81735072622898	0.4770612165287414	ESTIMABLE	73016	13762	9211	0.03839154854852024	0.036043860601454786	0.6693067868042436	0.12615043278185603	87	70540	70027	59274	0.03097378551571838	0.03733508789688565	0.846444942664972	0.8402891976183725	166
2026_all5mer	symmetric_confidence	0.8	POSTHOC_TARGETED_SUPPLEMENTARY_ANALYSIS	5mers_A_RNA_sparse_seq_20	150564	146635	99940	75912	4097.546142578125	4701	75912	76313	401	0.05397758118055281	0.06823820132392637	0.061926968068289595	0.07669039305124058	0.9233096069487594	0.7595757454472684	0.5176935929348382	ESTIMABLE	73849	27734	17715	0.09497977032555115	0.10437482359582274	0.638746664743636	0.239881379571829	189	72786	72206	58197	0.0414966323223016	0.04900596250665842	0.8059856521618702	0.7995631027944935	212
2026_all5mer	symmetric_confidence	0.8	POSTHOC_TARGETED_SUPPLEMENTARY_ANALYSIS	5mers_A_RNA_sparse_seq_21	146397	144612	90299	74378	2377.5973587036133	2684	74378	74669	291	0.03196640617795065	0.038249305087688173	0.03608593939068004	0.041129068087158424	0.9588709319128416	0.8236857551024929	0.5143279949105192	ESTIMABLE	73737	20124	13777	0.048229431841243134	0.04913987079915802	0.6846054462333532	0.18683971411909897	128	70875	70175	60601	0.02826917833413321	0.03311826537515883	0.8635696473102957	0.8550405643738977	163
2026_all5mer	symmetric_confidence	0.8	POSTHOC_TARGETED_SUPPLEMENTARY_ANALYSIS	5mers_A_RNA_sparse_seq_22	144262	140810	95371	66175	4004.832057952881	4575	66175	66689	514	0.06051880707144512	0.06189117451195935	0.0691348696637703	0.06901865126125015	0.9309813487387498	0.6938692055236917	0.4699595199204602	ESTIMABLE	72255	27698	17259	0.06475993704081645	0.06877571122312996	0.6231135822081016	0.2388623624662653	201	68555	67673	48916	0.05902241198310225	0.06926159129937035	0.7228288977878917	0.7135292830573992	313
2026_all5mer	symmetric_confidence	0.8	POSTHOC_TARGETED_SUPPLEMENTARY_ANALYSIS	5mers_A_RNA_sparse_seq_23	146430	144122	93303	69224	3063.2447814941406	3488	69224	69664	440	0.04425119584962066	0.052169794513839476	0.05038714896567664	0.05726008564749519	0.9427399143525048	0.7419268405088797	0.480315288436186	ESTIMABLE	72838	22688	13958	0.06543979243026932	0.06877776185699958	0.6152150916784203	0.1916307421950081	189	71284	70615	55266	0.03889979659740964	0.04574240943799081	0.7826382496636692	0.7752931934234891	251
2026_all5mer	symmetric_confidence	0.8	POSTHOC_TARGETED_SUPPLEMENTARY_ANALYSIS	5mers_A_RNA_sparse_seq_24	148738	146462	98390	76233	2790.1040077209473	3132	76233	76630	397	0.03659968790052795	0.04851695038748386	0.04108456967455039	0.05359595698556022	0.9464040430144398	0.7748043500355727	0.5204967841487894	ESTIMABLE	74104	26394	16126	0.06917333999136076	0.07528215304477241	0.61097219064939	0.21761308431393717	173	72358	71996	60107	0.027860560783606964	0.031909760926348014	0.8348658258792155	0.8306890737720777	224
2026_all5mer	symmetric_confidence	0.8	POSTHOC_TARGETED_SUPPLEMENTARY_ANALYSIS	5mers_A_RNA_sparse_seq_25	147023	145248	93771	73648	3785.3193359375	4441	73648	74025	377	0.05139744916274033	0.050469007546547026	0.0603003475993917	0.05609406581007359	0.9439059341899264	0.7854027364537011	0.5070500110156422	ESTIMABLE	72225	21884	14282	0.048952330495943594	0.04922279792746114	0.6526229208554195	0.19774316372447215	152	73023	71887	59366	0.05198568459715045	0.06296533369268605	0.8258238624507909	0.8129767333579832	225
2026_all5mer	symmetric_confidence	0.8	POSTHOC_TARGETED_SUPPLEMENTARY_ANALYSIS	5mers_A_RNA_sparse_seq_26	145381	143527	93651	72399	2438.3844261169434	2733	72399	72782	383	0.03367980809288724	0.03575758385666267	0.03774914018149422	0.037984640794846994	0.962015359205153	0.7730723644168241	0.5044277383349475	ESTIMABLE	71237	21806	14643	0.03924676084554253	0.03838011336474766	0.6715124277721728	0.2055532939343319	154	72290	71845	57756	0.03226840686778281	0.037589168224946325	0.8038972788642216	0.7989486789320791	229
2026_all5mer	symmetric_confidence	0.8	POSTHOC_TARGETED_SUPPLEMENTARY_ANALYSIS	5mers_A_RNA_sparse_seq_27	148038	146108	91228	74901	2347.8271675109863	2658	74901	75183	282	0.03134573860844296	0.03616554950679542	0.035486842632274605	0.03837218453940623	0.9616278154605937	0.8210308238698645	0.5126413338078681	ESTIMABLE	72695	18495	12527	0.04340788417282342	0.042707751257284265	0.6773181941065153	0.172322718206204	118	73413	72733	62374	0.028923214840767424	0.0340366178215282	0.8575749659714298	0.8496315366488224	164
2026_all5mer	symmetric_confidence	0.8	POSTHOC_TARGETED_SUPPLEMENTARY_ANALYSIS	5mers_A_RNA_sparse_seq_28	146014	143563	86760	72863	3135.6002464294434	3612	72863	73111	248	0.04303419082976879	0.036564859702671815	0.04957248534921702	0.03963976261242322	0.9603602373875768	0.8398224988473951	0.507533278073041	ESTIMABLE	72566	17403	12776	0.026601534600398206	0.0243425172197871	0.7341263000632074	0.17606041396797398	97	70997	69357	60087	0.04652818480494543	0.05493700800505933	0.8663436999870237	0.8463315351352874	151
2026_all5mer	symmetric_confidence	0.8	POSTHOC_TARGETED_SUPPLEMENTARY_ANALYSIS	5mers_A_RNA_sparse_seq_29	146633	144210	86474	73191	1828.265682220459	2036	73191	73415	224	0.02497937836920467	0.03803726396178884	0.027817627850418768	0.040589901843915296	0.9594100981560847	0.8463931355089391	0.5075306844185563	ESTIMABLE	73326	15919	10572	0.05639989205575828	0.05855088914112751	0.6641120673409133	0.14417805416905327	91	70884	70555	62619	0.019674635867819392	0.02262891454670308	0.8875203741761746	0.8834010496021669	133
2026_all5mer	symmetric_confidence	0.8	POSTHOC_TARGETED_SUPPLEMENTARY_ANALYSIS	5mers_A_RNA_sparse_seq_30	141595	138802	92727	69977	3209.5950660705566	3633	69977	70390	413	0.04586642848465291	0.04039955437354233	0.05191705846206611	0.04380305535158022	0.9561969446484198	0.7546561411455132	0.5041497961124479	ESTIMABLE	70766	25263	18390	0.028875758558463117	0.026699293094072866	0.7279420496378103	0.25987055930814235	138	68036	67464	51587	0.05192335018862155	0.06090681760908756	0.7646596703427013	0.7582309365629961	275
2026_all5mer	symmetric_confidence	0.8	POSTHOC_TARGETED_SUPPLEMENTARY_ANALYSIS	5mers_A_RNA_sparse_seq_31	147467	145363	86899	73053	2032.8745307922363	2283	73053	73315	262	0.027827392862609837	0.03420220462780328	0.0312512833148536	0.03594372854070395	0.9640562714592961	0.8406656002945949	0.5025556709754202	ESTIMABLE	72861	15271	10088	0.043009419936589265	0.042426645519429027	0.6605985200707223	0.13845541510547482	99	72502	71628	62965	0.02539498931901729	0.029460811561978877	0.8790556765510694	0.8684588011365204	163
2026_all5mer	symmetric_confidence	0.8	POSTHOC_TARGETED_SUPPLEMENTARY_ANALYSIS	5mers_A_RNA_sparse_seq_32	142561	140373	97135	71856	3323.7882080078125	3773	71856	72269	413	0.046256237586392406	0.051731234715366045	0.05250779336450679	0.056830978181098155	0.9431690218189018	0.739753950687188	0.5118933128165672	ESTIMABLE	69829	27134	17143	0.06220265855618399	0.0650994575045208	0.6317903737008919	0.24549972074639476	188	70544	70001	54713	0.0412598108745481	0.04856249885767551	0.7816031199554292	0.7755868677704695	225
2026_all5mer	symmetric_confidence	0.8	POSTHOC_TARGETED_SUPPLEMENTARY_ANALYSIS	ALL	4682505	4608734	2940322	2329503	88529.64818954468	100634	2329503	2340384	10881	0.038003663523740766	0.042800716065028166	0.04319977265536898	0.04655993876477717	0.9534400612352228	0.7922611877202564	0.5054539923545165	ESTIMABLE	2326496	680046	456047	0.050684642501283766	0.05208235116117418	0.6706119880125756	0.1960231180281419	4339	2282238	2260276	1873456	0.03491678962877256	0.04103752636838015	0.8288616080514061	0.8208854641803353	6542
2026_all5mer	symmetric_confidence	0.9	POSTHOC_TARGETED_SUPPLEMENTARY_ANALYSIS	5mers_A_RNA_sparse_seq_01	146009	143290	94025	65166	1323.4704208374023	1407	64455	65166	711	0.020309216782331312	0.023743362494876793	0.021591013718810424	0.024456028761272154	0.9755439712387278	0.6930709917575113	0.4547840044664666	ESTIMABLE	72769	24406	12098	0.029205640735143788	0.029013060009918996	0.49569777923461444	0.16625211285025218	343	70521	69619	53068	0.018281084254609798	0.019898997512625312	0.7622631752826097	0.7525134357141844	368
2026_all5mer	symmetric_confidence	0.9	POSTHOC_TARGETED_SUPPLEMENTARY_ANALYSIS	5mers_A_RNA_sparse_seq_02	145751	143542	93130	58401	1329.4243507385254	1429	57640	58401	761	0.022763725805012337	0.023755700840744486	0.02446875909659081	0.02460629599218098	0.975393704007819	0.6270911628905831	0.4068565297961572	ESTIMABLE	72370	22507	10916	0.02533989330052718	0.02482594356907292	0.48500466521526636	0.15083598176039795	316	71172	70623	47485	0.022171508380961793	0.02438664841528904	0.6723730229528624	0.6671865340302366	445
2026_all5mer	symmetric_confidence	0.9	POSTHOC_TARGETED_SUPPLEMENTARY_ANALYSIS	5mers_A_RNA_sparse_seq_03	148814	147059	91400	62141	1069.2891120910645	1132	61468	62141	673	0.01720746547514627	0.02509087126171708	0.01821663635924752	0.025666394173936243	0.9743336058260638	0.6798796498905908	0.4225582929300485	ESTIMABLE	75191	20000	8592	0.03598756630327449	0.03596368715083799	0.4296	0.11426899495950313	316	71868	71400	53549	0.014194176220159668	0.015369101197034492	0.7499859943977591	0.7451021316858686	357
2026_all5mer	symmetric_confidence	0.9	POSTHOC_TARGETED_SUPPLEMENTARY_ANALYSIS	5mers_A_RNA_sparse_seq_04	145639	143648	91581	59745	1540.3528785705566	1662	59011	59745	734	0.02578212199465322	0.041713964457102556	0.027818227466733618	0.04406817763897219	0.9559318223610278	0.6523733088741115	0.4159125083537536	ESTIMABLE	73395	21962	9322	0.06487271796477964	0.06768933705213473	0.4244604316546763	0.1270113767967845	335	70253	69619	50423	0.01855521094942548	0.02044701822580965	0.7242706732357546	0.7177344739726418	399
2026_all5mer	symmetric_confidence	0.9	POSTHOC_TARGETED_SUPPLEMENTARY_ANALYSIS	5mers_A_RNA_sparse_seq_05	147161	145872	94407	64013	1008.7776679992676	1062	63344	64013	669	0.015758950025764572	0.025082830229467667	0.016590380079046445	0.025741437713860633	0.9742585622861394	0.6780535341658988	0.4388299330920259	ESTIMABLE	72119	21025	8902	0.03799913535357004	0.038418332958885644	0.42340071343638525	0.12343487846475963	312	73753	73382	55111	0.0121665251053653	0.013064542468835623	0.7510152353438173	0.7472374005125215	357
2026_all5mer	symmetric_confidence	0.9	POSTHOC_TARGETED_SUPPLEMENTARY_ANALYSIS	5mers_A_RNA_sparse_seq_06	151404	149149	93851	64165	1311.2976264953613	1404	63485	64165	680	0.020436337980134986	0.022057983187339994	0.021881087820462868	0.02285383948326748	0.9771461605167325	0.6836901045273892	0.43020737651610136	ESTIMABLE	75164	20639	10614	0.02448136779083603	0.02430751837196156	0.5142691021851834	0.14121121813634185	308	73985	73212	53551	0.019634598583843955	0.0214001605945734	0.7314511282303447	0.7238088801784145	372
2026_all5mer	symmetric_confidence	0.9	POSTHOC_TARGETED_SUPPLEMENTARY_ANALYSIS	5mers_A_RNA_sparse_seq_07	146326	144521	88910	57277	1237.0521430969238	1331	56599	57277	678	0.02159771187556827	0.026448413298385327	0.02323794891492222	0.027143437696036957	0.972856562303963	0.6442132493532786	0.3963230257194456	ESTIMABLE	74180	19389	8072	0.033202932185767545	0.03258176412289395	0.4163185311258961	0.10881639255864115	316	70341	69521	49205	0.019693894411003113	0.021705111269179962	0.707771752420132	0.6995209053041611	362
2026_all5mer	symmetric_confidence	0.9	POSTHOC_TARGETED_SUPPLEMENTARY_ANALYSIS	5mers_A_RNA_sparse_seq_08	149555	147619	88099	62618	1110.9261856079102	1196	62067	62618	551	0.017741323351239423	0.025276528525662485	0.019099939314574085	0.02626144016333485	0.9737385598366651	0.7107685671801042	0.42418658844728657	ESTIMABLE	75180	16571	7381	0.03513609634604077	0.03563202818046335	0.44541669181099514	0.09817770683692471	224	72439	71528	55237	0.015416960705284198	0.016890852146206347	0.7722430376915334	0.7625312331754994	327
2026_all5mer	symmetric_confidence	0.9	POSTHOC_TARGETED_SUPPLEMENTARY_ANALYSIS	5mers_A_RNA_sparse_seq_09	147097	144331	91313	60555	1296.3770866394043	1396	59917	60555	638	0.021408258387241422	0.02069547365358048	0.02305342250846338	0.021446315335399712	0.9785536846646002	0.6631585864006221	0.41955643624723726	ESTIMABLE	72715	20457	11049	0.01957311154663406	0.01891573898090325	0.5401085203108961	0.15194939145980885	242	71616	70856	49506	0.021817835760526896	0.023976891689896175	0.6986846562041323	0.6912701072386059	396
2026_all5mer	symmetric_confidence	0.9	POSTHOC_TARGETED_SUPPLEMENTARY_ANALYSIS	5mers_A_RNA_sparse_seq_10	140681	138537	84417	60656	739.3176574707031	767	60168	60656	488	0.01218869786122895	0.021402448428203175	0.012645080453706147	0.021236346265814755	0.9787636537341853	0.7185282585261262	0.4378324924027516	ESTIMABLE	70338	16556	6667	0.03321237308038163	0.03224838758062097	0.40269388741241846	0.09478518013022832	230	68199	67861	53989	0.009592523776024724	0.01022430495100854	0.7955821458569723	0.7916391735949208	258
2026_all5mer	symmetric_confidence	0.9	POSTHOC_TARGETED_SUPPLEMENTARY_ANALYSIS	5mers_A_RNA_sparse_seq_11	147577	146151	95068	67540	1263.0689849853516	1342	66948	67540	592	0.018701051006593892	0.02292268408366431	0.01986970684039088	0.02379238489504506	0.9762076151049549	0.7104388437749821	0.4621247887458861	ESTIMABLE	73993	23470	11954	0.02945754606627652	0.029864480508616363	0.5093310609288453	0.16155582284810727	272	72158	71598	55586	0.0163878221010521	0.01772028928147375	0.7763624682253695	0.7703373153357909	320
2026_all5mer	symmetric_confidence	0.9	POSTHOC_TARGETED_SUPPLEMENTARY_ANALYSIS	5mers_A_RNA_sparse_seq_12	148508	146910	93036	60949	1260.0689582824707	1342	60276	60949	673	0.020674153116252453	0.03424980068011741	0.02201840883361499	0.03580337911216315	0.9641966208878369	0.6551119996560472	0.41487305152814646	ESTIMABLE	73447	20730	8358	0.05295579266280014	0.05479779851639148	0.4031837916063676	0.11379634294116846	270	73463	72306	52591	0.015543808697434677	0.016808959707934817	0.7273393632616934	0.7158841865973347	403
2026_all5mer	symmetric_confidence	0.9	POSTHOC_TARGETED_SUPPLEMENTARY_ANALYSIS	5mers_A_RNA_sparse_seq_13	147407	143542	87073	63194	974.7067642211914	1045	62678	63194	516	0.015424039690812283	0.026854328483489516	0.016536380036079375	0.027865684058931646	0.9721343159410684	0.7257588460257485	0.44024745370692897	ESTIMABLE	72576	16692	7130	0.04161555115002904	0.04249649368863955	0.42715073088904865	0.0982418430335097	215	70966	70381	56064	0.012093105816949992	0.013234874429223744	0.7965786220712977	0.7900121184792718	301
2026_all5mer	symmetric_confidence	0.9	POSTHOC_TARGETED_SUPPLEMENTARY_ANALYSIS	5mers_A_RNA_sparse_seq_14	147493	145398	91903	64149	997.3821296691895	1058	63592	64149	557	0.015547898325292514	0.02043747584832221	0.016492852577592792	0.021011160997693453	0.9789888390023066	0.6980076820125567	0.4411958899021995	ESTIMABLE	73771	20738	10171	0.027597553199540784	0.027627568577327698	0.49045230976950527	0.1378726057664936	259	71627	71165	53978	0.013277398497103637	0.014394753418059208	0.7584908311670062	0.7535985033576724	298
2026_all5mer	symmetric_confidence	0.9	POSTHOC_TARGETED_SUPPLEMENTARY_ANALYSIS	5mers_A_RNA_sparse_seq_15	145260	143330	97937	55751	1818.1824913024902	1965	54888	55751	863	0.03261255387889886	0.03731560153749315	0.03524600455597209	0.03929528283205654	0.9607047171679435	0.5692537039116984	0.38896951091885856	ESTIMABLE	71532	26849	9998	0.044648830736606304	0.04560912182436487	0.3723788595478416	0.1397696135995079	423	71798	71088	45753	0.029982372338380005	0.032981443839748215	0.6436107359891965	0.6372461628457617	440
2026_all5mer	symmetric_confidence	0.9	POSTHOC_TARGETED_SUPPLEMENTARY_ANALYSIS	5mers_A_RNA_sparse_seq_16	139815	137067	96570	60444	1468.9053192138672	1567	59679	60444	765	0.02430192110406107	0.026452984606145	0.025924822976639533	0.027572218530230785	0.9724277814697693	0.6259086672879777	0.4409814178467465	ESTIMABLE	67375	27974	12538	0.030129157483321015	0.03038762163024406	0.4482019017659255	0.18609276437847866	358	69692	68596	47906	0.022776811728968987	0.02475681543021751	0.6983789142224036	0.6873959708431384	407
2026_all5mer	symmetric_confidence	0.9	POSTHOC_TARGETED_SUPPLEMENTARY_ANALYSIS	5mers_A_RNA_sparse_seq_17	141470	139177	86709	64297	949.019962310791	1004	63776	64297	521	0.014759941557316686	0.0189211091527412	0.015615036471375025	0.01960974028304736	0.9803902597169526	0.7415262544833869	0.4619800685458086	ESTIMABLE	71127	19109	11190	0.02530397512318302	0.025737265415549597	0.5855879428541525	0.15732422286895273	196	68050	67600	53107	0.012538243182299378	0.013482215150545125	0.7856065088757397	0.7804114621601763	325
2026_all5mer	symmetric_confidence	0.9	POSTHOC_TARGETED_SUPPLEMENTARY_ANALYSIS	5mers_A_RNA_sparse_seq_18	147202	146200	91156	64888	999.9180297851562	1055	64250	64888	638	0.01540990675911041	0.02653282950860848	0.016258784366909137	0.027433473137989696	0.9725665268620103	0.711834657071394	0.4438303693570451	ESTIMABLE	73950	19397	8544	0.041632080792487786	0.04260299625468165	0.4404804866731969	0.11553752535496957	289	72250	71759	56344	0.011433578224729174	0.012263950021297742	0.7851837400186736	0.7798477508650519	349
2026_all5mer	symmetric_confidence	0.9	POSTHOC_TARGETED_SUPPLEMENTARY_ANALYSIS	5mers_A_RNA_sparse_seq_19	148233	143556	83789	60150	939.7389144897461	1017	59708	60150	442	0.015623257098748896	0.02165068699023113	0.016907730673316707	0.022246942417103573	0.9777530575828964	0.7178746613517287	0.4190002507732174	ESTIMABLE	73016	13762	6049	0.02919563637782491	0.028930401719292446	0.4395436709780555	0.0828448559219897	177	70540	70027	54101	0.014105737602637348	0.015563483114914697	0.7725734359604153	0.7669549191947831	265
2026_all5mer	symmetric_confidence	0.9	POSTHOC_TARGETED_SUPPLEMENTARY_ANALYSIS	5mers_A_RNA_sparse_seq_20	150564	146635	99940	61665	2022.8885231018066	2181	60878	61665	787	0.032804484279604425	0.05310376718053599	0.035368523473607395	0.056658459907525965	0.9433415400924741	0.6170202121272763	0.4205339789272684	ESTIMABLE	73849	27734	10997	0.08465717596997778	0.08975175047740293	0.39651691065118627	0.14891196901786077	393	72786	72206	50668	0.0215503583910942	0.02356516933764901	0.7017145389579813	0.6961228807737752	394
2026_all5mer	symmetric_confidence	0.9	POSTHOC_TARGETED_SUPPLEMENTARY_ANALYSIS	5mers_A_RNA_sparse_seq_21	146397	144612	90299	64096	1075.3716125488281	1143	63501	64096	595	0.016777515173315466	0.02405356945542107	0.017832626060908637	0.024716948121570555	0.9752830518784295	0.709819599331111	0.44322739468370537	ESTIMABLE	73737	20124	9220	0.034268349008291246	0.03438177874186551	0.45815941164778373	0.12503898992364756	275	70875	70175	54876	0.013838789902550892	0.015052117501275603	0.7819878874242964	0.7742645502645502	320
2026_all5mer	symmetric_confidence	0.9	POSTHOC_TARGETED_SUPPLEMENTARY_ANALYSIS	5mers_A_RNA_sparse_seq_22	144262	140810	95371	50209	1856.8259315490723	2004	49310	50209	899	0.03698193414625012	0.04168951220001678	0.03991316297874883	0.04420171721102246	0.9557982827889775	0.5264598253137747	0.35657268659896313	ESTIMABLE	72255	27698	10771	0.049934629809169115	0.05171293287531334	0.3888728428045346	0.14906926856272923	362	68555	67673	39438	0.033444394590864436	0.03669050154673158	0.5827730409469064	0.5752753263802786	537
2026_all5mer	symmetric_confidence	0.9	POSTHOC_TARGETED_SUPPLEMENTARY_ANALYSIS	5mers_A_RNA_sparse_seq_23	146430	144122	93303	55396	1275.466293334961	1357	54607	55396	789	0.023024519700609446	0.03464154323781183	0.024496353527330494	0.035961782008866405	0.9640382179911335	0.5937215309261225	0.38436879865669366	ESTIMABLE	72838	22688	8277	0.051209604508262965	0.05231364020780476	0.3648184062059238	0.11363573958647959	386	71284	70615	47119	0.01807348196736069	0.019609923809928053	0.6672661615804008	0.6610038718365973	403
2026_all5mer	symmetric_confidence	0.9	POSTHOC_TARGETED_SUPPLEMENTARY_ANALYSIS	5mers_A_RNA_sparse_seq_24	148738	146462	98390	63471	1245.2702598571777	1323	62740	63471	731	0.019619515366973542	0.03184670798241917	0.02084416505175592	0.03344055965394262	0.9665594403460573	0.6450960463461733	0.4333615545329164	ESTIMABLE	74104	26394	10127	0.04980427427565909	0.051940357460254764	0.3836856861407896	0.13665928964698262	345	72358	71996	53344	0.013889141689179254	0.014940761847630473	0.7409300516695372	0.7372232510572432	386
2026_all5mer	symmetric_confidence	0.9	POSTHOC_TARGETED_SUPPLEMENTARY_ANALYSIS	5mers_A_RNA_sparse_seq_25	147023	145248	93771	61604	1758.383804321289	1928	60943	61604	661	0.028543338165075142	0.031433620913159266	0.03129666904746445	0.033085890781761676	0.9669141092182383	0.6569621738064007	0.42412976426525667	ESTIMABLE	72225	21884	9013	0.03551946648691148	0.035615222456451795	0.4118534088832023	0.12479058497750087	311	73023	71887	52591	0.027347775339407045	0.030556559107071554	0.731578727725458	0.7201977459156704	350
2026_all5mer	symmetric_confidence	0.9	POSTHOC_TARGETED_SUPPLEMENTARY_ANALYSIS	5mers_A_RNA_sparse_seq_26	145381	143527	93651	60329	1004.0264930725098	1057	59595	60329	734	0.016642518408601332	0.019737839172413507	0.017520595401879693	0.01989883275084773	0.9801011672491523	0.6441895975483444	0.4203320629567956	ESTIMABLE	71237	21806	9739	0.024309027303916396	0.02341102782626553	0.44662019627625427	0.13671266336313995	312	72290	71845	50590	0.015166651040910615	0.016386637675429926	0.704154777646322	0.6998201687646978	422
2026_all5mer	symmetric_confidence	0.9	POSTHOC_TARGETED_SUPPLEMENTARY_ANALYSIS	5mers_A_RNA_sparse_seq_27	148038	146108	91228	64806	1032.9131393432617	1097	64209	64806	597	0.015938541791551117	0.02228416938125302	0.01692744498966145	0.022692178712118656	0.9773078212878813	0.7103740079800062	0.4435486078791031	ESTIMABLE	72695	18495	8310	0.030818489340955456	0.030445246690734055	0.44931062449310627	0.11431322649425682	253	73413	72733	56496	0.013749849421550586	0.014939110733503257	0.7767588302421184	0.7695639736831351	344
2026_all5mer	symmetric_confidence	0.9	POSTHOC_TARGETED_SUPPLEMENTARY_ANALYSIS	5mers_A_RNA_sparse_seq_28	146014	143563	86760	64407	1745.7687339782715	1895	63926	64407	481	0.027105263930601822	0.022414845297384283	0.029422267765926064	0.023307201364700138	0.9766927986352999	0.7423582295988935	0.44863230776732166	ESTIMABLE	72566	17403	9408	0.015788629752438086	0.014668367346938776	0.5405964488881227	0.1296474933164292	186	70997	69357	54999	0.02904106084233048	0.0319460353824615	0.7929841256109693	0.7746665352057129	295
2026_all5mer	symmetric_confidence	0.9	POSTHOC_TARGETED_SUPPLEMENTARY_ANALYSIS	5mers_A_RNA_sparse_seq_29	146633	144210	86474	64887	843.6616477966309	887	64374	64887	513	0.013002013466435971	0.026433824992165764	0.013669918473654199	0.027279418292762585	0.9727205817072374	0.7503642713416749	0.44994799251092155	ESTIMABLE	73326	15919	6971	0.04354148922751819	0.04461339836465356	0.43790439097933287	0.0950685977688678	226	70884	70555	57916	0.009326160756813343	0.009945438220871607	0.8208631564028063	0.8170532137012584	287
2026_all5mer	symmetric_confidence	0.9	POSTHOC_TARGETED_SUPPLEMENTARY_ANALYSIS	5mers_A_RNA_sparse_seq_30	141595	138802	92727	56891	1502.0007133483887	1601	56122	56891	769	0.026401376550744208	0.023405809631743192	0.028141533810268758	0.024201400125774104	0.9757985998742259	0.6135321966633235	0.40987161568277114	ESTIMABLE	70766	25263	13353	0.017759932620350558	0.016775256496667414	0.5285595534972094	0.18869230986632	301	68036	67464	43538	0.029051686643135826	0.03162754375488079	0.6453515949247006	0.6399259215709331	468
2026_all5mer	symmetric_confidence	0.9	POSTHOC_TARGETED_SUPPLEMENTARY_ANALYSIS	5mers_A_RNA_sparse_seq_31	147467	145363	86899	64410	960.2583694458008	1024	63899	64410	511	0.014908529257037739	0.02128402068310922	0.015898152460798013	0.021594196066347097	0.978405803933653	0.741205307310786	0.44309762456746216	ESTIMABLE	72861	15271	6639	0.029315104989478306	0.02876939298087061	0.43474559622814485	0.0911187054802981	199	72502	71628	57771	0.013252936376740134	0.01441899915182358	0.8065421343608644	0.79681939808557	312
2026_all5mer	symmetric_confidence	0.9	POSTHOC_TARGETED_SUPPLEMENTARY_ANALYSIS	5mers_A_RNA_sparse_seq_32	142561	140373	97135	57220	1425.7996063232422	1517	56379	57220	841	0.024917854007746282	0.03383887380227643	0.026511709192590004	0.03528830558835147	0.9647116944116485	0.5890770577031966	0.40762824759747246	ESTIMABLE	69829	27134	10428	0.04787640412465612	0.04909858074415036	0.38431488169823835	0.14933623566140142	406	70544	70001	46792	0.019801343479896736	0.021478030432552572	0.6684475936058056	0.6633023361306418	435
2026_all5mer	symmetric_confidence	0.9	POSTHOC_TARGETED_SUPPLEMENTARY_ANALYSIS	ALL	4682505	4608734	2940322	1965490	40385.91181182861	43195	1944432	1965490	21058	0.020547503071411514	0.027038454020207228	0.021976708098235046	0.028079158043968964	0.971920841956031	0.6684608012319739	0.42647069672495747	ESTIMABLE	2326496	680046	302798	0.036419993449271916	0.036899186916690335	0.44526105586975	0.13015195383959396	9356	2282238	2260276	1662692	0.017656914591142544	0.019259129171247592	0.7356145886608538	0.7285357618267683	11702
2026_all5mer	symmetric_confidence	0.95	POSTHOC_TARGETED_SUPPLEMENTARY_ANALYSIS	5mers_A_RNA_sparse_seq_01	146009	143290	94025	52429	439.5864448547363	449	50832	52429	1597	0.008384414061964492	0.01790994283286746	0.00856396269240306	0.01844154604816471	0.9815584539518353	0.5576070194097315	0.36589434014934746	ESTIMABLE	72769	24406	5957	0.0302365860003282	0.031223770354205135	0.2440793247562075	0.0818617818026907	784	70521	69619	46472	0.0055832996654067235	0.00565932174212429	0.6675189244315488	0.6589810127479758	813
2026_all5mer	symmetric_confidence	0.95	POSTHOC_TARGETED_SUPPLEMENTARY_ANALYSIS	5mers_A_RNA_sparse_seq_02	145751	143542	93130	45532	345.99388122558594	353	44048	45532	1484	0.007598916832680004	0.01459910757886107	0.007752789247122902	0.014960804551861032	0.985039195448139	0.4889079780951358	0.3172033272491675	ESTIMABLE	72370	22507	5260	0.023702634514058043	0.024334600760456272	0.23370506953392278	0.07268205057344203	688	71172	70623	40272	0.005495580643664099	0.005587008343265793	0.5702391572150716	0.565840499072669	796
2026_all5mer	symmetric_confidence	0.95	POSTHOC_TARGETED_SUPPLEMENTARY_ANALYSIS	5mers_A_RNA_sparse_seq_03	148814	147059	91400	50052	310.6067657470703	315	48525	50052	1527	0.006205681406278876	0.02531582045298378	0.006293454807000719	0.02619978479401631	0.9738002152059837	0.5476148796498906	0.3403531915761701	ESTIMABLE	75191	20000	2972	0.04700124440250936	0.048788694481830416	0.1486	0.03952600710191379	747	71868	71400	47080	0.0036303965034582093	0.003610875106202209	0.6593837535014005	0.6550898870150832	780
2026_all5mer	symmetric_confidence	0.95	POSTHOC_TARGETED_SUPPLEMENTARY_ANALYSIS	5mers_A_RNA_sparse_seq_04	145639	143648	91581	47111	473.921688079834	487	45628	47111	1483	0.010059682199058267	0.04808391501492497	0.010337288531340876	0.05008236546190239	0.9499176345380976	0.5144189296906564	0.3279614056582758	ESTIMABLE	73395	21962	3398	0.09251798749882169	0.09652736904061213	0.15472179218650395	0.04629743170515703	732	70253	69619	43713	0.00364984253102825	0.003637361883192643	0.627888938364527	0.6222225385392794	751
2026_all5mer	symmetric_confidence	0.95	POSTHOC_TARGETED_SUPPLEMENTARY_ANALYSIS	5mers_A_RNA_sparse_seq_05	147161	145872	94407	52082	286.82178497314453	290	50711	52082	1371	0.00550711925373727	0.02340381403955884	0.005568142544449138	0.024241075420353905	0.9757589245796461	0.5516751935767474	0.3570390479324339	ESTIMABLE	72119	21025	3268	0.043868743074713605	0.045593635250917995	0.15543400713436387	0.045313994925054425	656	73753	73382	48814	0.002938885004404074	0.0028885155897898146	0.665204000981167	0.6618578227326346	715
2026_all5mer	symmetric_confidence	0.95	POSTHOC_TARGETED_SUPPLEMENTARY_ANALYSIS	5mers_A_RNA_sparse_seq_06	151404	149149	93851	52296	404.1777648925781	413	50869	52296	1427	0.007728655440044709	0.01244479436626497	0.0078973535260823	0.012724547860250665	0.9872754521397493	0.5572236843507261	0.3506292365352768	ESTIMABLE	75164	20639	5568	0.018436903241036952	0.018857758620689655	0.2697805126217355	0.0740780160715236	637	73985	73212	46728	0.006452685491492988	0.006591337099811676	0.6382560236026881	0.6315874839494492	790
2026_all5mer	symmetric_confidence	0.95	POSTHOC_TARGETED_SUPPLEMENTARY_ANALYSIS	5mers_A_RNA_sparse_seq_07	146326	144521	88910	45634	319.3672866821289	327	44284	45634	1350	0.006998450424730002	0.024929133137918055	0.007165709777797256	0.0256777018559408	0.9743222981440592	0.5132606006073558	0.3157603393278485	ESTIMABLE	74180	19389	2578	0.04514378739291147	0.04654771140418929	0.1329619887565114	0.03475330277702885	645	70341	69521	43056	0.0047144788829246356	0.004807692307692308	0.619323657599862	0.612103893888344	705
2026_all5mer	symmetric_confidence	0.95	POSTHOC_TARGETED_SUPPLEMENTARY_ANALYSIS	5mers_A_RNA_sparse_seq_08	149555	147619	88099	52460	299.54112243652344	306	51253	52460	1207	0.005709895585903992	0.01955655844354223	0.00583301563095692	0.020303323341117833	0.9796966766588822	0.5954664638645161	0.3553743081852607	ESTIMABLE	75180	16571	3233	0.0353498343819625	0.03680791834209712	0.19509987327258463	0.04300345836658686	503	72439	71528	49227	0.0037632825051219588	0.003798728340138542	0.6882199977631137	0.6795648752743688	704
2026_all5mer	symmetric_confidence	0.95	POSTHOC_TARGETED_SUPPLEMENTARY_ANALYSIS	5mers_A_RNA_sparse_seq_09	147097	144331	91313	49090	357.41532135009766	364	47709	49090	1381	0.007280817301896469	0.010871926466936934	0.0074149521287431245	0.01107075159346487	0.9889292484065352	0.5376014368162255	0.3401209719325717	ESTIMABLE	72715	20457	6428	0.015737178686174014	0.016023646546359675	0.3142200713692135	0.08839991748607577	616	71616	70856	42662	0.006006674247699852	0.006117856640570063	0.6020943886191713	0.5957048704200179	765
2026_all5mer	symmetric_confidence	0.95	POSTHOC_TARGETED_SUPPLEMENTARY_ANALYSIS	5mers_A_RNA_sparse_seq_10	140681	138537	84417	51202	241.95148468017578	243	50031	51202	1171	0.004725430348036713	0.028133509850410864	0.004745908362954572	0.02893717903469609	0.9710628209653039	0.6065365980785861	0.36959079523881705	ESTIMABLE	70338	16556	2046	0.05357482775914704	0.0552297165200391	0.12358057501812032	0.029088117376098267	569	68199	67861	49156	0.0026921919416746875	0.00264464154935308	0.724363036206363	0.7207730318626373	602
2026_all5mer	symmetric_confidence	0.95	POSTHOC_TARGETED_SUPPLEMENTARY_ANALYSIS	5mers_A_RNA_sparse_seq_11	147577	146151	95068	55916	459.43421936035156	470	54468	55916	1448	0.008216507249451884	0.014716440046340165	0.008405465340868445	0.015125336910249629	0.9848746630897504	0.5881684688854294	0.3825906083434256	ESTIMABLE	73993	23470	6416	0.02315229192338977	0.023846633416458853	0.2733702599062633	0.08671090508561621	716	72158	71598	49500	0.006280588169290562	0.006404040404040404	0.6913600938573703	0.6859946229108346	732
2026_all5mer	symmetric_confidence	0.95	POSTHOC_TARGETED_SUPPLEMENTARY_ANALYSIS	5mers_A_RNA_sparse_seq_12	148508	146910	93036	49092	429.6716766357422	440	47639	49092	1453	0.008752376693468226	0.03634606291710739	0.008962763790434286	0.03773433531540055	0.9622656646845995	0.5276667096607764	0.3341637737390239	ESTIMABLE	73447	20730	3205	0.06808378008338108	0.07082683307332294	0.15460684997588037	0.04363690824676297	629	73463	72306	45887	0.004608345750833697	0.004641837557478153	0.6346222996708434	0.6246273634346542	824
2026_all5mer	symmetric_confidence	0.95	POSTHOC_TARGETED_SUPPLEMENTARY_ANALYSIS	5mers_A_RNA_sparse_seq_13	147407	143542	87073	54180	287.41197204589844	292	53052	54180	1128	0.005304761388813186	0.025290340249943245	0.005389442598744925	0.026120647734263605	0.9738793522657364	0.6222365141892435	0.3774505022920121	ESTIMABLE	72576	16692	2956	0.04772380885639113	0.04939106901217862	0.17709082195063502	0.040729717813051146	530	70966	70381	51224	0.0028568716434953585	0.0028502264563485865	0.7278100623747886	0.7218104444381817	598
2026_all5mer	symmetric_confidence	0.95	POSTHOC_TARGETED_SUPPLEMENTARY_ANALYSIS	5mers_A_RNA_sparse_seq_14	147493	145398	91903	53557	294.47441482543945	299	52264	53557	1293	0.0054983366287402104	0.013389475680824624	0.0055828369774259205	0.013747712230693453	0.9862522877693065	0.5827557315865641	0.3683475701178833	ESTIMABLE	73771	20738	5307	0.023231026904830514	0.023930657622008668	0.255907030571897	0.07193883775467325	601	71627	71165	48250	0.003547924456818734	0.0035647668393782384	0.6780018267406731	0.6736286595836766	692
2026_all5mer	symmetric_confidence	0.95	POSTHOC_TARGETED_SUPPLEMENTARY_ANALYSIS	5mers_A_RNA_sparse_seq_15	145260	143330	97937	41146	588.1113662719727	608	39481	41146	1665	0.01429328163787422	0.036450896417860125	0.01477664900597871	0.03784949163564118	0.9621505083643588	0.42012722464441427	0.2870717923672644	ESTIMABLE	71532	26849	2905	0.06225170063274863	0.06471600688468158	0.10819769823829566	0.04061119498965498	849	71798	71088	38241	0.010650092202971624	0.010982976386600769	0.5379388926401081	0.5326192930165186	816
2026_all5mer	symmetric_confidence	0.95	POSTHOC_TARGETED_SUPPLEMENTARY_ANALYSIS	5mers_A_RNA_sparse_seq_16	139815	137067	96570	47127	488.157039642334	499	45590	47127	1537	0.010358330461144014	0.01688371890953927	0.01058841004095317	0.017369506553737642	0.9826304934462624	0.48800869835352595	0.3438245529558537	ESTIMABLE	67375	27974	6175	0.025726401757614814	0.026558704453441294	0.2207406877815114	0.09165120593692022	726	69692	68596	40952	0.008041036061463726	0.008180308654033991	0.597002740684588	0.5876140733513172	811
2026_all5mer	symmetric_confidence	0.95	POSTHOC_TARGETED_SUPPLEMENTARY_ANALYSIS	5mers_A_RNA_sparse_seq_17	141470	139177	86709	55036	336.81263732910156	343	53920	55036	1116	0.006119860406444901	0.011905997874354698	0.006232284322988589	0.012233122905514943	0.9877668770944851	0.634720732565247	0.39543890154263994	ESTIMABLE	71127	19109	7346	0.01979926234202978	0.020419275796351756	0.38442618661363753	0.10328004836419362	484	68050	67600	47690	0.004012733406679614	0.00404697001467813	0.705473372781065	0.7008082292432035	632
2026_all5mer	symmetric_confidence	0.95	POSTHOC_TARGETED_SUPPLEMENTARY_ANALYSIS	5mers_A_RNA_sparse_seq_18	147202	146200	91156	53936	330.8298645019531	336	52639	53936	1297	0.006133748600229033	0.026056038647880735	0.006229605458320973	0.02698356711607559	0.9730164328839244	0.591688972750011	0.36891928864569085	ESTIMABLE	73950	19397	3391	0.04884368415006808	0.05072250073724565	0.1748208485848327	0.0458553076402975	613	72250	71759	50545	0.0032683931456933876	0.0032446334949055296	0.7043715770844076	0.6995847750865052	684
2026_all5mer	symmetric_confidence	0.95	POSTHOC_TARGETED_SUPPLEMENTARY_ANALYSIS	5mers_A_RNA_sparse_seq_19	148233	143556	83789	52266	239.19144439697266	244	51391	52266	875	0.004576425293632049	0.015567420627891067	0.004668426893200168	0.0159094640550079	0.9840905359449921	0.6237811645920109	0.3640809161581543	ESTIMABLE	73016	13762	2740	0.027845780866859602	0.02846715328467153	0.19909896817323064	0.03752602169387532	376	70540	70027	49526	0.0032890603889225325	0.0033517748253442635	0.7072414925671526	0.7020981003685852	499
2026_all5mer	symmetric_confidence	0.95	POSTHOC_TARGETED_SUPPLEMENTARY_ANALYSIS	5mers_A_RNA_sparse_seq_20	150564	146635	99940	47961	799.6569862365723	830	46483	47961	1478	0.016673067413869026	0.06340549745277489	0.01730572757031755	0.0663844270729125	0.9336155729270875	0.479897938763258	0.3270774371739353	ESTIMABLE	73849	27734	4108	0.11979835383964026	0.12560856864654332	0.14812143938847624	0.05562702270849978	750	72786	72206	43853	0.0070126410659095174	0.007160285499281691	0.6073318006813838	0.602492237518204	728
2026_all5mer	symmetric_confidence	0.95	POSTHOC_TARGETED_SUPPLEMENTARY_ANALYSIS	5mers_A_RNA_sparse_seq_21	146397	144612	90299	53023	316.6104393005371	322	51702	53023	1321	0.005971190602201632	0.01994882411933883	0.006072836316315561	0.020580142041459786	0.9794198579585403	0.5871936566296415	0.36665698558902443	ESTIMABLE	73737	20124	3811	0.03627304741792621	0.03752295985305694	0.18937586960842775	0.05168368661594586	659	70875	70175	49212	0.003624600820751449	0.003637324229862635	0.7012753829711436	0.6943492063492064	662
2026_all5mer	symmetric_confidence	0.95	POSTHOC_TARGETED_SUPPLEMENTARY_ANALYSIS	5mers_A_RNA_sparse_seq_22	144262	140810	95371	34874	580.2504043579102	600	33151	34874	1723	0.01663848151510897	0.03667614734574453	0.017204794402706888	0.038245097686817935	0.9617549023131821	0.3656667121032599	0.24766706910020594	ESTIMABLE	72255	27698	3902	0.0624904642344621	0.06535110199897488	0.14087659758827353	0.05400318317071483	848	68555	67673	30972	0.010861830457026963	0.011139093374660984	0.4576714494702466	0.4517832397345197	875
2026_all5mer	symmetric_confidence	0.95	POSTHOC_TARGETED_SUPPLEMENTARY_ANALYSIS	5mers_A_RNA_sparse_seq_23	146430	144122	93303	41951	378.01452255249023	386	40406	41951	1545	0.009010858443243074	0.05035834237755929	0.009201210936568853	0.05249491721790812	0.9475050827820919	0.4496211268662315	0.29107977963114584	ESTIMABLE	72838	22688	2088	0.09627676192828065	0.10057471264367816	0.09203102961918194	0.028666355473791153	727	71284	70615	39863	0.004439922826837926	0.004415121792138073	0.5645117892798981	0.559213848830032	818
2026_all5mer	symmetric_confidence	0.95	POSTHOC_TARGETED_SUPPLEMENTARY_ANALYSIS	5mers_A_RNA_sparse_seq_24	148738	146462	98390	50795	411.3752861022949	421	49306	50795	1489	0.008098735822468646	0.029437324406343512	0.008288217344226793	0.030703084135543058	0.969296915864457	0.5162618152251245	0.34681350794062626	ESTIMABLE	74104	26394	4204	0.05500869315425971	0.05756422454804948	0.15927862392968098	0.056731080643420057	701	72358	71996	46591	0.0038659556584273165	0.003841943723036638	0.6471331740652259	0.643895630061638	788
2026_all5mer	symmetric_confidence	0.95	POSTHOC_TARGETED_SUPPLEMENTARY_ANALYSIS	5mers_A_RNA_sparse_seq_25	147023	145248	93771	49322	444.7840042114258	461	47889	49322	1433	0.009017963671615623	0.023734141120623768	0.009346741819066542	0.024601403319975693	0.9753985966800243	0.5259835130264154	0.3395709407358449	ESTIMABLE	72225	21884	2957	0.040455282480280505	0.04193439296584376	0.1351215499908609	0.04094150224991346	711	73023	71887	46365	0.00701299976096703	0.007268413674107624	0.6449705788251006	0.6349369376771702	722
2026_all5mer	symmetric_confidence	0.95	POSTHOC_TARGETED_SUPPLEMENTARY_ANALYSIS	5mers_A_RNA_sparse_seq_26	145381	143527	93651	47941	251.48259353637695	251	46439	47941	1502	0.005245668499538536	0.013298590471462273	0.005235602094240838	0.01355670914820844	0.9864432908517916	0.5119112449413247	0.33402077657862284	ESTIMABLE	71237	21806	4304	0.0231138888788046	0.023698884758364312	0.1973768687517197	0.060418041186462094	677	72290	71845	43637	0.003483292064119943	0.00341453353805257	0.6073769921358481	0.6036381242218841	825
2026_all5mer	symmetric_confidence	0.95	POSTHOC_TARGETED_SUPPLEMENTARY_ANALYSIS	5mers_A_RNA_sparse_seq_27	148038	146108	91228	54086	320.7332077026367	326	52790	54086	1296	0.005930059677229537	0.020140824601504376	0.006027437784269497	0.02076999501365277	0.9792300049863473	0.5928662252817117	0.37017822432721	ESTIMABLE	72695	18495	3476	0.036447597455374806	0.03768699654775604	0.1879426872127602	0.04781621844693583	602	73413	72733	50610	0.003834051747633944	0.0038529934795494963	0.695832703174625	0.6893874381921458	694
2026_all5mer	symmetric_confidence	0.95	POSTHOC_TARGETED_SUPPLEMENTARY_ANALYSIS	5mers_A_RNA_sparse_seq_28	146014	143563	86760	55396	707.0943450927734	731	54251	55396	1145	0.012764357446255568	0.012514882675092636	0.01319589862083905	0.012773169990774866	0.9872268300092252	0.6384970032272936	0.38586543886656033	ESTIMABLE	72566	17403	5471	0.01220400166498462	0.012246390056662402	0.3143710854450382	0.07539343494198385	561	70997	69357	49925	0.012825763685200652	0.013299949924887332	0.7198264054096919	0.7031987267067623	584
2026_all5mer	symmetric_confidence	0.95	POSTHOC_TARGETED_SUPPLEMENTARY_ANALYSIS	5mers_A_RNA_sparse_seq_29	146633	144210	86474	55700	295.19639587402344	299	54534	55700	1166	0.00529975576075446	0.026849792948642755	0.005368043087971275	0.027771075664828518	0.9722289243351715	0.6441242454379351	0.3862422855557867	ESTIMABLE	73326	15919	2791	0.05080001185932111	0.05266929415979935	0.17532508323387147	0.03806289719881079	547	70884	70555	52909	0.0028995740379643953	0.0028728571698576804	0.7498972432853802	0.7464166807742226	619
2026_all5mer	symmetric_confidence	0.95	POSTHOC_TARGETED_SUPPLEMENTARY_ANALYSIS	5mers_A_RNA_sparse_seq_30	141595	138802	92727	43786	535.7865982055664	548	42299	43786	1487	0.012236481939559823	0.012368284833811588	0.01251541588635637	0.012543192682907434	0.9874568073170926	0.47220334961769495	0.3154565496174407	ESTIMABLE	70766	25263	7469	0.012568337576729911	0.012585352791538358	0.29564976447769464	0.10554503575163214	706	68036	67464	36317	0.012168232090893264	0.01250103257427651	0.5383167318866359	0.5337909342112999	781
2026_all5mer	symmetric_confidence	0.95	POSTHOC_TARGETED_SUPPLEMENTARY_ANALYSIS	5mers_A_RNA_sparse_seq_31	147467	145363	86899	54704	255.34234619140625	258	53527	54704	1177	0.004667708873051445	0.017140777499536523	0.004716291313249488	0.017604315993764275	0.9823956840062358	0.6295124224674622	0.37632685071166666	ESTIMABLE	72861	15271	2606	0.03092738434798152	0.0318495778971604	0.17065025211184598	0.03576673391800826	508	72502	71628	52098	0.0033541706510915275	0.0033590540903681524	0.7273412631931647	0.7185732807370832	669
2026_all5mer	symmetric_confidence	0.95	POSTHOC_TARGETED_SUPPLEMENTARY_ANALYSIS	5mers_A_RNA_sparse_seq_32	142561	140373	97135	42869	450.3306770324707	460	41246	42869	1623	0.010504809466805168	0.03597028581574758	0.010730364599127575	0.037401069242183435	0.9625989307578166	0.4413342255623617	0.3053934873515562	ESTIMABLE	69829	27134	3454	0.06632760362122607	0.06919513607411697	0.12729416967642074	0.049463689870970516	826	70544	70001	39415	0.005612968010269082	0.005607002410249905	0.5630633848087885	0.5587293036969835	797
2026_all5mer	symmetric_confidence	0.95	POSTHOC_TARGETED_SUPPLEMENTARY_ANALYSIS	ALL	4682505	4608734	2940322	1592552	12680.135986328125	12971	1548357	1592552	44195	0.007962148794091574	0.021836231653997847	0.008144788992761304	0.022574656713751074	0.977425343286249	0.5416250329045594	0.34555086060510326	ESTIMABLE	2326496	680046	131790	0.038462013391091975	0.039866454207451246	0.19379571381935928	0.05664742170199304	20924	2282238	2260276	1460762	0.005210449916903721	0.005282859220050905	0.6462759415221858	0.6400568214182745	23271
2026_all5mer	symmetric_confidence	0.99	POSTHOC_TARGETED_SUPPLEMENTARY_ANALYSIS	5mers_A_RNA_sparse_seq_01	146009	143290	94025	33889	71.24448013305664	71	27763	33889	6126	0.002102289242322188	0.006885339020528832	0.0020950750981144324	0.0069352229765079895	0.993064777023492	0.3604254187716033	0.23650638565147603	ESTIMABLE	72769	24406	3039	0.012713708152658024	0.012833168805528134	0.1245185610095878	0.04176228888675123	503	70521	69619	30850	0.0010569698883996404	0.0010372771474878445	0.44312615808902744	0.43745834574098497	5623
2026_all5mer	symmetric_confidence	0.99	POSTHOC_TARGETED_SUPPLEMENTARY_ANALYSIS	5mers_A_RNA_sparse_seq_02	145751	143542	93130	29859	57.99641036987305	58	25924	29859	3935	0.0019423426896370624	0.006223896104604637	0.0019424629090056599	0.006287103352433963	0.993712896647566	0.32061634274669815	0.2080157723871759	ESTIMABLE	72370	22507	2439	0.011341501621498148	0.011480114801148012	0.10836628604434176	0.033701810142324165	424	71172	70623	27420	0.0011062905877111257	0.0010940919037199124	0.38825878254959434	0.38526386781318495	3511
2026_all5mer	symmetric_confidence	0.99	POSTHOC_TARGETED_SUPPLEMENTARY_ANALYSIS	5mers_A_RNA_sparse_seq_03	148814	147059	91400	33480	39.356353759765625	39	28750	33480	4730	0.0011755183321315898	0.012921173948996936	0.0011648745519713263	0.013045657460439522	0.9869543425395605	0.3663019693654267	0.22766372680352784	ESTIMABLE	75191	20000	784	0.025243953782684948	0.025510204081632654	0.0392	0.01042677980077403	241	71868	71400	32696	0.0005983941153089254	0.000581110839246391	0.45792717086834733	0.4549451772694384	4489
2026_all5mer	symmetric_confidence	0.99	POSTHOC_TARGETED_SUPPLEMENTARY_ANALYSIS	5mers_A_RNA_sparse_seq_04	145639	143648	91581	30879	94.45315170288086	95	26505	30879	4374	0.003058815107447808	0.03742060578747968	0.0030765244988503514	0.03790461413006547	0.9620953858699345	0.3371769253447768	0.21496296502561818	ESTIMABLE	73395	21962	1011	0.07419011524475883	0.0751730959446093	0.04603405882888626	0.013774780298385449	264	70253	69619	29868	0.0006510963302005387	0.0006361323155216285	0.42902081328373004	0.4251491039528561	4110
2026_all5mer	symmetric_confidence	0.99	POSTHOC_TARGETED_SUPPLEMENTARY_ANALYSIS	5mers_A_RNA_sparse_seq_05	147161	145872	94407	36605	45.19169998168945	45	31878	36605	4727	0.0012345772430457438	0.012194270015263407	0.0012293402540636525	0.01236121587967052	0.9876387841203295	0.387736078892455	0.2509391795546781	ESTIMABLE	72119	21025	1115	0.023864947947686028	0.0242152466367713	0.05303210463733651	0.015460558244013366	308	73753	73382	35490	0.000523592082840787	0.0005071851225697379	0.4836335886184623	0.48120076471465567	4419
2026_all5mer	symmetric_confidence	0.99	POSTHOC_TARGETED_SUPPLEMENTARY_ANALYSIS	5mers_A_RNA_sparse_seq_06	151404	149149	93851	34609	58.177433013916016	58	29595	34609	5014	0.0016809914477134854	0.003744605448635997	0.0016758646594816377	0.0037622217695108067	0.9962377782304892	0.3687653834269214	0.23204312466057433	ESTIMABLE	75164	20639	2725	0.006193921850361955	0.006238532110091743	0.13203159067784292	0.03625405779362461	499	73985	73212	31884	0.001295289046910039	0.0012859114289298708	0.435502376659564	0.43095222004460365	4515
2026_all5mer	symmetric_confidence	0.99	POSTHOC_TARGETED_SUPPLEMENTARY_ANALYSIS	5mers_A_RNA_sparse_seq_07	146326	144521	88910	31639	40.190608978271484	40	27570	31639	4069	0.0012702869552852962	0.014869107846121487	0.00126426246088688	0.01505081459251248	0.9849491854074875	0.3558542346192779	0.21892320147245037	ESTIMABLE	74180	19389	877	0.029266065991183098	0.029646522234891677	0.045231832482335345	0.011822593691021838	173	70341	69521	30762	0.000472149701059876	0.00045510695013328134	0.44248500453100503	0.4373267368959782	3896
2026_all5mer	symmetric_confidence	0.99	POSTHOC_TARGETED_SUPPLEMENTARY_ANALYSIS	5mers_A_RNA_sparse_seq_08	149555	147619	88099	38211	42.35602951049805	42	33892	38211	4319	0.0011084773889847963	0.006247005885156899	0.0010991599277694905	0.0062873752367717155	0.9937126247632283	0.43372796513013767	0.2588487931770301	ESTIMABLE	75180	16571	1348	0.011775608232537788	0.011869436201780416	0.08134693138615653	0.017930300611864857	303	72439	71528	36863	0.0007184035377760114	0.0007053142717630144	0.5153646124594564	0.5088833363243557	4016
2026_all5mer	symmetric_confidence	0.99	POSTHOC_TARGETED_SUPPLEMENTARY_ANALYSIS	5mers_A_RNA_sparse_seq_09	147097	144331	91313	32472	63.002044677734375	63	27944	32472	4528	0.0019401960051039164	0.003936223261674264	0.0019401330376940134	0.003952317108929662	0.9960476828910704	0.3556120158137396	0.22498285191677464	ESTIMABLE	72715	20457	3247	0.006431218914740409	0.006467508469356329	0.1587231754411693	0.04465378532627381	611	71616	70856	29225	0.0014412276086081185	0.001437125748502994	0.41245624929434344	0.408079200178731	3917
2026_all5mer	symmetric_confidence	0.99	POSTHOC_TARGETED_SUPPLEMENTARY_ANALYSIS	5mers_A_RNA_sparse_seq_10	140681	138537	84417	38060	54.17121887207031	54	33825	38060	4235	0.0014233110581206073	0.03239016473695827	0.001418812401471361	0.03273277579469741	0.9672672242053026	0.45085705485861854	0.27472805098998826	ESTIMABLE	70338	16556	478	0.06415489228699496	0.06485355648535565	0.0288717081420633	0.006795757627455998	154	68199	67861	37582	0.0006254371869215773	0.0006119951040391676	0.5538085203577902	0.5510637985894221	4081
2026_all5mer	symmetric_confidence	0.99	POSTHOC_TARGETED_SUPPLEMENTARY_ANALYSIS	5mers_A_RNA_sparse_seq_11	147577	146151	95068	38404	80.97016906738281	81	32967	38404	5437	0.0021083785300328823	0.005342917482126273	0.0021091552963233	0.005381250231801679	0.9946187497681983	0.40396347877308875	0.2627693276132219	ESTIMABLE	73993	23470	3320	0.00925360989857869	0.009337349397590362	0.14145717937792926	0.04486910924006325	624	72158	71598	35084	0.001432225065673856	0.0014251510660129973	0.4900136875331713	0.4862108151556307	4813
2026_all5mer	symmetric_confidence	0.99	POSTHOC_TARGETED_SUPPLEMENTARY_ANALYSIS	5mers_A_RNA_sparse_seq_12	148508	146910	93036	32212	84.74082946777344	85	26510	32212	5702	0.002630722385066852	0.025113793735378306	0.0026387681609338137	0.025466357905570565	0.9745336420944294	0.3462315662754203	0.21926349465659248	ESTIMABLE	73447	20730	1120	0.04927716936383929	0.05	0.054027978774722624	0.01524909118139611	287	73463	72306	31092	0.000950418106917324	0.0009327158111411295	0.43000580864658533	0.4232334644651049	5415
2026_all5mer	symmetric_confidence	0.99	POSTHOC_TARGETED_SUPPLEMENTARY_ANALYSIS	5mers_A_RNA_sparse_seq_13	147407	143542	87073	41192	57.183013916015625	57	36901	41192	4291	0.0013882067856869204	0.01615223968210304	0.0013837638376383763	0.016308778027528024	0.9836912219724719	0.47307431695244223	0.2869682740939934	ESTIMABLE	72576	16692	1152	0.03179099824693468	0.03211805555555555	0.06901509705248023	0.015873015873015872	283	70966	70381	40040	0.0005134811172714005	0.0004995004995004995	0.5689035393074836	0.5642138488853817	4008
2026_all5mer	symmetric_confidence	0.99	POSTHOC_TARGETED_SUPPLEMENTARY_ANALYSIS	5mers_A_RNA_sparse_seq_14	147493	145398	91903	38406	43.343772888183594	43	33823	38406	4583	0.001128567746919325	0.004858744167550968	0.0011196167265531427	0.004895389831766499	0.9951046101682335	0.4178971306703807	0.26414393595510255	ESTIMABLE	73771	20738	2692	0.00919709907066946	0.009286775631500743	0.1298100106085447	0.03649130417101571	471	71627	71165	35714	0.0005203892644324748	0.0005040040320322563	0.5018478184500808	0.49861085903360464	4112
2026_all5mer	symmetric_confidence	0.99	POSTHOC_TARGETED_SUPPLEMENTARY_ANALYSIS	5mers_A_RNA_sparse_seq_15	145260	143330	97937	24881	110.31750869750977	111	20321	24881	4560	0.004433805260942477	0.027815145874455285	0.004461235480889032	0.028225210836423008	0.971774789163577	0.25405107364938684	0.17359240912579363	ESTIMABLE	71532	26849	693	0.05257578157587313	0.05339105339105339	0.025811017170099444	0.009687971816809261	252	71798	71088	24188	0.0030545101730374436	0.0030593682817926246	0.3402543326581139	0.3368896069528399	4308
2026_all5mer	symmetric_confidence	0.99	POSTHOC_TARGETED_SUPPLEMENTARY_ANALYSIS	5mers_A_RNA_sparse_seq_16	139815	137067	96570	28834	91.84061431884766	92	23393	28834	5441	0.0031851499729086377	0.005300828638033784	0.0031906776721925506	0.005337077011396351	0.9946629229886037	0.2985813399606503	0.21036427440594746	ESTIMABLE	67375	27974	2869	0.007942129236848233	0.00801673056814221	0.10255951955387145	0.04258256029684601	567	69692	68596	25965	0.0026595280392193365	0.002657423454650491	0.37852061344684823	0.37256787005682146	4874
2026_all5mer	symmetric_confidence	0.99	POSTHOC_TARGETED_SUPPLEMENTARY_ANALYSIS	5mers_A_RNA_sparse_seq_17	141470	139177	86709	40096	63.044647216796875	63	35654	40096	4442	0.0015723425582800498	0.003942455632520794	0.0015712290502793297	0.003968594216970485	0.9960314057830295	0.4624202793250989	0.28809357868038543	ESTIMABLE	71127	19109	4403	0.006979593818035554	0.007040654099477629	0.2304149877021299	0.061903355968900696	655	68050	67600	35693	0.0009053174470060328	0.0008965343344633401	0.5280029585798817	0.5245113886847906	3787
2026_all5mer	symmetric_confidence	0.99	POSTHOC_TARGETED_SUPPLEMENTARY_ANALYSIS	5mers_A_RNA_sparse_seq_18	147202	146200	91156	38631	59.14205551147461	59	34090	38631	4541	0.001530948086031286	0.013103810015891839	0.0015272708446584348	0.01323316208942755	0.9867668379105724	0.4237899863969459	0.264233926128591	ESTIMABLE	73950	19397	1243	0.02547263638779509	0.02574416733708769	0.06408207454761046	0.016808654496281272	296	72250	71759	37388	0.0007349836439885875	0.000722156841767412	0.5210217533689154	0.5174809688581314	4245
2026_all5mer	symmetric_confidence	0.99	POSTHOC_TARGETED_SUPPLEMENTARY_ANALYSIS	5mers_A_RNA_sparse_seq_19	148233	143556	83789	41583	48.06435775756836	48	38359	41583	3224	0.0011558655642346237	0.01163571403289443	0.0011543178702835292	0.01174590359776434	0.9882540964022357	0.4962823282292425	0.2896639638886567	ESTIMABLE	73016	13762	1133	0.022719559160251063	0.02294792586054722	0.08232814997820084	0.015517146926700996	251	70540	70027	40450	0.0005518689055377975	0.0005438813349814586	0.5776343410398846	0.573433512900482	2973
2026_all5mer	symmetric_confidence	0.99	POSTHOC_TARGETED_SUPPLEMENTARY_ANALYSIS	5mers_A_RNA_sparse_seq_20	150564	146635	99940	31627	139.8430290222168	141	27325	31627	4302	0.004421634332128143	0.03853156598961522	0.004458216081196446	0.03902458631173765	0.9609754136882623	0.31645987592555536	0.21568520476011865	ESTIMABLE	73849	27734	1191	0.07541974545726247	0.0764063811922754	0.042943679238479845	0.016127503419139055	330	72786	72206	30436	0.0016433865219679718	0.0016427914311998948	0.4215162174888513	0.4181573379496057	3972
2026_all5mer	symmetric_confidence	0.99	POSTHOC_TARGETED_SUPPLEMENTARY_ANALYSIS	5mers_A_RNA_sparse_seq_21	146397	144612	90299	37551	54.224300384521484	54	32621	37551	4930	0.0014440174798146916	0.010384704625942208	0.001438044259806663	0.01048150857228428	0.9895184914277158	0.41585178130433337	0.2596672475313252	ESTIMABLE	73737	20124	1478	0.020089336596580576	0.02029769959404601	0.07344464321208508	0.020044211182988186	338	70875	70175	36073	0.0006800726553038392	0.0006653175505225515	0.5140434627716424	0.5089664902998237	4592
2026_all5mer	symmetric_confidence	0.99	POSTHOC_TARGETED_SUPPLEMENTARY_ANALYSIS	5mers_A_RNA_sparse_seq_22	144262	140810	95371	18465	87.54788589477539	88	14455	18465	4010	0.00474128816110346	0.013974212120131566	0.004765773084213377	0.014134358938250317	0.9858656410617497	0.19361231401579096	0.13113415240394857	ESTIMABLE	72255	27698	1537	0.02505120132833467	0.025374105400130124	0.05549137121813849	0.021271884298664452	299	68555	67673	16928	0.0028972229119284616	0.0028946124763705103	0.2501440751850812	0.24692582597914084	3711
2026_all5mer	symmetric_confidence	0.99	POSTHOC_TARGETED_SUPPLEMENTARY_ANALYSIS	5mers_A_RNA_sparse_seq_23	146430	144122	93303	25585	48.27249526977539	48	20928	25585	4657	0.0018867498639740235	0.03394379822753921	0.0018760992769200704	0.034329482676407286	0.9656705173235927	0.2742141195888664	0.17752320950305991	ESTIMABLE	72838	22688	456	0.06718578673245613	0.06798245614035088	0.02009873060648801	0.0062604684368049645	95	71284	70615	25129	0.0007018097226222847	0.0006765092124636873	0.35585923670608227	0.35251949946692107	4562
2026_all5mer	symmetric_confidence	0.99	POSTHOC_TARGETED_SUPPLEMENTARY_ANALYSIS	5mers_A_RNA_sparse_seq_24	148738	146462	98390	33664	53.24725341796875	53	28838	33664	4826	0.0015817268719691287	0.009955120498286597	0.0015743821292775666	0.010042667005558857	0.9899573329944411	0.3421485923366196	0.2298480151848261	ESTIMABLE	74104	26394	1598	0.019206857502236684	0.01939924906132666	0.060544063044631356	0.021564288027636835	374	72358	71996	32066	0.00070338349433651	0.0006860849497910559	0.44538585476970943	0.44315763288095306	4452
2026_all5mer	symmetric_confidence	0.99	POSTHOC_TARGETED_SUPPLEMENTARY_ANALYSIS	5mers_A_RNA_sparse_seq_25	147023	145248	93771	34237	50.24159622192383	50	29464	34237	4773	0.0014674649128698142	0.009480351876813757	0.0014604083301691152	0.009549128747705454	0.9904508712522946	0.36511288138123726	0.23571408900638907	ESTIMABLE	72225	21884	831	0.017902062114251938	0.018050541516245487	0.03797294827271066	0.011505711318795431	272	73023	71887	33406	0.0010586416393755754	0.0010477159791654194	0.46470154548110226	0.45747230324692223	4501
2026_all5mer	symmetric_confidence	0.99	POSTHOC_TARGETED_SUPPLEMENTARY_ANALYSIS	5mers_A_RNA_sparse_seq_26	145381	143527	93651	30576	29.480865478515625	29	25638	30576	4938	0.0009641831985385801	0.004978309332984476	0.0009484563055991627	0.004997077308726591	0.9950029226912734	0.3264887721433834	0.21303308785106634	ESTIMABLE	71237	21806	1477	0.009421721131073597	0.009478672985781991	0.06773365128863615	0.02073360753540997	395	72290	71845	29099	0.0005348975348953546	0.0005154816316711914	0.40502470596422857	0.4025314704661779	4543
2026_all5mer	symmetric_confidence	0.99	POSTHOC_TARGETED_SUPPLEMENTARY_ANALYSIS	5mers_A_RNA_sparse_seq_27	148038	146108	91228	38715	59.18003463745117	59	33720	38715	4995	0.00152860737795302	0.008992103872771502	0.0015239571225623143	0.009088764340112793	0.9909112356598873	0.42437628798175997	0.26497522380704686	ESTIMABLE	72695	18495	1448	0.01705903111241799	0.017265193370165747	0.07829143011624763	0.019918838984799504	337	73413	72733	37267	0.0009251766331250146	0.0009123353100598385	0.5123809000041247	0.5076348875539755	4658
2026_all5mer	symmetric_confidence	0.99	POSTHOC_TARGETED_SUPPLEMENTARY_ANALYSIS	5mers_A_RNA_sparse_seq_28	146014	143563	86760	41672	212.35946655273438	214	36910	41672	4762	0.005095974912476828	0.0058024231115274185	0.005135342676137454	0.005853820932310445	0.9941461790676895	0.4803135085292762	0.29026977703168644	ESTIMABLE	72566	17403	2695	0.006613820205150597	0.006679035250463822	0.15485835775441015	0.03713860485626878	540	70997	69357	38977	0.004991026017904239	0.005028606614157067	0.5619764407341725	0.5489950279589279	4222
2026_all5mer	symmetric_confidence	0.99	POSTHOC_TARGETED_SUPPLEMENTARY_ANALYSIS	5mers_A_RNA_sparse_seq_29	146633	144210	86474	40796	57.28529357910156	57	35852	40796	4944	0.0014041889787994304	0.02218146726748732	0.0013971958035101481	0.02240283301214824	0.9775971669878517	0.4717718620625853	0.28289300325913597	ESTIMABLE	73326	15919	813	0.043821238650313746	0.04428044280442804	0.051071047176330174	0.011087472383601997	229	70884	70555	39983	0.000541695884660893	0.0005252232198684441	0.5666926511232372	0.564062411827775	4715
2026_all5mer	symmetric_confidence	0.99	POSTHOC_TARGETED_SUPPLEMENTARY_ANALYSIS	5mers_A_RNA_sparse_seq_30	141595	138802	92727	26226	108.47452545166016	109	21810	26226	4416	0.004136144492170371	0.004592923621697937	0.00415618088919393	0.004621226677236217	0.9953787733227638	0.28283024361836356	0.18894540424489562	ESTIMABLE	70766	25263	3428	0.005211379452931283	0.005250875145857643	0.13569251474488384	0.04844134188734703	694	68036	67464	22798	0.00397446779046459	0.00399157820861479	0.3379283766156765	0.3350873067199718	3722
2026_all5mer	symmetric_confidence	0.99	POSTHOC_TARGETED_SUPPLEMENTARY_ANALYSIS	5mers_A_RNA_sparse_seq_31	147467	145363	86899	38903	35.56722640991211	35	33404	38903	5499	0.0009142540783464542	0.007623330883937444	0.0008996735470272215	0.007696996101430086	0.99230300389857	0.44768064074385205	0.2676265624677531	ESTIMABLE	72861	15271	1009	0.014699465219518475	0.014866204162537165	0.06607294872634405	0.01384828646326567	269	72502	71628	37894	0.0005471965483564144	0.0005277880403230063	0.5290389233260736	0.5226614438222393	5230
2026_all5mer	symmetric_confidence	0.99	POSTHOC_TARGETED_SUPPLEMENTARY_ANALYSIS	5mers_A_RNA_sparse_seq_32	142561	140373	97135	24480	80.88497924804688	81	18415	24480	6065	0.0033041249692829606	0.018622005344152658	0.0033088235294117647	0.018879030699081718	0.9811209693009183	0.25202038400164717	0.17439251138039366	ESTIMABLE	69829	27134	1111	0.03546905860935214	0.036003600360036005	0.040944939927765905	0.015910295149579687	265	70544	70001	23369	0.0017749520789531704	0.0017544610381274338	0.3338380880273139	0.33126842821501473	5800
2026_all5mer	symmetric_confidence	0.99	POSTHOC_TARGETED_SUPPLEMENTARY_ANALYSIS	ALL	4682505	4608734	2940322	1086439	2221.395351409912	2222	935044	1086439	151395	0.002044657225495322	0.00964245932313771	0.0020452137671788293	0.009740283062278409	0.9902597169377216	0.36949660615401986	0.23573480265947222	ESTIMABLE	2326496	680046	54760	0.018092032433252775	0.018298027757487217	0.0805239645553389	0.02353754315502799	11603	2282238	2260276	1031679	0.0011928862130226457	0.001182538367069602	0.4564393905876981	0.45204706958695806	139792
2026_all5mer	one_sided_high_p_reference	0.9	POSTHOC_TARGETED_SUPPLEMENTARY_ANALYSIS	5mers_A_RNA_sparse_seq_01	146009	143290	94025	52363	362.3958549499512	351	52032	52363	331	0.006920838281801104	0.45213020386084163	0.006703206462578539	0.5	0.5	0.556905078436586	0.3654337357805848	ESTIMABLE	72769	24406	351	0.9033893356975328	1.0	0.014381709415717446	0.004823482526900191	17	70521	69619	52012	0.0008710720241505266	0.0	0.7470949022536951	0.7375391727286907	314
2026_all5mer	one_sided_high_p_reference	0.9	POSTHOC_TARGETED_SUPPLEMENTARY_ANALYSIS	5mers_A_RNA_sparse_seq_02	145751	143542	93130	46598	289.31957244873047	271	46206	46598	392	0.006208840989929406	0.4491374131138308	0.005815700244645693	0.5	0.5	0.5003543433909589	0.32462972509788074	ESTIMABLE	72370	22507	271	0.8972784936208127	1.0	0.012040698449371307	0.003744645571369352	18	71172	70623	46327	0.000996332606848927	0.0	0.6559760984381858	0.650916090597426	374
2026_all5mer	one_sided_high_p_reference	0.9	POSTHOC_TARGETED_SUPPLEMENTARY_ANALYSIS	5mers_A_RNA_sparse_seq_03	148814	147059	91400	53035	320.7620048522949	309	52719	53035	316	0.0060481192580804175	0.44769267473452456	0.00582634109550297	0.5	0.5	0.5802516411378555	0.3606375672349193	ESTIMABLE	75191	20000	309	0.8945442495994198	1.0	0.01545	0.004109534385764254	13	71868	71400	52726	0.0008410998696292952	0.0	0.7384593837535014	0.7336505816218623	303
2026_all5mer	one_sided_high_p_reference	0.9	POSTHOC_TARGETED_SUPPLEMENTARY_ANALYSIS	5mers_A_RNA_sparse_seq_04	145639	143648	91581	50023	614.8174705505371	631	49667	50023	356	0.012290695690992885	0.4526494369338456	0.012614197469164184	0.5	0.5	0.546215918148961	0.34823318110937845	ESTIMABLE	73395	21962	631	0.9044052523025053	1.0	0.02873144522356798	0.008597315893453233	26	70253	69619	49392	0.0008936215651857842	0.0	0.7094614975796837	0.7030589441020312	330
2026_all5mer	one_sided_high_p_reference	0.9	POSTHOC_TARGETED_SUPPLEMENTARY_ANALYSIS	5mers_A_RNA_sparse_seq_05	147161	145872	94407	54733	348.8911323547363	342	54404	54733	329	0.006374420045580113	0.4471850883191061	0.006248515520800979	0.5	0.5	0.5797557384515979	0.3752125150817155	ESTIMABLE	72119	21025	342	0.8935742963824356	1.0	0.016266349583828776	0.004742162259598719	10	73753	73382	54391	0.0007958802557765689	0.0	0.7412035649069254	0.7374750857592234	319
2026_all5mer	one_sided_high_p_reference	0.9	POSTHOC_TARGETED_SUPPLEMENTARY_ANALYSIS	5mers_A_RNA_sparse_seq_06	151404	149149	93851	52663	275.25939559936523	258	52341	52663	322	0.005226808111945108	0.44606993135122686	0.004899075252074512	0.5	0.5	0.5611341381551609	0.35308986315697727	ESTIMABLE	75164	20639	258	0.8912752432416576	1.0	0.012500605649498522	0.003432494279176201	10	73985	73212	52405	0.000864619460796061	0.0	0.7157979566191335	0.7083192539028181	312
2026_all5mer	one_sided_high_p_reference	0.9	POSTHOC_TARGETED_SUPPLEMENTARY_ANALYSIS	5mers_A_RNA_sparse_seq_07	146326	144521	88910	48400	276.0546875	263	48088	48400	312	0.005703609245867769	0.4493597278797904	0.005433884297520661	0.5	0.5	0.5443707119559105	0.33489942638094117	ESTIMABLE	74180	19389	263	0.8978903737811534	1.0	0.013564392181133632	0.003545430035049879	14	70341	69521	48137	0.0008290819784273353	0.0	0.6924094877806706	0.6843377262194168	298
2026_all5mer	one_sided_high_p_reference	0.9	POSTHOC_TARGETED_SUPPLEMENTARY_ANALYSIS	5mers_A_RNA_sparse_seq_08	149555	147619	88099	54567	274.93191146850586	263	54284	54567	283	0.0050384281977844825	0.447686305833992	0.004819762860336834	0.5	0.5	0.6193827398721893	0.3696475385959802	ESTIMABLE	75180	16571	263	0.8946426304574249	1.0	0.015871100114658136	0.003498270816706571	9	72439	71528	54304	0.0007299812105591324	0.0	0.7591991947209484	0.7496514308590676	274
2026_all5mer	one_sided_high_p_reference	0.9	POSTHOC_TARGETED_SUPPLEMENTARY_ANALYSIS	5mers_A_RNA_sparse_seq_09	147097	144331	91313	48528	232.456298828125	209	48200	48528	328	0.004790147931670891	0.4501601780377857	0.004306791955159908	0.5	0.5	0.5314467819478059	0.33622714454968095	ESTIMABLE	72715	20457	209	0.899399771074359	1.0	0.01021655179156279	0.002874235027160833	5	71616	70856	48319	0.000920585001212442	0.0	0.6819323698769335	0.674695598748883	323
2026_all5mer	one_sided_high_p_reference	0.9	POSTHOC_TARGETED_SUPPLEMENTARY_ANALYSIS	5mers_A_RNA_sparse_seq_10	140681	138537	84417	53652	229.0015106201172	215	53408	53652	244	0.00426827537873923	0.45294478130483473	0.004007306344591069	0.5	0.5	0.6355591883151498	0.38727560146386886	ESTIMABLE	70338	16556	215	0.9052463087924691	1.0	0.012986228557622614	0.0030566692257385764	10	68199	67861	53437	0.0006432538172003729	0.0	0.787447871384153	0.7835452132729219	234
2026_all5mer	one_sided_high_p_reference	0.9	POSTHOC_TARGETED_SUPPLEMENTARY_ANALYSIS	5mers_A_RNA_sparse_seq_11	147577	146151	95068	54958	361.12450408935547	357	54663	54958	295	0.006570917866176998	0.4477421853496666	0.006495869573128571	0.5	0.5	0.578091471367863	0.37603574385395927	ESTIMABLE	73993	23470	357	0.8947204782181427	1.0	0.015210907541542395	0.004824780722500777	21	72158	71598	54601	0.0007638924811904272	0.0	0.7626051007011369	0.7566867152637268	274
2026_all5mer	one_sided_high_p_reference	0.9	POSTHOC_TARGETED_SUPPLEMENTARY_ANALYSIS	5mers_A_RNA_sparse_seq_12	148508	146910	93036	52165	459.09514236450195	458	51793	52165	372	0.00880082703660504	0.451383297650192	0.008779833221508675	0.5	0.5	0.5606969345199707	0.35508134231842625	ESTIMABLE	73447	20730	458	0.901876274675261	1.0	0.0220935841775205	0.006235789072392337	18	73463	72306	51707	0.0008903206251229509	0.0	0.7151135452106326	0.7038509181492725	354
2026_all5mer	one_sided_high_p_reference	0.9	POSTHOC_TARGETED_SUPPLEMENTARY_ANALYSIS	5mers_A_RNA_sparse_seq_13	147407	143542	87073	55625	305.61972427368164	303	55376	55625	249	0.0054942871779538275	0.4501769917849174	0.005447191011235955	0.5	0.5	0.638831784824228	0.387517242340221	ESTIMABLE	72576	16692	303	0.8997575992798255	1.0	0.018152408339324227	0.004174933862433863	7	70966	70381	55322	0.0005963842900093007	0.0	0.7860360040351799	0.7795564072936336	242
2026_all5mer	one_sided_high_p_reference	0.9	POSTHOC_TARGETED_SUPPLEMENTARY_ANALYSIS	5mers_A_RNA_sparse_seq_14	147493	145398	91903	53482	290.8607864379883	281	53205	53482	277	0.005438479982760336	0.4483390359725441	0.005254104184585468	0.5	0.5	0.581939653765383	0.36783174459070966	ESTIMABLE	73771	20738	281	0.8959431088267696	1.0	0.013550004822065772	0.0038090848707486684	14	71627	71165	53201	0.0007349631183185657	0.0	0.7475725426824984	0.7427506387256202	263
2026_all5mer	one_sided_high_p_reference	0.9	POSTHOC_TARGETED_SUPPLEMENTARY_ANALYSIS	5mers_A_RNA_sparse_seq_15	145260	143330	97937	44700	453.1627655029297	456	44313	44700	387	0.010137869474338472	0.44508952589961986	0.010201342281879194	0.5	0.5	0.4564158591747756	0.3118677178539036	ESTIMABLE	71532	26849	456	0.8891001918859649	1.0	0.016983872769935567	0.006374769334004362	29	71798	71088	44244	0.0010788599132747873	0.0	0.6223835246455098	0.6162288643137692	358
2026_all5mer	one_sided_high_p_reference	0.9	POSTHOC_TARGETED_SUPPLEMENTARY_ANALYSIS	5mers_A_RNA_sparse_seq_16	139815	137067	96570	47101	386.4087715148926	381	46737	47101	364	0.008203833708730018	0.4465454551842985	0.00808900023354069	0.5	0.5	0.4877394636015326	0.3436348647012045	ESTIMABLE	67375	27974	381	0.8920951803212404	1.0	0.01361978980481876	0.005654916512059369	16	69692	68596	46720	0.0009957300473565924	0.0	0.6810892763426439	0.6703782356654996	348
2026_all5mer	one_sided_high_p_reference	0.9	POSTHOC_TARGETED_SUPPLEMENTARY_ANALYSIS	5mers_A_RNA_sparse_seq_17	141470	139177	86709	52679	297.6232566833496	288	52382	52679	297	0.005649751450926358	0.4519511789693471	0.005467074166176276	0.5	0.5	0.6075378565085516	0.378503632065643	ESTIMABLE	71127	19109	288	0.9031864802042643	1.0	0.015071432309383013	0.004049095280273314	11	68050	67600	52391	0.0007158777344299877	0.0	0.7750147928994083	0.7698897869213813	286
2026_all5mer	one_sided_high_p_reference	0.9	POSTHOC_TARGETED_SUPPLEMENTARY_ANALYSIS	5mers_A_RNA_sparse_seq_18	147202	146200	91156	56017	366.2665138244629	364	55698	56017	319	0.006538488562837405	0.4482284500620015	0.006498027384543977	0.5	0.5	0.6145179691956646	0.3831532147742818	ESTIMABLE	73950	19397	364	0.8957342210706773	1.0	0.018765788523998555	0.0049222447599729545	22	72250	71759	55653	0.0007226790533257206	0.0	0.7755542858735489	0.7702837370242215	297
2026_all5mer	one_sided_high_p_reference	0.9	POSTHOC_TARGETED_SUPPLEMENTARY_ANALYSIS	5mers_A_RNA_sparse_seq_19	148233	143556	83789	53434	186.5812759399414	175	53207	53434	227	0.0034918081360171688	0.4488228834436948	0.0032750683085675785	0.5	0.5	0.6377209418897468	0.3722171138789044	ESTIMABLE	73016	13762	175	0.8970901707240514	1.0	0.01271617497456765	0.002396734962200066	9	70540	70027	53259	0.0005555961633382606	0.0	0.7605495023348137	0.7550184292599943	218
2026_all5mer	one_sided_high_p_reference	0.9	POSTHOC_TARGETED_SUPPLEMENTARY_ANALYSIS	5mers_A_RNA_sparse_seq_20	150564	146635	99940	50461	936.4709663391113	987	50111	50461	350	0.018558311692973017	0.4523010528770665	0.019559659935395653	0.5	0.5	0.5049129477686612	0.34412657278275993	ESTIMABLE	73849	27734	987	0.9037023039936657	1.0	0.03558808682483594	0.013365109886389795	29	72786	72206	49474	0.0008998017604673825	0.0	0.6851785170207462	0.6797186272085292	321
2026_all5mer	one_sided_high_p_reference	0.9	POSTHOC_TARGETED_SUPPLEMENTARY_ANALYSIS	5mers_A_RNA_sparse_seq_21	146397	144612	90299	54367	323.10708236694336	317	54086	54367	281	0.005943073599185965	0.4489599194893181	0.005830742913899976	0.5	0.5	0.6020775423869589	0.3759508201255774	ESTIMABLE	73737	20124	317	0.8972039568687463	1.0	0.01575233551977738	0.004299062885661202	10	70875	70175	54050	0.0007158821098899312	0.0	0.7702173138582116	0.7626102292768959	271
2026_all5mer	one_sided_high_p_reference	0.9	POSTHOC_TARGETED_SUPPLEMENTARY_ANALYSIS	5mers_A_RNA_sparse_seq_22	144262	140810	95371	38548	552.1790618896484	557	38072	38548	476	0.014324454236008312	0.4481505627337633	0.014449517484694406	0.5	0.5	0.40418995292069915	0.27375896598252963	ESTIMABLE	72255	27698	557	0.8948869208673172	1.0	0.020109755216983174	0.007708809078956474	28	68555	67673	37991	0.001414204600209332	0.0	0.5613908057866505	0.5541681861279265	448
2026_all5mer	one_sided_high_p_reference	0.9	POSTHOC_TARGETED_SUPPLEMENTARY_ANALYSIS	5mers_A_RNA_sparse_seq_23	146430	144122	93303	46628	437.4176788330078	433	46258	46628	370	0.009381008810864884	0.4490537611768286	0.009286265763060821	0.5	0.5	0.49974813242875366	0.3235314525193933	ESTIMABLE	72838	22688	433	0.8970468798630783	1.0	0.01908497884344147	0.005944699195474889	22	71284	70615	46195	0.0010606424905789571	0.0	0.654181122990866	0.6480416362718141	348
2026_all5mer	one_sided_high_p_reference	0.9	POSTHOC_TARGETED_SUPPLEMENTARY_ANALYSIS	5mers_A_RNA_sparse_seq_24	148738	146462	98390	53073	516.2957801818848	526	52715	53073	358	0.009728030828893878	0.44729986829488777	0.009910877470653627	0.5	0.5	0.5394145746518956	0.36236703035599677	ESTIMABLE	74104	26394	526	0.8937205470560168	1.0	0.019928771690535727	0.00709813235452877	26	72358	71996	52547	0.0008791895337587288	0.0	0.7298599922217901	0.726208574034661	332
2026_all5mer	one_sided_high_p_reference	0.9	POSTHOC_TARGETED_SUPPLEMENTARY_ANALYSIS	5mers_A_RNA_sparse_seq_25	147023	145248	93771	51305	323.33618545532227	321	51035	51305	270	0.0063022353660524754	0.4443489579312274	0.006256700126693305	0.5	0.5	0.5471307760395004	0.3532234523022692	ESTIMABLE	72225	21884	321	0.887946595284055	1.0	0.01466825077682325	0.0044444444444444444	14	73023	71887	50984	0.0007513205783999024	0.0	0.7092241990902388	0.6981909809238185	256
2026_all5mer	one_sided_high_p_reference	0.9	POSTHOC_TARGETED_SUPPLEMENTARY_ANALYSIS	5mers_A_RNA_sparse_seq_26	145381	143527	93651	49989	251.67070388793945	228	49598	49989	391	0.005034521672526745	0.4478920183607036	0.004561003420752566	0.5	0.5	0.5337796713329276	0.34828986880517254	ESTIMABLE	71237	21806	228	0.8948264540287486	1.0	0.010455837842795562	0.0032005839661973412	9	72290	71845	49761	0.0009575826926586034	0.0	0.6926160484376087	0.6883524692211924	382
2026_all5mer	one_sided_high_p_reference	0.9	POSTHOC_TARGETED_SUPPLEMENTARY_ANALYSIS	5mers_A_RNA_sparse_seq_27	148038	146108	91228	55905	268.32275772094727	253	55612	55905	293	0.004799620028994674	0.45099296222934937	0.004525534388695108	0.5	0.5	0.6128052790809839	0.38262791907356203	ESTIMABLE	72695	18495	253	0.9012617179056401	1.0	0.013679372803460394	0.0034802943806314054	8	73413	72733	55652	0.0007242065530586558	0.0	0.7651547440639049	0.758067372263768	285
2026_all5mer	one_sided_high_p_reference	0.9	POSTHOC_TARGETED_SUPPLEMENTARY_ANALYSIS	5mers_A_RNA_sparse_seq_28	146014	143563	86760	53380	155.0469207763672	138	53157	53380	223	0.0029045882498382764	0.4510585498034508	0.0025852379168227802	0.5	0.5	0.6152604887044721	0.3718228234294352	ESTIMABLE	72566	17403	138	0.9015417237212693	1.0	0.007929667298741597	0.001901717057575173	3	70997	69357	53242	0.0005753758856322459	0.0	0.767651426676471	0.7499190106624224	220
2026_all5mer	one_sided_high_p_reference	0.9	POSTHOC_TARGETED_SUPPLEMENTARY_ANALYSIS	5mers_A_RNA_sparse_seq_29	146633	144210	86474	57651	314.8376274108887	311	57388	57651	263	0.005461095686300128	0.44869339202420205	0.005394529149537736	0.5	0.5	0.6666859402826283	0.39977116704805493	ESTIMABLE	73326	15919	311	0.896759904082565	1.0	0.019536403040391986	0.004241333224231514	15	70884	70555	57340	0.0006268799658390467	0.0	0.8126993125930125	0.808927261441228	248
2026_all5mer	one_sided_high_p_reference	0.9	POSTHOC_TARGETED_SUPPLEMENTARY_ANALYSIS	5mers_A_RNA_sparse_seq_30	141595	138802	92727	42385	247.95996475219727	224	41989	42385	396	0.0058501820160952525	0.4488034239756518	0.005284888521882742	0.5	0.5	0.4570944816504362	0.3053630351147678	ESTIMABLE	70766	25263	224	0.8964885984148298	1.0	0.00886672208367969	0.0031653618969561654	4	68036	67464	42161	0.0011182495364738833	0.0	0.6249407091189375	0.619686636486566	392
2026_all5mer	one_sided_high_p_reference	0.9	POSTHOC_TARGETED_SUPPLEMENTARY_ANALYSIS	5mers_A_RNA_sparse_seq_31	147467	145363	86899	57129	210.02573013305664	191	56848	57129	281	0.0036763417902126176	0.44784255890177327	0.003343310752857568	0.5	0.5	0.6574183822598649	0.3930092251810984	ESTIMABLE	72861	15271	191	0.8949987401512904	1.0	0.0125073669045904	0.0026214298458709048	6	72502	71628	56938	0.000686377652256141	0.0	0.7949126040096052	0.7853300598604176	275
2026_all5mer	one_sided_high_p_reference	0.9	POSTHOC_TARGETED_SUPPLEMENTARY_ANALYSIS	5mers_A_RNA_sparse_seq_32	142561	140373	97135	46299	508.8320732116699	512	45914	46299	385	0.010990130957724139	0.4486513919016136	0.011058554180435862	0.5	0.5	0.47664590518350747	0.3298283858006882	ESTIMABLE	69829	27134	512	0.8962113857269287	1.0	0.018869315250239552	0.007332197224648785	21	70544	70001	45787	0.0010913980762985655	0.0	0.6540906558477736	0.6490559083692448	364
2026_all5mer	one_sided_high_p_reference	0.9	POSTHOC_TARGETED_SUPPLEMENTARY_ANALYSIS	ALL	4682505	4608734	2940322	1641843	11376.135112762451	11173	1631506	1641843	10337	0.006928881210178105	0.4491116893582677	0.006805157374974343	0.5	0.5	0.5583888431267052	0.3562459885946987	ESTIMABLE	2326496	680046	11173	0.8973957851474441	1.0	0.016429770927260803	0.00480250127229963	474	2282238	2260276	1630670	0.0008275935690912684	0.0	0.7214472922775803	0.7145047974838733	9863
