release	subset	construct	condition	metric	canonical	transformed	delta	analysis_class	evidence_class
2025_DRACH	full	ALL	high_p_filter	Brier_observed	0.04005012528654932	0.004385720920541454	-0.03566440436600787	POSTHOC_ROBUSTNESS_ANALYSIS	CONTROLLED_ERROR_INJECTION
2025_DRACH	full	ALL	high_p_filter	Brier_equal_class	0.07661998851878646	0.4676391712399541	0.39101918272116765	POSTHOC_ROBUSTNESS_ANALYSIS	CONTROLLED_ERROR_INJECTION
2025_DRACH	full	ALL	high_p_filter	Brier_control	0.12208715896471231	0.9349669896046107	0.8128798306398983	POSTHOC_ROBUSTNESS_ANALYSIS	CONTROLLED_ERROR_INJECTION
2025_DRACH	full	ALL	high_p_filter	Brier_modified	0.03115281807286061	0.00031135287529752336	-0.030841465197563086	POSTHOC_ROBUSTNESS_ANALYSIS	CONTROLLED_ERROR_INJECTION
2025_DRACH	full	DRACH_oligo_0	high_p_filter	Brier_observed	0.04410918293397754	0.004210059095215562	-0.03989912383876198	POSTHOC_ROBUSTNESS_ANALYSIS	CONTROLLED_ERROR_INJECTION
2025_DRACH	full	DRACH_oligo_0	high_p_filter	Brier_equal_class	0.07987184107518738	0.47362069453800737	0.39374885346281996	POSTHOC_ROBUSTNESS_ANALYSIS	CONTROLLED_ERROR_INJECTION
2025_DRACH	full	DRACH_oligo_0	high_p_filter	Brier_control	0.12306261284406796	0.9468383219704699	0.823775709126402	POSTHOC_ROBUSTNESS_ANALYSIS	CONTROLLED_ERROR_INJECTION
2025_DRACH	full	DRACH_oligo_0	high_p_filter	Brier_modified	0.0366810693063068	0.00040306710554486414	-0.03627800220076194	POSTHOC_ROBUSTNESS_ANALYSIS	CONTROLLED_ERROR_INJECTION
2025_DRACH	full	DRACH_oligo_1	high_p_filter	Brier_observed	0.037897060603274246	0.003640987334006231	-0.034256073269268016	POSTHOC_ROBUSTNESS_ANALYSIS	CONTROLLED_ERROR_INJECTION
2025_DRACH	full	DRACH_oligo_1	high_p_filter	Brier_equal_class	0.0727480960577689	0.4607702556666138	0.3880221596088449	POSTHOC_ROBUSTNESS_ANALYSIS	CONTROLLED_ERROR_INJECTION
2025_DRACH	full	DRACH_oligo_1	high_p_filter	Brier_control	0.11466407074449424	0.9212079282666816	0.8065438575221874	POSTHOC_ROBUSTNESS_ANALYSIS	CONTROLLED_ERROR_INJECTION
2025_DRACH	full	DRACH_oligo_1	high_p_filter	Brier_modified	0.030832121371043564	0.0003325830665459403	-0.030499538304497625	POSTHOC_ROBUSTNESS_ANALYSIS	CONTROLLED_ERROR_INJECTION
2025_DRACH	full	DRACH_oligo_2	high_p_filter	Brier_observed	0.053605071358425724	0.006039562983331115	-0.04756550837509461	POSTHOC_ROBUSTNESS_ANALYSIS	CONTROLLED_ERROR_INJECTION
2025_DRACH	full	DRACH_oligo_2	high_p_filter	Brier_equal_class	0.07933199666837987	0.460550807908637	0.38121881124025714	POSTHOC_ROBUSTNESS_ANALYSIS	CONTROLLED_ERROR_INJECTION
2025_DRACH	full	DRACH_oligo_2	high_p_filter	Brier_control	0.11647083352787703	0.9206304255220079	0.8041595919941309	POSTHOC_ROBUSTNESS_ANALYSIS	CONTROLLED_ERROR_INJECTION
2025_DRACH	full	DRACH_oligo_2	high_p_filter	Brier_modified	0.04219315980888269	0.00047119029526611144	-0.04172196951361658	POSTHOC_ROBUSTNESS_ANALYSIS	CONTROLLED_ERROR_INJECTION
2025_DRACH	full	DRACH_oligo_3	high_p_filter	Brier_observed	0.03358804475109395	0.00639204462562596	-0.027196000125467988	POSTHOC_ROBUSTNESS_ANALYSIS	CONTROLLED_ERROR_INJECTION
2025_DRACH	full	DRACH_oligo_3	high_p_filter	Brier_equal_class	0.08566106236224635	0.4758929843163117	0.39023192195406536	POSTHOC_ROBUSTNESS_ANALYSIS	CONTROLLED_ERROR_INJECTION
2025_DRACH	full	DRACH_oligo_3	high_p_filter	Brier_control	0.1489173055078439	0.9516009626717403	0.8026836571638964	POSTHOC_ROBUSTNESS_ANALYSIS	CONTROLLED_ERROR_INJECTION
2025_DRACH	full	DRACH_oligo_3	high_p_filter	Brier_modified	0.022404819216648792	0.00018500596088315592	-0.022219813255765636	POSTHOC_ROBUSTNESS_ANALYSIS	CONTROLLED_ERROR_INJECTION
2025_DRACH	full	DRACH_oligo_4	high_p_filter	Brier_observed	0.029882100072704566	0.0017466013246073403	-0.028135498748097225	POSTHOC_ROBUSTNESS_ANALYSIS	CONTROLLED_ERROR_INJECTION
2025_DRACH	full	DRACH_oligo_4	high_p_filter	Brier_equal_class	0.06649231081665674	0.4593274053630148	0.39283509454635807	POSTHOC_ROBUSTNESS_ANALYSIS	CONTROLLED_ERROR_INJECTION
2025_DRACH	full	DRACH_oligo_4	high_p_filter	Brier_control	0.10931565111477642	0.9184679667154948	0.8091523156007183	POSTHOC_ROBUSTNESS_ANALYSIS	CONTROLLED_ERROR_INJECTION
2025_DRACH	full	DRACH_oligo_4	high_p_filter	Brier_modified	0.023668970518537058	0.00018684401053482304	-0.023482126508002236	POSTHOC_ROBUSTNESS_ANALYSIS	CONTROLLED_ERROR_INJECTION
2025_DRACH	full	ALL	missing_zero	Brier_observed	0.04005012528654932	0.02477488154931835	-0.015275243737230968	POSTHOC_ROBUSTNESS_ANALYSIS	CONTROLLED_ERROR_INJECTION
2025_DRACH	full	ALL	missing_zero	Brier_equal_class	0.07661998851878646	0.024833917813255054	-0.0517860707055314	POSTHOC_ROBUSTNESS_ANALYSIS	CONTROLLED_ERROR_INJECTION
2025_DRACH	full	ALL	missing_zero	Brier_control	0.12208715896471231	0.013034942837960585	-0.10905221612675173	POSTHOC_ROBUSTNESS_ANALYSIS	CONTROLLED_ERROR_INJECTION
2025_DRACH	full	ALL	missing_zero	Brier_modified	0.03115281807286061	0.036632892788549525	0.005480074715688916	POSTHOC_ROBUSTNESS_ANALYSIS	CONTROLLED_ERROR_INJECTION
2025_DRACH	full	DRACH_oligo_0	missing_zero	Brier_observed	0.04410918293397754	0.02768843036301992	-0.016420752570957618	POSTHOC_ROBUSTNESS_ANALYSIS	CONTROLLED_ERROR_INJECTION
2025_DRACH	full	DRACH_oligo_0	missing_zero	Brier_equal_class	0.07987184107518738	0.02767623605595379	-0.05219560501923359	POSTHOC_ROBUSTNESS_ANALYSIS	CONTROLLED_ERROR_INJECTION
2025_DRACH	full	DRACH_oligo_0	missing_zero	Brier_control	0.12306261284406796	0.01150927176748467	-0.11155334107658328	POSTHOC_ROBUSTNESS_ANALYSIS	CONTROLLED_ERROR_INJECTION
2025_DRACH	full	DRACH_oligo_0	missing_zero	Brier_modified	0.0366810693063068	0.04384320034442291	0.00716213103811611	POSTHOC_ROBUSTNESS_ANALYSIS	CONTROLLED_ERROR_INJECTION
2025_DRACH	full	DRACH_oligo_1	missing_zero	Brier_observed	0.037897060603274246	0.023265151978524277	-0.01463190862474997	POSTHOC_ROBUSTNESS_ANALYSIS	CONTROLLED_ERROR_INJECTION
2025_DRACH	full	DRACH_oligo_1	missing_zero	Brier_equal_class	0.0727480960577689	0.023297189427980293	-0.049450906629788606	POSTHOC_ROBUSTNESS_ANALYSIS	CONTROLLED_ERROR_INJECTION
2025_DRACH	full	DRACH_oligo_1	missing_zero	Brier_control	0.11466407074449424	0.010442536327333756	-0.10422153441716048	POSTHOC_ROBUSTNESS_ANALYSIS	CONTROLLED_ERROR_INJECTION
2025_DRACH	full	DRACH_oligo_1	missing_zero	Brier_modified	0.030832121371043564	0.03615184252862683	0.005319721157583269	POSTHOC_ROBUSTNESS_ANALYSIS	CONTROLLED_ERROR_INJECTION
2025_DRACH	full	DRACH_oligo_2	missing_zero	Brier_observed	0.053605071358425724	0.034281301508841386	-0.019323769849584338	POSTHOC_ROBUSTNESS_ANALYSIS	CONTROLLED_ERROR_INJECTION
2025_DRACH	full	DRACH_oligo_2	missing_zero	Brier_equal_class	0.07933199666837987	0.03441321857054619	-0.04491877809783368	POSTHOC_ROBUSTNESS_ANALYSIS	CONTROLLED_ERROR_INJECTION
2025_DRACH	full	DRACH_oligo_2	missing_zero	Brier_control	0.11647083352787703	0.02061199520917422	-0.09585883831870282	POSTHOC_ROBUSTNESS_ANALYSIS	CONTROLLED_ERROR_INJECTION
2025_DRACH	full	DRACH_oligo_2	missing_zero	Brier_modified	0.04219315980888269	0.04821444193191816	0.0060212821230354666	POSTHOC_ROBUSTNESS_ANALYSIS	CONTROLLED_ERROR_INJECTION
2025_DRACH	full	DRACH_oligo_3	missing_zero	Brier_observed	0.03358804475109395	0.020510417266478145	-0.013077627484615804	POSTHOC_ROBUSTNESS_ANALYSIS	CONTROLLED_ERROR_INJECTION
2025_DRACH	full	DRACH_oligo_3	missing_zero	Brier_equal_class	0.08566106236224635	0.020562038864259637	-0.06509902349798671	POSTHOC_ROBUSTNESS_ANALYSIS	CONTROLLED_ERROR_INJECTION
2025_DRACH	full	DRACH_oligo_3	missing_zero	Brier_control	0.1489173055078439	0.014143259553512493	-0.1347740459543314	POSTHOC_ROBUSTNESS_ANALYSIS	CONTROLLED_ERROR_INJECTION
2025_DRACH	full	DRACH_oligo_3	missing_zero	Brier_modified	0.022404819216648792	0.02698081817500678	0.004575998958357988	POSTHOC_ROBUSTNESS_ANALYSIS	CONTROLLED_ERROR_INJECTION
2025_DRACH	full	DRACH_oligo_4	missing_zero	Brier_observed	0.029882100072704566	0.01812097627158807	-0.011761123801116498	POSTHOC_ROBUSTNESS_ANALYSIS	CONTROLLED_ERROR_INJECTION
2025_DRACH	full	DRACH_oligo_4	missing_zero	Brier_equal_class	0.06649231081665674	0.01817657091092596	-0.04831573990573078	POSTHOC_ROBUSTNESS_ANALYSIS	CONTROLLED_ERROR_INJECTION
2025_DRACH	full	DRACH_oligo_4	missing_zero	Brier_control	0.10931565111477642	0.008416637060029963	-0.10089901405474647	POSTHOC_ROBUSTNESS_ANALYSIS	CONTROLLED_ERROR_INJECTION
2025_DRACH	full	DRACH_oligo_4	missing_zero	Brier_modified	0.023668970518537058	0.027936504761821954	0.004267534243284896	POSTHOC_ROBUSTNESS_ANALYSIS	CONTROLLED_ERROR_INJECTION
2025_DRACH	full	ALL	site_mean_as_read	Brier_observed	0.04005012528654932	0.01016767207802272	-0.0298824532085266	POSTHOC_ROBUSTNESS_ANALYSIS	CONTROLLED_ERROR_INJECTION
2025_DRACH	full	ALL	site_mean_as_read	Brier_equal_class	0.07661998851878646	0.03465143262902543	-0.041968555889761026	POSTHOC_ROBUSTNESS_ANALYSIS	CONTROLLED_ERROR_INJECTION
2025_DRACH	full	ALL	site_mean_as_read	Brier_control	0.12208715896471231	0.06509199804925263	-0.05699516091545968	POSTHOC_ROBUSTNESS_ANALYSIS	CONTROLLED_ERROR_INJECTION
2025_DRACH	full	ALL	site_mean_as_read	Brier_modified	0.03115281807286061	0.0042108672087982375	-0.02694195086406237	POSTHOC_ROBUSTNESS_ANALYSIS	CONTROLLED_ERROR_INJECTION
2025_DRACH	full	DRACH_oligo_0	site_mean_as_read	Brier_observed	0.04410918293397754	0.010634493966116555	-0.03347468896786098	POSTHOC_ROBUSTNESS_ANALYSIS	CONTROLLED_ERROR_INJECTION
2025_DRACH	full	DRACH_oligo_0	site_mean_as_read	Brier_equal_class	0.07987184107518738	0.03484202184688692	-0.04502981922830046	POSTHOC_ROBUSTNESS_ANALYSIS	CONTROLLED_ERROR_INJECTION
2025_DRACH	full	DRACH_oligo_0	site_mean_as_read	Brier_control	0.12306261284406796	0.06407759509926698	-0.05898501774480097	POSTHOC_ROBUSTNESS_ANALYSIS	CONTROLLED_ERROR_INJECTION
2025_DRACH	full	DRACH_oligo_0	site_mean_as_read	Brier_modified	0.0366810693063068	0.0056064485945068665	-0.031074620711799936	POSTHOC_ROBUSTNESS_ANALYSIS	CONTROLLED_ERROR_INJECTION
2025_DRACH	full	DRACH_oligo_1	site_mean_as_read	Brier_observed	0.037897060603274246	0.00821497891512425	-0.029682081688149994	POSTHOC_ROBUSTNESS_ANALYSIS	CONTROLLED_ERROR_INJECTION
2025_DRACH	full	DRACH_oligo_1	site_mean_as_read	Brier_equal_class	0.0727480960577689	0.03132222833471269	-0.04142586772305621	POSTHOC_ROBUSTNESS_ANALYSIS	CONTROLLED_ERROR_INJECTION
2025_DRACH	full	DRACH_oligo_1	site_mean_as_read	Brier_control	0.11466407074449424	0.05911373780122423	-0.055550332943270005	POSTHOC_ROBUSTNESS_ANALYSIS	CONTROLLED_ERROR_INJECTION
2025_DRACH	full	DRACH_oligo_1	site_mean_as_read	Brier_modified	0.030832121371043564	0.003530718868201145	-0.02730140250284242	POSTHOC_ROBUSTNESS_ANALYSIS	CONTROLLED_ERROR_INJECTION
2025_DRACH	full	DRACH_oligo_2	site_mean_as_read	Brier_observed	0.053605071358425724	0.016295263594940074	-0.03730980776348565	POSTHOC_ROBUSTNESS_ANALYSIS	CONTROLLED_ERROR_INJECTION
2025_DRACH	full	DRACH_oligo_2	site_mean_as_read	Brier_equal_class	0.07933199666837987	0.03536767052477821	-0.043964326143601656	POSTHOC_ROBUSTNESS_ANALYSIS	CONTROLLED_ERROR_INJECTION
2025_DRACH	full	DRACH_oligo_2	site_mean_as_read	Brier_control	0.11647083352787703	0.06290018756485916	-0.053570645963017874	POSTHOC_ROBUSTNESS_ANALYSIS	CONTROLLED_ERROR_INJECTION
2025_DRACH	full	DRACH_oligo_2	site_mean_as_read	Brier_modified	0.04219315980888269	0.007835153484697264	-0.034358006324185425	POSTHOC_ROBUSTNESS_ANALYSIS	CONTROLLED_ERROR_INJECTION
2025_DRACH	full	DRACH_oligo_3	site_mean_as_read	Brier_observed	0.03358804475109395	0.008941469762242926	-0.024646574988851023	POSTHOC_ROBUSTNESS_ANALYSIS	CONTROLLED_ERROR_INJECTION
2025_DRACH	full	DRACH_oligo_3	site_mean_as_read	Brier_equal_class	0.08566106236224635	0.04087368749048127	-0.04478737487176508	POSTHOC_ROBUSTNESS_ANALYSIS	CONTROLLED_ERROR_INJECTION
2025_DRACH	full	DRACH_oligo_3	site_mean_as_read	Brier_control	0.1489173055078439	0.07966368318228086	-0.06925362232556305	POSTHOC_ROBUSTNESS_ANALYSIS	CONTROLLED_ERROR_INJECTION
2025_DRACH	full	DRACH_oligo_3	site_mean_as_read	Brier_modified	0.022404819216648792	0.002083691798681682	-0.02032112741796711	POSTHOC_ROBUSTNESS_ANALYSIS	CONTROLLED_ERROR_INJECTION
2025_DRACH	full	DRACH_oligo_4	site_mean_as_read	Brier_observed	0.029882100072704566	0.006237786077425028	-0.02364431399527954	POSTHOC_ROBUSTNESS_ANALYSIS	CONTROLLED_ERROR_INJECTION
2025_DRACH	full	DRACH_oligo_4	site_mean_as_read	Brier_equal_class	0.06649231081665674	0.031171091712158004	-0.03532121910449874	POSTHOC_ROBUSTNESS_ANALYSIS	CONTROLLED_ERROR_INJECTION
2025_DRACH	full	DRACH_oligo_4	site_mean_as_read	Brier_control	0.10931565111477642	0.060335835925753624	-0.0489798151890228	POSTHOC_ROBUSTNESS_ANALYSIS	CONTROLLED_ERROR_INJECTION
2025_DRACH	full	DRACH_oligo_4	site_mean_as_read	Brier_modified	0.023668970518537058	0.0020063474985623857	-0.021662623019974674	POSTHOC_ROBUSTNESS_ANALYSIS	CONTROLLED_ERROR_INJECTION
2025_DRACH	original_first100	ALL	high_p_filter	Brier_observed	0.07357893431779655	0.00205609775868124	-0.07152283655911532	POSTHOC_ROBUSTNESS_ANALYSIS	CONTROLLED_ERROR_INJECTION
2025_DRACH	original_first100	ALL	high_p_filter	Brier_equal_class	0.07938115291837894	0.4540641951852341	0.37468304226685517	POSTHOC_ROBUSTNESS_ANALYSIS	CONTROLLED_ERROR_INJECTION
2025_DRACH	original_first100	ALL	high_p_filter	Brier_control	0.08808821455065573	0.9077898661295573	0.8197016515789015	POSTHOC_ROBUSTNESS_ANALYSIS	CONTROLLED_ERROR_INJECTION
2025_DRACH	original_first100	ALL	high_p_filter	Brier_modified	0.07067409128610215	0.0003385242409109316	-0.07033556704519121	POSTHOC_ROBUSTNESS_ANALYSIS	CONTROLLED_ERROR_INJECTION
2025_DRACH	original_first100	DRACH_oligo_0	high_p_filter	Brier_observed	0.05056105719672309	0.00041768580307195214	-0.05014337139365114	POSTHOC_ROBUSTNESS_ANALYSIS	CONTROLLED_ERROR_INJECTION
2025_DRACH	original_first100	DRACH_oligo_0	high_p_filter	Brier_equal_class	0.07342918500837965			POSTHOC_ROBUSTNESS_ANALYSIS	CONTROLLED_ERROR_INJECTION
2025_DRACH	original_first100	DRACH_oligo_0	high_p_filter	Brier_control	0.10248515916907269			POSTHOC_ROBUSTNESS_ANALYSIS	CONTROLLED_ERROR_INJECTION
2025_DRACH	original_first100	DRACH_oligo_0	high_p_filter	Brier_modified	0.04437321084768661	0.00041768580307195214	-0.04395552504461466	POSTHOC_ROBUSTNESS_ANALYSIS	CONTROLLED_ERROR_INJECTION
2025_DRACH	original_first100	DRACH_oligo_1	high_p_filter	Brier_observed	0.04005561015503206	0.005629250415661517	-0.03442635973937055	POSTHOC_ROBUSTNESS_ANALYSIS	CONTROLLED_ERROR_INJECTION
2025_DRACH	original_first100	DRACH_oligo_1	high_p_filter	Brier_equal_class	0.06954969594373238	0.4640414572169638	0.39449176127323143	POSTHOC_ROBUSTNESS_ANALYSIS	CONTROLLED_ERROR_INJECTION
2025_DRACH	original_first100	DRACH_oligo_1	high_p_filter	Brier_control	0.1063964150168679	0.9277076721191406	0.8213112571022727	POSTHOC_ROBUSTNESS_ANALYSIS	CONTROLLED_ERROR_INJECTION
2025_DRACH	original_first100	DRACH_oligo_1	high_p_filter	Brier_modified	0.03270297687059686	0.0003752423147869925	-0.03232773455580987	POSTHOC_ROBUSTNESS_ANALYSIS	CONTROLLED_ERROR_INJECTION
2025_DRACH	original_first100	DRACH_oligo_2	high_p_filter	Brier_observed	0.05737876481907342	0.0031908447839623334	-0.05418792003511109	POSTHOC_ROBUSTNESS_ANALYSIS	CONTROLLED_ERROR_INJECTION
2025_DRACH	original_first100	DRACH_oligo_2	high_p_filter	Brier_equal_class	0.07193104549279816	0.43421285857194625	0.3622818130791481	POSTHOC_ROBUSTNESS_ANALYSIS	CONTROLLED_ERROR_INJECTION
2025_DRACH	original_first100	DRACH_oligo_2	high_p_filter	Brier_control	0.09383010864257812	0.8679542541503906	0.7741241455078125	POSTHOC_ROBUSTNESS_ANALYSIS	CONTROLLED_ERROR_INJECTION
2025_DRACH	original_first100	DRACH_oligo_2	high_p_filter	Brier_modified	0.05003198234301821	0.0004714629935018671	-0.04956051934951634	POSTHOC_ROBUSTNESS_ANALYSIS	CONTROLLED_ERROR_INJECTION
2025_DRACH	original_first100	DRACH_oligo_3	high_p_filter	Brier_observed	0.16256042639968288	0.00019695884303042762	-0.16236346755665246	POSTHOC_ROBUSTNESS_ANALYSIS	CONTROLLED_ERROR_INJECTION
2025_DRACH	original_first100	DRACH_oligo_3	high_p_filter	Brier_equal_class	0.1419485192549856			POSTHOC_ROBUSTNESS_ANALYSIS	CONTROLLED_ERROR_INJECTION
2025_DRACH	original_first100	DRACH_oligo_3	high_p_filter	Brier_control	0.08096277337325247			POSTHOC_ROBUSTNESS_ANALYSIS	CONTROLLED_ERROR_INJECTION
2025_DRACH	original_first100	DRACH_oligo_3	high_p_filter	Brier_modified	0.20293426513671875	0.00019695884303042762	-0.20273730629368833	POSTHOC_ROBUSTNESS_ANALYSIS	CONTROLLED_ERROR_INJECTION
2025_DRACH	original_first100	DRACH_oligo_4	high_p_filter	Brier_observed	0.02878181820824033	0.0002040810201967192	-0.02857773718804361	POSTHOC_ROBUSTNESS_ANALYSIS	CONTROLLED_ERROR_INJECTION
2025_DRACH	original_first100	DRACH_oligo_4	high_p_filter	Brier_equal_class	0.04773192133256201			POSTHOC_ROBUSTNESS_ANALYSIS	CONTROLLED_ERROR_INJECTION
2025_DRACH	original_first100	DRACH_oligo_4	high_p_filter	Brier_control	0.06996388589182208			POSTHOC_ROBUSTNESS_ANALYSIS	CONTROLLED_ERROR_INJECTION
2025_DRACH	original_first100	DRACH_oligo_4	high_p_filter	Brier_modified	0.025499956773301937	0.0002040810201967192	-0.02529587575310522	POSTHOC_ROBUSTNESS_ANALYSIS	CONTROLLED_ERROR_INJECTION
2025_DRACH	original_first100	ALL	missing_zero	Brier_observed	0.07357893431779655	0.04619751210772616	-0.027381422210070394	POSTHOC_ROBUSTNESS_ANALYSIS	CONTROLLED_ERROR_INJECTION
2025_DRACH	original_first100	ALL	missing_zero	Brier_equal_class	0.07938115291837894	0.046234253779943314	-0.033146899138435625	POSTHOC_ROBUSTNESS_ANALYSIS	CONTROLLED_ERROR_INJECTION
2025_DRACH	original_first100	ALL	missing_zero	Brier_control	0.08808821455065573	0.0175096144405749	-0.07057860011008082	POSTHOC_ROBUSTNESS_ANALYSIS	CONTROLLED_ERROR_INJECTION
2025_DRACH	original_first100	ALL	missing_zero	Brier_modified	0.07067409128610215	0.07495889311931173	0.0042848018332095755	POSTHOC_ROBUSTNESS_ANALYSIS	CONTROLLED_ERROR_INJECTION
2025_DRACH	original_first100	DRACH_oligo_0	missing_zero	Brier_observed	0.05056105719672309	0.03296221519003109	-0.017598842006691998	POSTHOC_ROBUSTNESS_ANALYSIS	CONTROLLED_ERROR_INJECTION
2025_DRACH	original_first100	DRACH_oligo_0	missing_zero	Brier_equal_class	0.07342918500837965	0.03306989181977331	-0.04035929318860634	POSTHOC_ROBUSTNESS_ANALYSIS	CONTROLLED_ERROR_INJECTION
2025_DRACH	original_first100	DRACH_oligo_0	missing_zero	Brier_control	0.10248515916907269	0.011965272390297826	-0.09051988677877487	POSTHOC_ROBUSTNESS_ANALYSIS	CONTROLLED_ERROR_INJECTION
2025_DRACH	original_first100	DRACH_oligo_0	missing_zero	Brier_modified	0.04437321084768661	0.0541745112492488	0.009801300401562185	POSTHOC_ROBUSTNESS_ANALYSIS	CONTROLLED_ERROR_INJECTION
2025_DRACH	original_first100	DRACH_oligo_1	missing_zero	Brier_observed	0.04005561015503206	0.022219527142602693	-0.01783608301242937	POSTHOC_ROBUSTNESS_ANALYSIS	CONTROLLED_ERROR_INJECTION
2025_DRACH	original_first100	DRACH_oligo_1	missing_zero	Brier_equal_class	0.06954969594373238	0.02223269730557756	-0.04731699863815482	POSTHOC_ROBUSTNESS_ANALYSIS	CONTROLLED_ERROR_INJECTION
2025_DRACH	original_first100	DRACH_oligo_1	missing_zero	Brier_control	0.1063964150168679	0.01176241774055826	-0.09463399727630964	POSTHOC_ROBUSTNESS_ANALYSIS	CONTROLLED_ERROR_INJECTION
2025_DRACH	original_first100	DRACH_oligo_1	missing_zero	Brier_modified	0.03270297687059686	0.03270297687059686	0.0	POSTHOC_ROBUSTNESS_ANALYSIS	CONTROLLED_ERROR_INJECTION
2025_DRACH	original_first100	DRACH_oligo_2	missing_zero	Brier_observed	0.05737876481907342	0.03677067389855018	-0.020608090920523237	POSTHOC_ROBUSTNESS_ANALYSIS	CONTROLLED_ERROR_INJECTION
2025_DRACH	original_first100	DRACH_oligo_2	missing_zero	Brier_equal_class	0.07193104549279816	0.03681708173173917	-0.03511396376105899	POSTHOC_ROBUSTNESS_ANALYSIS	CONTROLLED_ERROR_INJECTION
2025_DRACH	original_first100	DRACH_oligo_2	missing_zero	Brier_control	0.09383010864257812	0.018718026788033488	-0.07511208185454464	POSTHOC_ROBUSTNESS_ANALYSIS	CONTROLLED_ERROR_INJECTION
2025_DRACH	original_first100	DRACH_oligo_2	missing_zero	Brier_modified	0.05003198234301821	0.05491613667544485	0.004884154332426643	POSTHOC_ROBUSTNESS_ANALYSIS	CONTROLLED_ERROR_INJECTION
2025_DRACH	original_first100	DRACH_oligo_3	missing_zero	Brier_observed	0.16256042639968288	0.12426295274239631	-0.03829747365728657	POSTHOC_ROBUSTNESS_ANALYSIS	CONTROLLED_ERROR_INJECTION
2025_DRACH	original_first100	DRACH_oligo_3	missing_zero	Brier_equal_class	0.1419485192549856	0.12371963786924522	-0.018228881385740386	POSTHOC_ROBUSTNESS_ANALYSIS	CONTROLLED_ERROR_INJECTION
2025_DRACH	original_first100	DRACH_oligo_3	missing_zero	Brier_control	0.08096277337325247	0.04037513632786868	-0.04058763704538379	POSTHOC_ROBUSTNESS_ANALYSIS	CONTROLLED_ERROR_INJECTION
2025_DRACH	original_first100	DRACH_oligo_3	missing_zero	Brier_modified	0.20293426513671875	0.20706413941062177	0.004129874273903017	POSTHOC_ROBUSTNESS_ANALYSIS	CONTROLLED_ERROR_INJECTION
2025_DRACH	original_first100	DRACH_oligo_4	missing_zero	Brier_observed	0.02878181820824033	0.016715662385007584	-0.012066155823232744	POSTHOC_ROBUSTNESS_ANALYSIS	CONTROLLED_ERROR_INJECTION
2025_DRACH	original_first100	DRACH_oligo_4	missing_zero	Brier_equal_class	0.04773192133256201	0.016758727318014643	-0.030973194014547366	POSTHOC_ROBUSTNESS_ANALYSIS	CONTROLLED_ERROR_INJECTION
2025_DRACH	original_first100	DRACH_oligo_4	missing_zero	Brier_control	0.06996388589182208	0.005518779803171716	-0.06444510608865037	POSTHOC_ROBUSTNESS_ANALYSIS	CONTROLLED_ERROR_INJECTION
2025_DRACH	original_first100	DRACH_oligo_4	missing_zero	Brier_modified	0.025499956773301937	0.027998674832857572	0.002498718059555635	POSTHOC_ROBUSTNESS_ANALYSIS	CONTROLLED_ERROR_INJECTION
2025_DRACH	original_first100	ALL	site_mean_as_read	Brier_observed	0.07357893431779655	0.0277200214417816	-0.04585891287601496	POSTHOC_ROBUSTNESS_ANALYSIS	CONTROLLED_ERROR_INJECTION
2025_DRACH	original_first100	ALL	site_mean_as_read	Brier_equal_class	0.07938115291837894	0.041683788593713716	-0.03769736432466522	POSTHOC_ROBUSTNESS_ANALYSIS	CONTROLLED_ERROR_INJECTION
2025_DRACH	original_first100	ALL	site_mean_as_read	Brier_control	0.08808821455065573	0.06263842501475986	-0.02544978953589587	POSTHOC_ROBUSTNESS_ANALYSIS	CONTROLLED_ERROR_INJECTION
2025_DRACH	original_first100	ALL	site_mean_as_read	Brier_modified	0.07067409128610215	0.02072915217266758	-0.049944939113434575	POSTHOC_ROBUSTNESS_ANALYSIS	CONTROLLED_ERROR_INJECTION
2025_DRACH	original_first100	DRACH_oligo_0	site_mean_as_read	Brier_observed	0.05056105719672309	0.01341911500251012	-0.03714194219421297	POSTHOC_ROBUSTNESS_ANALYSIS	CONTROLLED_ERROR_INJECTION
2025_DRACH	original_first100	DRACH_oligo_0	site_mean_as_read	Brier_equal_class	0.07342918500837965	0.03659345074269316	-0.036835734265686496	POSTHOC_ROBUSTNESS_ANALYSIS	CONTROLLED_ERROR_INJECTION
2025_DRACH	original_first100	DRACH_oligo_0	site_mean_as_read	Brier_control	0.10248515916907269	0.06603848909492573	-0.03644667007414697	POSTHOC_ROBUSTNESS_ANALYSIS	CONTROLLED_ERROR_INJECTION
2025_DRACH	original_first100	DRACH_oligo_0	site_mean_as_read	Brier_modified	0.04437321084768661	0.007148412390460591	-0.037224798457226024	POSTHOC_ROBUSTNESS_ANALYSIS	CONTROLLED_ERROR_INJECTION
2025_DRACH	original_first100	DRACH_oligo_1	site_mean_as_read	Brier_observed	0.04005561015503206	0.00940731770474747	-0.03064829245028459	POSTHOC_ROBUSTNESS_ANALYSIS	CONTROLLED_ERROR_INJECTION
2025_DRACH	original_first100	DRACH_oligo_1	site_mean_as_read	Brier_equal_class	0.06954969594373238	0.03189500230589107	-0.03765469363784131	POSTHOC_ROBUSTNESS_ANALYSIS	CONTROLLED_ERROR_INJECTION
2025_DRACH	original_first100	DRACH_oligo_1	site_mean_as_read	Brier_control	0.1063964150168679	0.0599886819350818	-0.046407733081786105	POSTHOC_ROBUSTNESS_ANALYSIS	CONTROLLED_ERROR_INJECTION
2025_DRACH	original_first100	DRACH_oligo_1	site_mean_as_read	Brier_modified	0.03270297687059686	0.003801322676700341	-0.02890165419389652	POSTHOC_ROBUSTNESS_ANALYSIS	CONTROLLED_ERROR_INJECTION
2025_DRACH	original_first100	DRACH_oligo_2	site_mean_as_read	Brier_observed	0.05737876481907342	0.01833747424046179	-0.03904129057861163	POSTHOC_ROBUSTNESS_ANALYSIS	CONTROLLED_ERROR_INJECTION
2025_DRACH	original_first100	DRACH_oligo_2	site_mean_as_read	Brier_equal_class	0.07193104549279816	0.03398333324766334	-0.037947712245134824	POSTHOC_ROBUSTNESS_ANALYSIS	CONTROLLED_ERROR_INJECTION
2025_DRACH	original_first100	DRACH_oligo_2	site_mean_as_read	Brier_control	0.09383010864257812	0.057528072530345274	-0.03630203611223285	POSTHOC_ROBUSTNESS_ANALYSIS	CONTROLLED_ERROR_INJECTION
2025_DRACH	original_first100	DRACH_oligo_2	site_mean_as_read	Brier_modified	0.05003198234301821	0.0104385939649814	-0.0395933883780368	POSTHOC_ROBUSTNESS_ANALYSIS	CONTROLLED_ERROR_INJECTION
2025_DRACH	original_first100	DRACH_oligo_3	site_mean_as_read	Brier_observed	0.16256042639968288	0.07677169552518397	-0.08578873087449891	POSTHOC_ROBUSTNESS_ANALYSIS	CONTROLLED_ERROR_INJECTION
2025_DRACH	original_first100	DRACH_oligo_3	site_mean_as_read	Brier_equal_class	0.1419485192549856	0.07462543401808255	-0.06732308523690306	POSTHOC_ROBUSTNESS_ANALYSIS	CONTROLLED_ERROR_INJECTION
2025_DRACH	original_first100	DRACH_oligo_3	site_mean_as_read	Brier_control	0.08096277337325247	0.06827515512593713	-0.012687618247315346	POSTHOC_ROBUSTNESS_ANALYSIS	CONTROLLED_ERROR_INJECTION
2025_DRACH	original_first100	DRACH_oligo_3	site_mean_as_read	Brier_modified	0.20293426513671875	0.08097571291022797	-0.12195855222649078	POSTHOC_ROBUSTNESS_ANALYSIS	CONTROLLED_ERROR_INJECTION
2025_DRACH	original_first100	DRACH_oligo_4	site_mean_as_read	Brier_observed	0.02878181820824033	0.005008396333538934	-0.023773421874701394	POSTHOC_ROBUSTNESS_ANALYSIS	CONTROLLED_ERROR_INJECTION
2025_DRACH	original_first100	DRACH_oligo_4	site_mean_as_read	Brier_equal_class	0.04773192133256201	0.020955641405088044	-0.026776279927473966	POSTHOC_ROBUSTNESS_ANALYSIS	CONTROLLED_ERROR_INJECTION
2025_DRACH	original_first100	DRACH_oligo_4	site_mean_as_read	Brier_control	0.06996388589182208	0.03966469986891661	-0.030299186022905468	POSTHOC_ROBUSTNESS_ANALYSIS	CONTROLLED_ERROR_INJECTION
2025_DRACH	original_first100	DRACH_oligo_4	site_mean_as_read	Brier_modified	0.025499956773301937	0.0022465829412594792	-0.023253373832042457	POSTHOC_ROBUSTNESS_ANALYSIS	CONTROLLED_ERROR_INJECTION
2025_DRACH	seed_101	ALL	high_p_filter	Brier_observed	0.04439370513182691	0.009258239195747664	-0.035135465936079247	POSTHOC_ROBUSTNESS_ANALYSIS	CONTROLLED_ERROR_INJECTION
2025_DRACH	seed_101	ALL	high_p_filter	Brier_equal_class	0.10135685137162846	0.48315060033703017	0.3817937489654017	POSTHOC_ROBUSTNESS_ANALYSIS	CONTROLLED_ERROR_INJECTION
2025_DRACH	seed_101	ALL	high_p_filter	Brier_control	0.17344354637919018	0.9660320281982422	0.7925884818190521	POSTHOC_ROBUSTNESS_ANALYSIS	CONTROLLED_ERROR_INJECTION
2025_DRACH	seed_101	ALL	high_p_filter	Brier_modified	0.029270156364066734	0.0002691724758181793	-0.029000983888248556	POSTHOC_ROBUSTNESS_ANALYSIS	CONTROLLED_ERROR_INJECTION
2025_DRACH	seed_101	DRACH_oligo_0	high_p_filter	Brier_observed	0.05190842603911282	0.012288026488884508	-0.03962039955022831	POSTHOC_ROBUSTNESS_ANALYSIS	CONTROLLED_ERROR_INJECTION
2025_DRACH	seed_101	DRACH_oligo_0	high_p_filter	Brier_equal_class	0.11730539984035986	0.4905209733236685	0.37321557348330864	POSTHOC_ROBUSTNESS_ANALYSIS	CONTROLLED_ERROR_INJECTION
2025_DRACH	seed_101	DRACH_oligo_0	high_p_filter	Brier_control	0.19824600219726562	0.9807472229003906	0.782501220703125	POSTHOC_ROBUSTNESS_ANALYSIS	CONTROLLED_ERROR_INJECTION
2025_DRACH	seed_101	DRACH_oligo_0	high_p_filter	Brier_modified	0.036364797483454094	0.0002947237469463526	-0.03607007373650774	POSTHOC_ROBUSTNESS_ANALYSIS	CONTROLLED_ERROR_INJECTION
2025_DRACH	seed_101	DRACH_oligo_1	high_p_filter	Brier_observed	0.035067792208689566	0.00029825609783793605	-0.03476953611085163	POSTHOC_ROBUSTNESS_ANALYSIS	CONTROLLED_ERROR_INJECTION
2025_DRACH	seed_101	DRACH_oligo_1	high_p_filter	Brier_equal_class	0.08221430192072636			POSTHOC_ROBUSTNESS_ANALYSIS	CONTROLLED_ERROR_INJECTION
2025_DRACH	seed_101	DRACH_oligo_1	high_p_filter	Brier_control	0.13932893082902237			POSTHOC_ROBUSTNESS_ANALYSIS	CONTROLLED_ERROR_INJECTION
2025_DRACH	seed_101	DRACH_oligo_1	high_p_filter	Brier_modified	0.025099673012430355	0.00029825609783793605	-0.02480141691459242	POSTHOC_ROBUSTNESS_ANALYSIS	CONTROLLED_ERROR_INJECTION
2025_DRACH	seed_101	DRACH_oligo_2	high_p_filter	Brier_observed	0.06594686549108938	0.023624510722627272	-0.04232235476846211	POSTHOC_ROBUSTNESS_ANALYSIS	CONTROLLED_ERROR_INJECTION
2025_DRACH	seed_101	DRACH_oligo_2	high_p_filter	Brier_equal_class	0.12831615073189045	0.4886527887593649	0.36033663802747445	POSTHOC_ROBUSTNESS_ANALYSIS	CONTROLLED_ERROR_INJECTION
2025_DRACH	seed_101	DRACH_oligo_2	high_p_filter	Brier_control	0.22147027548257406	0.9768600463867188	0.7553897709041447	POSTHOC_ROBUSTNESS_ANALYSIS	CONTROLLED_ERROR_INJECTION
2025_DRACH	seed_101	DRACH_oligo_2	high_p_filter	Brier_modified	0.035162025981206824	0.00044553113201106575	-0.034716494849195756	POSTHOC_ROBUSTNESS_ANALYSIS	CONTROLLED_ERROR_INJECTION
2025_DRACH	seed_101	DRACH_oligo_3	high_p_filter	Brier_observed	0.022106009090647978	0.002597298794802185	-0.019508710295845794	POSTHOC_ROBUSTNESS_ANALYSIS	CONTROLLED_ERROR_INJECTION
2025_DRACH	seed_101	DRACH_oligo_3	high_p_filter	Brier_equal_class	0.057826899557264416	0.4450228174305495	0.3871959178732851	POSTHOC_ROBUSTNESS_ANALYSIS	CONTROLLED_ERROR_INJECTION
2025_DRACH	seed_101	DRACH_oligo_3	high_p_filter	Brier_control	0.10157726972531049	0.8899269104003906	0.7883496406750802	POSTHOC_ROBUSTNESS_ANALYSIS	CONTROLLED_ERROR_INJECTION
2025_DRACH	seed_101	DRACH_oligo_3	high_p_filter	Brier_modified	0.014076529389218346	0.00011872446070836243	-0.013957804928509983	POSTHOC_ROBUSTNESS_ANALYSIS	CONTROLLED_ERROR_INJECTION
2025_DRACH	seed_101	DRACH_oligo_4	high_p_filter	Brier_observed	0.044805788880840865	0.00823931260542436	-0.0365664762754165	POSTHOC_ROBUSTNESS_ANALYSIS	CONTROLLED_ERROR_INJECTION
2025_DRACH	seed_101	DRACH_oligo_4	high_p_filter	Brier_equal_class	0.09465622640040523	0.47155517971618127	0.37689895331577605	POSTHOC_ROBUSTNESS_ANALYSIS	CONTROLLED_ERROR_INJECTION
2025_DRACH	seed_101	DRACH_oligo_4	high_p_filter	Brier_control	0.15374859896573154	0.9429054260253906	0.7891568270596591	POSTHOC_ROBUSTNESS_ANALYSIS	CONTROLLED_ERROR_INJECTION
2025_DRACH	seed_101	DRACH_oligo_4	high_p_filter	Brier_modified	0.03556385383507893	0.00020493340697192873	-0.035358920428107	POSTHOC_ROBUSTNESS_ANALYSIS	CONTROLLED_ERROR_INJECTION
2025_DRACH	seed_101	ALL	missing_zero	Brier_observed	0.04439370513182691	0.027002821358332933	-0.017390883773493977	POSTHOC_ROBUSTNESS_ANALYSIS	CONTROLLED_ERROR_INJECTION
2025_DRACH	seed_101	ALL	missing_zero	Brier_equal_class	0.10135685137162846	0.027001084382542652	-0.0743557669890858	POSTHOC_ROBUSTNESS_ANALYSIS	CONTROLLED_ERROR_INJECTION
2025_DRACH	seed_101	ALL	missing_zero	Brier_control	0.17344354637919018	0.020242511582558444	-0.15320103479663175	POSTHOC_ROBUSTNESS_ANALYSIS	CONTROLLED_ERROR_INJECTION
2025_DRACH	seed_101	ALL	missing_zero	Brier_modified	0.029270156364066734	0.03375965718252686	0.0044895008184601265	POSTHOC_ROBUSTNESS_ANALYSIS	CONTROLLED_ERROR_INJECTION
2025_DRACH	seed_101	DRACH_oligo_0	missing_zero	Brier_observed	0.05190842603911282	0.033458948745142165	-0.018449477293970652	POSTHOC_ROBUSTNESS_ANALYSIS	CONTROLLED_ERROR_INJECTION
2025_DRACH	seed_101	DRACH_oligo_0	missing_zero	Brier_equal_class	0.11730539984035986	0.033491574476552474	-0.08381382536380738	POSTHOC_ROBUSTNESS_ANALYSIS	CONTROLLED_ERROR_INJECTION
2025_DRACH	seed_101	DRACH_oligo_0	missing_zero	Brier_control	0.19824600219726562	0.02073491349512217	-0.17751108870214347	POSTHOC_ROBUSTNESS_ANALYSIS	CONTROLLED_ERROR_INJECTION
2025_DRACH	seed_101	DRACH_oligo_0	missing_zero	Brier_modified	0.036364797483454094	0.046248235457982775	0.009883437974528682	POSTHOC_ROBUSTNESS_ANALYSIS	CONTROLLED_ERROR_INJECTION
2025_DRACH	seed_101	DRACH_oligo_1	missing_zero	Brier_observed	0.035067792208689566	0.02173807203155203	-0.013329720177137537	POSTHOC_ROBUSTNESS_ANALYSIS	CONTROLLED_ERROR_INJECTION
2025_DRACH	seed_101	DRACH_oligo_1	missing_zero	Brier_equal_class	0.08221430192072636	0.021716433938545138	-0.06049786798218122	POSTHOC_ROBUSTNESS_ANALYSIS	CONTROLLED_ERROR_INJECTION
2025_DRACH	seed_101	DRACH_oligo_1	missing_zero	Brier_control	0.13932893082902237	0.013320853851870356	-0.12600807697715202	POSTHOC_ROBUSTNESS_ANALYSIS	CONTROLLED_ERROR_INJECTION
2025_DRACH	seed_101	DRACH_oligo_1	missing_zero	Brier_modified	0.025099673012430355	0.030112014025219916	0.005012341012789561	POSTHOC_ROBUSTNESS_ANALYSIS	CONTROLLED_ERROR_INJECTION
2025_DRACH	seed_101	DRACH_oligo_2	missing_zero	Brier_observed	0.06594686549108938	0.040785654651475135	-0.02516121083961425	POSTHOC_ROBUSTNESS_ANALYSIS	CONTROLLED_ERROR_INJECTION
2025_DRACH	seed_101	DRACH_oligo_2	missing_zero	Brier_equal_class	0.12831615073189045	0.040793772396699735	-0.08752237833519072	POSTHOC_ROBUSTNESS_ANALYSIS	CONTROLLED_ERROR_INJECTION
2025_DRACH	seed_101	DRACH_oligo_2	missing_zero	Brier_control	0.22147027548257406	0.043951575289067533	-0.17751870019350652	POSTHOC_ROBUSTNESS_ANALYSIS	CONTROLLED_ERROR_INJECTION
2025_DRACH	seed_101	DRACH_oligo_2	missing_zero	Brier_modified	0.035162025981206824	0.03763596950433193	0.002473943523125105	POSTHOC_ROBUSTNESS_ANALYSIS	CONTROLLED_ERROR_INJECTION
2025_DRACH	seed_101	DRACH_oligo_3	missing_zero	Brier_observed	0.022106009090647978	0.01207590470890153	-0.010030104381746448	POSTHOC_ROBUSTNESS_ANALYSIS	CONTROLLED_ERROR_INJECTION
2025_DRACH	seed_101	DRACH_oligo_3	missing_zero	Brier_equal_class	0.057826899557264416	0.01209121561206722	-0.0457356839451972	POSTHOC_ROBUSTNESS_ANALYSIS	CONTROLLED_ERROR_INJECTION
2025_DRACH	seed_101	DRACH_oligo_3	missing_zero	Brier_control	0.10157726972531049	0.010105901834916095	-0.0914713678903944	POSTHOC_ROBUSTNESS_ANALYSIS	CONTROLLED_ERROR_INJECTION
2025_DRACH	seed_101	DRACH_oligo_3	missing_zero	Brier_modified	0.014076529389218346	0.014076529389218346	0.0	POSTHOC_ROBUSTNESS_ANALYSIS	CONTROLLED_ERROR_INJECTION
2025_DRACH	seed_101	DRACH_oligo_4	missing_zero	Brier_observed	0.044805788880840865	0.026908678130907134	-0.01789711074993373	POSTHOC_ROBUSTNESS_ANALYSIS	CONTROLLED_ERROR_INJECTION
2025_DRACH	seed_101	DRACH_oligo_4	missing_zero	Brier_equal_class	0.09465622640040523	0.0268206706637931	-0.06783555573661212	POSTHOC_ROBUSTNESS_ANALYSIS	CONTROLLED_ERROR_INJECTION
2025_DRACH	seed_101	DRACH_oligo_4	missing_zero	Brier_control	0.15374859896573154	0.013144310274272385	-0.14060428869145916	POSTHOC_ROBUSTNESS_ANALYSIS	CONTROLLED_ERROR_INJECTION
2025_DRACH	seed_101	DRACH_oligo_4	missing_zero	Brier_modified	0.03556385383507893	0.04049703105331382	0.004933177218234892	POSTHOC_ROBUSTNESS_ANALYSIS	CONTROLLED_ERROR_INJECTION
2025_DRACH	seed_101	ALL	site_mean_as_read	Brier_observed	0.04439370513182691	0.013515104983341313	-0.030878600148485598	POSTHOC_ROBUSTNESS_ANALYSIS	CONTROLLED_ERROR_INJECTION
2025_DRACH	seed_101	ALL	site_mean_as_read	Brier_equal_class	0.10135685137162846	0.04966908568996653	-0.05168776568166193	POSTHOC_ROBUSTNESS_ANALYSIS	CONTROLLED_ERROR_INJECTION
2025_DRACH	seed_101	ALL	site_mean_as_read	Brier_control	0.17344354637919018	0.09542184256080687	-0.07802170381838332	POSTHOC_ROBUSTNESS_ANALYSIS	CONTROLLED_ERROR_INJECTION
2025_DRACH	seed_101	ALL	site_mean_as_read	Brier_modified	0.029270156364066734	0.003916328819126197	-0.025353827544940536	POSTHOC_ROBUSTNESS_ANALYSIS	CONTROLLED_ERROR_INJECTION
2025_DRACH	seed_101	DRACH_oligo_0	site_mean_as_read	Brier_observed	0.05190842603911282	0.0163179431048834	-0.03559048293422942	POSTHOC_ROBUSTNESS_ANALYSIS	CONTROLLED_ERROR_INJECTION
2025_DRACH	seed_101	DRACH_oligo_0	site_mean_as_read	Brier_equal_class	0.11730539984035986	0.059276254008164934	-0.05802914583219492	POSTHOC_ROBUSTNESS_ANALYSIS	CONTROLLED_ERROR_INJECTION
2025_DRACH	seed_101	DRACH_oligo_0	site_mean_as_read	Brier_control	0.19824600219726562	0.1124449460536757	-0.08580105614358992	POSTHOC_ROBUSTNESS_ANALYSIS	CONTROLLED_ERROR_INJECTION
2025_DRACH	seed_101	DRACH_oligo_0	site_mean_as_read	Brier_modified	0.036364797483454094	0.006107561962654163	-0.03025723552079993	POSTHOC_ROBUSTNESS_ANALYSIS	CONTROLLED_ERROR_INJECTION
2025_DRACH	seed_101	DRACH_oligo_1	site_mean_as_read	Brier_observed	0.035067792208689566	0.00945172513971008	-0.025616067068979488	POSTHOC_ROBUSTNESS_ANALYSIS	CONTROLLED_ERROR_INJECTION
2025_DRACH	seed_101	DRACH_oligo_1	site_mean_as_read	Brier_equal_class	0.08221430192072636	0.04183353691668744	-0.04038076500403892	POSTHOC_ROBUSTNESS_ANALYSIS	CONTROLLED_ERROR_INJECTION
2025_DRACH	seed_101	DRACH_oligo_1	site_mean_as_read	Brier_control	0.13932893082902237	0.08106178889794001	-0.05826714193108236	POSTHOC_ROBUSTNESS_ANALYSIS	CONTROLLED_ERROR_INJECTION
2025_DRACH	seed_101	DRACH_oligo_1	site_mean_as_read	Brier_modified	0.025099673012430355	0.002605284935434867	-0.022494388076995487	POSTHOC_ROBUSTNESS_ANALYSIS	CONTROLLED_ERROR_INJECTION
2025_DRACH	seed_101	DRACH_oligo_2	site_mean_as_read	Brier_observed	0.06594686549108938	0.024998844390434594	-0.04094802110065479	POSTHOC_ROBUSTNESS_ANALYSIS	CONTROLLED_ERROR_INJECTION
2025_DRACH	seed_101	DRACH_oligo_2	site_mean_as_read	Brier_equal_class	0.12831615073189045	0.06322953824110798	-0.06508661249078247	POSTHOC_ROBUSTNESS_ANALYSIS	CONTROLLED_ERROR_INJECTION
2025_DRACH	seed_101	DRACH_oligo_2	site_mean_as_read	Brier_control	0.22147027548257406	0.12033051046679323	-0.10113976501578083	POSTHOC_ROBUSTNESS_ANALYSIS	CONTROLLED_ERROR_INJECTION
2025_DRACH	seed_101	DRACH_oligo_2	site_mean_as_read	Brier_modified	0.035162025981206824	0.006128566015422728	-0.029033459965784096	POSTHOC_ROBUSTNESS_ANALYSIS	CONTROLLED_ERROR_INJECTION
2025_DRACH	seed_101	DRACH_oligo_3	site_mean_as_read	Brier_observed	0.022106009090647978	0.0064510199652777775	-0.0156549891253702	POSTHOC_ROBUSTNESS_ANALYSIS	CONTROLLED_ERROR_INJECTION
2025_DRACH	seed_101	DRACH_oligo_3	site_mean_as_read	Brier_equal_class	0.057826899557264416	0.030169207319803586	-0.02765769223746083	POSTHOC_ROBUSTNESS_ANALYSIS	CONTROLLED_ERROR_INJECTION
2025_DRACH	seed_101	DRACH_oligo_3	site_mean_as_read	Brier_control	0.10157726972531049	0.059218860419727126	-0.042358409305583364	POSTHOC_ROBUSTNESS_ANALYSIS	CONTROLLED_ERROR_INJECTION
2025_DRACH	seed_101	DRACH_oligo_3	site_mean_as_read	Brier_modified	0.014076529389218346	0.0011195542198800454	-0.012956975169338301	POSTHOC_ROBUSTNESS_ANALYSIS	CONTROLLED_ERROR_INJECTION
2025_DRACH	seed_101	DRACH_oligo_4	site_mean_as_read	Brier_observed	0.044805788880840865	0.009194902956736346	-0.03561088592410452	POSTHOC_ROBUSTNESS_ANALYSIS	CONTROLLED_ERROR_INJECTION
2025_DRACH	seed_101	DRACH_oligo_4	site_mean_as_read	Brier_equal_class	0.09465622640040523	0.039323488067815285	-0.05533273833258995	POSTHOC_ROBUSTNESS_ANALYSIS	CONTROLLED_ERROR_INJECTION
2025_DRACH	seed_101	DRACH_oligo_4	site_mean_as_read	Brier_control	0.15374859896573154	0.07503770974443133	-0.0787108892213002	POSTHOC_ROBUSTNESS_ANALYSIS	CONTROLLED_ERROR_INJECTION
2025_DRACH	seed_101	DRACH_oligo_4	site_mean_as_read	Brier_modified	0.03556385383507893	0.0036092663911992404	-0.03195458744387969	POSTHOC_ROBUSTNESS_ANALYSIS	CONTROLLED_ERROR_INJECTION
2025_DRACH	seed_11	ALL	high_p_filter	Brier_observed	0.042060328464882044	0.0029554076719619073	-0.039104920792920134	POSTHOC_ROBUSTNESS_ANALYSIS	CONTROLLED_ERROR_INJECTION
2025_DRACH	seed_11	ALL	high_p_filter	Brier_equal_class	0.07700258665786879	0.4447100524543946	0.3677074657965258	POSTHOC_ROBUSTNESS_ANALYSIS	CONTROLLED_ERROR_INJECTION
2025_DRACH	seed_11	ALL	high_p_filter	Brier_control	0.12056854535948555	0.8890663146972656	0.76849776933778	POSTHOC_ROBUSTNESS_ANALYSIS	CONTROLLED_ERROR_INJECTION
2025_DRACH	seed_11	ALL	high_p_filter	Brier_modified	0.033436627956252025	0.0003537902115235522	-0.03308283774472847	POSTHOC_ROBUSTNESS_ANALYSIS	CONTROLLED_ERROR_INJECTION
2025_DRACH	seed_11	DRACH_oligo_0	high_p_filter	Brier_observed	0.03968707646164939	0.0004930042085193452	-0.03919407225313004	POSTHOC_ROBUSTNESS_ANALYSIS	CONTROLLED_ERROR_INJECTION
2025_DRACH	seed_11	DRACH_oligo_0	high_p_filter	Brier_equal_class	0.0717139579989167			POSTHOC_ROBUSTNESS_ANALYSIS	CONTROLLED_ERROR_INJECTION
2025_DRACH	seed_11	DRACH_oligo_0	high_p_filter	Brier_control	0.11065573441354852			POSTHOC_ROBUSTNESS_ANALYSIS	CONTROLLED_ERROR_INJECTION
2025_DRACH	seed_11	DRACH_oligo_0	high_p_filter	Brier_modified	0.032772181584284854	0.0004930042085193452	-0.03227917737576551	POSTHOC_ROBUSTNESS_ANALYSIS	CONTROLLED_ERROR_INJECTION
2025_DRACH	seed_11	DRACH_oligo_1	high_p_filter	Brier_observed	0.04702225463281719	0.005488092759076287	-0.0415341618737409	POSTHOC_ROBUSTNESS_ANALYSIS	CONTROLLED_ERROR_INJECTION
2025_DRACH	seed_11	DRACH_oligo_1	high_p_filter	Brier_equal_class	0.08916112542097478	0.4379161180123775	0.34875499259140275	POSTHOC_ROBUSTNESS_ANALYSIS	CONTROLLED_ERROR_INJECTION
2025_DRACH	seed_11	DRACH_oligo_1	high_p_filter	Brier_control	0.13951043521656709	0.8754920959472656	0.7359816607306986	POSTHOC_ROBUSTNESS_ANALYSIS	CONTROLLED_ERROR_INJECTION
2025_DRACH	seed_11	DRACH_oligo_1	high_p_filter	Brier_modified	0.03881181562538247	0.00034014007748936763	-0.0384716755478931	POSTHOC_ROBUSTNESS_ANALYSIS	CONTROLLED_ERROR_INJECTION
2025_DRACH	seed_11	DRACH_oligo_2	high_p_filter	Brier_observed	0.050278034979987035	0.0035504136130074474	-0.04672762136697959	POSTHOC_ROBUSTNESS_ANALYSIS	CONTROLLED_ERROR_INJECTION
2025_DRACH	seed_11	DRACH_oligo_2	high_p_filter	Brier_equal_class	0.0769074027256299	0.47522830963134766	0.39832090690571775	POSTHOC_ROBUSTNESS_ANALYSIS	CONTROLLED_ERROR_INJECTION
2025_DRACH	seed_11	DRACH_oligo_2	high_p_filter	Brier_control	0.11379155805034022	0.9498634338378906	0.8360718757875504	POSTHOC_ROBUSTNESS_ANALYSIS	CONTROLLED_ERROR_INJECTION
2025_DRACH	seed_11	DRACH_oligo_2	high_p_filter	Brier_modified	0.040023247400919594	0.0005931854248046875	-0.03943006197611491	POSTHOC_ROBUSTNESS_ANALYSIS	CONTROLLED_ERROR_INJECTION
2025_DRACH	seed_11	DRACH_oligo_3	high_p_filter	Brier_observed	0.04425108684030573	0.005232232248681223	-0.039018854591624505	POSTHOC_ROBUSTNESS_ANALYSIS	CONTROLLED_ERROR_INJECTION
2025_DRACH	seed_11	DRACH_oligo_3	high_p_filter	Brier_equal_class	0.0921564432385664	0.4362528344621631	0.3440963912235967	POSTHOC_ROBUSTNESS_ANALYSIS	CONTROLLED_ERROR_INJECTION
2025_DRACH	seed_11	DRACH_oligo_3	high_p_filter	Brier_control	0.15110626220703124	0.8722419738769531	0.7211357116699219	POSTHOC_ROBUSTNESS_ANALYSIS	CONTROLLED_ERROR_INJECTION
2025_DRACH	seed_11	DRACH_oligo_3	high_p_filter	Brier_modified	0.03320662427010154	0.00026369504737307485	-0.03294292922272847	POSTHOC_ROBUSTNESS_ANALYSIS	CONTROLLED_ERROR_INJECTION
2025_DRACH	seed_11	DRACH_oligo_4	high_p_filter	Brier_observed	0.02872560609061763	0.00011121961805555555	-0.028614386472562075	POSTHOC_ROBUSTNESS_ANALYSIS	CONTROLLED_ERROR_INJECTION
2025_DRACH	seed_11	DRACH_oligo_4	high_p_filter	Brier_equal_class	0.05744911508011434			POSTHOC_ROBUSTNESS_ANALYSIS	CONTROLLED_ERROR_INJECTION
2025_DRACH	seed_11	DRACH_oligo_4	high_p_filter	Brier_control	0.09244557430869654			POSTHOC_ROBUSTNESS_ANALYSIS	CONTROLLED_ERROR_INJECTION
2025_DRACH	seed_11	DRACH_oligo_4	high_p_filter	Brier_modified	0.022452655851532142	0.00011121961805555555	-0.022341436233476588	POSTHOC_ROBUSTNESS_ANALYSIS	CONTROLLED_ERROR_INJECTION
2025_DRACH	seed_11	ALL	missing_zero	Brier_observed	0.042060328464882044	0.025281758652519935	-0.016778569812362108	POSTHOC_ROBUSTNESS_ANALYSIS	CONTROLLED_ERROR_INJECTION
2025_DRACH	seed_11	ALL	missing_zero	Brier_equal_class	0.07700258665786879	0.025294266181854635	-0.05170832047601415	POSTHOC_ROBUSTNESS_ANALYSIS	CONTROLLED_ERROR_INJECTION
2025_DRACH	seed_11	ALL	missing_zero	Brier_control	0.12056854535948555	0.013161962727194098	-0.10740658263229146	POSTHOC_ROBUSTNESS_ANALYSIS	CONTROLLED_ERROR_INJECTION
2025_DRACH	seed_11	ALL	missing_zero	Brier_modified	0.033436627956252025	0.037426569636515174	0.003989941680263148	POSTHOC_ROBUSTNESS_ANALYSIS	CONTROLLED_ERROR_INJECTION
2025_DRACH	seed_11	DRACH_oligo_0	missing_zero	Brier_observed	0.03968707646164939	0.02297071357035241	-0.016716362891296976	POSTHOC_ROBUSTNESS_ANALYSIS	CONTROLLED_ERROR_INJECTION
2025_DRACH	seed_11	DRACH_oligo_0	missing_zero	Brier_equal_class	0.0717139579989167	0.02298637070868121	-0.048727587290235484	POSTHOC_ROBUSTNESS_ANALYSIS	CONTROLLED_ERROR_INJECTION
2025_DRACH	seed_11	DRACH_oligo_0	missing_zero	Brier_control	0.11065573441354852	0.010726831397231745	-0.09992890301631678	POSTHOC_ROBUSTNESS_ANALYSIS	CONTROLLED_ERROR_INJECTION
2025_DRACH	seed_11	DRACH_oligo_0	missing_zero	Brier_modified	0.032772181584284854	0.03524591002013067	0.002473728435845819	POSTHOC_ROBUSTNESS_ANALYSIS	CONTROLLED_ERROR_INJECTION
2025_DRACH	seed_11	DRACH_oligo_1	missing_zero	Brier_observed	0.04702225463281719	0.027917674653597888	-0.0191045799792193	POSTHOC_ROBUSTNESS_ANALYSIS	CONTROLLED_ERROR_INJECTION
2025_DRACH	seed_11	DRACH_oligo_1	missing_zero	Brier_equal_class	0.08916112542097478	0.027999357565398193	-0.06116176785557659	POSTHOC_ROBUSTNESS_ANALYSIS	CONTROLLED_ERROR_INJECTION
2025_DRACH	seed_11	DRACH_oligo_1	missing_zero	Brier_control	0.13951043521656709	0.012193714132039284	-0.1273167210845278	POSTHOC_ROBUSTNESS_ANALYSIS	CONTROLLED_ERROR_INJECTION
2025_DRACH	seed_11	DRACH_oligo_1	missing_zero	Brier_modified	0.03881181562538247	0.0438050009987571	0.004993185373374634	POSTHOC_ROBUSTNESS_ANALYSIS	CONTROLLED_ERROR_INJECTION
2025_DRACH	seed_11	DRACH_oligo_2	missing_zero	Brier_observed	0.050278034979987035	0.031433724068306586	-0.01884431091168045	POSTHOC_ROBUSTNESS_ANALYSIS	CONTROLLED_ERROR_INJECTION
2025_DRACH	seed_11	DRACH_oligo_2	missing_zero	Brier_equal_class	0.0769074027256299	0.031520447189431956	-0.04538695553619795	POSTHOC_ROBUSTNESS_ANALYSIS	CONTROLLED_ERROR_INJECTION
2025_DRACH	seed_11	DRACH_oligo_2	missing_zero	Brier_control	0.11379155805034022	0.018043674166550113	-0.0957478838837901	POSTHOC_ROBUSTNESS_ANALYSIS	CONTROLLED_ERROR_INJECTION
2025_DRACH	seed_11	DRACH_oligo_2	missing_zero	Brier_modified	0.040023247400919594	0.044997220212313796	0.004973972811394202	POSTHOC_ROBUSTNESS_ANALYSIS	CONTROLLED_ERROR_INJECTION
2025_DRACH	seed_11	DRACH_oligo_3	missing_zero	Brier_observed	0.04425108684030573	0.026788736001039162	-0.017462350839266567	POSTHOC_ROBUSTNESS_ANALYSIS	CONTROLLED_ERROR_INJECTION
2025_DRACH	seed_11	DRACH_oligo_3	missing_zero	Brier_equal_class	0.0921564432385664	0.026817862723030265	-0.06533858051553612	POSTHOC_ROBUSTNESS_ANALYSIS	CONTROLLED_ERROR_INJECTION
2025_DRACH	seed_11	DRACH_oligo_3	missing_zero	Brier_control	0.15110626220703124	0.015458441146499361	-0.1356478210605319	POSTHOC_ROBUSTNESS_ANALYSIS	CONTROLLED_ERROR_INJECTION
2025_DRACH	seed_11	DRACH_oligo_3	missing_zero	Brier_modified	0.03320662427010154	0.03817728429956117	0.004970660029459631	POSTHOC_ROBUSTNESS_ANALYSIS	CONTROLLED_ERROR_INJECTION
2025_DRACH	seed_11	DRACH_oligo_4	missing_zero	Brier_observed	0.02872560609061763	0.017205818514911063	-0.011519787575706566	POSTHOC_ROBUSTNESS_ANALYSIS	CONTROLLED_ERROR_INJECTION
2025_DRACH	seed_11	DRACH_oligo_4	missing_zero	Brier_equal_class	0.05744911508011434	0.017123783692048755	-0.040325331388065586	POSTHOC_ROBUSTNESS_ANALYSIS	CONTROLLED_ERROR_INJECTION
2025_DRACH	seed_11	DRACH_oligo_4	missing_zero	Brier_control	0.09244557430869654	0.009268949402982767	-0.08317662490571377	POSTHOC_ROBUSTNESS_ANALYSIS	CONTROLLED_ERROR_INJECTION
2025_DRACH	seed_11	DRACH_oligo_4	missing_zero	Brier_modified	0.022452655851532142	0.024978617981114743	0.0025259621295826012	POSTHOC_ROBUSTNESS_ANALYSIS	CONTROLLED_ERROR_INJECTION
2025_DRACH	seed_11	ALL	site_mean_as_read	Brier_observed	0.042060328464882044	0.01083823905221914	-0.031222089412662905	POSTHOC_ROBUSTNESS_ANALYSIS	CONTROLLED_ERROR_INJECTION
2025_DRACH	seed_11	ALL	site_mean_as_read	Brier_equal_class	0.07700258665786879	0.035741860709827926	-0.04126072594804086	POSTHOC_ROBUSTNESS_ANALYSIS	CONTROLLED_ERROR_INJECTION
2025_DRACH	seed_11	ALL	site_mean_as_read	Brier_control	0.12056854535948555	0.0667916614028419	-0.05377688395664365	POSTHOC_ROBUSTNESS_ANALYSIS	CONTROLLED_ERROR_INJECTION
2025_DRACH	seed_11	ALL	site_mean_as_read	Brier_modified	0.033436627956252025	0.004692060016813945	-0.02874456793943808	POSTHOC_ROBUSTNESS_ANALYSIS	CONTROLLED_ERROR_INJECTION
2025_DRACH	seed_11	DRACH_oligo_0	site_mean_as_read	Brier_observed	0.03968707646164939	0.00945759267026228	-0.030229483791387107	POSTHOC_ROBUSTNESS_ANALYSIS	CONTROLLED_ERROR_INJECTION
2025_DRACH	seed_11	DRACH_oligo_0	site_mean_as_read	Brier_equal_class	0.0717139579989167	0.029913887749401846	-0.04180007024951485	POSTHOC_ROBUSTNESS_ANALYSIS	CONTROLLED_ERROR_INJECTION
2025_DRACH	seed_11	DRACH_oligo_0	site_mean_as_read	Brier_control	0.11065573441354852	0.05478688290244654	-0.05586885151110198	POSTHOC_ROBUSTNESS_ANALYSIS	CONTROLLED_ERROR_INJECTION
2025_DRACH	seed_11	DRACH_oligo_0	site_mean_as_read	Brier_modified	0.032772181584284854	0.005040892596357148	-0.027731288987927705	POSTHOC_ROBUSTNESS_ANALYSIS	CONTROLLED_ERROR_INJECTION
2025_DRACH	seed_11	DRACH_oligo_1	site_mean_as_read	Brier_observed	0.04702225463281719	0.010783692966598729	-0.03623856166621846	POSTHOC_ROBUSTNESS_ANALYSIS	CONTROLLED_ERROR_INJECTION
2025_DRACH	seed_11	DRACH_oligo_1	site_mean_as_read	Brier_equal_class	0.08916112542097478	0.03953984450131645	-0.049621280919658325	POSTHOC_ROBUSTNESS_ANALYSIS	CONTROLLED_ERROR_INJECTION
2025_DRACH	seed_11	DRACH_oligo_1	site_mean_as_read	Brier_control	0.13951043521656709	0.07389891381357229	-0.0656115214029948	POSTHOC_ROBUSTNESS_ANALYSIS	CONTROLLED_ERROR_INJECTION
2025_DRACH	seed_11	DRACH_oligo_1	site_mean_as_read	Brier_modified	0.03881181562538247	0.005180775189060606	-0.03363104043632186	POSTHOC_ROBUSTNESS_ANALYSIS	CONTROLLED_ERROR_INJECTION
2025_DRACH	seed_11	DRACH_oligo_2	site_mean_as_read	Brier_observed	0.050278034979987035	0.014644997777792323	-0.03563303720219471	POSTHOC_ROBUSTNESS_ANALYSIS	CONTROLLED_ERROR_INJECTION
2025_DRACH	seed_11	DRACH_oligo_2	site_mean_as_read	Brier_equal_class	0.0769074027256299	0.034253747206482034	-0.04265365551914787	POSTHOC_ROBUSTNESS_ANALYSIS	CONTROLLED_ERROR_INJECTION
2025_DRACH	seed_11	DRACH_oligo_2	site_mean_as_read	Brier_control	0.11379155805034022	0.061413692067337974	-0.052377865983002245	POSTHOC_ROBUSTNESS_ANALYSIS	CONTROLLED_ERROR_INJECTION
2025_DRACH	seed_11	DRACH_oligo_2	site_mean_as_read	Brier_modified	0.040023247400919594	0.007093802345626098	-0.032929445055293494	POSTHOC_ROBUSTNESS_ANALYSIS	CONTROLLED_ERROR_INJECTION
2025_DRACH	seed_11	DRACH_oligo_3	site_mean_as_read	Brier_observed	0.04425108684030573	0.012708820686895559	-0.03154226615341017	POSTHOC_ROBUSTNESS_ANALYSIS	CONTROLLED_ERROR_INJECTION
2025_DRACH	seed_11	DRACH_oligo_3	site_mean_as_read	Brier_equal_class	0.0921564432385664	0.05044987306664908	-0.04170657017191731	POSTHOC_ROBUSTNESS_ANALYSIS	CONTROLLED_ERROR_INJECTION
2025_DRACH	seed_11	DRACH_oligo_3	site_mean_as_read	Brier_control	0.15110626220703124	0.09689203262329102	-0.054214229583740225	POSTHOC_ROBUSTNESS_ANALYSIS	CONTROLLED_ERROR_INJECTION
2025_DRACH	seed_11	DRACH_oligo_3	site_mean_as_read	Brier_modified	0.03320662427010154	0.00400771351000714	-0.029198910760094402	POSTHOC_ROBUSTNESS_ANALYSIS	CONTROLLED_ERROR_INJECTION
2025_DRACH	seed_11	DRACH_oligo_4	site_mean_as_read	Brier_observed	0.02872560609061763	0.006397459853088898	-0.022328146237528733	POSTHOC_ROBUSTNESS_ANALYSIS	CONTROLLED_ERROR_INJECTION
2025_DRACH	seed_11	DRACH_oligo_4	site_mean_as_read	Brier_equal_class	0.05744911508011434	0.025839408334599023	-0.03160970674551532	POSTHOC_ROBUSTNESS_ANALYSIS	CONTROLLED_ERROR_INJECTION
2025_DRACH	seed_11	DRACH_oligo_4	site_mean_as_read	Brier_control	0.09244557430869654	0.0495272995879332	-0.042918274720763344	POSTHOC_ROBUSTNESS_ANALYSIS	CONTROLLED_ERROR_INJECTION
2025_DRACH	seed_11	DRACH_oligo_4	site_mean_as_read	Brier_modified	0.022452655851532142	0.002151517081264848	-0.020301138770267294	POSTHOC_ROBUSTNESS_ANALYSIS	CONTROLLED_ERROR_INJECTION
2025_DRACH	seed_29	ALL	high_p_filter	Brier_observed	0.03919203791497003	0.0034075419108072916	-0.03578449600416274	POSTHOC_ROBUSTNESS_ANALYSIS	CONTROLLED_ERROR_INJECTION
2025_DRACH	seed_29	ALL	high_p_filter	Brier_equal_class	0.0756584421220908	0.435224816529549	0.3595663744074582	POSTHOC_ROBUSTNESS_ANALYSIS	CONTROLLED_ERROR_INJECTION
2025_DRACH	seed_29	ALL	high_p_filter	Brier_control	0.12085803892554306	0.8701210021972656	0.7492629632717226	POSTHOC_ROBUSTNESS_ANALYSIS	CONTROLLED_ERROR_INJECTION
2025_DRACH	seed_29	ALL	high_p_filter	Brier_modified	0.030458845318638537	0.0003286308618323065	-0.03013021445680623	POSTHOC_ROBUSTNESS_ANALYSIS	CONTROLLED_ERROR_INJECTION
2025_DRACH	seed_29	DRACH_oligo_0	high_p_filter	Brier_observed	0.050101602677818685	0.0031837278982663805	-0.0469178747795523	POSTHOC_ROBUSTNESS_ANALYSIS	CONTROLLED_ERROR_INJECTION
2025_DRACH	seed_29	DRACH_oligo_0	high_p_filter	Brier_equal_class	0.08178040619384679	0.4342587326512192	0.3524783264573724	POSTHOC_ROBUSTNESS_ANALYSIS	CONTROLLED_ERROR_INJECTION
2025_DRACH	seed_29	DRACH_oligo_0	high_p_filter	Brier_control	0.1185772336762527	0.8679542541503906	0.7493770204741379	POSTHOC_ROBUSTNESS_ANALYSIS	CONTROLLED_ERROR_INJECTION
2025_DRACH	seed_29	DRACH_oligo_0	high_p_filter	Brier_modified	0.04498357871144088	0.000563211152047822	-0.04442036755939306	POSTHOC_ROBUSTNESS_ANALYSIS	CONTROLLED_ERROR_INJECTION
2025_DRACH	seed_29	DRACH_oligo_1	high_p_filter	Brier_observed	0.027078733239367356	0.0029905452284702035	-0.024088188010897155	POSTHOC_ROBUSTNESS_ANALYSIS	CONTROLLED_ERROR_INJECTION
2025_DRACH	seed_29	DRACH_oligo_1	high_p_filter	Brier_equal_class	0.05982845831673529	0.45254475451766923	0.39271629620093396	POSTHOC_ROBUSTNESS_ANALYSIS	CONTROLLED_ERROR_INJECTION
2025_DRACH	seed_29	DRACH_oligo_1	high_p_filter	Brier_control	0.09870136145389441	0.9047279357910156	0.8060265743371212	POSTHOC_ROBUSTNESS_ANALYSIS	CONTROLLED_ERROR_INJECTION
2025_DRACH	seed_29	DRACH_oligo_1	high_p_filter	Brier_modified	0.02095555517957618	0.00036157324432284073	-0.02059398193525334	POSTHOC_ROBUSTNESS_ANALYSIS	CONTROLLED_ERROR_INJECTION
2025_DRACH	seed_29	DRACH_oligo_2	high_p_filter	Brier_observed	0.05832995427563586	0.008293078022618448	-0.05003687625301741	POSTHOC_ROBUSTNESS_ANALYSIS	CONTROLLED_ERROR_INJECTION
2025_DRACH	seed_29	DRACH_oligo_2	high_p_filter	Brier_equal_class	0.08963796476471117	0.4114149799823243	0.32177701521761315	POSTHOC_ROBUSTNESS_ANALYSIS	CONTROLLED_ERROR_INJECTION
2025_DRACH	seed_29	DRACH_oligo_2	high_p_filter	Brier_control	0.1364949200604413	0.8224932352701823	0.685998315209741	POSTHOC_ROBUSTNESS_ANALYSIS	CONTROLLED_ERROR_INJECTION
2025_DRACH	seed_29	DRACH_oligo_2	high_p_filter	Brier_modified	0.042781009468981016	0.0003367246944663579	-0.04244428477451466	POSTHOC_ROBUSTNESS_ANALYSIS	CONTROLLED_ERROR_INJECTION
2025_DRACH	seed_29	DRACH_oligo_3	high_p_filter	Brier_observed	0.027182726792886223	0.0002221586954527797	-0.026960568097433444	POSTHOC_ROBUSTNESS_ANALYSIS	CONTROLLED_ERROR_INJECTION
2025_DRACH	seed_29	DRACH_oligo_3	high_p_filter	Brier_equal_class	0.05837614459960408			POSTHOC_ROBUSTNESS_ANALYSIS	CONTROLLED_ERROR_INJECTION
2025_DRACH	seed_29	DRACH_oligo_3	high_p_filter	Brier_control	0.09634299027292352			POSTHOC_ROBUSTNESS_ANALYSIS	CONTROLLED_ERROR_INJECTION
2025_DRACH	seed_29	DRACH_oligo_3	high_p_filter	Brier_modified	0.02040929892628463	0.0002221586954527797	-0.020187140230831853	POSTHOC_ROBUSTNESS_ANALYSIS	CONTROLLED_ERROR_INJECTION
2025_DRACH	seed_29	DRACH_oligo_4	high_p_filter	Brier_observed	0.03220325046115451	0.0029940988825655534	-0.02920915157858896	POSTHOC_ROBUSTNESS_ANALYSIS	CONTROLLED_ERROR_INJECTION
2025_DRACH	seed_29	DRACH_oligo_4	high_p_filter	Brier_equal_class	0.08141824617388274	0.4903705058248998	0.4089522596510171	POSTHOC_ROBUSTNESS_ANALYSIS	CONTROLLED_ERROR_INJECTION
2025_DRACH	seed_29	DRACH_oligo_4	high_p_filter	Brier_control	0.13930179226783015	0.9805641174316406	0.8412623251638105	POSTHOC_ROBUSTNESS_ANALYSIS	CONTROLLED_ERROR_INJECTION
2025_DRACH	seed_29	DRACH_oligo_4	high_p_filter	Brier_modified	0.02353470007993534	0.00017689421815899676	-0.02335780586177634	POSTHOC_ROBUSTNESS_ANALYSIS	CONTROLLED_ERROR_INJECTION
2025_DRACH	seed_29	ALL	missing_zero	Brier_observed	0.03919203791497003	0.024219522750917287	-0.014972515164052742	POSTHOC_ROBUSTNESS_ANALYSIS	CONTROLLED_ERROR_INJECTION
2025_DRACH	seed_29	ALL	missing_zero	Brier_equal_class	0.0756584421220908	0.02431561203287199	-0.05134283008921881	POSTHOC_ROBUSTNESS_ANALYSIS	CONTROLLED_ERROR_INJECTION
2025_DRACH	seed_29	ALL	missing_zero	Brier_control	0.12085803892554306	0.012640764275375678	-0.10821727465016738	POSTHOC_ROBUSTNESS_ANALYSIS	CONTROLLED_ERROR_INJECTION
2025_DRACH	seed_29	ALL	missing_zero	Brier_modified	0.030458845318638537	0.0359904597903683	0.0055316144717297636	POSTHOC_ROBUSTNESS_ANALYSIS	CONTROLLED_ERROR_INJECTION
2025_DRACH	seed_29	DRACH_oligo_0	missing_zero	Brier_observed	0.050101602677818685	0.027888367282357187	-0.022213235395461498	POSTHOC_ROBUSTNESS_ANALYSIS	CONTROLLED_ERROR_INJECTION
2025_DRACH	seed_29	DRACH_oligo_0	missing_zero	Brier_equal_class	0.08178040619384679	0.028061160041797394	-0.05371924615204939	POSTHOC_ROBUSTNESS_ANALYSIS	CONTROLLED_ERROR_INJECTION
2025_DRACH	seed_29	DRACH_oligo_0	missing_zero	Brier_control	0.1185772336762527	0.008683686304574062	-0.10989354737167864	POSTHOC_ROBUSTNESS_ANALYSIS	CONTROLLED_ERROR_INJECTION
2025_DRACH	seed_29	DRACH_oligo_0	missing_zero	Brier_modified	0.04498357871144088	0.047438633779020724	0.002455055067579842	POSTHOC_ROBUSTNESS_ANALYSIS	CONTROLLED_ERROR_INJECTION
2025_DRACH	seed_29	DRACH_oligo_1	missing_zero	Brier_observed	0.027078733239367356	0.017220631261025705	-0.009858101978341652	POSTHOC_ROBUSTNESS_ANALYSIS	CONTROLLED_ERROR_INJECTION
2025_DRACH	seed_29	DRACH_oligo_1	missing_zero	Brier_equal_class	0.05982845831673529	0.01720928559595059	-0.04261917272078471	POSTHOC_ROBUSTNESS_ANALYSIS	CONTROLLED_ERROR_INJECTION
2025_DRACH	seed_29	DRACH_oligo_1	missing_zero	Brier_control	0.09870136145389441	0.008416395162735183	-0.09028496629115923	POSTHOC_ROBUSTNESS_ANALYSIS	CONTROLLED_ERROR_INJECTION
2025_DRACH	seed_29	DRACH_oligo_1	missing_zero	Brier_modified	0.02095555517957618	0.026002176029165994	0.005046620849589813	POSTHOC_ROBUSTNESS_ANALYSIS	CONTROLLED_ERROR_INJECTION
2025_DRACH	seed_29	DRACH_oligo_2	missing_zero	Brier_observed	0.05832995427563586	0.03787879844247206	-0.0204511558331638	POSTHOC_ROBUSTNESS_ANALYSIS	CONTROLLED_ERROR_INJECTION
2025_DRACH	seed_29	DRACH_oligo_2	missing_zero	Brier_equal_class	0.08963796476471117	0.03813577978161798	-0.05150218498309319	POSTHOC_ROBUSTNESS_ANALYSIS	CONTROLLED_ERROR_INJECTION
2025_DRACH	seed_29	DRACH_oligo_2	missing_zero	Brier_control	0.1364949200604413	0.025832798170006794	-0.11066212189043452	POSTHOC_ROBUSTNESS_ANALYSIS	CONTROLLED_ERROR_INJECTION
2025_DRACH	seed_29	DRACH_oligo_2	missing_zero	Brier_modified	0.042781009468981016	0.05043876139322917	0.0076577519242481545	POSTHOC_ROBUSTNESS_ANALYSIS	CONTROLLED_ERROR_INJECTION
2025_DRACH	seed_29	DRACH_oligo_3	missing_zero	Brier_observed	0.027182726792886223	0.01727715218036836	-0.009905574612517863	POSTHOC_ROBUSTNESS_ANALYSIS	CONTROLLED_ERROR_INJECTION
2025_DRACH	seed_29	DRACH_oligo_3	missing_zero	Brier_equal_class	0.05837614459960408	0.01733893770160097	-0.04103720689800311	POSTHOC_ROBUSTNESS_ANALYSIS	CONTROLLED_ERROR_INJECTION
2025_DRACH	seed_29	DRACH_oligo_3	missing_zero	Brier_control	0.09634299027292352	0.009245034420129025	-0.08709795585279449	POSTHOC_ROBUSTNESS_ANALYSIS	CONTROLLED_ERROR_INJECTION
2025_DRACH	seed_29	DRACH_oligo_3	missing_zero	Brier_modified	0.02040929892628463	0.025432840983072916	0.005023542056788285	POSTHOC_ROBUSTNESS_ANALYSIS	CONTROLLED_ERROR_INJECTION
2025_DRACH	seed_29	DRACH_oligo_4	missing_zero	Brier_observed	0.03220325046115451	0.02104657949860563	-0.011156670962548885	POSTHOC_ROBUSTNESS_ANALYSIS	CONTROLLED_ERROR_INJECTION
2025_DRACH	seed_29	DRACH_oligo_4	missing_zero	Brier_equal_class	0.08141824617388274	0.02109825759670784	-0.060319988577174896	POSTHOC_ROBUSTNESS_ANALYSIS	CONTROLLED_ERROR_INJECTION
2025_DRACH	seed_29	DRACH_oligo_4	missing_zero	Brier_control	0.13930179226783015	0.011072706564878807	-0.12822908570295136	POSTHOC_ROBUSTNESS_ANALYSIS	CONTROLLED_ERROR_INJECTION
2025_DRACH	seed_29	DRACH_oligo_4	missing_zero	Brier_modified	0.02353470007993534	0.031123808628536878	0.00758910854860154	POSTHOC_ROBUSTNESS_ANALYSIS	CONTROLLED_ERROR_INJECTION
2025_DRACH	seed_29	ALL	site_mean_as_read	Brier_observed	0.03919203791497003	0.010323889456510704	-0.028868148458459326	POSTHOC_ROBUSTNESS_ANALYSIS	CONTROLLED_ERROR_INJECTION
2025_DRACH	seed_29	ALL	site_mean_as_read	Brier_equal_class	0.0756584421220908	0.035553018018551624	-0.04010542410353918	POSTHOC_ROBUSTNESS_ANALYSIS	CONTROLLED_ERROR_INJECTION
2025_DRACH	seed_29	ALL	site_mean_as_read	Brier_control	0.12085803892554306	0.06682416919182897	-0.05403386973371409	POSTHOC_ROBUSTNESS_ANALYSIS	CONTROLLED_ERROR_INJECTION
2025_DRACH	seed_29	ALL	site_mean_as_read	Brier_modified	0.030458845318638537	0.00428186684527427	-0.026176978473364268	POSTHOC_ROBUSTNESS_ANALYSIS	CONTROLLED_ERROR_INJECTION
2025_DRACH	seed_29	DRACH_oligo_0	site_mean_as_read	Brier_observed	0.050101602677818685	0.011427597640716542	-0.038674005037102145	POSTHOC_ROBUSTNESS_ANALYSIS	CONTROLLED_ERROR_INJECTION
2025_DRACH	seed_29	DRACH_oligo_0	site_mean_as_read	Brier_equal_class	0.08178040619384679	0.036478285047643895	-0.04530212114620289	POSTHOC_ROBUSTNESS_ANALYSIS	CONTROLLED_ERROR_INJECTION
2025_DRACH	seed_29	DRACH_oligo_0	site_mean_as_read	Brier_control	0.1185772336762527	0.0655761587208715	-0.0530010749553812	POSTHOC_ROBUSTNESS_ANALYSIS	CONTROLLED_ERROR_INJECTION
2025_DRACH	seed_29	DRACH_oligo_0	site_mean_as_read	Brier_modified	0.04498357871144088	0.007380411374416299	-0.03760316733702458	POSTHOC_ROBUSTNESS_ANALYSIS	CONTROLLED_ERROR_INJECTION
2025_DRACH	seed_29	DRACH_oligo_1	site_mean_as_read	Brier_observed	0.027078733239367356	0.006749961470489908	-0.02032877176887745	POSTHOC_ROBUSTNESS_ANALYSIS	CONTROLLED_ERROR_INJECTION
2025_DRACH	seed_29	DRACH_oligo_1	site_mean_as_read	Brier_equal_class	0.05982845831673529	0.028701376805670937	-0.031127081511064355	POSTHOC_ROBUSTNESS_ANALYSIS	CONTROLLED_ERROR_INJECTION
2025_DRACH	seed_29	DRACH_oligo_1	site_mean_as_read	Brier_control	0.09870136145389441	0.05475702277009261	-0.0439443386838018	POSTHOC_ROBUSTNESS_ANALYSIS	CONTROLLED_ERROR_INJECTION
2025_DRACH	seed_29	DRACH_oligo_1	site_mean_as_read	Brier_modified	0.02095555517957618	0.0026457308412492627	-0.018309824338326917	POSTHOC_ROBUSTNESS_ANALYSIS	CONTROLLED_ERROR_INJECTION
2025_DRACH	seed_29	DRACH_oligo_2	site_mean_as_read	Brier_observed	0.05832995427563586	0.018296563553900646	-0.040033390721735215	POSTHOC_ROBUSTNESS_ANALYSIS	CONTROLLED_ERROR_INJECTION
2025_DRACH	seed_29	DRACH_oligo_2	site_mean_as_read	Brier_equal_class	0.08963796476471117	0.040033982220193026	-0.049603982544518144	POSTHOC_ROBUSTNESS_ANALYSIS	CONTROLLED_ERROR_INJECTION
2025_DRACH	seed_29	DRACH_oligo_2	site_mean_as_read	Brier_control	0.1364949200604413	0.07256716586169101	-0.0639277541987503	POSTHOC_ROBUSTNESS_ANALYSIS	CONTROLLED_ERROR_INJECTION
2025_DRACH	seed_29	DRACH_oligo_2	site_mean_as_read	Brier_modified	0.042781009468981016	0.007500798578695036	-0.035280210890285976	POSTHOC_ROBUSTNESS_ANALYSIS	CONTROLLED_ERROR_INJECTION
2025_DRACH	seed_29	DRACH_oligo_3	site_mean_as_read	Brier_observed	0.027182726792886223	0.006503197999966695	-0.020679528792919528	POSTHOC_ROBUSTNESS_ANALYSIS	CONTROLLED_ERROR_INJECTION
2025_DRACH	seed_29	DRACH_oligo_3	site_mean_as_read	Brier_equal_class	0.05837614459960408	0.028428791367107634	-0.029947353232496445	POSTHOC_ROBUSTNESS_ANALYSIS	CONTROLLED_ERROR_INJECTION
2025_DRACH	seed_29	DRACH_oligo_3	site_mean_as_read	Brier_control	0.09634299027292352	0.05511537072254204	-0.041227619550381484	POSTHOC_ROBUSTNESS_ANALYSIS	CONTROLLED_ERROR_INJECTION
2025_DRACH	seed_29	DRACH_oligo_3	site_mean_as_read	Brier_modified	0.02040929892628463	0.001742212011673234	-0.018667086914611396	POSTHOC_ROBUSTNESS_ANALYSIS	CONTROLLED_ERROR_INJECTION
2025_DRACH	seed_29	DRACH_oligo_4	site_mean_as_read	Brier_observed	0.03220325046115451	0.008171791452599388	-0.024031459008555127	POSTHOC_ROBUSTNESS_ANALYSIS	CONTROLLED_ERROR_INJECTION
2025_DRACH	seed_29	DRACH_oligo_4	site_mean_as_read	Brier_equal_class	0.08141824617388274	0.04185955868419681	-0.03955868748968593	POSTHOC_ROBUSTNESS_ANALYSIS	CONTROLLED_ERROR_INJECTION
2025_DRACH	seed_29	DRACH_oligo_4	site_mean_as_read	Brier_control	0.13930179226783015	0.08148096673499605	-0.0578208255328341	POSTHOC_ROBUSTNESS_ANALYSIS	CONTROLLED_ERROR_INJECTION
2025_DRACH	seed_29	DRACH_oligo_4	site_mean_as_read	Brier_modified	0.02353470007993534	0.00223815063339757	-0.02129654944653777	POSTHOC_ROBUSTNESS_ANALYSIS	CONTROLLED_ERROR_INJECTION
2025_DRACH	seed_47	ALL	high_p_filter	Brier_observed	0.03570851404610267	0.0036136896653406396	-0.03209482438076203	POSTHOC_ROBUSTNESS_ANALYSIS	CONTROLLED_ERROR_INJECTION
2025_DRACH	seed_47	ALL	high_p_filter	Brier_equal_class	0.06943767958670403	0.47264273207161117	0.4032050524849071	POSTHOC_ROBUSTNESS_ANALYSIS	CONTROLLED_ERROR_INJECTION
2025_DRACH	seed_47	ALL	high_p_filter	Brier_control	0.1117123546688238	0.9449806213378906	0.8332682666690668	POSTHOC_ROBUSTNESS_ANALYSIS	CONTROLLED_ERROR_INJECTION
2025_DRACH	seed_47	ALL	high_p_filter	Brier_modified	0.027163004504584278	0.00030484280533167656	-0.026858161699252602	POSTHOC_ROBUSTNESS_ANALYSIS	CONTROLLED_ERROR_INJECTION
2025_DRACH	seed_47	DRACH_oligo_0	high_p_filter	Brier_observed	0.03664843241373698	0.0003502473803209769	-0.036298185033416	POSTHOC_ROBUSTNESS_ANALYSIS	CONTROLLED_ERROR_INJECTION
2025_DRACH	seed_47	DRACH_oligo_0	high_p_filter	Brier_equal_class	0.04305607629847852			POSTHOC_ROBUSTNESS_ANALYSIS	CONTROLLED_ERROR_INJECTION
2025_DRACH	seed_47	DRACH_oligo_0	high_p_filter	Brier_control	0.05083164415861431			POSTHOC_ROBUSTNESS_ANALYSIS	CONTROLLED_ERROR_INJECTION
2025_DRACH	seed_47	DRACH_oligo_0	high_p_filter	Brier_modified	0.03528050843834272	0.0003502473803209769	-0.034930261058021744	POSTHOC_ROBUSTNESS_ANALYSIS	CONTROLLED_ERROR_INJECTION
2025_DRACH	seed_47	DRACH_oligo_1	high_p_filter	Brier_observed	0.03726133469465524	0.0031930374462455953	-0.03406829724840965	POSTHOC_ROBUSTNESS_ANALYSIS	CONTROLLED_ERROR_INJECTION
2025_DRACH	seed_47	DRACH_oligo_1	high_p_filter	Brier_equal_class	0.06485519689870586	0.49428835369291757	0.4294331567942117	POSTHOC_ROBUSTNESS_ANALYSIS	CONTROLLED_ERROR_INJECTION
2025_DRACH	seed_47	DRACH_oligo_1	high_p_filter	Brier_control	0.09836774259000211	0.9883155822753906	0.8899478396853885	POSTHOC_ROBUSTNESS_ANALYSIS	CONTROLLED_ERROR_INJECTION
2025_DRACH	seed_47	DRACH_oligo_1	high_p_filter	Brier_modified	0.0313426512074096	0.00026112511044456844	-0.031081526096965035	POSTHOC_ROBUSTNESS_ANALYSIS	CONTROLLED_ERROR_INJECTION
2025_DRACH	seed_47	DRACH_oligo_2	high_p_filter	Brier_observed	0.04228824337586662	0.0005178684141577744	-0.041770374961708844	POSTHOC_ROBUSTNESS_ANALYSIS	CONTROLLED_ERROR_INJECTION
2025_DRACH	seed_47	DRACH_oligo_2	high_p_filter	Brier_equal_class	0.05841079507021707			POSTHOC_ROBUSTNESS_ANALYSIS	CONTROLLED_ERROR_INJECTION
2025_DRACH	seed_47	DRACH_oligo_2	high_p_filter	Brier_control	0.08174471173967635			POSTHOC_ROBUSTNESS_ANALYSIS	CONTROLLED_ERROR_INJECTION
2025_DRACH	seed_47	DRACH_oligo_2	high_p_filter	Brier_modified	0.035076878400757794	0.0005178684141577744	-0.03455900998660002	POSTHOC_ROBUSTNESS_ANALYSIS	CONTROLLED_ERROR_INJECTION
2025_DRACH	seed_47	DRACH_oligo_3	high_p_filter	Brier_observed	0.03670803521459451	0.013475859906040343	-0.023232175308554166	POSTHOC_ROBUSTNESS_ANALYSIS	CONTROLLED_ERROR_INJECTION
2025_DRACH	seed_47	DRACH_oligo_3	high_p_filter	Brier_equal_class	0.11757566839645289	0.46828415878864277	0.3507084903921899	POSTHOC_ROBUSTNESS_ANALYSIS	CONTROLLED_ERROR_INJECTION
2025_DRACH	seed_47	DRACH_oligo_3	high_p_filter	Brier_control	0.2197866651746962	0.9363136291503906	0.7165269639756944	POSTHOC_ROBUSTNESS_ANALYSIS	CONTROLLED_ERROR_INJECTION
2025_DRACH	seed_47	DRACH_oligo_3	high_p_filter	Brier_modified	0.015364671618209601	0.000254688426894923	-0.015109983191314678	POSTHOC_ROBUSTNESS_ANALYSIS	CONTROLLED_ERROR_INJECTION
2025_DRACH	seed_47	DRACH_oligo_4	high_p_filter	Brier_observed	0.024863641238907008	0.00015424128632369867	-0.024709399952583307	POSTHOC_ROBUSTNESS_ANALYSIS	CONTROLLED_ERROR_INJECTION
2025_DRACH	seed_47	DRACH_oligo_4	high_p_filter	Brier_equal_class	0.06595914729688533			POSTHOC_ROBUSTNESS_ANALYSIS	CONTROLLED_ERROR_INJECTION
2025_DRACH	seed_47	DRACH_oligo_4	high_p_filter	Brier_control	0.11325341683846933			POSTHOC_ROBUSTNESS_ANALYSIS	CONTROLLED_ERROR_INJECTION
2025_DRACH	seed_47	DRACH_oligo_4	high_p_filter	Brier_modified	0.01866487775530134	0.00015424128632369867	-0.01851063646897764	POSTHOC_ROBUSTNESS_ANALYSIS	CONTROLLED_ERROR_INJECTION
2025_DRACH	seed_47	ALL	missing_zero	Brier_observed	0.03570851404610267	0.022501586154256268	-0.013206927891846399	POSTHOC_ROBUSTNESS_ANALYSIS	CONTROLLED_ERROR_INJECTION
2025_DRACH	seed_47	ALL	missing_zero	Brier_equal_class	0.06943767958670403	0.022538017170983495	-0.046899662415720536	POSTHOC_ROBUSTNESS_ANALYSIS	CONTROLLED_ERROR_INJECTION
2025_DRACH	seed_47	ALL	missing_zero	Brier_control	0.1117123546688238	0.012399785658892463	-0.09931256900993134	POSTHOC_ROBUSTNESS_ANALYSIS	CONTROLLED_ERROR_INJECTION
2025_DRACH	seed_47	ALL	missing_zero	Brier_modified	0.027163004504584278	0.032676248683074526	0.005513244178490247	POSTHOC_ROBUSTNESS_ANALYSIS	CONTROLLED_ERROR_INJECTION
2025_DRACH	seed_47	DRACH_oligo_0	missing_zero	Brier_observed	0.03664843241373698	0.020117055657858166	-0.01653137675587881	POSTHOC_ROBUSTNESS_ANALYSIS	CONTROLLED_ERROR_INJECTION
2025_DRACH	seed_47	DRACH_oligo_0	missing_zero	Brier_equal_class	0.04305607629847852	0.02009776373320106	-0.02295831256527746	POSTHOC_ROBUSTNESS_ANALYSIS	CONTROLLED_ERROR_INJECTION
2025_DRACH	seed_47	DRACH_oligo_0	missing_zero	Brier_control	0.05083164415861431	0.004915019028059399	-0.04591662513055491	POSTHOC_ROBUSTNESS_ANALYSIS	CONTROLLED_ERROR_INJECTION
2025_DRACH	seed_47	DRACH_oligo_0	missing_zero	Brier_modified	0.03528050843834272	0.03528050843834272	0.0	POSTHOC_ROBUSTNESS_ANALYSIS	CONTROLLED_ERROR_INJECTION
2025_DRACH	seed_47	DRACH_oligo_1	missing_zero	Brier_observed	0.03726133469465524	0.025371926567995532	-0.011889408126659711	POSTHOC_ROBUSTNESS_ANALYSIS	CONTROLLED_ERROR_INJECTION
2025_DRACH	seed_47	DRACH_oligo_1	missing_zero	Brier_equal_class	0.06485519689870586	0.025392609545549668	-0.03946258735315619	POSTHOC_ROBUSTNESS_ANALYSIS	CONTROLLED_ERROR_INJECTION
2025_DRACH	seed_47	DRACH_oligo_1	missing_zero	Brier_control	0.09836774259000211	0.009404667896201752	-0.08896307469380035	POSTHOC_ROBUSTNESS_ANALYSIS	CONTROLLED_ERROR_INJECTION
2025_DRACH	seed_47	DRACH_oligo_1	missing_zero	Brier_modified	0.0313426512074096	0.041380551194897586	0.010037899987487983	POSTHOC_ROBUSTNESS_ANALYSIS	CONTROLLED_ERROR_INJECTION
2025_DRACH	seed_47	DRACH_oligo_2	missing_zero	Brier_observed	0.04228824337586662	0.02722853828734566	-0.015059705088520958	POSTHOC_ROBUSTNESS_ANALYSIS	CONTROLLED_ERROR_INJECTION
2025_DRACH	seed_47	DRACH_oligo_2	missing_zero	Brier_equal_class	0.05841079507021707	0.027343367999471405	-0.031067427070745664	POSTHOC_ROBUSTNESS_ANALYSIS	CONTROLLED_ERROR_INJECTION
2025_DRACH	seed_47	DRACH_oligo_2	missing_zero	Brier_control	0.08174471173967635	0.014597269953513632	-0.06714744178616272	POSTHOC_ROBUSTNESS_ANALYSIS	CONTROLLED_ERROR_INJECTION
2025_DRACH	seed_47	DRACH_oligo_2	missing_zero	Brier_modified	0.035076878400757794	0.04008946604542918	0.005012587644671385	POSTHOC_ROBUSTNESS_ANALYSIS	CONTROLLED_ERROR_INJECTION
2025_DRACH	seed_47	DRACH_oligo_3	missing_zero	Brier_observed	0.03670803521459451	0.02267323559477129	-0.014034799619823218	POSTHOC_ROBUSTNESS_ANALYSIS	CONTROLLED_ERROR_INJECTION
2025_DRACH	seed_47	DRACH_oligo_3	missing_zero	Brier_equal_class	0.11757566839645289	0.022645181271410207	-0.09493048712504268	POSTHOC_ROBUSTNESS_ANALYSIS	CONTROLLED_ERROR_INJECTION
2025_DRACH	seed_47	DRACH_oligo_3	missing_zero	Brier_control	0.2197866651746962	0.024850251087591278	-0.1949364140871049	POSTHOC_ROBUSTNESS_ANALYSIS	CONTROLLED_ERROR_INJECTION
2025_DRACH	seed_47	DRACH_oligo_3	missing_zero	Brier_modified	0.015364671618209601	0.02044011145522914	0.005075439837019538	POSTHOC_ROBUSTNESS_ANALYSIS	CONTROLLED_ERROR_INJECTION
2025_DRACH	seed_47	DRACH_oligo_4	missing_zero	Brier_observed	0.024863641238907008	0.01713301447662314	-0.007730626762283869	POSTHOC_ROBUSTNESS_ANALYSIS	CONTROLLED_ERROR_INJECTION
2025_DRACH	seed_47	DRACH_oligo_4	missing_zero	Brier_equal_class	0.06595914729688533	0.017097483933857766	-0.048861663363027566	POSTHOC_ROBUSTNESS_ANALYSIS	CONTROLLED_ERROR_INJECTION
2025_DRACH	seed_47	DRACH_oligo_4	missing_zero	Brier_control	0.11325341683846933	0.007942447414645901	-0.10531096942382343	POSTHOC_ROBUSTNESS_ANALYSIS	CONTROLLED_ERROR_INJECTION
2025_DRACH	seed_47	DRACH_oligo_4	missing_zero	Brier_modified	0.01866487775530134	0.02625252045306963	0.00758764269776829	POSTHOC_ROBUSTNESS_ANALYSIS	CONTROLLED_ERROR_INJECTION
2025_DRACH	seed_47	ALL	site_mean_as_read	Brier_observed	0.03570851404610267	0.01030365268190678	-0.02540486136419589	POSTHOC_ROBUSTNESS_ANALYSIS	CONTROLLED_ERROR_INJECTION
2025_DRACH	seed_47	ALL	site_mean_as_read	Brier_equal_class	0.06943767958670403	0.03609415621653649	-0.03334352337016754	POSTHOC_ROBUSTNESS_ANALYSIS	CONTROLLED_ERROR_INJECTION
2025_DRACH	seed_47	ALL	site_mean_as_read	Brier_control	0.1117123546688238	0.06841885621002744	-0.04329349845879636	POSTHOC_ROBUSTNESS_ANALYSIS	CONTROLLED_ERROR_INJECTION
2025_DRACH	seed_47	ALL	site_mean_as_read	Brier_modified	0.027163004504584278	0.0037694562230455443	-0.023393548281538733	POSTHOC_ROBUSTNESS_ANALYSIS	CONTROLLED_ERROR_INJECTION
2025_DRACH	seed_47	DRACH_oligo_0	site_mean_as_read	Brier_observed	0.03664843241373698	0.008064875063701439	-0.028583557350035538	POSTHOC_ROBUSTNESS_ANALYSIS	CONTROLLED_ERROR_INJECTION
2025_DRACH	seed_47	DRACH_oligo_0	site_mean_as_read	Brier_equal_class	0.04305607629847852	0.019983713034123572	-0.023072363264354946	POSTHOC_ROBUSTNESS_ANALYSIS	CONTROLLED_ERROR_INJECTION
2025_DRACH	seed_47	DRACH_oligo_0	site_mean_as_read	Brier_control	0.05083164415861431	0.034447022031939195	-0.016384622126675116	POSTHOC_ROBUSTNESS_ANALYSIS	CONTROLLED_ERROR_INJECTION
2025_DRACH	seed_47	DRACH_oligo_0	site_mean_as_read	Brier_modified	0.03528050843834272	0.00552040403630795	-0.02976010440203477	POSTHOC_ROBUSTNESS_ANALYSIS	CONTROLLED_ERROR_INJECTION
2025_DRACH	seed_47	DRACH_oligo_1	site_mean_as_read	Brier_observed	0.03726133469465524	0.008653478962614432	-0.02860785573204081	POSTHOC_ROBUSTNESS_ANALYSIS	CONTROLLED_ERROR_INJECTION
2025_DRACH	seed_47	DRACH_oligo_1	site_mean_as_read	Brier_equal_class	0.06485519689870586	0.031783821572109405	-0.03307137532659646	POSTHOC_ROBUSTNESS_ANALYSIS	CONTROLLED_ERROR_INJECTION
2025_DRACH	seed_47	DRACH_oligo_1	site_mean_as_read	Brier_control	0.09836774259000211	0.059875455060162716	-0.038492287529839395	POSTHOC_ROBUSTNESS_ANALYSIS	CONTROLLED_ERROR_INJECTION
2025_DRACH	seed_47	DRACH_oligo_1	site_mean_as_read	Brier_modified	0.0313426512074096	0.0036921880840560897	-0.02765046312335351	POSTHOC_ROBUSTNESS_ANALYSIS	CONTROLLED_ERROR_INJECTION
2025_DRACH	seed_47	DRACH_oligo_2	site_mean_as_read	Brier_observed	0.04228824337586662	0.012261447479816855	-0.030026795896049764	POSTHOC_ROBUSTNESS_ANALYSIS	CONTROLLED_ERROR_INJECTION
2025_DRACH	seed_47	DRACH_oligo_2	site_mean_as_read	Brier_equal_class	0.05841079507021707	0.026267301913713244	-0.032143493156503826	POSTHOC_ROBUSTNESS_ANALYSIS	CONTROLLED_ERROR_INJECTION
2025_DRACH	seed_47	DRACH_oligo_2	site_mean_as_read	Brier_control	0.08174471173967635	0.04653775577491154	-0.03520695596476481	POSTHOC_ROBUSTNESS_ANALYSIS	CONTROLLED_ERROR_INJECTION
2025_DRACH	seed_47	DRACH_oligo_2	site_mean_as_read	Brier_modified	0.035076878400757794	0.005996848052514953	-0.02908003034824284	POSTHOC_ROBUSTNESS_ANALYSIS	CONTROLLED_ERROR_INJECTION
2025_DRACH	seed_47	DRACH_oligo_3	site_mean_as_read	Brier_observed	0.03670803521459451	0.015304425098524017	-0.02140361011607049	POSTHOC_ROBUSTNESS_ANALYSIS	CONTROLLED_ERROR_INJECTION
2025_DRACH	seed_47	DRACH_oligo_3	site_mean_as_read	Brier_equal_class	0.11757566839645289	0.0657279452168739	-0.05184772317957899	POSTHOC_ROBUSTNESS_ANALYSIS	CONTROLLED_ERROR_INJECTION
2025_DRACH	seed_47	DRACH_oligo_3	site_mean_as_read	Brier_control	0.2197866651746962	0.12945972577701703	-0.09032693939767916	POSTHOC_ROBUSTNESS_ANALYSIS	CONTROLLED_ERROR_INJECTION
2025_DRACH	seed_47	DRACH_oligo_3	site_mean_as_read	Brier_modified	0.015364671618209601	0.0019961646567307873	-0.013368506961478814	POSTHOC_ROBUSTNESS_ANALYSIS	CONTROLLED_ERROR_INJECTION
2025_DRACH	seed_47	DRACH_oligo_4	site_mean_as_read	Brier_observed	0.024863641238907008	0.00694530502276335	-0.01791833621614366	POSTHOC_ROBUSTNESS_ANALYSIS	CONTROLLED_ERROR_INJECTION
2025_DRACH	seed_47	DRACH_oligo_4	site_mean_as_read	Brier_equal_class	0.06595914729688533	0.04227450356753089	-0.023684643729354443	POSTHOC_ROBUSTNESS_ANALYSIS	CONTROLLED_ERROR_INJECTION
2025_DRACH	seed_47	DRACH_oligo_4	site_mean_as_read	Brier_control	0.11325341683846933	0.08293268736765443	-0.030320729470814906	POSTHOC_ROBUSTNESS_ANALYSIS	CONTROLLED_ERROR_INJECTION
2025_DRACH	seed_47	DRACH_oligo_4	site_mean_as_read	Brier_modified	0.01866487775530134	0.0016163197674073525	-0.017048557987893988	POSTHOC_ROBUSTNESS_ANALYSIS	CONTROLLED_ERROR_INJECTION
2025_DRACH	seed_71	ALL	high_p_filter	Brier_observed	0.04283858200599407	0.0035739078699985397	-0.039264674135995534	POSTHOC_ROBUSTNESS_ANALYSIS	CONTROLLED_ERROR_INJECTION
2025_DRACH	seed_71	ALL	high_p_filter	Brier_equal_class	0.06859849908708551	0.46756863193429976	0.3989701328472143	POSTHOC_ROBUSTNESS_ANALYSIS	CONTROLLED_ERROR_INJECTION
2025_DRACH	seed_71	ALL	high_p_filter	Brier_control	0.10130592445274453	0.934838612874349	0.8335326884216044	POSTHOC_ROBUSTNESS_ANALYSIS	CONTROLLED_ERROR_INJECTION
2025_DRACH	seed_71	ALL	high_p_filter	Brier_modified	0.035891073721426504	0.0002986509942505312	-0.03559242272717597	POSTHOC_ROBUSTNESS_ANALYSIS	CONTROLLED_ERROR_INJECTION
2025_DRACH	seed_71	DRACH_oligo_0	high_p_filter	Brier_observed	0.04963357233835974	0.0003662696251502404	-0.0492673027132095	POSTHOC_ROBUSTNESS_ANALYSIS	CONTROLLED_ERROR_INJECTION
2025_DRACH	seed_71	DRACH_oligo_0	high_p_filter	Brier_equal_class	0.0599176896763928			POSTHOC_ROBUSTNESS_ANALYSIS	CONTROLLED_ERROR_INJECTION
2025_DRACH	seed_71	DRACH_oligo_0	high_p_filter	Brier_control	0.07267706734793526			POSTHOC_ROBUSTNESS_ANALYSIS	CONTROLLED_ERROR_INJECTION
2025_DRACH	seed_71	DRACH_oligo_0	high_p_filter	Brier_modified	0.04715831200485034	0.0003662696251502404	-0.046792042379700104	POSTHOC_ROBUSTNESS_ANALYSIS	CONTROLLED_ERROR_INJECTION
2025_DRACH	seed_71	DRACH_oligo_1	high_p_filter	Brier_observed	0.040174315696538884	0.008952541627745697	-0.031221774068793187	POSTHOC_ROBUSTNESS_ANALYSIS	CONTROLLED_ERROR_INJECTION
2025_DRACH	seed_71	DRACH_oligo_1	high_p_filter	Brier_equal_class	0.07550838960369599	0.49690984982496117	0.4214014602212652	POSTHOC_ROBUSTNESS_ANALYSIS	CONTROLLED_ERROR_INJECTION
2025_DRACH	seed_71	DRACH_oligo_1	high_p_filter	Brier_control	0.12019560072157118	0.9935035705566406	0.8733079698350694	POSTHOC_ROBUSTNESS_ANALYSIS	CONTROLLED_ERROR_INJECTION
2025_DRACH	seed_71	DRACH_oligo_1	high_p_filter	Brier_modified	0.03082117848582082	0.00031612909328170686	-0.03050504939253911	POSTHOC_ROBUSTNESS_ANALYSIS	CONTROLLED_ERROR_INJECTION
2025_DRACH	seed_71	DRACH_oligo_2	high_p_filter	Brier_observed	0.048127836535591224	0.00541049719564285	-0.042717339339948375	POSTHOC_ROBUSTNESS_ANALYSIS	CONTROLLED_ERROR_INJECTION
2025_DRACH	seed_71	DRACH_oligo_2	high_p_filter	Brier_equal_class	0.06926794817095822	0.41988032326769475	0.35061237509673654	POSTHOC_ROBUSTNESS_ANALYSIS	CONTROLLED_ERROR_INJECTION
2025_DRACH	seed_71	DRACH_oligo_2	high_p_filter	Brier_control	0.09952473294907722	0.8393287658691406	0.7398040329200634	POSTHOC_ROBUSTNESS_ANALYSIS	CONTROLLED_ERROR_INJECTION
2025_DRACH	seed_71	DRACH_oligo_2	high_p_filter	Brier_modified	0.039011163392839214	0.000431880666248834	-0.03857928272659038	POSTHOC_ROBUSTNESS_ANALYSIS	CONTROLLED_ERROR_INJECTION
2025_DRACH	seed_71	DRACH_oligo_3	high_p_filter	Brier_observed	0.04034203542789943	0.00013268607003348213	-0.04020934935786595	POSTHOC_ROBUSTNESS_ANALYSIS	CONTROLLED_ERROR_INJECTION
2025_DRACH	seed_71	DRACH_oligo_3	high_p_filter	Brier_equal_class	0.06501939776607511			POSTHOC_ROBUSTNESS_ANALYSIS	CONTROLLED_ERROR_INJECTION
2025_DRACH	seed_71	DRACH_oligo_3	high_p_filter	Brier_control	0.0948846146867082			POSTHOC_ROBUSTNESS_ANALYSIS	CONTROLLED_ERROR_INJECTION
2025_DRACH	seed_71	DRACH_oligo_3	high_p_filter	Brier_modified	0.035154180845442036	0.00013268607003348213	-0.03502149477540856	POSTHOC_ROBUSTNESS_ANALYSIS	CONTROLLED_ERROR_INJECTION
2025_DRACH	seed_71	DRACH_oligo_4	high_p_filter	Brier_observed	0.03546581090053665	0.0029326425471775967	-0.03253316835335906	POSTHOC_ROBUSTNESS_ANALYSIS	CONTROLLED_ERROR_INJECTION
2025_DRACH	seed_71	DRACH_oligo_4	high_p_filter	Brier_equal_class	0.07364417216394917	0.47506056532347946	0.40141639315953026	POSTHOC_ROBUSTNESS_ANALYSIS	CONTROLLED_ERROR_INJECTION
2025_DRACH	seed_71	DRACH_oligo_4	high_p_filter	Brier_control	0.12006558870014392	0.9498634338378906	0.8297978451377467	POSTHOC_ROBUSTNESS_ANALYSIS	CONTROLLED_ERROR_INJECTION
2025_DRACH	seed_71	DRACH_oligo_4	high_p_filter	Brier_modified	0.02722275562775441	0.000257696809068238	-0.02696505881868617	POSTHOC_ROBUSTNESS_ANALYSIS	CONTROLLED_ERROR_INJECTION
2025_DRACH	seed_71	ALL	missing_zero	Brier_observed	0.04283858200599407	0.025935379611134866	-0.016903202394859207	POSTHOC_ROBUSTNESS_ANALYSIS	CONTROLLED_ERROR_INJECTION
2025_DRACH	seed_71	ALL	missing_zero	Brier_equal_class	0.06859849908708551	0.02592467646064621	-0.0426738226264393	POSTHOC_ROBUSTNESS_ANALYSIS	CONTROLLED_ERROR_INJECTION
2025_DRACH	seed_71	ALL	missing_zero	Brier_control	0.10130592445274453	0.01200701310856028	-0.08929891134418425	POSTHOC_ROBUSTNESS_ANALYSIS	CONTROLLED_ERROR_INJECTION
2025_DRACH	seed_71	ALL	missing_zero	Brier_modified	0.035891073721426504	0.039842339812732136	0.003951266091305632	POSTHOC_ROBUSTNESS_ANALYSIS	CONTROLLED_ERROR_INJECTION
2025_DRACH	seed_71	DRACH_oligo_0	missing_zero	Brier_observed	0.04963357233835974	0.031278846516615284	-0.018354725821744453	POSTHOC_ROBUSTNESS_ANALYSIS	CONTROLLED_ERROR_INJECTION
2025_DRACH	seed_71	DRACH_oligo_0	missing_zero	Brier_equal_class	0.0599176896763928	0.03113016653432387	-0.02878752314206893	POSTHOC_ROBUSTNESS_ANALYSIS	CONTROLLED_ERROR_INJECTION
2025_DRACH	seed_71	DRACH_oligo_0	missing_zero	Brier_control	0.07267706734793526	0.007846881307489156	-0.0648301860404461	POSTHOC_ROBUSTNESS_ANALYSIS	CONTROLLED_ERROR_INJECTION
2025_DRACH	seed_71	DRACH_oligo_0	missing_zero	Brier_modified	0.04715831200485034	0.05441345176115859	0.007255139756308246	POSTHOC_ROBUSTNESS_ANALYSIS	CONTROLLED_ERROR_INJECTION
2025_DRACH	seed_71	DRACH_oligo_1	missing_zero	Brier_observed	0.040174315696538884	0.026195033268102994	-0.01397928242843589	POSTHOC_ROBUSTNESS_ANALYSIS	CONTROLLED_ERROR_INJECTION
2025_DRACH	seed_71	DRACH_oligo_1	missing_zero	Brier_equal_class	0.07550838960369599	0.026163634833130126	-0.049344754770565866	POSTHOC_ROBUSTNESS_ANALYSIS	CONTROLLED_ERROR_INJECTION
2025_DRACH	seed_71	DRACH_oligo_1	missing_zero	Brier_control	0.12019560072157118	0.014012440498628764	-0.10618316022294241	POSTHOC_ROBUSTNESS_ANALYSIS	CONTROLLED_ERROR_INJECTION
2025_DRACH	seed_71	DRACH_oligo_1	missing_zero	Brier_modified	0.03082117848582082	0.03831482916763149	0.007493650681810668	POSTHOC_ROBUSTNESS_ANALYSIS	CONTROLLED_ERROR_INJECTION
2025_DRACH	seed_71	DRACH_oligo_2	missing_zero	Brier_observed	0.048127836535591224	0.028115496343495895	-0.02001234019209533	POSTHOC_ROBUSTNESS_ANALYSIS	CONTROLLED_ERROR_INJECTION
2025_DRACH	seed_71	DRACH_oligo_2	missing_zero	Brier_equal_class	0.06926794817095822	0.028198248245136476	-0.04106969992582174	POSTHOC_ROBUSTNESS_ANALYSIS	CONTROLLED_ERROR_INJECTION
2025_DRACH	seed_71	DRACH_oligo_2	missing_zero	Brier_control	0.09952473294907722	0.01738533309743374	-0.08213939985164348	POSTHOC_ROBUSTNESS_ANALYSIS	CONTROLLED_ERROR_INJECTION
2025_DRACH	seed_71	DRACH_oligo_2	missing_zero	Brier_modified	0.039011163392839214	0.039011163392839214	0.0	POSTHOC_ROBUSTNESS_ANALYSIS	CONTROLLED_ERROR_INJECTION
2025_DRACH	seed_71	DRACH_oligo_3	missing_zero	Brier_observed	0.04034203542789943	0.023196054964649434	-0.017145980463249996	POSTHOC_ROBUSTNESS_ANALYSIS	CONTROLLED_ERROR_INJECTION
2025_DRACH	seed_71	DRACH_oligo_3	missing_zero	Brier_equal_class	0.06501939776607511	0.023269314302312633	-0.04175008346376248	POSTHOC_ROBUSTNESS_ANALYSIS	CONTROLLED_ERROR_INJECTION
2025_DRACH	seed_71	DRACH_oligo_3	missing_zero	Brier_control	0.0948846146867082	0.008910484120325388	-0.08597413056638281	POSTHOC_ROBUSTNESS_ANALYSIS	CONTROLLED_ERROR_INJECTION
2025_DRACH	seed_71	DRACH_oligo_3	missing_zero	Brier_modified	0.035154180845442036	0.03762814448429988	0.0024739636388578443	POSTHOC_ROBUSTNESS_ANALYSIS	CONTROLLED_ERROR_INJECTION
2025_DRACH	seed_71	DRACH_oligo_4	missing_zero	Brier_observed	0.03546581090053665	0.020849699826584647	-0.014616111073952005	POSTHOC_ROBUSTNESS_ANALYSIS	CONTROLLED_ERROR_INJECTION
2025_DRACH	seed_71	DRACH_oligo_4	missing_zero	Brier_equal_class	0.07364417216394917	0.020780653251450037	-0.05286351891249913	POSTHOC_ROBUSTNESS_ANALYSIS	CONTROLLED_ERROR_INJECTION
2025_DRACH	seed_71	DRACH_oligo_4	missing_zero	Brier_control	0.12006558870014392	0.011850629534040178	-0.10821495916610374	POSTHOC_ROBUSTNESS_ANALYSIS	CONTROLLED_ERROR_INJECTION
2025_DRACH	seed_71	DRACH_oligo_4	missing_zero	Brier_modified	0.02722275562775441	0.029710676968859893	0.0024879213411054847	POSTHOC_ROBUSTNESS_ANALYSIS	CONTROLLED_ERROR_INJECTION
2025_DRACH	seed_71	ALL	site_mean_as_read	Brier_observed	0.04283858200599407	0.010303366625810603	-0.032535215380183474	POSTHOC_ROBUSTNESS_ANALYSIS	CONTROLLED_ERROR_INJECTION
2025_DRACH	seed_71	ALL	site_mean_as_read	Brier_equal_class	0.06859849908708551	0.030325994472267827	-0.03827250461481768	POSTHOC_ROBUSTNESS_ANALYSIS	CONTROLLED_ERROR_INJECTION
2025_DRACH	seed_71	ALL	site_mean_as_read	Brier_control	0.10130592445274453	0.05574877063458217	-0.04555715381816236	POSTHOC_ROBUSTNESS_ANALYSIS	CONTROLLED_ERROR_INJECTION
2025_DRACH	seed_71	ALL	site_mean_as_read	Brier_modified	0.035891073721426504	0.004903218309953486	-0.030987855411473017	POSTHOC_ROBUSTNESS_ANALYSIS	CONTROLLED_ERROR_INJECTION
2025_DRACH	seed_71	DRACH_oligo_0	site_mean_as_read	Brier_observed	0.04963357233835974	0.010592796920403597	-0.03904077541795614	POSTHOC_ROBUSTNESS_ANALYSIS	CONTROLLED_ERROR_INJECTION
2025_DRACH	seed_71	DRACH_oligo_0	site_mean_as_read	Brier_equal_class	0.0599176896763928	0.02115999381254094	-0.03875769586385186	POSTHOC_ROBUSTNESS_ANALYSIS	CONTROLLED_ERROR_INJECTION
2025_DRACH	seed_71	DRACH_oligo_0	site_mean_as_read	Brier_control	0.07267706734793526	0.03427058479906091	-0.038406482548874354	POSTHOC_ROBUSTNESS_ANALYSIS	CONTROLLED_ERROR_INJECTION
2025_DRACH	seed_71	DRACH_oligo_0	site_mean_as_read	Brier_modified	0.04715831200485034	0.008049402826020971	-0.03910890917882937	POSTHOC_ROBUSTNESS_ANALYSIS	CONTROLLED_ERROR_INJECTION
2025_DRACH	seed_71	DRACH_oligo_1	site_mean_as_read	Brier_observed	0.040174315696538884	0.009036054667784276	-0.03113826102875461	POSTHOC_ROBUSTNESS_ANALYSIS	CONTROLLED_ERROR_INJECTION
2025_DRACH	seed_71	DRACH_oligo_1	site_mean_as_read	Brier_equal_class	0.07550838960369599	0.029865682587986175	-0.04564270701570981	POSTHOC_ROBUSTNESS_ANALYSIS	CONTROLLED_ERROR_INJECTION
2025_DRACH	seed_71	DRACH_oligo_1	site_mean_as_read	Brier_control	0.12019560072157118	0.056209035545888575	-0.0639865651756826	POSTHOC_ROBUSTNESS_ANALYSIS	CONTROLLED_ERROR_INJECTION
2025_DRACH	seed_71	DRACH_oligo_1	site_mean_as_read	Brier_modified	0.03082117848582082	0.0035223296300837727	-0.027298848855737044	POSTHOC_ROBUSTNESS_ANALYSIS	CONTROLLED_ERROR_INJECTION
2025_DRACH	seed_71	DRACH_oligo_2	site_mean_as_read	Brier_observed	0.048127836535591224	0.014630483847137435	-0.03349735268845379	POSTHOC_ROBUSTNESS_ANALYSIS	CONTROLLED_ERROR_INJECTION
2025_DRACH	seed_71	DRACH_oligo_2	site_mean_as_read	Brier_equal_class	0.06926794817095822	0.03390631839373749	-0.035361629777220724	POSTHOC_ROBUSTNESS_ANALYSIS	CONTROLLED_ERROR_INJECTION
2025_DRACH	seed_71	DRACH_oligo_2	site_mean_as_read	Brier_control	0.09952473294907722	0.06149485658855882	-0.038029876360518404	POSTHOC_ROBUSTNESS_ANALYSIS	CONTROLLED_ERROR_INJECTION
2025_DRACH	seed_71	DRACH_oligo_2	site_mean_as_read	Brier_modified	0.039011163392839214	0.00631778019891616	-0.03269338319392305	POSTHOC_ROBUSTNESS_ANALYSIS	CONTROLLED_ERROR_INJECTION
2025_DRACH	seed_71	DRACH_oligo_3	site_mean_as_read	Brier_observed	0.04034203542789943	0.00883584482818062	-0.031506190599718806	POSTHOC_ROBUSTNESS_ANALYSIS	CONTROLLED_ERROR_INJECTION
2025_DRACH	seed_71	DRACH_oligo_3	site_mean_as_read	Brier_equal_class	0.06501939776607511	0.03186137132555256	-0.033158026440522556	POSTHOC_ROBUSTNESS_ANALYSIS	CONTROLLED_ERROR_INJECTION
2025_DRACH	seed_71	DRACH_oligo_3	site_mean_as_read	Brier_control	0.0948846146867082	0.05972749146157654	-0.035157123225131655	POSTHOC_ROBUSTNESS_ANALYSIS	CONTROLLED_ERROR_INJECTION
2025_DRACH	seed_71	DRACH_oligo_3	site_mean_as_read	Brier_modified	0.035154180845442036	0.003995251189528566	-0.03115892965591347	POSTHOC_ROBUSTNESS_ANALYSIS	CONTROLLED_ERROR_INJECTION
2025_DRACH	seed_71	DRACH_oligo_4	site_mean_as_read	Brier_observed	0.03546581090053665	0.008114033501547135	-0.027351777398989516	POSTHOC_ROBUSTNESS_ANALYSIS	CONTROLLED_ERROR_INJECTION
2025_DRACH	seed_71	DRACH_oligo_4	site_mean_as_read	Brier_equal_class	0.07364417216394917	0.0336209616860198	-0.040023210477929366	POSTHOC_ROBUSTNESS_ANALYSIS	CONTROLLED_ERROR_INJECTION
2025_DRACH	seed_71	DRACH_oligo_4	site_mean_as_read	Brier_control	0.12006558870014392	0.06463506754668542	-0.05543052115345849	POSTHOC_ROBUSTNESS_ANALYSIS	CONTROLLED_ERROR_INJECTION
2025_DRACH	seed_71	DRACH_oligo_4	site_mean_as_read	Brier_modified	0.02722275562775441	0.0026068558253541734	-0.024615899802400237	POSTHOC_ROBUSTNESS_ANALYSIS	CONTROLLED_ERROR_INJECTION
2026_all5mer	full	5mers_A_RNA_sparse_seq_01	high_p_filter	Brier_observed	0.06671237551002736	0.006920838281801104	-0.059791537228226256	POSTHOC_ROBUSTNESS_ANALYSIS	CONTROLLED_ERROR_INJECTION
2026_all5mer	full	5mers_A_RNA_sparse_seq_01	high_p_filter	Brier_equal_class	0.07204977220395375	0.45213020386084163	0.3800804316568879	POSTHOC_ROBUSTNESS_ANALYSIS	CONTROLLED_ERROR_INJECTION
2026_all5mer	full	5mers_A_RNA_sparse_seq_01	high_p_filter	Brier_control	0.08314942770450513	0.9033893356975328	0.8202399079930276	POSTHOC_ROBUSTNESS_ANALYSIS	CONTROLLED_ERROR_INJECTION
2026_all5mer	full	5mers_A_RNA_sparse_seq_01	high_p_filter	Brier_modified	0.06095011670340238	0.0008710720241505266	-0.06007904467925185	POSTHOC_ROBUSTNESS_ANALYSIS	CONTROLLED_ERROR_INJECTION
2026_all5mer	full	5mers_A_RNA_sparse_seq_02	high_p_filter	Brier_observed	0.08421300525351931	0.006208840989929406	-0.0780041642635899	POSTHOC_ROBUSTNESS_ANALYSIS	CONTROLLED_ERROR_INJECTION
2026_all5mer	full	5mers_A_RNA_sparse_seq_02	high_p_filter	Brier_equal_class	0.08347741255273489	0.4491374131138308	0.36566000056109593	POSTHOC_ROBUSTNESS_ANALYSIS	CONTROLLED_ERROR_INJECTION
2026_all5mer	full	5mers_A_RNA_sparse_seq_02	high_p_filter	Brier_control	0.0820536502236956	0.8972784936208127	0.8152248433971171	POSTHOC_ROBUSTNESS_ANALYSIS	CONTROLLED_ERROR_INJECTION
2026_all5mer	full	5mers_A_RNA_sparse_seq_02	high_p_filter	Brier_modified	0.08490117488177416	0.000996332606848927	-0.08390484227492524	POSTHOC_ROBUSTNESS_ANALYSIS	CONTROLLED_ERROR_INJECTION
2026_all5mer	full	5mers_A_RNA_sparse_seq_03	high_p_filter	Brier_observed	0.06919242341356674	0.0060481192580804175	-0.06314430415548632	POSTHOC_ROBUSTNESS_ANALYSIS	CONTROLLED_ERROR_INJECTION
2026_all5mer	full	5mers_A_RNA_sparse_seq_03	high_p_filter	Brier_equal_class	0.07897125722206608	0.44769267473452456	0.36872141751245846	POSTHOC_ROBUSTNESS_ANALYSIS	CONTROLLED_ERROR_INJECTION
2026_all5mer	full	5mers_A_RNA_sparse_seq_03	high_p_filter	Brier_control	0.09636007843017579	0.8945442495994198	0.798184171169244	POSTHOC_ROBUSTNESS_ANALYSIS	CONTROLLED_ERROR_INJECTION
2026_all5mer	full	5mers_A_RNA_sparse_seq_03	high_p_filter	Brier_modified	0.06158243601395636	0.0008410998696292952	-0.060741336144327064	POSTHOC_ROBUSTNESS_ANALYSIS	CONTROLLED_ERROR_INJECTION
2026_all5mer	full	5mers_A_RNA_sparse_seq_04	high_p_filter	Brier_observed	0.08506964614606079	0.012290695690992885	-0.07277895045506791	POSTHOC_ROBUSTNESS_ANALYSIS	CONTROLLED_ERROR_INJECTION
2026_all5mer	full	5mers_A_RNA_sparse_seq_04	high_p_filter	Brier_equal_class	0.0968413508729283	0.4526494369338456	0.3558080860609173	POSTHOC_ROBUSTNESS_ANALYSIS	CONTROLLED_ERROR_INJECTION
2026_all5mer	full	5mers_A_RNA_sparse_seq_04	high_p_filter	Brier_control	0.1194626759792349	0.9044052523025053	0.7849425763232705	POSTHOC_ROBUSTNESS_ANALYSIS	CONTROLLED_ERROR_INJECTION
2026_all5mer	full	5mers_A_RNA_sparse_seq_04	high_p_filter	Brier_modified	0.07422002576662169	0.0008936215651857842	-0.07332640420143591	POSTHOC_ROBUSTNESS_ANALYSIS	CONTROLLED_ERROR_INJECTION
2026_all5mer	full	5mers_A_RNA_sparse_seq_05	high_p_filter	Brier_observed	0.06780364807433413	0.006374420045580113	-0.061429228028754015	POSTHOC_ROBUSTNESS_ANALYSIS	CONTROLLED_ERROR_INJECTION
2026_all5mer	full	5mers_A_RNA_sparse_seq_05	high_p_filter	Brier_equal_class	0.0782538289307413	0.4471850883191061	0.3689312593883648	POSTHOC_ROBUSTNESS_ANALYSIS	CONTROLLED_ERROR_INJECTION
2026_all5mer	full	5mers_A_RNA_sparse_seq_05	high_p_filter	Brier_control	0.09709696784456051	0.8935742963824356	0.796477328537875	POSTHOC_ROBUSTNESS_ANALYSIS	CONTROLLED_ERROR_INJECTION
2026_all5mer	full	5mers_A_RNA_sparse_seq_05	high_p_filter	Brier_modified	0.0594106900169221	0.0007958802557765689	-0.058614809761145525	POSTHOC_ROBUSTNESS_ANALYSIS	CONTROLLED_ERROR_INJECTION
2026_all5mer	full	5mers_A_RNA_sparse_seq_06	high_p_filter	Brier_observed	0.07324667334921126	0.005226808111945108	-0.06801986523726615	POSTHOC_ROBUSTNESS_ANALYSIS	CONTROLLED_ERROR_INJECTION
2026_all5mer	full	5mers_A_RNA_sparse_seq_06	high_p_filter	Brier_equal_class	0.07429697903224919	0.44606993135122686	0.37177295231897767	POSTHOC_ROBUSTNESS_ANALYSIS	CONTROLLED_ERROR_INJECTION
2026_all5mer	full	5mers_A_RNA_sparse_seq_06	high_p_filter	Brier_control	0.0761719383965387	0.8912752432416576	0.815103304845119	POSTHOC_ROBUSTNESS_ANALYSIS	CONTROLLED_ERROR_INJECTION
2026_all5mer	full	5mers_A_RNA_sparse_seq_06	high_p_filter	Brier_modified	0.07242201966795968	0.000864619460796061	-0.07155740020716361	POSTHOC_ROBUSTNESS_ANALYSIS	CONTROLLED_ERROR_INJECTION
2026_all5mer	full	5mers_A_RNA_sparse_seq_07	high_p_filter	Brier_observed	0.08498439143095787	0.005703609245867769	-0.0792807821850901	POSTHOC_ROBUSTNESS_ANALYSIS	CONTROLLED_ERROR_INJECTION
2026_all5mer	full	5mers_A_RNA_sparse_seq_07	high_p_filter	Brier_equal_class	0.08842808010889677	0.4493597278797904	0.3609316477708936	POSTHOC_ROBUSTNESS_ANALYSIS	CONTROLLED_ERROR_INJECTION
2026_all5mer	full	5mers_A_RNA_sparse_seq_07	high_p_filter	Brier_control	0.09453552366501958	0.8978903737811534	0.8033548501161338	POSTHOC_ROBUSTNESS_ANALYSIS	CONTROLLED_ERROR_INJECTION
2026_all5mer	full	5mers_A_RNA_sparse_seq_07	high_p_filter	Brier_modified	0.08232063655277398	0.0008290819784273353	-0.08149155457434665	POSTHOC_ROBUSTNESS_ANALYSIS	CONTROLLED_ERROR_INJECTION
2026_all5mer	full	5mers_A_RNA_sparse_seq_08	high_p_filter	Brier_observed	0.06816524129380493	0.0050384281977844825	-0.06312681309602045	POSTHOC_ROBUSTNESS_ANALYSIS	CONTROLLED_ERROR_INJECTION
2026_all5mer	full	5mers_A_RNA_sparse_seq_08	high_p_filter	Brier_equal_class	0.08030332599905335	0.447686305833992	0.3673829798349386	POSTHOC_ROBUSTNESS_ANALYSIS	CONTROLLED_ERROR_INJECTION
2026_all5mer	full	5mers_A_RNA_sparse_seq_08	high_p_filter	Brier_control	0.09976132269551935	0.8946426304574249	0.7948813077619055	POSTHOC_ROBUSTNESS_ANALYSIS	CONTROLLED_ERROR_INJECTION
2026_all5mer	full	5mers_A_RNA_sparse_seq_08	high_p_filter	Brier_modified	0.06084532930258736	0.0007299812105591324	-0.06011534809202823	POSTHOC_ROBUSTNESS_ANALYSIS	CONTROLLED_ERROR_INJECTION
2026_all5mer	full	5mers_A_RNA_sparse_seq_09	high_p_filter	Brier_observed	0.07874945219388182	0.004790147931670891	-0.07395930426221094	POSTHOC_ROBUSTNESS_ANALYSIS	CONTROLLED_ERROR_INJECTION
2026_all5mer	full	5mers_A_RNA_sparse_seq_09	high_p_filter	Brier_equal_class	0.07623726540659534	0.4501601780377857	0.3739229126311904	POSTHOC_ROBUSTNESS_ANALYSIS	CONTROLLED_ERROR_INJECTION
2026_all5mer	full	5mers_A_RNA_sparse_seq_09	high_p_filter	Brier_control	0.07168568080953007	0.899399771074359	0.8277140902648289	POSTHOC_ROBUSTNESS_ANALYSIS	CONTROLLED_ERROR_INJECTION
2026_all5mer	full	5mers_A_RNA_sparse_seq_09	high_p_filter	Brier_modified	0.0807888500036606	0.000920585001212442	-0.07986826500244815	POSTHOC_ROBUSTNESS_ANALYSIS	CONTROLLED_ERROR_INJECTION
2026_all5mer	full	5mers_A_RNA_sparse_seq_10	high_p_filter	Brier_observed	0.05799240116281296	0.00426827537873923	-0.05372412578407373	POSTHOC_ROBUSTNESS_ANALYSIS	CONTROLLED_ERROR_INJECTION
2026_all5mer	full	5mers_A_RNA_sparse_seq_10	high_p_filter	Brier_equal_class	0.07281684477388378	0.45294478130483473	0.38012793653095095	POSTHOC_ROBUSTNESS_ANALYSIS	CONTROLLED_ERROR_INJECTION
2026_all5mer	full	5mers_A_RNA_sparse_seq_10	high_p_filter	Brier_control	0.09720891292154515	0.9052463087924691	0.8080373958709239	POSTHOC_ROBUSTNESS_ANALYSIS	CONTROLLED_ERROR_INJECTION
2026_all5mer	full	5mers_A_RNA_sparse_seq_10	high_p_filter	Brier_modified	0.048424776626222424	0.0006432538172003729	-0.04778152280902205	POSTHOC_ROBUSTNESS_ANALYSIS	CONTROLLED_ERROR_INJECTION
2026_all5mer	full	5mers_A_RNA_sparse_seq_11	high_p_filter	Brier_observed	0.0662257756724237	0.006570917866176998	-0.0596548578062467	POSTHOC_ROBUSTNESS_ANALYSIS	CONTROLLED_ERROR_INJECTION
2026_all5mer	full	5mers_A_RNA_sparse_seq_11	high_p_filter	Brier_equal_class	0.07336848986793523	0.4477421853496666	0.3743736954817314	POSTHOC_ROBUSTNESS_ANALYSIS	CONTROLLED_ERROR_INJECTION
2026_all5mer	full	5mers_A_RNA_sparse_seq_11	high_p_filter	Brier_control	0.08747760624798197	0.8947204782181427	0.8072428719701608	POSTHOC_ROBUSTNESS_ANALYSIS	CONTROLLED_ERROR_INJECTION
2026_all5mer	full	5mers_A_RNA_sparse_seq_11	high_p_filter	Brier_modified	0.059259373487888484	0.0007638924811904272	-0.058495481006698054	POSTHOC_ROBUSTNESS_ANALYSIS	CONTROLLED_ERROR_INJECTION
2026_all5mer	full	5mers_A_RNA_sparse_seq_12	high_p_filter	Brier_observed	0.07672322791237439	0.00880082703660504	-0.06792240087576935	POSTHOC_ROBUSTNESS_ANALYSIS	CONTROLLED_ERROR_INJECTION
2026_all5mer	full	5mers_A_RNA_sparse_seq_12	high_p_filter	Brier_equal_class	0.09018749178935015	0.451383297650192	0.3611958058608418	POSTHOC_ROBUSTNESS_ANALYSIS	CONTROLLED_ERROR_INJECTION
2026_all5mer	full	5mers_A_RNA_sparse_seq_12	high_p_filter	Brier_control	0.11447516927613306	0.901876274675261	0.7874011053991279	POSTHOC_ROBUSTNESS_ANALYSIS	CONTROLLED_ERROR_INJECTION
2026_all5mer	full	5mers_A_RNA_sparse_seq_12	high_p_filter	Brier_modified	0.06589981430256722	0.0008903206251229509	-0.06500949367744427	POSTHOC_ROBUSTNESS_ANALYSIS	CONTROLLED_ERROR_INJECTION
2026_all5mer	full	5mers_A_RNA_sparse_seq_13	high_p_filter	Brier_observed	0.06353681331982945	0.0054942871779538275	-0.058042526141875626	POSTHOC_ROBUSTNESS_ANALYSIS	CONTROLLED_ERROR_INJECTION
2026_all5mer	full	5mers_A_RNA_sparse_seq_13	high_p_filter	Brier_equal_class	0.07758780652237435	0.4501769917849174	0.37258918526254303	POSTHOC_ROBUSTNESS_ANALYSIS	CONTROLLED_ERROR_INJECTION
2026_all5mer	full	5mers_A_RNA_sparse_seq_13	high_p_filter	Brier_control	0.1003757543538704	0.8997575992798255	0.7993818449259551	POSTHOC_ROBUSTNESS_ANALYSIS	CONTROLLED_ERROR_INJECTION
2026_all5mer	full	5mers_A_RNA_sparse_seq_13	high_p_filter	Brier_modified	0.05479985869087829	0.0005963842900093007	-0.05420347440086899	POSTHOC_ROBUSTNESS_ANALYSIS	CONTROLLED_ERROR_INJECTION
2026_all5mer	full	5mers_A_RNA_sparse_seq_14	high_p_filter	Brier_observed	0.06573144830471893	0.005438479982760336	-0.060292968321958594	POSTHOC_ROBUSTNESS_ANALYSIS	CONTROLLED_ERROR_INJECTION
2026_all5mer	full	5mers_A_RNA_sparse_seq_14	high_p_filter	Brier_equal_class	0.07189401270090562	0.4483390359725441	0.3764450232716385	POSTHOC_ROBUSTNESS_ANALYSIS	CONTROLLED_ERROR_INJECTION
2026_all5mer	full	5mers_A_RNA_sparse_seq_14	high_p_filter	Brier_control	0.08312526095487167	0.8959431088267696	0.8128178478718979	POSTHOC_ROBUSTNESS_ANALYSIS	CONTROLLED_ERROR_INJECTION
2026_all5mer	full	5mers_A_RNA_sparse_seq_14	high_p_filter	Brier_modified	0.06066276444693958	0.0007349631183185657	-0.05992780132862101	POSTHOC_ROBUSTNESS_ANALYSIS	CONTROLLED_ERROR_INJECTION
2026_all5mer	full	5mers_A_RNA_sparse_seq_15	high_p_filter	Brier_observed	0.10294708203187071	0.010137869474338472	-0.09280921255753224	POSTHOC_ROBUSTNESS_ANALYSIS	CONTROLLED_ERROR_INJECTION
2026_all5mer	full	5mers_A_RNA_sparse_seq_15	high_p_filter	Brier_equal_class	0.10574429034442492	0.44508952589961986	0.3393452355551949	POSTHOC_ROBUSTNESS_ANALYSIS	CONTROLLED_ERROR_INJECTION
2026_all5mer	full	5mers_A_RNA_sparse_seq_15	high_p_filter	Brier_control	0.11193679448119613	0.8891001918859649	0.7771633974047688	POSTHOC_ROBUSTNESS_ANALYSIS	CONTROLLED_ERROR_INJECTION
2026_all5mer	full	5mers_A_RNA_sparse_seq_15	high_p_filter	Brier_modified	0.09955178620765372	0.0010788599132747873	-0.09847292629437893	POSTHOC_ROBUSTNESS_ANALYSIS	CONTROLLED_ERROR_INJECTION
2026_all5mer	full	5mers_A_RNA_sparse_seq_16	high_p_filter	Brier_observed	0.0831987634386053	0.008203833708730018	-0.07499492972987529	POSTHOC_ROBUSTNESS_ANALYSIS	CONTROLLED_ERROR_INJECTION
2026_all5mer	full	5mers_A_RNA_sparse_seq_16	high_p_filter	Brier_equal_class	0.08596917207424153	0.4465454551842985	0.36057628311005696	POSTHOC_ROBUSTNESS_ANALYSIS	CONTROLLED_ERROR_INJECTION
2026_all5mer	full	5mers_A_RNA_sparse_seq_16	high_p_filter	Brier_control	0.09255521810701664	0.8920951803212404	0.7995399622142237	POSTHOC_ROBUSTNESS_ANALYSIS	CONTROLLED_ERROR_INJECTION
2026_all5mer	full	5mers_A_RNA_sparse_seq_16	high_p_filter	Brier_modified	0.07938312604146641	0.0009957300473565924	-0.07838739599410982	POSTHOC_ROBUSTNESS_ANALYSIS	CONTROLLED_ERROR_INJECTION
2026_all5mer	full	5mers_A_RNA_sparse_seq_17	high_p_filter	Brier_observed	0.056774268131467055	0.005649751450926358	-0.051124516680540695	POSTHOC_ROBUSTNESS_ANALYSIS	CONTROLLED_ERROR_INJECTION
2026_all5mer	full	5mers_A_RNA_sparse_seq_17	high_p_filter	Brier_equal_class	0.06305421028850565	0.4519511789693471	0.38889696868084145	POSTHOC_ROBUSTNESS_ANALYSIS	CONTROLLED_ERROR_INJECTION
2026_all5mer	full	5mers_A_RNA_sparse_seq_17	high_p_filter	Brier_control	0.07428366533159941	0.9031864802042643	0.8289028148726649	POSTHOC_ROBUSTNESS_ANALYSIS	CONTROLLED_ERROR_INJECTION
2026_all5mer	full	5mers_A_RNA_sparse_seq_17	high_p_filter	Brier_modified	0.05182475524541189	0.0007158777344299877	-0.05110887751098191	POSTHOC_ROBUSTNESS_ANALYSIS	CONTROLLED_ERROR_INJECTION
2026_all5mer	full	5mers_A_RNA_sparse_seq_18	high_p_filter	Brier_observed	0.06213616686646938	0.006538488562837405	-0.05559767830363198	POSTHOC_ROBUSTNESS_ANALYSIS	CONTROLLED_ERROR_INJECTION
2026_all5mer	full	5mers_A_RNA_sparse_seq_18	high_p_filter	Brier_equal_class	0.07757224760024836	0.4482284500620015	0.3706562024617531	POSTHOC_ROBUSTNESS_ANALYSIS	CONTROLLED_ERROR_INJECTION
2026_all5mer	full	5mers_A_RNA_sparse_seq_18	high_p_filter	Brier_control	0.10444462404439404	0.8957342210706773	0.7912895970262833	POSTHOC_ROBUSTNESS_ANALYSIS	CONTROLLED_ERROR_INJECTION
2026_all5mer	full	5mers_A_RNA_sparse_seq_18	high_p_filter	Brier_modified	0.05069987115610267	0.0007226790533257206	-0.04997719210277695	POSTHOC_ROBUSTNESS_ANALYSIS	CONTROLLED_ERROR_INJECTION
2026_all5mer	full	5mers_A_RNA_sparse_seq_19	high_p_filter	Brier_observed	0.06734286186741736	0.0034918081360171688	-0.0638510537314002	POSTHOC_ROBUSTNESS_ANALYSIS	CONTROLLED_ERROR_INJECTION
2026_all5mer	full	5mers_A_RNA_sparse_seq_19	high_p_filter	Brier_equal_class	0.07424334873974942	0.4488228834436948	0.3745795347039454	POSTHOC_ROBUSTNESS_ANALYSIS	CONTROLLED_ERROR_INJECTION
2026_all5mer	full	5mers_A_RNA_sparse_seq_19	high_p_filter	Brier_control	0.08451945101551288	0.8970901707240514	0.8125707197085386	POSTHOC_ROBUSTNESS_ANALYSIS	CONTROLLED_ERROR_INJECTION
2026_all5mer	full	5mers_A_RNA_sparse_seq_19	high_p_filter	Brier_modified	0.06396724646398597	0.0005555961633382606	-0.0634116503006477	POSTHOC_ROBUSTNESS_ANALYSIS	CONTROLLED_ERROR_INJECTION
2026_all5mer	full	5mers_A_RNA_sparse_seq_20	high_p_filter	Brier_observed	0.09497087977517957	0.018558311692973017	-0.07641256808220655	POSTHOC_ROBUSTNESS_ANALYSIS	CONTROLLED_ERROR_INJECTION
2026_all5mer	full	5mers_A_RNA_sparse_seq_20	high_p_filter	Brier_equal_class	0.10719555117913396	0.4523010528770665	0.3451055016979325	POSTHOC_ROBUSTNESS_ANALYSIS	CONTROLLED_ERROR_INJECTION
2026_all5mer	full	5mers_A_RNA_sparse_seq_20	high_p_filter	Brier_control	0.13466752590730452	0.9037023039936657	0.7690347780863611	POSTHOC_ROBUSTNESS_ANALYSIS	CONTROLLED_ERROR_INJECTION
2026_all5mer	full	5mers_A_RNA_sparse_seq_20	high_p_filter	Brier_modified	0.07972357645096338	0.0008998017604673825	-0.07882377469049599	POSTHOC_ROBUSTNESS_ANALYSIS	CONTROLLED_ERROR_INJECTION
2026_all5mer	full	5mers_A_RNA_sparse_seq_21	high_p_filter	Brier_observed	0.06480028923461428	0.005943073599185965	-0.05885721563542832	POSTHOC_ROBUSTNESS_ANALYSIS	CONTROLLED_ERROR_INJECTION
2026_all5mer	full	5mers_A_RNA_sparse_seq_21	high_p_filter	Brier_equal_class	0.0749708768956127	0.4489599194893181	0.3739890425937054	POSTHOC_ROBUSTNESS_ANALYSIS	CONTROLLED_ERROR_INJECTION
2026_all5mer	full	5mers_A_RNA_sparse_seq_21	high_p_filter	Brier_control	0.09332003865462841	0.8972039568687463	0.8038839182141179	POSTHOC_ROBUSTNESS_ANALYSIS	CONTROLLED_ERROR_INJECTION
2026_all5mer	full	5mers_A_RNA_sparse_seq_21	high_p_filter	Brier_modified	0.05662171513659699	0.0007158821098899312	-0.055905833026707055	POSTHOC_ROBUSTNESS_ANALYSIS	CONTROLLED_ERROR_INJECTION
2026_all5mer	full	5mers_A_RNA_sparse_seq_22	high_p_filter	Brier_observed	0.10968124210135154	0.014324454236008312	-0.09535678786534323	POSTHOC_ROBUSTNESS_ANALYSIS	CONTROLLED_ERROR_INJECTION
2026_all5mer	full	5mers_A_RNA_sparse_seq_22	high_p_filter	Brier_equal_class	0.11145098221880376	0.4481505627337633	0.3366995805149595	POSTHOC_ROBUSTNESS_ANALYSIS	CONTROLLED_ERROR_INJECTION
2026_all5mer	full	5mers_A_RNA_sparse_seq_22	high_p_filter	Brier_control	0.11567316820358264	0.8948869208673172	0.7792137526637346	POSTHOC_ROBUSTNESS_ANALYSIS	CONTROLLED_ERROR_INJECTION
2026_all5mer	full	5mers_A_RNA_sparse_seq_22	high_p_filter	Brier_modified	0.10722879623402488	0.001414204600209332	-0.10581459163381556	POSTHOC_ROBUSTNESS_ANALYSIS	CONTROLLED_ERROR_INJECTION
2026_all5mer	full	5mers_A_RNA_sparse_seq_23	high_p_filter	Brier_observed	0.08922571495205546	0.009381008810864884	-0.07984470614119057	POSTHOC_ROBUSTNESS_ANALYSIS	CONTROLLED_ERROR_INJECTION
2026_all5mer	full	5mers_A_RNA_sparse_seq_23	high_p_filter	Brier_equal_class	0.09771377904427941	0.4490537611768286	0.3513399821325492	POSTHOC_ROBUSTNESS_ANALYSIS	CONTROLLED_ERROR_INJECTION
2026_all5mer	full	5mers_A_RNA_sparse_seq_23	high_p_filter	Brier_control	0.11423811488830825	0.8970468798630783	0.78280876497477	POSTHOC_ROBUSTNESS_ANALYSIS	CONTROLLED_ERROR_INJECTION
2026_all5mer	full	5mers_A_RNA_sparse_seq_23	high_p_filter	Brier_modified	0.08118944320025057	0.0010606424905789571	-0.08012880070967161	POSTHOC_ROBUSTNESS_ANALYSIS	CONTROLLED_ERROR_INJECTION
2026_all5mer	full	5mers_A_RNA_sparse_seq_24	high_p_filter	Brier_observed	0.07715067808700052	0.009728030828893878	-0.06742264725810664	POSTHOC_ROBUSTNESS_ANALYSIS	CONTROLLED_ERROR_INJECTION
2026_all5mer	full	5mers_A_RNA_sparse_seq_24	high_p_filter	Brier_equal_class	0.09119513293347811	0.44729986829488777	0.35610473536140963	POSTHOC_ROBUSTNESS_ANALYSIS	CONTROLLED_ERROR_INJECTION
2026_all5mer	full	5mers_A_RNA_sparse_seq_24	high_p_filter	Brier_control	0.12149717916708476	0.8937205470560168	0.772223367888932	POSTHOC_ROBUSTNESS_ANALYSIS	CONTROLLED_ERROR_INJECTION
2026_all5mer	full	5mers_A_RNA_sparse_seq_24	high_p_filter	Brier_modified	0.06089308669987146	0.0008791895337587288	-0.06001389716611273	POSTHOC_ROBUSTNESS_ANALYSIS	CONTROLLED_ERROR_INJECTION
2026_all5mer	full	5mers_A_RNA_sparse_seq_25	high_p_filter	Brier_observed	0.0897567800200125	0.0063022353660524754	-0.08345454465396003	POSTHOC_ROBUSTNESS_ANALYSIS	CONTROLLED_ERROR_INJECTION
2026_all5mer	full	5mers_A_RNA_sparse_seq_25	high_p_filter	Brier_equal_class	0.09257872992119323	0.4443489579312274	0.3517702280100342	POSTHOC_ROBUSTNESS_ANALYSIS	CONTROLLED_ERROR_INJECTION
2026_all5mer	full	5mers_A_RNA_sparse_seq_25	high_p_filter	Brier_control	0.09787075368343988	0.887946595284055	0.7900758416006151	POSTHOC_ROBUSTNESS_ANALYSIS	CONTROLLED_ERROR_INJECTION
2026_all5mer	full	5mers_A_RNA_sparse_seq_25	high_p_filter	Brier_modified	0.08728670615894658	0.0007513205783999024	-0.08653538558054669	POSTHOC_ROBUSTNESS_ANALYSIS	CONTROLLED_ERROR_INJECTION
2026_all5mer	full	5mers_A_RNA_sparse_seq_26	high_p_filter	Brier_observed	0.07511904490901507	0.005034521672526745	-0.07008452323648832	POSTHOC_ROBUSTNESS_ANALYSIS	CONTROLLED_ERROR_INJECTION
2026_all5mer	full	5mers_A_RNA_sparse_seq_26	high_p_filter	Brier_equal_class	0.07934003215480018	0.4478920183607036	0.3685519862059034	POSTHOC_ROBUSTNESS_ANALYSIS	CONTROLLED_ERROR_INJECTION
2026_all5mer	full	5mers_A_RNA_sparse_seq_26	high_p_filter	Brier_control	0.08723986381720394	0.8948264540287486	0.8075865902115447	POSTHOC_ROBUSTNESS_ANALYSIS	CONTROLLED_ERROR_INJECTION
2026_all5mer	full	5mers_A_RNA_sparse_seq_26	high_p_filter	Brier_modified	0.07144020049239642	0.0009575826926586034	-0.07048261779973782	POSTHOC_ROBUSTNESS_ANALYSIS	CONTROLLED_ERROR_INJECTION
2026_all5mer	full	5mers_A_RNA_sparse_seq_27	high_p_filter	Brier_observed	0.06464484887125826	0.004799620028994674	-0.05984522884226359	POSTHOC_ROBUSTNESS_ANALYSIS	CONTROLLED_ERROR_INJECTION
2026_all5mer	full	5mers_A_RNA_sparse_seq_27	high_p_filter	Brier_equal_class	0.0737214940400477	0.45099296222934937	0.3772714681893017	POSTHOC_ROBUSTNESS_ANALYSIS	CONTROLLED_ERROR_INJECTION
2026_all5mer	full	5mers_A_RNA_sparse_seq_27	high_p_filter	Brier_control	0.0889883583318417	0.9012617179056401	0.8122733595737984	POSTHOC_ROBUSTNESS_ANALYSIS	CONTROLLED_ERROR_INJECTION
2026_all5mer	full	5mers_A_RNA_sparse_seq_27	high_p_filter	Brier_modified	0.058454629748253696	0.0007242065530586558	-0.057730423195195044	POSTHOC_ROBUSTNESS_ANALYSIS	CONTROLLED_ERROR_INJECTION
2026_all5mer	full	5mers_A_RNA_sparse_seq_28	high_p_filter	Brier_observed	0.07273288584349066	0.0029045882498382764	-0.06982829759365239	POSTHOC_ROBUSTNESS_ANALYSIS	CONTROLLED_ERROR_INJECTION
2026_all5mer	full	5mers_A_RNA_sparse_seq_28	high_p_filter	Brier_equal_class	0.07025957949959706	0.4510585498034508	0.38079897030385373	POSTHOC_ROBUSTNESS_ANALYSIS	CONTROLLED_ERROR_INJECTION
2026_all5mer	full	5mers_A_RNA_sparse_seq_28	high_p_filter	Brier_control	0.06612930929140888	0.9015417237212693	0.8354124144298604	POSTHOC_ROBUSTNESS_ANALYSIS	CONTROLLED_ERROR_INJECTION
2026_all5mer	full	5mers_A_RNA_sparse_seq_28	high_p_filter	Brier_modified	0.07438984970778524	0.0005753758856322459	-0.07381447382215299	POSTHOC_ROBUSTNESS_ANALYSIS	CONTROLLED_ERROR_INJECTION
2026_all5mer	full	5mers_A_RNA_sparse_seq_29	high_p_filter	Brier_observed	0.05427316310577389	0.005461095686300128	-0.04881206741947376	POSTHOC_ROBUSTNESS_ANALYSIS	CONTROLLED_ERROR_INJECTION
2026_all5mer	full	5mers_A_RNA_sparse_seq_29	high_p_filter	Brier_equal_class	0.07292488482487276	0.44869339202420205	0.3757685071993293	POSTHOC_ROBUSTNESS_ANALYSIS	CONTROLLED_ERROR_INJECTION
2026_all5mer	full	5mers_A_RNA_sparse_seq_29	high_p_filter	Brier_control	0.1024455119560199	0.896759904082565	0.7943143921265451	POSTHOC_ROBUSTNESS_ANALYSIS	CONTROLLED_ERROR_INJECTION
2026_all5mer	full	5mers_A_RNA_sparse_seq_29	high_p_filter	Brier_modified	0.04340425769372561	0.0006268799658390467	-0.04277737772788657	POSTHOC_ROBUSTNESS_ANALYSIS	CONTROLLED_ERROR_INJECTION
2026_all5mer	full	5mers_A_RNA_sparse_seq_30	high_p_filter	Brier_observed	0.08786580990617272	0.0058501820160952525	-0.08201562789007746	POSTHOC_ROBUSTNESS_ANALYSIS	CONTROLLED_ERROR_INJECTION
2026_all5mer	full	5mers_A_RNA_sparse_seq_30	high_p_filter	Brier_equal_class	0.08191441122465268	0.4488034239756518	0.36688901275099917	POSTHOC_ROBUSTNESS_ANALYSIS	CONTROLLED_ERROR_INJECTION
2026_all5mer	full	5mers_A_RNA_sparse_seq_30	high_p_filter	Brier_control	0.06883758021256035	0.8964885984148298	0.8276510182022694	POSTHOC_ROBUSTNESS_ANALYSIS	CONTROLLED_ERROR_INJECTION
2026_all5mer	full	5mers_A_RNA_sparse_seq_30	high_p_filter	Brier_modified	0.09499124223674502	0.0011182495364738833	-0.09387299270027114	POSTHOC_ROBUSTNESS_ANALYSIS	CONTROLLED_ERROR_INJECTION
2026_all5mer	full	5mers_A_RNA_sparse_seq_31	high_p_filter	Brier_observed	0.0572885766092626	0.0036763417902126176	-0.05361223481904998	POSTHOC_ROBUSTNESS_ANALYSIS	CONTROLLED_ERROR_INJECTION
2026_all5mer	full	5mers_A_RNA_sparse_seq_31	high_p_filter	Brier_equal_class	0.07046675267865654	0.44784255890177327	0.3773758062231167	POSTHOC_ROBUSTNESS_ANALYSIS	CONTROLLED_ERROR_INJECTION
2026_all5mer	full	5mers_A_RNA_sparse_seq_31	high_p_filter	Brier_control	0.09078668316207944	0.8949987401512904	0.804212056989211	POSTHOC_ROBUSTNESS_ANALYSIS	CONTROLLED_ERROR_INJECTION
2026_all5mer	full	5mers_A_RNA_sparse_seq_31	high_p_filter	Brier_modified	0.05014682219523364	0.000686377652256141	-0.0494604445429775	POSTHOC_ROBUSTNESS_ANALYSIS	CONTROLLED_ERROR_INJECTION
2026_all5mer	full	5mers_A_RNA_sparse_seq_32	high_p_filter	Brier_observed	0.09149417520802787	0.010990130957724139	-0.08050404425030373	POSTHOC_ROBUSTNESS_ANALYSIS	CONTROLLED_ERROR_INJECTION
2026_all5mer	full	5mers_A_RNA_sparse_seq_32	high_p_filter	Brier_equal_class	0.09710081263034365	0.4486513919016136	0.35155057927127	POSTHOC_ROBUSTNESS_ANALYSIS	CONTROLLED_ERROR_INJECTION
2026_all5mer	full	5mers_A_RNA_sparse_seq_32	high_p_filter	Brier_control	0.10980524088556663	0.8962113857269287	0.7864061448413621	POSTHOC_ROBUSTNESS_ANALYSIS	CONTROLLED_ERROR_INJECTION
2026_all5mer	full	5mers_A_RNA_sparse_seq_32	high_p_filter	Brier_modified	0.08439638437512068	0.0010913980762985655	-0.0833049862988221	POSTHOC_ROBUSTNESS_ANALYSIS	CONTROLLED_ERROR_INJECTION
2026_all5mer	full	ALL	high_p_filter	Brier_observed	0.0757031712401732	0.006928881210178105	-0.06877429002999509	POSTHOC_ROBUSTNESS_ANALYSIS	CONTROLLED_ERROR_INJECTION
2026_all5mer	full	ALL	high_p_filter	Brier_equal_class	0.08307512057610737	0.4491116893582677	0.3660365687821603	POSTHOC_ROBUSTNESS_ANALYSIS	CONTROLLED_ERROR_INJECTION
2026_all5mer	full	ALL	high_p_filter	Brier_control	0.09679205090608	0.8973957851474441	0.8006037342413641	POSTHOC_ROBUSTNESS_ANALYSIS	CONTROLLED_ERROR_INJECTION
2026_all5mer	full	ALL	high_p_filter	Brier_modified	0.06935819024613475	0.0008275935690912684	-0.06853059667704349	POSTHOC_ROBUSTNESS_ANALYSIS	CONTROLLED_ERROR_INJECTION
2026_all5mer	full	5mers_A_RNA_sparse_seq_01	missing_zero	Brier_observed	0.06671237551002736	0.05007070351964772	-0.016641671990379636	POSTHOC_ROBUSTNESS_ANALYSIS	CONTROLLED_ERROR_INJECTION
2026_all5mer	full	5mers_A_RNA_sparse_seq_01	missing_zero	Brier_equal_class	0.07204977220395375	0.05042427095811035	-0.021625501245843406	POSTHOC_ROBUSTNESS_ANALYSIS	CONTROLLED_ERROR_INJECTION
2026_all5mer	full	5mers_A_RNA_sparse_seq_01	missing_zero	Brier_control	0.08314942770450513	0.027887492373897572	-0.05526193533060756	POSTHOC_ROBUSTNESS_ANALYSIS	CONTROLLED_ERROR_INJECTION
2026_all5mer	full	5mers_A_RNA_sparse_seq_01	missing_zero	Brier_modified	0.06095011670340238	0.07296104954232313	0.012010932838920754	POSTHOC_ROBUSTNESS_ANALYSIS	CONTROLLED_ERROR_INJECTION
2026_all5mer	full	5mers_A_RNA_sparse_seq_02	missing_zero	Brier_observed	0.08421300525351931	0.058462033267338155	-0.025750971986181155	POSTHOC_ROBUSTNESS_ANALYSIS	CONTROLLED_ERROR_INJECTION
2026_all5mer	full	5mers_A_RNA_sparse_seq_02	missing_zero	Brier_equal_class	0.08347741255273489	0.058739292765752744	-0.024738119786982142	POSTHOC_ROBUSTNESS_ANALYSIS	CONTROLLED_ERROR_INJECTION
2026_all5mer	full	5mers_A_RNA_sparse_seq_02	missing_zero	Brier_control	0.0820536502236956	0.025518605853042928	-0.05653504437065267	POSTHOC_ROBUSTNESS_ANALYSIS	CONTROLLED_ERROR_INJECTION
2026_all5mer	full	5mers_A_RNA_sparse_seq_02	missing_zero	Brier_modified	0.08490117488177416	0.09195997967846256	0.007058804796688398	POSTHOC_ROBUSTNESS_ANALYSIS	CONTROLLED_ERROR_INJECTION
2026_all5mer	full	5mers_A_RNA_sparse_seq_03	missing_zero	Brier_observed	0.06919242341356674	0.04618681957581651	-0.02300560383775023	POSTHOC_ROBUSTNESS_ANALYSIS	CONTROLLED_ERROR_INJECTION
2026_all5mer	full	5mers_A_RNA_sparse_seq_03	missing_zero	Brier_equal_class	0.07897125722206608	0.046662050735963606	-0.03230920648610247	POSTHOC_ROBUSTNESS_ANALYSIS	CONTROLLED_ERROR_INJECTION
2026_all5mer	full	5mers_A_RNA_sparse_seq_03	missing_zero	Brier_control	0.09636007843017579	0.025630747943284644	-0.07072933048689115	POSTHOC_ROBUSTNESS_ANALYSIS	CONTROLLED_ERROR_INJECTION
2026_all5mer	full	5mers_A_RNA_sparse_seq_03	missing_zero	Brier_modified	0.06158243601395636	0.06769335352864257	0.006110917514686211	POSTHOC_ROBUSTNESS_ANALYSIS	CONTROLLED_ERROR_INJECTION
2026_all5mer	full	5mers_A_RNA_sparse_seq_04	missing_zero	Brier_observed	0.08506964614606079	0.05864866384288255	-0.026420982303178235	POSTHOC_ROBUSTNESS_ANALYSIS	CONTROLLED_ERROR_INJECTION
2026_all5mer	full	5mers_A_RNA_sparse_seq_04	missing_zero	Brier_equal_class	0.0968413508729283	0.05916079522433134	-0.037680555648596965	POSTHOC_ROBUSTNESS_ANALYSIS	CONTROLLED_ERROR_INJECTION
2026_all5mer	full	5mers_A_RNA_sparse_seq_04	missing_zero	Brier_control	0.1194626759792349	0.035746839564765404	-0.0837158364144695	POSTHOC_ROBUSTNESS_ANALYSIS	CONTROLLED_ERROR_INJECTION
2026_all5mer	full	5mers_A_RNA_sparse_seq_04	missing_zero	Brier_modified	0.07422002576662169	0.08257475088389728	0.008354725117275585	POSTHOC_ROBUSTNESS_ANALYSIS	CONTROLLED_ERROR_INJECTION
2026_all5mer	full	5mers_A_RNA_sparse_seq_05	missing_zero	Brier_observed	0.06780364807433413	0.046425215282944375	-0.021378432791389755	POSTHOC_ROBUSTNESS_ANALYSIS	CONTROLLED_ERROR_INJECTION
2026_all5mer	full	5mers_A_RNA_sparse_seq_05	missing_zero	Brier_equal_class	0.0782538289307413	0.04622450912324281	-0.03202931980749849	POSTHOC_ROBUSTNESS_ANALYSIS	CONTROLLED_ERROR_INJECTION
2026_all5mer	full	5mers_A_RNA_sparse_seq_05	missing_zero	Brier_control	0.09709696784456051	0.02830687820036169	-0.06879008964419882	POSTHOC_ROBUSTNESS_ANALYSIS	CONTROLLED_ERROR_INJECTION
2026_all5mer	full	5mers_A_RNA_sparse_seq_05	missing_zero	Brier_modified	0.0594106900169221	0.06414214004612392	0.004731450029201827	POSTHOC_ROBUSTNESS_ANALYSIS	CONTROLLED_ERROR_INJECTION
2026_all5mer	full	5mers_A_RNA_sparse_seq_06	missing_zero	Brier_observed	0.07324667334921126	0.051272710782484805	-0.02197396256672645	POSTHOC_ROBUSTNESS_ANALYSIS	CONTROLLED_ERROR_INJECTION
2026_all5mer	full	5mers_A_RNA_sparse_seq_06	missing_zero	Brier_equal_class	0.07429697903224919	0.05151458979771607	-0.022782389234533115	POSTHOC_ROBUSTNESS_ANALYSIS	CONTROLLED_ERROR_INJECTION
2026_all5mer	full	5mers_A_RNA_sparse_seq_06	missing_zero	Brier_control	0.0761719383965387	0.020915766012534753	-0.055256172384003946	POSTHOC_ROBUSTNESS_ANALYSIS	CONTROLLED_ERROR_INJECTION
2026_all5mer	full	5mers_A_RNA_sparse_seq_06	missing_zero	Brier_modified	0.07242201966795968	0.0821134135828974	0.009691393914937715	POSTHOC_ROBUSTNESS_ANALYSIS	CONTROLLED_ERROR_INJECTION
2026_all5mer	full	5mers_A_RNA_sparse_seq_07	missing_zero	Brier_observed	0.08498439143095787	0.05795671384868957	-0.027027677582268303	POSTHOC_ROBUSTNESS_ANALYSIS	CONTROLLED_ERROR_INJECTION
2026_all5mer	full	5mers_A_RNA_sparse_seq_07	missing_zero	Brier_equal_class	0.08842808010889677	0.05886398079523969	-0.029564099313657083	POSTHOC_ROBUSTNESS_ANALYSIS	CONTROLLED_ERROR_INJECTION
2026_all5mer	full	5mers_A_RNA_sparse_seq_07	missing_zero	Brier_control	0.09453552366501958	0.024709480565395854	-0.06982604309962373	POSTHOC_ROBUSTNESS_ANALYSIS	CONTROLLED_ERROR_INJECTION
2026_all5mer	full	5mers_A_RNA_sparse_seq_07	missing_zero	Brier_modified	0.08232063655277398	0.09301848102508353	0.01069784447230955	POSTHOC_ROBUSTNESS_ANALYSIS	CONTROLLED_ERROR_INJECTION
2026_all5mer	full	5mers_A_RNA_sparse_seq_08	missing_zero	Brier_observed	0.06816524129380493	0.04685229945158089	-0.021312941842224035	POSTHOC_ROBUSTNESS_ANALYSIS	CONTROLLED_ERROR_INJECTION
2026_all5mer	full	5mers_A_RNA_sparse_seq_08	missing_zero	Brier_equal_class	0.08030332599905335	0.04732269434555984	-0.032980631653493506	POSTHOC_ROBUSTNESS_ANALYSIS	CONTROLLED_ERROR_INJECTION
2026_all5mer	full	5mers_A_RNA_sparse_seq_08	missing_zero	Brier_control	0.09976132269551935	0.021989157733272827	-0.07777216496224652	POSTHOC_ROBUSTNESS_ANALYSIS	CONTROLLED_ERROR_INJECTION
2026_all5mer	full	5mers_A_RNA_sparse_seq_08	missing_zero	Brier_modified	0.06084532930258736	0.07265623095784686	0.011810901655259498	POSTHOC_ROBUSTNESS_ANALYSIS	CONTROLLED_ERROR_INJECTION
2026_all5mer	full	5mers_A_RNA_sparse_seq_09	missing_zero	Brier_observed	0.07874945219388182	0.0550876023042862	-0.023661849889595625	POSTHOC_ROBUSTNESS_ANALYSIS	CONTROLLED_ERROR_INJECTION
2026_all5mer	full	5mers_A_RNA_sparse_seq_09	missing_zero	Brier_equal_class	0.07623726540659534	0.0553555401948695	-0.020881725211725842	POSTHOC_ROBUSTNESS_ANALYSIS	CONTROLLED_ERROR_INJECTION
2026_all5mer	full	5mers_A_RNA_sparse_seq_09	missing_zero	Brier_control	0.07168568080953007	0.02016742037159536	-0.05151826043793471	POSTHOC_ROBUSTNESS_ANALYSIS	CONTROLLED_ERROR_INJECTION
2026_all5mer	full	5mers_A_RNA_sparse_seq_09	missing_zero	Brier_modified	0.0807888500036606	0.09054366001814364	0.009754810014483042	POSTHOC_ROBUSTNESS_ANALYSIS	CONTROLLED_ERROR_INJECTION
2026_all5mer	full	5mers_A_RNA_sparse_seq_10	missing_zero	Brier_observed	0.05799240116281296	0.03777723300606467	-0.020215168156748287	POSTHOC_ROBUSTNESS_ANALYSIS	CONTROLLED_ERROR_INJECTION
2026_all5mer	full	5mers_A_RNA_sparse_seq_10	missing_zero	Brier_equal_class	0.07281684477388378	0.03801083935080938	-0.0348060054230744	POSTHOC_ROBUSTNESS_ANALYSIS	CONTROLLED_ERROR_INJECTION
2026_all5mer	full	5mers_A_RNA_sparse_seq_10	missing_zero	Brier_control	0.09720891292154515	0.02288081495534564	-0.07432809796619952	POSTHOC_ROBUSTNESS_ANALYSIS	CONTROLLED_ERROR_INJECTION
2026_all5mer	full	5mers_A_RNA_sparse_seq_10	missing_zero	Brier_modified	0.048424776626222424	0.053140863746273116	0.004716087120050692	POSTHOC_ROBUSTNESS_ANALYSIS	CONTROLLED_ERROR_INJECTION
2026_all5mer	full	5mers_A_RNA_sparse_seq_11	missing_zero	Brier_observed	0.0662257756724237	0.046910059059643634	-0.019315716612780066	POSTHOC_ROBUSTNESS_ANALYSIS	CONTROLLED_ERROR_INJECTION
2026_all5mer	full	5mers_A_RNA_sparse_seq_11	missing_zero	Brier_equal_class	0.07336848986793523	0.04715371759590124	-0.02621477227203399	POSTHOC_ROBUSTNESS_ANALYSIS	CONTROLLED_ERROR_INJECTION
2026_all5mer	full	5mers_A_RNA_sparse_seq_11	missing_zero	Brier_control	0.08747760624798197	0.027747211474600797	-0.05973039477338117	POSTHOC_ROBUSTNESS_ANALYSIS	CONTROLLED_ERROR_INJECTION
2026_all5mer	full	5mers_A_RNA_sparse_seq_11	missing_zero	Brier_modified	0.059259373487888484	0.06656022371720169	0.007300850229313205	POSTHOC_ROBUSTNESS_ANALYSIS	CONTROLLED_ERROR_INJECTION
2026_all5mer	full	5mers_A_RNA_sparse_seq_12	missing_zero	Brier_observed	0.07672322791237439	0.056463292029512384	-0.020259935882862005	POSTHOC_ROBUSTNESS_ANALYSIS	CONTROLLED_ERROR_INJECTION
2026_all5mer	full	5mers_A_RNA_sparse_seq_12	missing_zero	Brier_equal_class	0.09018749178935015	0.056460661772267995	-0.033726830017082154	POSTHOC_ROBUSTNESS_ANALYSIS	CONTROLLED_ERROR_INJECTION
2026_all5mer	full	5mers_A_RNA_sparse_seq_12	missing_zero	Brier_control	0.11447516927613306	0.03230996853641726	-0.08216520073971581	POSTHOC_ROBUSTNESS_ANALYSIS	CONTROLLED_ERROR_INJECTION
2026_all5mer	full	5mers_A_RNA_sparse_seq_12	missing_zero	Brier_modified	0.06589981430256722	0.08061135500811872	0.014711540705551501	POSTHOC_ROBUSTNESS_ANALYSIS	CONTROLLED_ERROR_INJECTION
2026_all5mer	full	5mers_A_RNA_sparse_seq_13	missing_zero	Brier_observed	0.06353681331982945	0.0426170803402315	-0.020919732979597955	POSTHOC_ROBUSTNESS_ANALYSIS	CONTROLLED_ERROR_INJECTION
2026_all5mer	full	5mers_A_RNA_sparse_seq_13	missing_zero	Brier_equal_class	0.07758780652237435	0.04283863310019005	-0.034749173422184296	POSTHOC_ROBUSTNESS_ANALYSIS	CONTROLLED_ERROR_INJECTION
2026_all5mer	full	5mers_A_RNA_sparse_seq_13	missing_zero	Brier_control	0.1003757543538704	0.023085759640580975	-0.07728999471328943	POSTHOC_ROBUSTNESS_ANALYSIS	CONTROLLED_ERROR_INJECTION
2026_all5mer	full	5mers_A_RNA_sparse_seq_13	missing_zero	Brier_modified	0.05479985869087829	0.06259150655979913	0.007791647868920837	POSTHOC_ROBUSTNESS_ANALYSIS	CONTROLLED_ERROR_INJECTION
2026_all5mer	full	5mers_A_RNA_sparse_seq_14	missing_zero	Brier_observed	0.06573144830471893	0.044724943214821275	-0.021006505089897654	POSTHOC_ROBUSTNESS_ANALYSIS	CONTROLLED_ERROR_INJECTION
2026_all5mer	full	5mers_A_RNA_sparse_seq_14	missing_zero	Brier_equal_class	0.07189401270090562	0.045044586163739866	-0.026849426537165752	POSTHOC_ROBUSTNESS_ANALYSIS	CONTROLLED_ERROR_INJECTION
2026_all5mer	full	5mers_A_RNA_sparse_seq_14	missing_zero	Brier_control	0.08312526095487167	0.023367605992627577	-0.0597576549622441	POSTHOC_ROBUSTNESS_ANALYSIS	CONTROLLED_ERROR_INJECTION
2026_all5mer	full	5mers_A_RNA_sparse_seq_14	missing_zero	Brier_modified	0.06066276444693958	0.06672156633485216	0.006058801887912579	POSTHOC_ROBUSTNESS_ANALYSIS	CONTROLLED_ERROR_INJECTION
2026_all5mer	full	5mers_A_RNA_sparse_seq_15	missing_zero	Brier_observed	0.10294708203187071	0.07529706532446329	-0.027650016707407424	POSTHOC_ROBUSTNESS_ANALYSIS	CONTROLLED_ERROR_INJECTION
2026_all5mer	full	5mers_A_RNA_sparse_seq_15	missing_zero	Brier_equal_class	0.10574429034442492	0.07523541231181366	-0.030508878032611264	POSTHOC_ROBUSTNESS_ANALYSIS	CONTROLLED_ERROR_INJECTION
2026_all5mer	full	5mers_A_RNA_sparse_seq_15	missing_zero	Brier_control	0.11193679448119613	0.04201463673636463	-0.0699221577448315	POSTHOC_ROBUSTNESS_ANALYSIS	CONTROLLED_ERROR_INJECTION
2026_all5mer	full	5mers_A_RNA_sparse_seq_15	missing_zero	Brier_modified	0.09955178620765372	0.1084561878872627	0.008904401679608986	POSTHOC_ROBUSTNESS_ANALYSIS	CONTROLLED_ERROR_INJECTION
2026_all5mer	full	5mers_A_RNA_sparse_seq_16	missing_zero	Brier_observed	0.0831987634386053	0.06661344149405848	-0.016585321944546816	POSTHOC_ROBUSTNESS_ANALYSIS	CONTROLLED_ERROR_INJECTION
2026_all5mer	full	5mers_A_RNA_sparse_seq_16	missing_zero	Brier_equal_class	0.08596917207424153	0.06614492402146077	-0.019824248052780755	POSTHOC_ROBUSTNESS_ANALYSIS	CONTROLLED_ERROR_INJECTION
2026_all5mer	full	5mers_A_RNA_sparse_seq_16	missing_zero	Brier_control	0.09255521810701664	0.03842878918479679	-0.05412642892221985	POSTHOC_ROBUSTNESS_ANALYSIS	CONTROLLED_ERROR_INJECTION
2026_all5mer	full	5mers_A_RNA_sparse_seq_16	missing_zero	Brier_modified	0.07938312604146641	0.09386105885812475	0.014477932816658337	POSTHOC_ROBUSTNESS_ANALYSIS	CONTROLLED_ERROR_INJECTION
2026_all5mer	full	5mers_A_RNA_sparse_seq_17	missing_zero	Brier_observed	0.056774268131467055	0.03860436721161813	-0.018169900919848922	POSTHOC_ROBUSTNESS_ANALYSIS	CONTROLLED_ERROR_INJECTION
2026_all5mer	full	5mers_A_RNA_sparse_seq_17	missing_zero	Brier_equal_class	0.06305421028850565	0.03902595230833307	-0.02402825798017258	POSTHOC_ROBUSTNESS_ANALYSIS	CONTROLLED_ERROR_INJECTION
2026_all5mer	full	5mers_A_RNA_sparse_seq_17	missing_zero	Brier_control	0.07428366533159941	0.01995707060358982	-0.05432659472800959	POSTHOC_ROBUSTNESS_ANALYSIS	CONTROLLED_ERROR_INJECTION
2026_all5mer	full	5mers_A_RNA_sparse_seq_17	missing_zero	Brier_modified	0.05182475524541189	0.05809483401307632	0.00627007876766443	POSTHOC_ROBUSTNESS_ANALYSIS	CONTROLLED_ERROR_INJECTION
2026_all5mer	full	5mers_A_RNA_sparse_seq_18	missing_zero	Brier_observed	0.06213616686646938	0.042100440676332986	-0.020035726190136396	POSTHOC_ROBUSTNESS_ANALYSIS	CONTROLLED_ERROR_INJECTION
2026_all5mer	full	5mers_A_RNA_sparse_seq_18	missing_zero	Brier_equal_class	0.07757224760024836	0.04227343756857747	-0.035298810031670895	POSTHOC_ROBUSTNESS_ANALYSIS	CONTROLLED_ERROR_INJECTION
2026_all5mer	full	5mers_A_RNA_sparse_seq_18	missing_zero	Brier_control	0.10444462404439404	0.027395704835552554	-0.0770489192088415	POSTHOC_ROBUSTNESS_ANALYSIS	CONTROLLED_ERROR_INJECTION
2026_all5mer	full	5mers_A_RNA_sparse_seq_18	missing_zero	Brier_modified	0.05069987115610267	0.057151170301602376	0.006451299145499703	POSTHOC_ROBUSTNESS_ANALYSIS	CONTROLLED_ERROR_INJECTION
2026_all5mer	full	5mers_A_RNA_sparse_seq_19	missing_zero	Brier_observed	0.06734286186741736	0.04287937148575492	-0.024463490381662442	POSTHOC_ROBUSTNESS_ANALYSIS	CONTROLLED_ERROR_INJECTION
2026_all5mer	full	5mers_A_RNA_sparse_seq_19	missing_zero	Brier_equal_class	0.07424334873974942	0.043352338904885664	-0.03089100983486375	POSTHOC_ROBUSTNESS_ANALYSIS	CONTROLLED_ERROR_INJECTION
2026_all5mer	full	5mers_A_RNA_sparse_seq_19	missing_zero	Brier_control	0.08451945101551288	0.01593016167518747	-0.0685892893403254	POSTHOC_ROBUSTNESS_ANALYSIS	CONTROLLED_ERROR_INJECTION
2026_all5mer	full	5mers_A_RNA_sparse_seq_19	missing_zero	Brier_modified	0.06396724646398597	0.07077451613458385	0.0068072696705978875	POSTHOC_ROBUSTNESS_ANALYSIS	CONTROLLED_ERROR_INJECTION
2026_all5mer	full	5mers_A_RNA_sparse_seq_20	missing_zero	Brier_observed	0.09497087977517957	0.06868339567450776	-0.026287484100671804	POSTHOC_ROBUSTNESS_ANALYSIS	CONTROLLED_ERROR_INJECTION
2026_all5mer	full	5mers_A_RNA_sparse_seq_20	missing_zero	Brier_equal_class	0.10719555117913396	0.06881563166847479	-0.038379919510659166	POSTHOC_ROBUSTNESS_ANALYSIS	CONTROLLED_ERROR_INJECTION
2026_all5mer	full	5mers_A_RNA_sparse_seq_20	missing_zero	Brier_control	0.13466752590730452	0.05057440403408555	-0.08409312187321896	POSTHOC_ROBUSTNESS_ANALYSIS	CONTROLLED_ERROR_INJECTION
2026_all5mer	full	5mers_A_RNA_sparse_seq_20	missing_zero	Brier_modified	0.07972357645096338	0.08705685930286404	0.007333282851900658	POSTHOC_ROBUSTNESS_ANALYSIS	CONTROLLED_ERROR_INJECTION
2026_all5mer	full	5mers_A_RNA_sparse_seq_21	missing_zero	Brier_observed	0.06480028923461428	0.04530330344367297	-0.019496985790941314	POSTHOC_ROBUSTNESS_ANALYSIS	CONTROLLED_ERROR_INJECTION
2026_all5mer	full	5mers_A_RNA_sparse_seq_21	missing_zero	Brier_equal_class	0.0749708768956127	0.04570377711214303	-0.02926709978346967	POSTHOC_ROBUSTNESS_ANALYSIS	CONTROLLED_ERROR_INJECTION
2026_all5mer	full	5mers_A_RNA_sparse_seq_21	missing_zero	Brier_control	0.09332003865462841	0.02546852269397646	-0.06785151596065195	POSTHOC_ROBUSTNESS_ANALYSIS	CONTROLLED_ERROR_INJECTION
2026_all5mer	full	5mers_A_RNA_sparse_seq_21	missing_zero	Brier_modified	0.05662171513659699	0.06593903153030961	0.009317316393712624	POSTHOC_ROBUSTNESS_ANALYSIS	CONTROLLED_ERROR_INJECTION
2026_all5mer	full	5mers_A_RNA_sparse_seq_22	missing_zero	Brier_observed	0.10968124210135154	0.0805511663976138	-0.02913007570373774	POSTHOC_ROBUSTNESS_ANALYSIS	CONTROLLED_ERROR_INJECTION
2026_all5mer	full	5mers_A_RNA_sparse_seq_22	missing_zero	Brier_equal_class	0.11145098221880376	0.08152829953598065	-0.02992268268282311	POSTHOC_ROBUSTNESS_ANALYSIS	CONTROLLED_ERROR_INJECTION
2026_all5mer	full	5mers_A_RNA_sparse_seq_22	missing_zero	Brier_control	0.11567316820358264	0.044341781370186586	-0.07133138683339606	POSTHOC_ROBUSTNESS_ANALYSIS	CONTROLLED_ERROR_INJECTION
2026_all5mer	full	5mers_A_RNA_sparse_seq_22	missing_zero	Brier_modified	0.10722879623402488	0.11871481770177472	0.011486021467749838	POSTHOC_ROBUSTNESS_ANALYSIS	CONTROLLED_ERROR_INJECTION
2026_all5mer	full	5mers_A_RNA_sparse_seq_23	missing_zero	Brier_observed	0.08922571495205546	0.062405648562826155	-0.026820066389229305	POSTHOC_ROBUSTNESS_ANALYSIS	CONTROLLED_ERROR_INJECTION
2026_all5mer	full	5mers_A_RNA_sparse_seq_23	missing_zero	Brier_equal_class	0.09771377904427941	0.06269801113230722	-0.035015767911972195	POSTHOC_ROBUSTNESS_ANALYSIS	CONTROLLED_ERROR_INJECTION
2026_all5mer	full	5mers_A_RNA_sparse_seq_23	missing_zero	Brier_control	0.11423811488830825	0.035583546371206476	-0.07865456851710177	POSTHOC_ROBUSTNESS_ANALYSIS	CONTROLLED_ERROR_INJECTION
2026_all5mer	full	5mers_A_RNA_sparse_seq_23	missing_zero	Brier_modified	0.08118944320025057	0.08981247589340796	0.008623032693157395	POSTHOC_ROBUSTNESS_ANALYSIS	CONTROLLED_ERROR_INJECTION
2026_all5mer	full	5mers_A_RNA_sparse_seq_24	missing_zero	Brier_observed	0.07715067808700052	0.05429978572585367	-0.022850892361146846	POSTHOC_ROBUSTNESS_ANALYSIS	CONTROLLED_ERROR_INJECTION
2026_all5mer	full	5mers_A_RNA_sparse_seq_24	missing_zero	Brier_equal_class	0.09119513293347811	0.05443280867734203	-0.036762324256136084	POSTHOC_ROBUSTNESS_ANALYSIS	CONTROLLED_ERROR_INJECTION
2026_all5mer	full	5mers_A_RNA_sparse_seq_24	missing_zero	Brier_control	0.12149717916708476	0.04327427057832283	-0.07822290858876194	POSTHOC_ROBUSTNESS_ANALYSIS	CONTROLLED_ERROR_INJECTION
2026_all5mer	full	5mers_A_RNA_sparse_seq_24	missing_zero	Brier_modified	0.06089308669987146	0.06559134677636122	0.004698260076489762	POSTHOC_ROBUSTNESS_ANALYSIS	CONTROLLED_ERROR_INJECTION
2026_all5mer	full	5mers_A_RNA_sparse_seq_25	missing_zero	Brier_observed	0.0897567800200125	0.06576739796249581	-0.02398938205751669	POSTHOC_ROBUSTNESS_ANALYSIS	CONTROLLED_ERROR_INJECTION
2026_all5mer	full	5mers_A_RNA_sparse_seq_25	missing_zero	Brier_equal_class	0.09257872992119323	0.06557007648984299	-0.02700865343135024	POSTHOC_ROBUSTNESS_ANALYSIS	CONTROLLED_ERROR_INJECTION
2026_all5mer	full	5mers_A_RNA_sparse_seq_25	missing_zero	Brier_control	0.09787075368343988	0.029654601226838332	-0.06821615245660155	POSTHOC_ROBUSTNESS_ANALYSIS	CONTROLLED_ERROR_INJECTION
2026_all5mer	full	5mers_A_RNA_sparse_seq_25	missing_zero	Brier_modified	0.08728670615894658	0.10148555175284764	0.014198845593901055	POSTHOC_ROBUSTNESS_ANALYSIS	CONTROLLED_ERROR_INJECTION
2026_all5mer	full	5mers_A_RNA_sparse_seq_26	missing_zero	Brier_observed	0.07511904490901507	0.05211544639527176	-0.023003598513743305	POSTHOC_ROBUSTNESS_ANALYSIS	CONTROLLED_ERROR_INJECTION
2026_all5mer	full	5mers_A_RNA_sparse_seq_26	missing_zero	Brier_equal_class	0.07934003215480018	0.05193037468846566	-0.027409657466334517	POSTHOC_ROBUSTNESS_ANALYSIS	CONTROLLED_ERROR_INJECTION
2026_all5mer	full	5mers_A_RNA_sparse_seq_26	missing_zero	Brier_control	0.08723986381720394	0.02670455620531394	-0.06053530761189001	POSTHOC_ROBUSTNESS_ANALYSIS	CONTROLLED_ERROR_INJECTION
2026_all5mer	full	5mers_A_RNA_sparse_seq_26	missing_zero	Brier_modified	0.07144020049239642	0.07715619317161738	0.00571599267922096	POSTHOC_ROBUSTNESS_ANALYSIS	CONTROLLED_ERROR_INJECTION
2026_all5mer	full	5mers_A_RNA_sparse_seq_27	missing_zero	Brier_observed	0.06464484887125826	0.045017523152922144	-0.01962732571833612	POSTHOC_ROBUSTNESS_ANALYSIS	CONTROLLED_ERROR_INJECTION
2026_all5mer	full	5mers_A_RNA_sparse_seq_27	missing_zero	Brier_equal_class	0.0737214940400477	0.044908095559618624	-0.028813398480429075	POSTHOC_ROBUSTNESS_ANALYSIS	CONTROLLED_ERROR_INJECTION
2026_all5mer	full	5mers_A_RNA_sparse_seq_27	missing_zero	Brier_control	0.0889883583318417	0.022640342352946038	-0.06634801597889566	POSTHOC_ROBUSTNESS_ANALYSIS	CONTROLLED_ERROR_INJECTION
2026_all5mer	full	5mers_A_RNA_sparse_seq_27	missing_zero	Brier_modified	0.058454629748253696	0.06717584876629121	0.008721219018037511	POSTHOC_ROBUSTNESS_ANALYSIS	CONTROLLED_ERROR_INJECTION
2026_all5mer	full	5mers_A_RNA_sparse_seq_28	missing_zero	Brier_observed	0.07273288584349066	0.055378511007580296	-0.017354374835910368	POSTHOC_ROBUSTNESS_ANALYSIS	CONTROLLED_ERROR_INJECTION
2026_all5mer	full	5mers_A_RNA_sparse_seq_28	missing_zero	Brier_equal_class	0.07025957949959706	0.055815188543627256	-0.014444390955969805	POSTHOC_ROBUSTNESS_ANALYSIS	CONTROLLED_ERROR_INJECTION
2026_all5mer	full	5mers_A_RNA_sparse_seq_28	missing_zero	Brier_control	0.06612930929140888	0.015859333153245166	-0.05026997613816371	POSTHOC_ROBUSTNESS_ANALYSIS	CONTROLLED_ERROR_INJECTION
2026_all5mer	full	5mers_A_RNA_sparse_seq_28	missing_zero	Brier_modified	0.07438984970778524	0.09577104393400934	0.0213811942262241	POSTHOC_ROBUSTNESS_ANALYSIS	CONTROLLED_ERROR_INJECTION
2026_all5mer	full	5mers_A_RNA_sparse_seq_29	missing_zero	Brier_observed	0.05427316310577389	0.03482572294853818	-0.019447440157235707	POSTHOC_ROBUSTNESS_ANALYSIS	CONTROLLED_ERROR_INJECTION
2026_all5mer	full	5mers_A_RNA_sparse_seq_29	missing_zero	Brier_equal_class	0.07292488482487276	0.035042502064715264	-0.0378823827601575	POSTHOC_ROBUSTNESS_ANALYSIS	CONTROLLED_ERROR_INJECTION
2026_all5mer	full	5mers_A_RNA_sparse_seq_29	missing_zero	Brier_control	0.1024455119560199	0.02224081642020403	-0.08020469553581587	POSTHOC_ROBUSTNESS_ANALYSIS	CONTROLLED_ERROR_INJECTION
2026_all5mer	full	5mers_A_RNA_sparse_seq_29	missing_zero	Brier_modified	0.04340425769372561	0.04784418770922649	0.00443993001550088	POSTHOC_ROBUSTNESS_ANALYSIS	CONTROLLED_ERROR_INJECTION
2026_all5mer	full	5mers_A_RNA_sparse_seq_30	missing_zero	Brier_observed	0.08786580990617272	0.06281993743007794	-0.025045872476094785	POSTHOC_ROBUSTNESS_ANALYSIS	CONTROLLED_ERROR_INJECTION
2026_all5mer	full	5mers_A_RNA_sparse_seq_30	missing_zero	Brier_equal_class	0.08191441122465268	0.06358725077906222	-0.018327160445590462	POSTHOC_ROBUSTNESS_ANALYSIS	CONTROLLED_ERROR_INJECTION
2026_all5mer	full	5mers_A_RNA_sparse_seq_30	missing_zero	Brier_control	0.06883758021256035	0.024574566725686236	-0.044263013486874114	POSTHOC_ROBUSTNESS_ANALYSIS	CONTROLLED_ERROR_INJECTION
2026_all5mer	full	5mers_A_RNA_sparse_seq_30	missing_zero	Brier_modified	0.09499124223674502	0.1025999348324382	0.0076086925956931895	POSTHOC_ROBUSTNESS_ANALYSIS	CONTROLLED_ERROR_INJECTION
2026_all5mer	full	5mers_A_RNA_sparse_seq_31	missing_zero	Brier_observed	0.0572885766092626	0.04026003879094619	-0.01702853781831641	POSTHOC_ROBUSTNESS_ANALYSIS	CONTROLLED_ERROR_INJECTION
2026_all5mer	full	5mers_A_RNA_sparse_seq_31	missing_zero	Brier_equal_class	0.07046675267865654	0.040312604793183486	-0.030154147885473055	POSTHOC_ROBUSTNESS_ANALYSIS	CONTROLLED_ERROR_INJECTION
2026_all5mer	full	5mers_A_RNA_sparse_seq_31	missing_zero	Brier_control	0.09078668316207944	0.019028059436023596	-0.07175862372605585	POSTHOC_ROBUSTNESS_ANALYSIS	CONTROLLED_ERROR_INJECTION
2026_all5mer	full	5mers_A_RNA_sparse_seq_31	missing_zero	Brier_modified	0.05014682219523364	0.06159715015034337	0.01145032795510973	POSTHOC_ROBUSTNESS_ANALYSIS	CONTROLLED_ERROR_INJECTION
2026_all5mer	full	5mers_A_RNA_sparse_seq_32	missing_zero	Brier_observed	0.09149417520802787	0.06718020352084651	-0.024313971687181357	POSTHOC_ROBUSTNESS_ANALYSIS	CONTROLLED_ERROR_INJECTION
2026_all5mer	full	5mers_A_RNA_sparse_seq_32	missing_zero	Brier_equal_class	0.09710081263034365	0.06705598097054141	-0.030044831659802235	POSTHOC_ROBUSTNESS_ANALYSIS	CONTROLLED_ERROR_INJECTION
2026_all5mer	full	5mers_A_RNA_sparse_seq_32	missing_zero	Brier_control	0.10980524088556663	0.04266788019574912	-0.06713736068981752	POSTHOC_ROBUSTNESS_ANALYSIS	CONTROLLED_ERROR_INJECTION
2026_all5mer	full	5mers_A_RNA_sparse_seq_32	missing_zero	Brier_modified	0.08439638437512068	0.09144408174533372	0.007047697370213046	POSTHOC_ROBUSTNESS_ANALYSIS	CONTROLLED_ERROR_INJECTION
2026_all5mer	full	ALL	missing_zero	Brier_observed	0.0757031712401732	0.053063097125425014	-0.022640074114748186	POSTHOC_ROBUSTNESS_ANALYSIS	CONTROLLED_ERROR_INJECTION
2026_all5mer	full	ALL	missing_zero	Brier_equal_class	0.08307512057610737	0.05330327465109928	-0.02977184592500809	POSTHOC_ROBUSTNESS_ANALYSIS	CONTROLLED_ERROR_INJECTION
2026_all5mer	full	ALL	missing_zero	Brier_control	0.09679205090608	0.02829278324590976	-0.06849926766017023	POSTHOC_ROBUSTNESS_ANALYSIS	CONTROLLED_ERROR_INJECTION
2026_all5mer	full	ALL	missing_zero	Brier_modified	0.06935819024613475	0.07831376605628881	0.008955575810154062	POSTHOC_ROBUSTNESS_ANALYSIS	CONTROLLED_ERROR_INJECTION
2026_all5mer	full	5mers_A_RNA_sparse_seq_01	site_mean_as_read	Brier_observed	0.06671237551002736	0.0245588565803234	-0.042153518929703954	POSTHOC_ROBUSTNESS_ANALYSIS	CONTROLLED_ERROR_INJECTION
2026_all5mer	full	5mers_A_RNA_sparse_seq_01	site_mean_as_read	Brier_equal_class	0.07204977220395375	0.03059179544490012	-0.04145797675905363	POSTHOC_ROBUSTNESS_ANALYSIS	CONTROLLED_ERROR_INJECTION
2026_all5mer	full	5mers_A_RNA_sparse_seq_01	site_mean_as_read	Brier_control	0.08314942770450513	0.043137901138878096	-0.04001152656562704	POSTHOC_ROBUSTNESS_ANALYSIS	CONTROLLED_ERROR_INJECTION
2026_all5mer	full	5mers_A_RNA_sparse_seq_01	site_mean_as_read	Brier_modified	0.06095011670340238	0.018045689750922144	-0.04290442695248023	POSTHOC_ROBUSTNESS_ANALYSIS	CONTROLLED_ERROR_INJECTION
2026_all5mer	full	5mers_A_RNA_sparse_seq_02	site_mean_as_read	Brier_observed	0.08421300525351931	0.034664904756425016	-0.049548100497094294	POSTHOC_ROBUSTNESS_ANALYSIS	CONTROLLED_ERROR_INJECTION
2026_all5mer	full	5mers_A_RNA_sparse_seq_02	site_mean_as_read	Brier_equal_class	0.08347741255273489	0.035852146040743195	-0.04762526651199169	POSTHOC_ROBUSTNESS_ANALYSIS	CONTROLLED_ERROR_INJECTION
2026_all5mer	full	5mers_A_RNA_sparse_seq_02	site_mean_as_read	Brier_control	0.0820536502236956	0.03815008811424374	-0.04390356210945186	POSTHOC_ROBUSTNESS_ANALYSIS	CONTROLLED_ERROR_INJECTION
2026_all5mer	full	5mers_A_RNA_sparse_seq_02	site_mean_as_read	Brier_modified	0.08490117488177416	0.03355420396724265	-0.05134697091453151	POSTHOC_ROBUSTNESS_ANALYSIS	CONTROLLED_ERROR_INJECTION
2026_all5mer	full	5mers_A_RNA_sparse_seq_03	site_mean_as_read	Brier_observed	0.06919242341356674	0.02503944676111252	-0.04415297665245422	POSTHOC_ROBUSTNESS_ANALYSIS	CONTROLLED_ERROR_INJECTION
2026_all5mer	full	5mers_A_RNA_sparse_seq_03	site_mean_as_read	Brier_equal_class	0.07897125722206608	0.03430238533423255	-0.04466887188783353	POSTHOC_ROBUSTNESS_ANALYSIS	CONTROLLED_ERROR_INJECTION
2026_all5mer	full	5mers_A_RNA_sparse_seq_03	site_mean_as_read	Brier_control	0.09636007843017579	0.05077383641561719	-0.045586242014558596	POSTHOC_ROBUSTNESS_ANALYSIS	CONTROLLED_ERROR_INJECTION
2026_all5mer	full	5mers_A_RNA_sparse_seq_03	site_mean_as_read	Brier_modified	0.06158243601395636	0.01783093425284791	-0.04375150176110845	POSTHOC_ROBUSTNESS_ANALYSIS	CONTROLLED_ERROR_INJECTION
2026_all5mer	full	5mers_A_RNA_sparse_seq_04	site_mean_as_read	Brier_observed	0.08506964614606079	0.0341713038728344	-0.050898342273226385	POSTHOC_ROBUSTNESS_ANALYSIS	CONTROLLED_ERROR_INJECTION
2026_all5mer	full	5mers_A_RNA_sparse_seq_04	site_mean_as_read	Brier_equal_class	0.0968413508729283	0.04551189451564318	-0.05132945635728513	POSTHOC_ROBUSTNESS_ANALYSIS	CONTROLLED_ERROR_INJECTION
2026_all5mer	full	5mers_A_RNA_sparse_seq_04	site_mean_as_read	Brier_control	0.1194626759792349	0.06730476086600243	-0.05215791511323248	POSTHOC_ROBUSTNESS_ANALYSIS	CONTROLLED_ERROR_INJECTION
2026_all5mer	full	5mers_A_RNA_sparse_seq_04	site_mean_as_read	Brier_modified	0.07422002576662169	0.023719028165283935	-0.050500997601337756	POSTHOC_ROBUSTNESS_ANALYSIS	CONTROLLED_ERROR_INJECTION
2026_all5mer	full	5mers_A_RNA_sparse_seq_05	site_mean_as_read	Brier_observed	0.06780364807433413	0.025700252383711666	-0.042103395690622464	POSTHOC_ROBUSTNESS_ANALYSIS	CONTROLLED_ERROR_INJECTION
2026_all5mer	full	5mers_A_RNA_sparse_seq_05	site_mean_as_read	Brier_equal_class	0.0782538289307413	0.034902365668017174	-0.04335146326272413	POSTHOC_ROBUSTNESS_ANALYSIS	CONTROLLED_ERROR_INJECTION
2026_all5mer	full	5mers_A_RNA_sparse_seq_05	site_mean_as_read	Brier_control	0.09709696784456051	0.051495064043237865	-0.045601903801322646	POSTHOC_ROBUSTNESS_ANALYSIS	CONTROLLED_ERROR_INJECTION
2026_all5mer	full	5mers_A_RNA_sparse_seq_05	site_mean_as_read	Brier_modified	0.0594106900169221	0.018309667292796476	-0.04110102272412562	POSTHOC_ROBUSTNESS_ANALYSIS	CONTROLLED_ERROR_INJECTION
2026_all5mer	full	5mers_A_RNA_sparse_seq_06	site_mean_as_read	Brier_observed	0.07324667334921126	0.02421045667868704	-0.04903621667052421	POSTHOC_ROBUSTNESS_ANALYSIS	CONTROLLED_ERROR_INJECTION
2026_all5mer	full	5mers_A_RNA_sparse_seq_06	site_mean_as_read	Brier_equal_class	0.07429697903224919	0.028338634881895516	-0.04595834415035367	POSTHOC_ROBUSTNESS_ANALYSIS	CONTROLLED_ERROR_INJECTION
2026_all5mer	full	5mers_A_RNA_sparse_seq_06	site_mean_as_read	Brier_control	0.0761719383965387	0.03570807646881882	-0.04046386192771988	POSTHOC_ROBUSTNESS_ANALYSIS	CONTROLLED_ERROR_INJECTION
2026_all5mer	full	5mers_A_RNA_sparse_seq_06	site_mean_as_read	Brier_modified	0.07242201966795968	0.020969193294972214	-0.05145282637298747	POSTHOC_ROBUSTNESS_ANALYSIS	CONTROLLED_ERROR_INJECTION
2026_all5mer	full	5mers_A_RNA_sparse_seq_07	site_mean_as_read	Brier_observed	0.08498439143095787	0.03449710306727945	-0.050487288363678426	POSTHOC_ROBUSTNESS_ANALYSIS	CONTROLLED_ERROR_INJECTION
2026_all5mer	full	5mers_A_RNA_sparse_seq_07	site_mean_as_read	Brier_equal_class	0.08842808010889677	0.03993187616176816	-0.04849620394712861	POSTHOC_ROBUSTNESS_ANALYSIS	CONTROLLED_ERROR_INJECTION
2026_all5mer	full	5mers_A_RNA_sparse_seq_07	site_mean_as_read	Brier_control	0.09453552366501958	0.049570543596360664	-0.044964980068658914	POSTHOC_ROBUSTNESS_ANALYSIS	CONTROLLED_ERROR_INJECTION
2026_all5mer	full	5mers_A_RNA_sparse_seq_07	site_mean_as_read	Brier_modified	0.08232063655277398	0.030293208727175655	-0.05202742782559833	POSTHOC_ROBUSTNESS_ANALYSIS	CONTROLLED_ERROR_INJECTION
2026_all5mer	full	5mers_A_RNA_sparse_seq_08	site_mean_as_read	Brier_observed	0.06816524129380493	0.02659555508609164	-0.041569686207713286	POSTHOC_ROBUSTNESS_ANALYSIS	CONTROLLED_ERROR_INJECTION
2026_all5mer	full	5mers_A_RNA_sparse_seq_08	site_mean_as_read	Brier_equal_class	0.08030332599905335	0.03621085733519234	-0.04409246866386101	POSTHOC_ROBUSTNESS_ANALYSIS	CONTROLLED_ERROR_INJECTION
2026_all5mer	full	5mers_A_RNA_sparse_seq_08	site_mean_as_read	Brier_control	0.09976132269551935	0.05162469929970137	-0.04813662339581798	POSTHOC_ROBUSTNESS_ANALYSIS	CONTROLLED_ERROR_INJECTION
2026_all5mer	full	5mers_A_RNA_sparse_seq_08	site_mean_as_read	Brier_modified	0.06084532930258736	0.02079701537068331	-0.040048313931904056	POSTHOC_ROBUSTNESS_ANALYSIS	CONTROLLED_ERROR_INJECTION
2026_all5mer	full	5mers_A_RNA_sparse_seq_09	site_mean_as_read	Brier_observed	0.07874945219388182	0.029252019443746596	-0.049497432750135226	POSTHOC_ROBUSTNESS_ANALYSIS	CONTROLLED_ERROR_INJECTION
2026_all5mer	full	5mers_A_RNA_sparse_seq_09	site_mean_as_read	Brier_equal_class	0.07623726540659534	0.03025189082708418	-0.04598537457951116	POSTHOC_ROBUSTNESS_ANALYSIS	CONTROLLED_ERROR_INJECTION
2026_all5mer	full	5mers_A_RNA_sparse_seq_09	site_mean_as_read	Brier_control	0.07168568080953007	0.032063459620645655	-0.039622221188884414	POSTHOC_ROBUSTNESS_ANALYSIS	CONTROLLED_ERROR_INJECTION
2026_all5mer	full	5mers_A_RNA_sparse_seq_09	site_mean_as_read	Brier_modified	0.0807888500036606	0.028440322033522702	-0.05234852797013789	POSTHOC_ROBUSTNESS_ANALYSIS	CONTROLLED_ERROR_INJECTION
2026_all5mer	full	5mers_A_RNA_sparse_seq_10	site_mean_as_read	Brier_observed	0.05799240116281296	0.019759983194402773	-0.03823241796841018	POSTHOC_ROBUSTNESS_ANALYSIS	CONTROLLED_ERROR_INJECTION
2026_all5mer	full	5mers_A_RNA_sparse_seq_10	site_mean_as_read	Brier_equal_class	0.07281684477388378	0.03211164758078268	-0.0407051971931011	POSTHOC_ROBUSTNESS_ANALYSIS	CONTROLLED_ERROR_INJECTION
2026_all5mer	full	5mers_A_RNA_sparse_seq_10	site_mean_as_read	Brier_control	0.09720891292154515	0.05243501669695134	-0.044773896224593816	POSTHOC_ROBUSTNESS_ANALYSIS	CONTROLLED_ERROR_INJECTION
2026_all5mer	full	5mers_A_RNA_sparse_seq_10	site_mean_as_read	Brier_modified	0.048424776626222424	0.011788278464614025	-0.0366364981616084	POSTHOC_ROBUSTNESS_ANALYSIS	CONTROLLED_ERROR_INJECTION
2026_all5mer	full	5mers_A_RNA_sparse_seq_11	site_mean_as_read	Brier_observed	0.0662257756724237	0.02324382944700135	-0.042981946225422354	POSTHOC_ROBUSTNESS_ANALYSIS	CONTROLLED_ERROR_INJECTION
2026_all5mer	full	5mers_A_RNA_sparse_seq_11	site_mean_as_read	Brier_equal_class	0.07336848986793523	0.03072131327450416	-0.04264717659343108	POSTHOC_ROBUSTNESS_ANALYSIS	CONTROLLED_ERROR_INJECTION
2026_all5mer	full	5mers_A_RNA_sparse_seq_11	site_mean_as_read	Brier_control	0.08747760624798197	0.04549170540617465	-0.04198590084180732	POSTHOC_ROBUSTNESS_ANALYSIS	CONTROLLED_ERROR_INJECTION
2026_all5mer	full	5mers_A_RNA_sparse_seq_11	site_mean_as_read	Brier_modified	0.059259373487888484	0.01595092114283367	-0.043308452345054815	POSTHOC_ROBUSTNESS_ANALYSIS	CONTROLLED_ERROR_INJECTION
2026_all5mer	full	5mers_A_RNA_sparse_seq_12	site_mean_as_read	Brier_observed	0.07672322791237439	0.030066647148240557	-0.04665658076413383	POSTHOC_ROBUSTNESS_ANALYSIS	CONTROLLED_ERROR_INJECTION
2026_all5mer	full	5mers_A_RNA_sparse_seq_12	site_mean_as_read	Brier_equal_class	0.09018749178935015	0.04090295910890759	-0.04928453268044256	POSTHOC_ROBUSTNESS_ANALYSIS	CONTROLLED_ERROR_INJECTION
2026_all5mer	full	5mers_A_RNA_sparse_seq_12	site_mean_as_read	Brier_control	0.11447516927613306	0.060450173308779956	-0.05402499596735311	POSTHOC_ROBUSTNESS_ANALYSIS	CONTROLLED_ERROR_INJECTION
2026_all5mer	full	5mers_A_RNA_sparse_seq_12	site_mean_as_read	Brier_modified	0.06589981430256722	0.021355744909035215	-0.044544069393532004	POSTHOC_ROBUSTNESS_ANALYSIS	CONTROLLED_ERROR_INJECTION
2026_all5mer	full	5mers_A_RNA_sparse_seq_13	site_mean_as_read	Brier_observed	0.06353681331982945	0.021275004250172203	-0.04226180906965725	POSTHOC_ROBUSTNESS_ANALYSIS	CONTROLLED_ERROR_INJECTION
2026_all5mer	full	5mers_A_RNA_sparse_seq_13	site_mean_as_read	Brier_equal_class	0.07758780652237435	0.03329734593869465	-0.0442904605836797	POSTHOC_ROBUSTNESS_ANALYSIS	CONTROLLED_ERROR_INJECTION
2026_all5mer	full	5mers_A_RNA_sparse_seq_13	site_mean_as_read	Brier_control	0.1003757543538704	0.05279521995096374	-0.04758053440290666	POSTHOC_ROBUSTNESS_ANALYSIS	CONTROLLED_ERROR_INJECTION
2026_all5mer	full	5mers_A_RNA_sparse_seq_13	site_mean_as_read	Brier_modified	0.05479985869087829	0.01379947192642556	-0.04100038676445273	POSTHOC_ROBUSTNESS_ANALYSIS	CONTROLLED_ERROR_INJECTION
2026_all5mer	full	5mers_A_RNA_sparse_seq_14	site_mean_as_read	Brier_observed	0.06573144830471893	0.02439099022590571	-0.041340458078813216	POSTHOC_ROBUSTNESS_ANALYSIS	CONTROLLED_ERROR_INJECTION
2026_all5mer	full	5mers_A_RNA_sparse_seq_14	site_mean_as_read	Brier_equal_class	0.07189401270090562	0.029263155533248278	-0.04263085716765734	POSTHOC_ROBUSTNESS_ANALYSIS	CONTROLLED_ERROR_INJECTION
2026_all5mer	full	5mers_A_RNA_sparse_seq_14	site_mean_as_read	Brier_control	0.08312526095487167	0.03814265675760634	-0.04498260419726533	POSTHOC_ROBUSTNESS_ANALYSIS	CONTROLLED_ERROR_INJECTION
2026_all5mer	full	5mers_A_RNA_sparse_seq_14	site_mean_as_read	Brier_modified	0.06066276444693958	0.020383654308890213	-0.040279110138049364	POSTHOC_ROBUSTNESS_ANALYSIS	CONTROLLED_ERROR_INJECTION
2026_all5mer	full	5mers_A_RNA_sparse_seq_15	site_mean_as_read	Brier_observed	0.10294708203187071	0.04578364553455097	-0.05716343649731974	POSTHOC_ROBUSTNESS_ANALYSIS	CONTROLLED_ERROR_INJECTION
2026_all5mer	full	5mers_A_RNA_sparse_seq_15	site_mean_as_read	Brier_equal_class	0.10574429034442492	0.05036483908224107	-0.055379451262183854	POSTHOC_ROBUSTNESS_ANALYSIS	CONTROLLED_ERROR_INJECTION
2026_all5mer	full	5mers_A_RNA_sparse_seq_15	site_mean_as_read	Brier_control	0.11193679448119613	0.060506758033395586	-0.051430036447800545	POSTHOC_ROBUSTNESS_ANALYSIS	CONTROLLED_ERROR_INJECTION
2026_all5mer	full	5mers_A_RNA_sparse_seq_15	site_mean_as_read	Brier_modified	0.09955178620765372	0.04022292013108655	-0.05932886607656717	POSTHOC_ROBUSTNESS_ANALYSIS	CONTROLLED_ERROR_INJECTION
2026_all5mer	full	5mers_A_RNA_sparse_seq_16	site_mean_as_read	Brier_observed	0.0831987634386053	0.034182466314717705	-0.049016297123887595	POSTHOC_ROBUSTNESS_ANALYSIS	CONTROLLED_ERROR_INJECTION
2026_all5mer	full	5mers_A_RNA_sparse_seq_16	site_mean_as_read	Brier_equal_class	0.08596917207424153	0.03864029629215368	-0.047328875782087845	POSTHOC_ROBUSTNESS_ANALYSIS	CONTROLLED_ERROR_INJECTION
2026_all5mer	full	5mers_A_RNA_sparse_seq_16	site_mean_as_read	Brier_control	0.09255521810701664	0.04923782080894242	-0.04331739729807422	POSTHOC_ROBUSTNESS_ANALYSIS	CONTROLLED_ERROR_INJECTION
2026_all5mer	full	5mers_A_RNA_sparse_seq_16	site_mean_as_read	Brier_modified	0.07938312604146641	0.028042771775364933	-0.05134035426610148	POSTHOC_ROBUSTNESS_ANALYSIS	CONTROLLED_ERROR_INJECTION
2026_all5mer	full	5mers_A_RNA_sparse_seq_17	site_mean_as_read	Brier_observed	0.056774268131467055	0.017764677262469792	-0.03900959086899726	POSTHOC_ROBUSTNESS_ANALYSIS	CONTROLLED_ERROR_INJECTION
2026_all5mer	full	5mers_A_RNA_sparse_seq_17	site_mean_as_read	Brier_equal_class	0.06305421028850565	0.023257971092447545	-0.039796239196058104	POSTHOC_ROBUSTNESS_ANALYSIS	CONTROLLED_ERROR_INJECTION
2026_all5mer	full	5mers_A_RNA_sparse_seq_17	site_mean_as_read	Brier_control	0.07428366533159941	0.033080783876336124	-0.04120288145526329	POSTHOC_ROBUSTNESS_ANALYSIS	CONTROLLED_ERROR_INJECTION
2026_all5mer	full	5mers_A_RNA_sparse_seq_17	site_mean_as_read	Brier_modified	0.05182475524541189	0.013435158308558967	-0.03838959693685293	POSTHOC_ROBUSTNESS_ANALYSIS	CONTROLLED_ERROR_INJECTION
2026_all5mer	full	5mers_A_RNA_sparse_seq_18	site_mean_as_read	Brier_observed	0.06213616686646938	0.02093537235679849	-0.04120079450967089	POSTHOC_ROBUSTNESS_ANALYSIS	CONTROLLED_ERROR_INJECTION
2026_all5mer	full	5mers_A_RNA_sparse_seq_18	site_mean_as_read	Brier_equal_class	0.07757224760024836	0.03272595146815456	-0.0448462961320938	POSTHOC_ROBUSTNESS_ANALYSIS	CONTROLLED_ERROR_INJECTION
2026_all5mer	full	5mers_A_RNA_sparse_seq_18	site_mean_as_read	Brier_control	0.10444462404439404	0.05325194416275701	-0.05119267988163703	POSTHOC_ROBUSTNESS_ANALYSIS	CONTROLLED_ERROR_INJECTION
2026_all5mer	full	5mers_A_RNA_sparse_seq_18	site_mean_as_read	Brier_modified	0.05069987115610267	0.012199958773552105	-0.03849991238255057	POSTHOC_ROBUSTNESS_ANALYSIS	CONTROLLED_ERROR_INJECTION
2026_all5mer	full	5mers_A_RNA_sparse_seq_19	site_mean_as_read	Brier_observed	0.06734286186741736	0.0274518649596989	-0.03989099690771847	POSTHOC_ROBUSTNESS_ANALYSIS	CONTROLLED_ERROR_INJECTION
2026_all5mer	full	5mers_A_RNA_sparse_seq_19	site_mean_as_read	Brier_equal_class	0.07424334873974942	0.03420760685848319	-0.040035741881266226	POSTHOC_ROBUSTNESS_ANALYSIS	CONTROLLED_ERROR_INJECTION
2026_all5mer	full	5mers_A_RNA_sparse_seq_19	site_mean_as_read	Brier_control	0.08451945101551288	0.044268157075442884	-0.040251293940069995	POSTHOC_ROBUSTNESS_ANALYSIS	CONTROLLED_ERROR_INJECTION
2026_all5mer	full	5mers_A_RNA_sparse_seq_19	site_mean_as_read	Brier_modified	0.06396724646398597	0.024147056641523494	-0.03982018982246247	POSTHOC_ROBUSTNESS_ANALYSIS	CONTROLLED_ERROR_INJECTION
2026_all5mer	full	5mers_A_RNA_sparse_seq_20	site_mean_as_read	Brier_observed	0.09497087977517957	0.04104318516229183	-0.05392769461288774	POSTHOC_ROBUSTNESS_ANALYSIS	CONTROLLED_ERROR_INJECTION
2026_all5mer	full	5mers_A_RNA_sparse_seq_20	site_mean_as_read	Brier_equal_class	0.10719555117913396	0.051412084588731026	-0.05578346659040293	POSTHOC_ROBUSTNESS_ANALYSIS	CONTROLLED_ERROR_INJECTION
2026_all5mer	full	5mers_A_RNA_sparse_seq_20	site_mean_as_read	Brier_control	0.13466752590730452	0.07471366330518932	-0.0599538626021152	POSTHOC_ROBUSTNESS_ANALYSIS	CONTROLLED_ERROR_INJECTION
2026_all5mer	full	5mers_A_RNA_sparse_seq_20	site_mean_as_read	Brier_modified	0.07972357645096338	0.028110505872272738	-0.05161307057869065	POSTHOC_ROBUSTNESS_ANALYSIS	CONTROLLED_ERROR_INJECTION
2026_all5mer	full	5mers_A_RNA_sparse_seq_21	site_mean_as_read	Brier_observed	0.06480028923461428	0.02088784527191922	-0.043912443962695065	POSTHOC_ROBUSTNESS_ANALYSIS	CONTROLLED_ERROR_INJECTION
2026_all5mer	full	5mers_A_RNA_sparse_seq_21	site_mean_as_read	Brier_equal_class	0.0749708768956127	0.030333377429133696	-0.044637499466479005	POSTHOC_ROBUSTNESS_ANALYSIS	CONTROLLED_ERROR_INJECTION
2026_all5mer	full	5mers_A_RNA_sparse_seq_21	site_mean_as_read	Brier_control	0.09332003865462841	0.04737443771293043	-0.04594560094169799	POSTHOC_ROBUSTNESS_ANALYSIS	CONTROLLED_ERROR_INJECTION
2026_all5mer	full	5mers_A_RNA_sparse_seq_21	site_mean_as_read	Brier_modified	0.05662171513659699	0.013292317145336964	-0.043329397991260024	POSTHOC_ROBUSTNESS_ANALYSIS	CONTROLLED_ERROR_INJECTION
2026_all5mer	full	5mers_A_RNA_sparse_seq_22	site_mean_as_read	Brier_observed	0.10968124210135154	0.05207470043312232	-0.05760654166822922	POSTHOC_ROBUSTNESS_ANALYSIS	CONTROLLED_ERROR_INJECTION
2026_all5mer	full	5mers_A_RNA_sparse_seq_22	site_mean_as_read	Brier_equal_class	0.11145098221880376	0.054958092519629506	-0.05649288969917425	POSTHOC_ROBUSTNESS_ANALYSIS	CONTROLLED_ERROR_INJECTION
2026_all5mer	full	5mers_A_RNA_sparse_seq_22	site_mean_as_read	Brier_control	0.11567316820358264	0.06183719162362645	-0.053835976579956195	POSTHOC_ROBUSTNESS_ANALYSIS	CONTROLLED_ERROR_INJECTION
2026_all5mer	full	5mers_A_RNA_sparse_seq_22	site_mean_as_read	Brier_modified	0.10722879623402488	0.04807899341563257	-0.059149802818392314	POSTHOC_ROBUSTNESS_ANALYSIS	CONTROLLED_ERROR_INJECTION
2026_all5mer	full	5mers_A_RNA_sparse_seq_23	site_mean_as_read	Brier_observed	0.08922571495205546	0.037481361401743615	-0.051744353550311845	POSTHOC_ROBUSTNESS_ANALYSIS	CONTROLLED_ERROR_INJECTION
2026_all5mer	full	5mers_A_RNA_sparse_seq_23	site_mean_as_read	Brier_equal_class	0.09771377904427941	0.04607633110897381	-0.05163744793530561	POSTHOC_ROBUSTNESS_ANALYSIS	CONTROLLED_ERROR_INJECTION
2026_all5mer	full	5mers_A_RNA_sparse_seq_23	site_mean_as_read	Brier_control	0.11423811488830825	0.06280878794110807	-0.05142932694720018	POSTHOC_ROBUSTNESS_ANALYSIS	CONTROLLED_ERROR_INJECTION
2026_all5mer	full	5mers_A_RNA_sparse_seq_23	site_mean_as_read	Brier_modified	0.08118944320025057	0.029343874276839543	-0.05184556892341102	POSTHOC_ROBUSTNESS_ANALYSIS	CONTROLLED_ERROR_INJECTION
2026_all5mer	full	5mers_A_RNA_sparse_seq_24	site_mean_as_read	Brier_observed	0.07715067808700052	0.03243517645216146	-0.04471550163483906	POSTHOC_ROBUSTNESS_ANALYSIS	CONTROLLED_ERROR_INJECTION
2026_all5mer	full	5mers_A_RNA_sparse_seq_24	site_mean_as_read	Brier_equal_class	0.09119513293347811	0.043792035366842993	-0.04740309756663512	POSTHOC_ROBUSTNESS_ANALYSIS	CONTROLLED_ERROR_INJECTION
2026_all5mer	full	5mers_A_RNA_sparse_seq_24	site_mean_as_read	Brier_control	0.12149717916708476	0.06829537619872572	-0.05320180296835904	POSTHOC_ROBUSTNESS_ANALYSIS	CONTROLLED_ERROR_INJECTION
2026_all5mer	full	5mers_A_RNA_sparse_seq_24	site_mean_as_read	Brier_modified	0.06089308669987146	0.019288694534960262	-0.0416043921649112	POSTHOC_ROBUSTNESS_ANALYSIS	CONTROLLED_ERROR_INJECTION
2026_all5mer	full	5mers_A_RNA_sparse_seq_25	site_mean_as_read	Brier_observed	0.0897567800200125	0.04133402266241801	-0.04842275735759449	POSTHOC_ROBUSTNESS_ANALYSIS	CONTROLLED_ERROR_INJECTION
2026_all5mer	full	5mers_A_RNA_sparse_seq_25	site_mean_as_read	Brier_equal_class	0.09257872992119323	0.04494685819038373	-0.0476318717308095	POSTHOC_ROBUSTNESS_ANALYSIS	CONTROLLED_ERROR_INJECTION
2026_all5mer	full	5mers_A_RNA_sparse_seq_25	site_mean_as_read	Brier_control	0.09787075368343988	0.051722035685591486	-0.04614871799784839	POSTHOC_ROBUSTNESS_ANALYSIS	CONTROLLED_ERROR_INJECTION
2026_all5mer	full	5mers_A_RNA_sparse_seq_25	site_mean_as_read	Brier_modified	0.08728670615894658	0.03817168069517597	-0.04911502546377061	POSTHOC_ROBUSTNESS_ANALYSIS	CONTROLLED_ERROR_INJECTION
2026_all5mer	full	5mers_A_RNA_sparse_seq_26	site_mean_as_read	Brier_observed	0.07511904490901507	0.028852394470067006	-0.046266650438948065	POSTHOC_ROBUSTNESS_ANALYSIS	CONTROLLED_ERROR_INJECTION
2026_all5mer	full	5mers_A_RNA_sparse_seq_26	site_mean_as_read	Brier_equal_class	0.07934003215480018	0.03404455364740297	-0.04529547850739721	POSTHOC_ROBUSTNESS_ANALYSIS	CONTROLLED_ERROR_INJECTION
2026_all5mer	full	5mers_A_RNA_sparse_seq_26	site_mean_as_read	Brier_control	0.08723986381720394	0.04376199202780006	-0.043477871789403884	POSTHOC_ROBUSTNESS_ANALYSIS	CONTROLLED_ERROR_INJECTION
2026_all5mer	full	5mers_A_RNA_sparse_seq_26	site_mean_as_read	Brier_modified	0.07144020049239642	0.024327115267005876	-0.04711308522539055	POSTHOC_ROBUSTNESS_ANALYSIS	CONTROLLED_ERROR_INJECTION
2026_all5mer	full	5mers_A_RNA_sparse_seq_27	site_mean_as_read	Brier_observed	0.06464484887125826	0.019433416165508904	-0.04521143270574936	POSTHOC_ROBUSTNESS_ANALYSIS	CONTROLLED_ERROR_INJECTION
2026_all5mer	full	5mers_A_RNA_sparse_seq_27	site_mean_as_read	Brier_equal_class	0.0737214940400477	0.028795357387362816	-0.044926136652684884	POSTHOC_ROBUSTNESS_ANALYSIS	CONTROLLED_ERROR_INJECTION
2026_all5mer	full	5mers_A_RNA_sparse_seq_27	site_mean_as_read	Brier_control	0.0889883583318417	0.044542087978226945	-0.04444627035361475	POSTHOC_ROBUSTNESS_ANALYSIS	CONTROLLED_ERROR_INJECTION
2026_all5mer	full	5mers_A_RNA_sparse_seq_27	site_mean_as_read	Brier_modified	0.058454629748253696	0.013048626796498685	-0.04540600295175501	POSTHOC_ROBUSTNESS_ANALYSIS	CONTROLLED_ERROR_INJECTION
2026_all5mer	full	5mers_A_RNA_sparse_seq_28	site_mean_as_read	Brier_observed	0.07273288584349066	0.028738891357575323	-0.043993994485915344	POSTHOC_ROBUSTNESS_ANALYSIS	CONTROLLED_ERROR_INJECTION
2026_all5mer	full	5mers_A_RNA_sparse_seq_28	site_mean_as_read	Brier_equal_class	0.07025957949959706	0.028927133029544434	-0.04133244647005263	POSTHOC_ROBUSTNESS_ANALYSIS	CONTROLLED_ERROR_INJECTION
2026_all5mer	full	5mers_A_RNA_sparse_seq_28	site_mean_as_read	Brier_control	0.06612930929140888	0.029241485099838153	-0.03688782419157073	POSTHOC_ROBUSTNESS_ANALYSIS	CONTROLLED_ERROR_INJECTION
2026_all5mer	full	5mers_A_RNA_sparse_seq_28	site_mean_as_read	Brier_modified	0.07438984970778524	0.028612780959250714	-0.04577706874853453	POSTHOC_ROBUSTNESS_ANALYSIS	CONTROLLED_ERROR_INJECTION
2026_all5mer	full	5mers_A_RNA_sparse_seq_29	site_mean_as_read	Brier_observed	0.05427316310577389	0.017892461237963304	-0.03638070186781059	POSTHOC_ROBUSTNESS_ANALYSIS	CONTROLLED_ERROR_INJECTION
2026_all5mer	full	5mers_A_RNA_sparse_seq_29	site_mean_as_read	Brier_equal_class	0.07292488482487276	0.031878738651232384	-0.04104614617364038	POSTHOC_ROBUSTNESS_ANALYSIS	CONTROLLED_ERROR_INJECTION
2026_all5mer	full	5mers_A_RNA_sparse_seq_29	site_mean_as_read	Brier_control	0.1024455119560199	0.054015230214213394	-0.04843028174180651	POSTHOC_ROBUSTNESS_ANALYSIS	CONTROLLED_ERROR_INJECTION
2026_all5mer	full	5mers_A_RNA_sparse_seq_29	site_mean_as_read	Brier_modified	0.04340425769372561	0.009742247088251376	-0.03366201060547424	POSTHOC_ROBUSTNESS_ANALYSIS	CONTROLLED_ERROR_INJECTION
2026_all5mer	full	5mers_A_RNA_sparse_seq_30	site_mean_as_read	Brier_observed	0.08786580990617272	0.03723986539187659	-0.05062594451429613	POSTHOC_ROBUSTNESS_ANALYSIS	CONTROLLED_ERROR_INJECTION
2026_all5mer	full	5mers_A_RNA_sparse_seq_30	site_mean_as_read	Brier_equal_class	0.08191441122465268	0.035521870677395886	-0.04639254054725679	POSTHOC_ROBUSTNESS_ANALYSIS	CONTROLLED_ERROR_INJECTION
2026_all5mer	full	5mers_A_RNA_sparse_seq_30	site_mean_as_read	Brier_control	0.06883758021256035	0.03174697207571223	-0.03709060813684812	POSTHOC_ROBUSTNESS_ANALYSIS	CONTROLLED_ERROR_INJECTION
2026_all5mer	full	5mers_A_RNA_sparse_seq_30	site_mean_as_read	Brier_modified	0.09499124223674502	0.039296769279079546	-0.05569447295766547	POSTHOC_ROBUSTNESS_ANALYSIS	CONTROLLED_ERROR_INJECTION
2026_all5mer	full	5mers_A_RNA_sparse_seq_31	site_mean_as_read	Brier_observed	0.0572885766092626	0.01761160428213748	-0.03967697232712512	POSTHOC_ROBUSTNESS_ANALYSIS	CONTROLLED_ERROR_INJECTION
2026_all5mer	full	5mers_A_RNA_sparse_seq_31	site_mean_as_read	Brier_equal_class	0.07046675267865654	0.029287357213372445	-0.0411793954652841	POSTHOC_ROBUSTNESS_ANALYSIS	CONTROLLED_ERROR_INJECTION
2026_all5mer	full	5mers_A_RNA_sparse_seq_31	site_mean_as_read	Brier_control	0.09078668316207944	0.047290644364416455	-0.043496038797662985	POSTHOC_ROBUSTNESS_ANALYSIS	CONTROLLED_ERROR_INJECTION
2026_all5mer	full	5mers_A_RNA_sparse_seq_31	site_mean_as_read	Brier_modified	0.05014682219523364	0.011284070062328434	-0.03886275213290521	POSTHOC_ROBUSTNESS_ANALYSIS	CONTROLLED_ERROR_INJECTION
2026_all5mer	full	5mers_A_RNA_sparse_seq_32	site_mean_as_read	Brier_observed	0.09149417520802787	0.0392829881239644	-0.05221118708406347	POSTHOC_ROBUSTNESS_ANALYSIS	CONTROLLED_ERROR_INJECTION
2026_all5mer	full	5mers_A_RNA_sparse_seq_32	site_mean_as_read	Brier_equal_class	0.09710081263034365	0.045630687893647895	-0.05147012473669575	POSTHOC_ROBUSTNESS_ANALYSIS	CONTROLLED_ERROR_INJECTION
2026_all5mer	full	5mers_A_RNA_sparse_seq_32	site_mean_as_read	Brier_control	0.10980524088556663	0.06001433538771573	-0.0497909054978509	POSTHOC_ROBUSTNESS_ANALYSIS	CONTROLLED_ERROR_INJECTION
2026_all5mer	full	5mers_A_RNA_sparse_seq_32	site_mean_as_read	Brier_modified	0.08439638437512068	0.031247040399580057	-0.05314934397554062	POSTHOC_ROBUSTNESS_ANALYSIS	CONTROLLED_ERROR_INJECTION
2026_all5mer	full	ALL	site_mean_as_read	Brier_observed	0.0757031712401732	0.029545036228216692	-0.04615813501195651	POSTHOC_ROBUSTNESS_ANALYSIS	CONTROLLED_ERROR_INJECTION
2026_all5mer	full	ALL	site_mean_as_read	Brier_equal_class	0.08307512057610737	0.03681339399967723	-0.04626172657643014	POSTHOC_ROBUSTNESS_ANALYSIS	CONTROLLED_ERROR_INJECTION
2026_all5mer	full	ALL	site_mean_as_read	Brier_control	0.09679205090608	0.050337572289733984	-0.04645447861634601	POSTHOC_ROBUSTNESS_ANALYSIS	CONTROLLED_ERROR_INJECTION
2026_all5mer	full	ALL	site_mean_as_read	Brier_modified	0.06935819024613475	0.023289215709620472	-0.046068974536514276	POSTHOC_ROBUSTNESS_ANALYSIS	CONTROLLED_ERROR_INJECTION
2026_all5mer	original_first100	5mers_A_RNA_sparse_seq_01	high_p_filter	Brier_observed	0.06657706984124	0.002680787317413499	-0.0638962825238265	POSTHOC_ROBUSTNESS_ANALYSIS	CONTROLLED_ERROR_INJECTION
2026_all5mer	original_first100	5mers_A_RNA_sparse_seq_01	high_p_filter	Brier_equal_class	0.06734636391237343	0.4830255861635561	0.4156792222511827	POSTHOC_ROBUSTNESS_ANALYSIS	CONTROLLED_ERROR_INJECTION
2026_all5mer	original_first100	5mers_A_RNA_sparse_seq_01	high_p_filter	Brier_control	0.0689226786295573	0.9651527404785156	0.8962300618489584	POSTHOC_ROBUSTNESS_ANALYSIS	CONTROLLED_ERROR_INJECTION
2026_all5mer	original_first100	5mers_A_RNA_sparse_seq_01	high_p_filter	Brier_modified	0.06577004919518957	0.0008984318485966435	-0.06487161734659293	POSTHOC_ROBUSTNESS_ANALYSIS	CONTROLLED_ERROR_INJECTION
2026_all5mer	original_first100	5mers_A_RNA_sparse_seq_02	high_p_filter	Brier_observed	0.07356487015679142	0.0027033912643702417	-0.07086147889242117	POSTHOC_ROBUSTNESS_ANALYSIS	CONTROLLED_ERROR_INJECTION
2026_all5mer	original_first100	5mers_A_RNA_sparse_seq_02	high_p_filter	Brier_equal_class	0.07644495541682217	0.46402097687007876	0.3875760214532566	POSTHOC_ROBUSTNESS_ANALYSIS	CONTROLLED_ERROR_INJECTION
2026_all5mer	original_first100	5mers_A_RNA_sparse_seq_02	high_p_filter	Brier_control	0.08194535354088092	0.9271583557128906	0.8452130021720097	POSTHOC_ROBUSTNESS_ANALYSIS	CONTROLLED_ERROR_INJECTION
2026_all5mer	original_first100	5mers_A_RNA_sparse_seq_02	high_p_filter	Brier_modified	0.07094455729276343	0.0008835980272668553	-0.07006095926549658	POSTHOC_ROBUSTNESS_ANALYSIS	CONTROLLED_ERROR_INJECTION
2026_all5mer	original_first100	5mers_A_RNA_sparse_seq_03	high_p_filter	Brier_observed	0.07272062884266353	0.0090714973315858	-0.06364913151107773	POSTHOC_ROBUSTNESS_ANALYSIS	CONTROLLED_ERROR_INJECTION
2026_all5mer	original_first100	5mers_A_RNA_sparse_seq_03	high_p_filter	Brier_equal_class	0.08532149845471053	0.47316012087121473	0.3878386224165042	POSTHOC_ROBUSTNESS_ANALYSIS	CONTROLLED_ERROR_INJECTION
2026_all5mer	original_first100	5mers_A_RNA_sparse_seq_03	high_p_filter	Brier_control	0.10681438940176692	0.9455360412597656	0.8387216518579987	POSTHOC_ROBUSTNESS_ANALYSIS	CONTROLLED_ERROR_INJECTION
2026_all5mer	original_first100	5mers_A_RNA_sparse_seq_03	high_p_filter	Brier_modified	0.06382860750765414	0.000784200482663855	-0.06304440702499028	POSTHOC_ROBUSTNESS_ANALYSIS	CONTROLLED_ERROR_INJECTION
2026_all5mer	original_first100	5mers_A_RNA_sparse_seq_04	high_p_filter	Brier_observed	0.08030765587883121	0.009165156301844534	-0.07114249957698668	POSTHOC_ROBUSTNESS_ANALYSIS	CONTROLLED_ERROR_INJECTION
2026_all5mer	original_first100	5mers_A_RNA_sparse_seq_04	high_p_filter	Brier_equal_class	0.09173840586411877	0.43091738962987713	0.3391789837657584	POSTHOC_ROBUSTNESS_ANALYSIS	CONTROLLED_ERROR_INJECTION
2026_all5mer	original_first100	5mers_A_RNA_sparse_seq_04	high_p_filter	Brier_control	0.11227768246490176	0.8609718322753906	0.7486941498104889	POSTHOC_ROBUSTNESS_ANALYSIS	CONTROLLED_ERROR_INJECTION
2026_all5mer	original_first100	5mers_A_RNA_sparse_seq_04	high_p_filter	Brier_modified	0.0711991292633358	0.0008629469843635782	-0.07033618227897222	POSTHOC_ROBUSTNESS_ANALYSIS	CONTROLLED_ERROR_INJECTION
2026_all5mer	original_first100	5mers_A_RNA_sparse_seq_05	high_p_filter	Brier_observed	0.06839306480006167	0.006196874587147938	-0.062196190212913734	POSTHOC_ROBUSTNESS_ANALYSIS	CONTROLLED_ERROR_INJECTION
2026_all5mer	original_first100	5mers_A_RNA_sparse_seq_05	high_p_filter	Brier_equal_class	0.08078760755605416	0.4805166955087699	0.3997290879527158	POSTHOC_ROBUSTNESS_ANALYSIS	CONTROLLED_ERROR_INJECTION
2026_all5mer	original_first100	5mers_A_RNA_sparse_seq_05	high_p_filter	Brier_control	0.10251235961914062	0.9600969950358073	0.8575846354166666	POSTHOC_ROBUSTNESS_ANALYSIS	CONTROLLED_ERROR_INJECTION
2026_all5mer	original_first100	5mers_A_RNA_sparse_seq_05	high_p_filter	Brier_modified	0.059062855492967706	0.0009363959817325368	-0.05812645951123517	POSTHOC_ROBUSTNESS_ANALYSIS	CONTROLLED_ERROR_INJECTION
2026_all5mer	original_first100	5mers_A_RNA_sparse_seq_06	high_p_filter	Brier_observed	0.0697671554361141	0.01331525819491496	-0.05645189724119914	POSTHOC_ROBUSTNESS_ANALYSIS	CONTROLLED_ERROR_INJECTION
2026_all5mer	original_first100	5mers_A_RNA_sparse_seq_06	high_p_filter	Brier_equal_class	0.07315363237188753	0.44194193074690374	0.3687882983750162	POSTHOC_ROBUSTNESS_ANALYSIS	CONTROLLED_ERROR_INJECTION
2026_all5mer	original_first100	5mers_A_RNA_sparse_seq_06	high_p_filter	Brier_control	0.07939323219093117	0.8830604553222656	0.8036672231313344	POSTHOC_ROBUSTNESS_ANALYSIS	CONTROLLED_ERROR_INJECTION
2026_all5mer	original_first100	5mers_A_RNA_sparse_seq_06	high_p_filter	Brier_modified	0.0669140325528439	0.0008234061715418818	-0.06609062638130202	POSTHOC_ROBUSTNESS_ANALYSIS	CONTROLLED_ERROR_INJECTION
2026_all5mer	original_first100	5mers_A_RNA_sparse_seq_07	high_p_filter	Brier_observed	0.08976177932376737	0.006086886507793538	-0.08367489281597383	POSTHOC_ROBUSTNESS_ANALYSIS	CONTROLLED_ERROR_INJECTION
2026_all5mer	original_first100	5mers_A_RNA_sparse_seq_07	high_p_filter	Brier_equal_class	0.09895445323917904	0.45429161190986633	0.35533715867068727	POSTHOC_ROBUSTNESS_ANALYSIS	CONTROLLED_ERROR_INJECTION
2026_all5mer	original_first100	5mers_A_RNA_sparse_seq_07	high_p_filter	Brier_control	0.11454495881733141	0.9077796936035156	0.7932347347861842	POSTHOC_ROBUSTNESS_ANALYSIS	CONTROLLED_ERROR_INJECTION
2026_all5mer	original_first100	5mers_A_RNA_sparse_seq_07	high_p_filter	Brier_modified	0.08336394766102666	0.000803530216217041	-0.08256041744480962	POSTHOC_ROBUSTNESS_ANALYSIS	CONTROLLED_ERROR_INJECTION
2026_all5mer	original_first100	5mers_A_RNA_sparse_seq_08	high_p_filter	Brier_observed	0.07527573799174991	0.005447339056185252	-0.06982839893556467	POSTHOC_ROBUSTNESS_ANALYSIS	CONTROLLED_ERROR_INJECTION
2026_all5mer	original_first100	5mers_A_RNA_sparse_seq_08	high_p_filter	Brier_equal_class	0.08165852831937827	0.42480646210275724	0.343147933783379	POSTHOC_ROBUSTNESS_ANALYSIS	CONTROLLED_ERROR_INJECTION
2026_all5mer	original_first100	5mers_A_RNA_sparse_seq_08	high_p_filter	Brier_control	0.09210620837265186	0.8487993876139323	0.7566931792412804	POSTHOC_ROBUSTNESS_ANALYSIS	CONTROLLED_ERROR_INJECTION
2026_all5mer	original_first100	5mers_A_RNA_sparse_seq_08	high_p_filter	Brier_modified	0.07121084826610467	0.0008135365915822459	-0.07039731167452243	POSTHOC_ROBUSTNESS_ANALYSIS	CONTROLLED_ERROR_INJECTION
2026_all5mer	original_first100	5mers_A_RNA_sparse_seq_09	high_p_filter	Brier_observed	0.07866434073348424	0.00866534648311304	-0.0699989942503712	POSTHOC_ROBUSTNESS_ANALYSIS	CONTROLLED_ERROR_INJECTION
2026_all5mer	original_first100	5mers_A_RNA_sparse_seq_09	high_p_filter	Brier_equal_class	0.07984165061697152	0.48787368896729005	0.40803203835031854	POSTHOC_ROBUSTNESS_ANALYSIS	CONTROLLED_ERROR_INJECTION
2026_all5mer	original_first100	5mers_A_RNA_sparse_seq_09	high_p_filter	Brier_control	0.08199779668711298	0.9748268127441406	0.8928290160570277	POSTHOC_ROBUSTNESS_ANALYSIS	CONTROLLED_ERROR_INJECTION
2026_all5mer	original_first100	5mers_A_RNA_sparse_seq_09	high_p_filter	Brier_modified	0.07768550454683007	0.0009205651904394727	-0.0767649393563906	POSTHOC_ROBUSTNESS_ANALYSIS	CONTROLLED_ERROR_INJECTION
2026_all5mer	original_first100	5mers_A_RNA_sparse_seq_10	high_p_filter	Brier_observed	0.055744410630298835	0.006465413462576555	-0.04927899716772228	POSTHOC_ROBUSTNESS_ANALYSIS	CONTROLLED_ERROR_INJECTION
2026_all5mer	original_first100	5mers_A_RNA_sparse_seq_10	high_p_filter	Brier_equal_class	0.07299690395427522	0.43736579084476773	0.3643688868904925	POSTHOC_ROBUSTNESS_ANALYSIS	CONTROLLED_ERROR_INJECTION
2026_all5mer	original_first100	5mers_A_RNA_sparse_seq_10	high_p_filter	Brier_control	0.09953004885942508	0.8741188049316406	0.7745887560722156	POSTHOC_ROBUSTNESS_ANALYSIS	CONTROLLED_ERROR_INJECTION
2026_all5mer	original_first100	5mers_A_RNA_sparse_seq_10	high_p_filter	Brier_modified	0.04646375904912534	0.0006127767578948408	-0.0458509822912305	POSTHOC_ROBUSTNESS_ANALYSIS	CONTROLLED_ERROR_INJECTION
2026_all5mer	original_first100	5mers_A_RNA_sparse_seq_11	high_p_filter	Brier_observed	0.06944436142125081	0.005682118733723958	-0.06376224268752685	POSTHOC_ROBUSTNESS_ANALYSIS	CONTROLLED_ERROR_INJECTION
2026_all5mer	original_first100	5mers_A_RNA_sparse_seq_11	high_p_filter	Brier_equal_class	0.07559416605028715	0.458134222721708	0.3825400566714209	POSTHOC_ROBUSTNESS_ANALYSIS	CONTROLLED_ERROR_INJECTION
2026_all5mer	original_first100	5mers_A_RNA_sparse_seq_11	high_p_filter	Brier_control	0.08693506051828195	0.9155311584472656	0.8285960979289837	POSTHOC_ROBUSTNESS_ANALYSIS	CONTROLLED_ERROR_INJECTION
2026_all5mer	original_first100	5mers_A_RNA_sparse_seq_11	high_p_filter	Brier_modified	0.06425327158229237	0.0007372869961503624	-0.06351598458614201	POSTHOC_ROBUSTNESS_ANALYSIS	CONTROLLED_ERROR_INJECTION
2026_all5mer	original_first100	5mers_A_RNA_sparse_seq_12	high_p_filter	Brier_observed	0.06708016333641945	0.007650368379585909	-0.05942979495683354	POSTHOC_ROBUSTNESS_ANALYSIS	CONTROLLED_ERROR_INJECTION
2026_all5mer	original_first100	5mers_A_RNA_sparse_seq_12	high_p_filter	Brier_equal_class	0.08503244216930479	0.4561731964899605	0.37114075432065574	POSTHOC_ROBUSTNESS_ANALYSIS	CONTROLLED_ERROR_INJECTION
2026_all5mer	original_first100	5mers_A_RNA_sparse_seq_12	high_p_filter	Brier_control	0.11541322173264923	0.9113655090332031	0.7959522873005539	POSTHOC_ROBUSTNESS_ANALYSIS	CONTROLLED_ERROR_INJECTION
2026_all5mer	original_first100	5mers_A_RNA_sparse_seq_12	high_p_filter	Brier_modified	0.054651662605960355	0.0009808839467178852	-0.05367077865924247	POSTHOC_ROBUSTNESS_ANALYSIS	CONTROLLED_ERROR_INJECTION
2026_all5mer	original_first100	5mers_A_RNA_sparse_seq_13	high_p_filter	Brier_observed	0.06075650747992205	0.004956389038292487	-0.05580011844162956	POSTHOC_ROBUSTNESS_ANALYSIS	CONTROLLED_ERROR_INJECTION
2026_all5mer	original_first100	5mers_A_RNA_sparse_seq_13	high_p_filter	Brier_equal_class	0.07044172643207768	0.4374620346795945	0.3670203082475168	POSTHOC_ROBUSTNESS_ANALYSIS	CONTROLLED_ERROR_INJECTION
2026_all5mer	original_first100	5mers_A_RNA_sparse_seq_13	high_p_filter	Brier_control	0.08611354608645384	0.8744036356608073	0.7882900895743534	POSTHOC_ROBUSTNESS_ANALYSIS	CONTROLLED_ERROR_INJECTION
2026_all5mer	original_first100	5mers_A_RNA_sparse_seq_13	high_p_filter	Brier_modified	0.054769906777701514	0.0005204336983816964	-0.05424947307931982	POSTHOC_ROBUSTNESS_ANALYSIS	CONTROLLED_ERROR_INJECTION
2026_all5mer	original_first100	5mers_A_RNA_sparse_seq_14	high_p_filter	Brier_observed	0.05551081939793739	0.003984521463961904	-0.051526297933975486	POSTHOC_ROBUSTNESS_ANALYSIS	CONTROLLED_ERROR_INJECTION
2026_all5mer	original_first100	5mers_A_RNA_sparse_seq_14	high_p_filter	Brier_equal_class	0.06083780146779287	0.4849633338467387	0.4241255323789458	POSTHOC_ROBUSTNESS_ANALYSIS	CONTROLLED_ERROR_INJECTION
2026_all5mer	original_first100	5mers_A_RNA_sparse_seq_14	high_p_filter	Brier_control	0.06972234625565378	0.9691810607910156	0.8994587145353619	POSTHOC_ROBUSTNESS_ANALYSIS	CONTROLLED_ERROR_INJECTION
2026_all5mer	original_first100	5mers_A_RNA_sparse_seq_14	high_p_filter	Brier_modified	0.05195325667993196	0.000745606902461724	-0.051207649777470235	POSTHOC_ROBUSTNESS_ANALYSIS	CONTROLLED_ERROR_INJECTION
2026_all5mer	original_first100	5mers_A_RNA_sparse_seq_15	high_p_filter	Brier_observed	0.09432646458251003	0.008503565459759102	-0.08582289912275093	POSTHOC_ROBUSTNESS_ANALYSIS	CONTROLLED_ERROR_INJECTION
2026_all5mer	original_first100	5mers_A_RNA_sparse_seq_15	high_p_filter	Brier_equal_class	0.0969355172312924	0.45120432000411187	0.35426880277281947	POSTHOC_ROBUSTNESS_ANALYSIS	CONTROLLED_ERROR_INJECTION
2026_all5mer	original_first100	5mers_A_RNA_sparse_seq_15	high_p_filter	Brier_control	0.1027159183583361	0.9014244079589844	0.7987084896006482	POSTHOC_ROBUSTNESS_ANALYSIS	CONTROLLED_ERROR_INJECTION
2026_all5mer	original_first100	5mers_A_RNA_sparse_seq_15	high_p_filter	Brier_modified	0.0911551161042487	0.0009842320492393093	-0.09017088405500939	POSTHOC_ROBUSTNESS_ANALYSIS	CONTROLLED_ERROR_INJECTION
2026_all5mer	original_first100	5mers_A_RNA_sparse_seq_16	high_p_filter	Brier_observed	0.07250681534189309	0.0060067915323815425	-0.06650002380951155	POSTHOC_ROBUSTNESS_ANALYSIS	CONTROLLED_ERROR_INJECTION
2026_all5mer	original_first100	5mers_A_RNA_sparse_seq_16	high_p_filter	Brier_equal_class	0.07482034615571254	0.44427927457369293	0.3694589284179804	POSTHOC_ROBUSTNESS_ANALYSIS	CONTROLLED_ERROR_INJECTION
2026_all5mer	original_first100	5mers_A_RNA_sparse_seq_16	high_p_filter	Brier_control	0.08007366556516836	0.8876380920410156	0.8075644264758473	POSTHOC_ROBUSTNESS_ANALYSIS	CONTROLLED_ERROR_INJECTION
2026_all5mer	original_first100	5mers_A_RNA_sparse_seq_16	high_p_filter	Brier_modified	0.06956702674625673	0.0009204571063701923	-0.06864656963988654	POSTHOC_ROBUSTNESS_ANALYSIS	CONTROLLED_ERROR_INJECTION
2026_all5mer	original_first100	5mers_A_RNA_sparse_seq_17	high_p_filter	Brier_observed	0.06260801283694103	0.005468520326185391	-0.057139492510755646	POSTHOC_ROBUSTNESS_ANALYSIS	CONTROLLED_ERROR_INJECTION
2026_all5mer	original_first100	5mers_A_RNA_sparse_seq_17	high_p_filter	Brier_equal_class	0.0766317344246934	0.45914276786472485	0.38251103344003146	POSTHOC_ROBUSTNESS_ANALYSIS	CONTROLLED_ERROR_INJECTION
2026_all5mer	original_first100	5mers_A_RNA_sparse_seq_17	high_p_filter	Brier_control	0.09885847354363539	0.9175758361816406	0.8187173626380052	POSTHOC_ROBUSTNESS_ANALYSIS	CONTROLLED_ERROR_INJECTION
2026_all5mer	original_first100	5mers_A_RNA_sparse_seq_17	high_p_filter	Brier_modified	0.054404995305751394	0.0007096995478091033	-0.05369529575794229	POSTHOC_ROBUSTNESS_ANALYSIS	CONTROLLED_ERROR_INJECTION
2026_all5mer	original_first100	5mers_A_RNA_sparse_seq_18	high_p_filter	Brier_observed	0.058647905659471825	0.0022735926266146283	-0.0563743130328572	POSTHOC_ROBUSTNESS_ANALYSIS	CONTROLLED_ERROR_INJECTION
2026_all5mer	original_first100	5mers_A_RNA_sparse_seq_18	high_p_filter	Brier_equal_class	0.07009791791340428	0.4453297191196018	0.3752318012061975	POSTHOC_ROBUSTNESS_ANALYSIS	CONTROLLED_ERROR_INJECTION
2026_all5mer	original_first100	5mers_A_RNA_sparse_seq_18	high_p_filter	Brier_control	0.08979867429149394	0.8899269104003906	0.8001282361088967	POSTHOC_ROBUSTNESS_ANALYSIS	CONTROLLED_ERROR_INJECTION
2026_all5mer	original_first100	5mers_A_RNA_sparse_seq_18	high_p_filter	Brier_modified	0.050397161535314615	0.000732527838812934	-0.04966463369650168	POSTHOC_ROBUSTNESS_ANALYSIS	CONTROLLED_ERROR_INJECTION
2026_all5mer	original_first100	5mers_A_RNA_sparse_seq_19	high_p_filter	Brier_observed	0.06960945969246768	0.0035255877640995668	-0.06608387192836811	POSTHOC_ROBUSTNESS_ANALYSIS	CONTROLLED_ERROR_INJECTION
2026_all5mer	original_first100	5mers_A_RNA_sparse_seq_19	high_p_filter	Brier_equal_class	0.07552006963132205	0.4198431916289277	0.3443231219976056	POSTHOC_ROBUSTNESS_ANALYSIS	CONTROLLED_ERROR_INJECTION
2026_all5mer	original_first100	5mers_A_RNA_sparse_seq_19	high_p_filter	Brier_control	0.08420977385147758	0.8392219543457031	0.7550121804942256	POSTHOC_ROBUSTNESS_ANALYSIS	CONTROLLED_ERROR_INJECTION
2026_all5mer	original_first100	5mers_A_RNA_sparse_seq_19	high_p_filter	Brier_modified	0.06683036541116649	0.0004644289121523008	-0.06636593649901419	POSTHOC_ROBUSTNESS_ANALYSIS	CONTROLLED_ERROR_INJECTION
2026_all5mer	original_first100	5mers_A_RNA_sparse_seq_20	high_p_filter	Brier_observed	0.08856624081571858	0.01510008378462358	-0.073466157031095	POSTHOC_ROBUSTNESS_ANALYSIS	CONTROLLED_ERROR_INJECTION
2026_all5mer	original_first100	5mers_A_RNA_sparse_seq_20	high_p_filter	Brier_equal_class	0.10298147682897542	0.4373908294596254	0.33440935263064997	POSTHOC_ROBUSTNESS_ANALYSIS	CONTROLLED_ERROR_INJECTION
2026_all5mer	original_first100	5mers_A_RNA_sparse_seq_20	high_p_filter	Brier_control	0.13508106285417584	0.8739696078830295	0.7388885450288536	POSTHOC_ROBUSTNESS_ANALYSIS	CONTROLLED_ERROR_INJECTION
2026_all5mer	original_first100	5mers_A_RNA_sparse_seq_20	high_p_filter	Brier_modified	0.070881890803775	0.0008120510362212627	-0.07006983976755374	POSTHOC_ROBUSTNESS_ANALYSIS	CONTROLLED_ERROR_INJECTION
2026_all5mer	original_first100	5mers_A_RNA_sparse_seq_21	high_p_filter	Brier_observed	0.05815540179371707	0.012506270250737273	-0.045649131542979796	POSTHOC_ROBUSTNESS_ANALYSIS	CONTROLLED_ERROR_INJECTION
2026_all5mer	original_first100	5mers_A_RNA_sparse_seq_21	high_p_filter	Brier_equal_class	0.0736696890176593	0.4451415682799064	0.3714718792622471	POSTHOC_ROBUSTNESS_ANALYSIS	CONTROLLED_ERROR_INJECTION
2026_all5mer	original_first100	5mers_A_RNA_sparse_seq_21	high_p_filter	Brier_control	0.10146488429267625	0.8895492553710938	0.7880843710784176	POSTHOC_ROBUSTNESS_ANALYSIS	CONTROLLED_ERROR_INJECTION
2026_all5mer	original_first100	5mers_A_RNA_sparse_seq_21	high_p_filter	Brier_modified	0.04587449374264234	0.0007338811887190646	-0.04514061255392327	POSTHOC_ROBUSTNESS_ANALYSIS	CONTROLLED_ERROR_INJECTION
2026_all5mer	original_first100	5mers_A_RNA_sparse_seq_22	high_p_filter	Brier_observed	0.1120868663298778	0.01062448388230277	-0.10146238244757502	POSTHOC_ROBUSTNESS_ANALYSIS	CONTROLLED_ERROR_INJECTION
2026_all5mer	original_first100	5mers_A_RNA_sparse_seq_22	high_p_filter	Brier_equal_class	0.10867512752093073	0.4488473697991035	0.3401722422781728	POSTHOC_ROBUSTNESS_ANALYSIS	CONTROLLED_ERROR_INJECTION
2026_all5mer	original_first100	5mers_A_RNA_sparse_seq_22	high_p_filter	Brier_control	0.10069804037770917	0.8963203430175781	0.795622302639869	POSTHOC_ROBUSTNESS_ANALYSIS	CONTROLLED_ERROR_INJECTION
2026_all5mer	original_first100	5mers_A_RNA_sparse_seq_22	high_p_filter	Brier_modified	0.11665221466415229	0.0013743965806288757	-0.11527781808352341	POSTHOC_ROBUSTNESS_ANALYSIS	CONTROLLED_ERROR_INJECTION
2026_all5mer	original_first100	5mers_A_RNA_sparse_seq_23	high_p_filter	Brier_observed	0.0880836921451293	0.011646725785424174	-0.07643696635970512	POSTHOC_ROBUSTNESS_ANALYSIS	CONTROLLED_ERROR_INJECTION
2026_all5mer	original_first100	5mers_A_RNA_sparse_seq_23	high_p_filter	Brier_equal_class	0.09965533160128276	0.4475379831274431	0.3478826515261603	POSTHOC_ROBUSTNESS_ANALYSIS	CONTROLLED_ERROR_INJECTION
2026_all5mer	original_first100	5mers_A_RNA_sparse_seq_23	high_p_filter	Brier_control	0.12132184890680438	0.8940823872884115	0.7727605383816071	POSTHOC_ROBUSTNESS_ANALYSIS	CONTROLLED_ERROR_INJECTION
2026_all5mer	original_first100	5mers_A_RNA_sparse_seq_23	high_p_filter	Brier_modified	0.07798881429576116	0.000993578966474629	-0.07699523532928652	POSTHOC_ROBUSTNESS_ANALYSIS	CONTROLLED_ERROR_INJECTION
2026_all5mer	original_first100	5mers_A_RNA_sparse_seq_24	high_p_filter	Brier_observed	0.07636158820062244	0.005744467536322504	-0.07061712066429994	POSTHOC_ROBUSTNESS_ANALYSIS	CONTROLLED_ERROR_INJECTION
2026_all5mer	original_first100	5mers_A_RNA_sparse_seq_24	high_p_filter	Brier_equal_class	0.08903256878646729	0.44590782041359983	0.3568752516271325	POSTHOC_ROBUSTNESS_ANALYSIS	CONTROLLED_ERROR_INJECTION
2026_all5mer	original_first100	5mers_A_RNA_sparse_seq_24	high_p_filter	Brier_control	0.11523272386237757	0.8908729553222656	0.775640231459888	POSTHOC_ROBUSTNESS_ANALYSIS	CONTROLLED_ERROR_INJECTION
2026_all5mer	original_first100	5mers_A_RNA_sparse_seq_24	high_p_filter	Brier_modified	0.06283241371055702	0.0009426855049340247	-0.061889728205622996	POSTHOC_ROBUSTNESS_ANALYSIS	CONTROLLED_ERROR_INJECTION
2026_all5mer	original_first100	5mers_A_RNA_sparse_seq_25	high_p_filter	Brier_observed	0.09559696900424997	0.006043674381634661	-0.0895532946226153	POSTHOC_ROBUSTNESS_ANALYSIS	CONTROLLED_ERROR_INJECTION
2026_all5mer	original_first100	5mers_A_RNA_sparse_seq_25	high_p_filter	Brier_equal_class	0.09330193063487177	0.46325119077129695	0.36994926013642515	POSTHOC_ROBUSTNESS_ANALYSIS	CONTROLLED_ERROR_INJECTION
2026_all5mer	original_first100	5mers_A_RNA_sparse_seq_25	high_p_filter	Brier_control	0.08892049374787704	0.9257545471191406	0.8368340533712636	POSTHOC_ROBUSTNESS_ANALYSIS	CONTROLLED_ERROR_INJECTION
2026_all5mer	original_first100	5mers_A_RNA_sparse_seq_25	high_p_filter	Brier_modified	0.0976833675218665	0.000747834423453245	-0.09693553309841325	POSTHOC_ROBUSTNESS_ANALYSIS	CONTROLLED_ERROR_INJECTION
2026_all5mer	original_first100	5mers_A_RNA_sparse_seq_26	high_p_filter	Brier_observed	0.07339949040301334	0.004288821101872461	-0.06911066930114088	POSTHOC_ROBUSTNESS_ANALYSIS	CONTROLLED_ERROR_INJECTION
2026_all5mer	original_first100	5mers_A_RNA_sparse_seq_26	high_p_filter	Brier_equal_class	0.0712219455587276	0.43308061098182954	0.36185866542310197	POSTHOC_ROBUSTNESS_ANALYSIS	CONTROLLED_ERROR_INJECTION
2026_all5mer	original_first100	5mers_A_RNA_sparse_seq_26	high_p_filter	Brier_control	0.06714475206933167	0.8651771545410156	0.7980324024716839	POSTHOC_ROBUSTNESS_ANALYSIS	CONTROLLED_ERROR_INJECTION
2026_all5mer	original_first100	5mers_A_RNA_sparse_seq_26	high_p_filter	Brier_modified	0.07529913904812355	0.000984067422643504	-0.07431507162548004	POSTHOC_ROBUSTNESS_ANALYSIS	CONTROLLED_ERROR_INJECTION
2026_all5mer	original_first100	5mers_A_RNA_sparse_seq_27	high_p_filter	Brier_observed	0.060630672234149016	0.005085901263625293	-0.055544770970523724	POSTHOC_ROBUSTNESS_ANALYSIS	CONTROLLED_ERROR_INJECTION
2026_all5mer	original_first100	5mers_A_RNA_sparse_seq_27	high_p_filter	Brier_equal_class	0.06451695810611105	0.4381495088202768	0.3736325507141658	POSTHOC_ROBUSTNESS_ANALYSIS	CONTROLLED_ERROR_INJECTION
2026_all5mer	original_first100	5mers_A_RNA_sparse_seq_27	high_p_filter	Brier_control	0.07111682604305708	0.8756853739420573	0.8045685478990001	POSTHOC_ROBUSTNESS_ANALYSIS	CONTROLLED_ERROR_INJECTION
2026_all5mer	original_first100	5mers_A_RNA_sparse_seq_27	high_p_filter	Brier_modified	0.057917090169165006	0.0006136436984963613	-0.057303446470668644	POSTHOC_ROBUSTNESS_ANALYSIS	CONTROLLED_ERROR_INJECTION
2026_all5mer	original_first100	5mers_A_RNA_sparse_seq_28	high_p_filter	Brier_observed	0.06950543864389484	0.0022149967762041347	-0.0672904418676907	POSTHOC_ROBUSTNESS_ANALYSIS	CONTROLLED_ERROR_INJECTION
2026_all5mer	original_first100	5mers_A_RNA_sparse_seq_28	high_p_filter	Brier_equal_class	0.06498308459375379	0.4676170349121094	0.4026339503183556	POSTHOC_ROBUSTNESS_ANALYSIS	CONTROLLED_ERROR_INJECTION
2026_all5mer	original_first100	5mers_A_RNA_sparse_seq_28	high_p_filter	Brier_control	0.05769160795493944	0.9346961975097656	0.8770045895548262	POSTHOC_ROBUSTNESS_ANALYSIS	CONTROLLED_ERROR_INJECTION
2026_all5mer	original_first100	5mers_A_RNA_sparse_seq_28	high_p_filter	Brier_modified	0.07227456123256816	0.000537872314453125	-0.07173668891811504	POSTHOC_ROBUSTNESS_ANALYSIS	CONTROLLED_ERROR_INJECTION
2026_all5mer	original_first100	5mers_A_RNA_sparse_seq_29	high_p_filter	Brier_observed	0.05683383710329167	0.00357117191437752	-0.05326266518891415	POSTHOC_ROBUSTNESS_ANALYSIS	CONTROLLED_ERROR_INJECTION
2026_all5mer	original_first100	5mers_A_RNA_sparse_seq_29	high_p_filter	Brier_equal_class	0.07258809101150696	0.4552313425008533	0.3826432514893463	POSTHOC_ROBUSTNESS_ANALYSIS	CONTROLLED_ERROR_INJECTION
2026_all5mer	original_first100	5mers_A_RNA_sparse_seq_29	high_p_filter	Brier_control	0.09693069458007812	0.9098243713378906	0.8128936767578125	POSTHOC_ROBUSTNESS_ANALYSIS	CONTROLLED_ERROR_INJECTION
2026_all5mer	original_first100	5mers_A_RNA_sparse_seq_29	high_p_filter	Brier_modified	0.0482454874429358	0.0006383136638159891	-0.04760717377911981	POSTHOC_ROBUSTNESS_ANALYSIS	CONTROLLED_ERROR_INJECTION
2026_all5mer	original_first100	5mers_A_RNA_sparse_seq_30	high_p_filter	Brier_observed	0.07892871954502204	0.007054171354874321	-0.07187454819014771	POSTHOC_ROBUSTNESS_ANALYSIS	CONTROLLED_ERROR_INJECTION
2026_all5mer	original_first100	5mers_A_RNA_sparse_seq_30	high_p_filter	Brier_equal_class	0.07498653531421653	0.4520704935798673	0.3770839582656508	POSTHOC_ROBUSTNESS_ANALYSIS	CONTROLLED_ERROR_INJECTION
2026_all5mer	original_first100	5mers_A_RNA_sparse_seq_30	high_p_filter	Brier_control	0.06657596720691814	0.9029680887858073	0.8363921215788891	POSTHOC_ROBUSTNESS_ANALYSIS	CONTROLLED_ERROR_INJECTION
2026_all5mer	original_first100	5mers_A_RNA_sparse_seq_30	high_p_filter	Brier_modified	0.08339710342151492	0.001172898373927277	-0.08222420504758764	POSTHOC_ROBUSTNESS_ANALYSIS	CONTROLLED_ERROR_INJECTION
2026_all5mer	original_first100	5mers_A_RNA_sparse_seq_31	high_p_filter	Brier_observed	0.06106726471084116	0.00522383884410953	-0.05584342586673163	POSTHOC_ROBUSTNESS_ANALYSIS	CONTROLLED_ERROR_INJECTION
2026_all5mer	original_first100	5mers_A_RNA_sparse_seq_31	high_p_filter	Brier_equal_class	0.07588281471674961	0.45705919901529946	0.38117638429854983	POSTHOC_ROBUSTNESS_ANALYSIS	CONTROLLED_ERROR_INJECTION
2026_all5mer	original_first100	5mers_A_RNA_sparse_seq_31	high_p_filter	Brier_control	0.09798226388944249	0.9134356180826823	0.8154533541932397	POSTHOC_ROBUSTNESS_ANALYSIS	CONTROLLED_ERROR_INJECTION
2026_all5mer	original_first100	5mers_A_RNA_sparse_seq_31	high_p_filter	Brier_modified	0.05378336554405673	0.0006827799479166667	-0.05310058559614006	POSTHOC_ROBUSTNESS_ANALYSIS	CONTROLLED_ERROR_INJECTION
2026_all5mer	original_first100	5mers_A_RNA_sparse_seq_32	high_p_filter	Brier_observed	0.09894904794619065	0.006395374505332778	-0.09255367344085788	POSTHOC_ROBUSTNESS_ANALYSIS	CONTROLLED_ERROR_INJECTION
2026_all5mer	original_first100	5mers_A_RNA_sparse_seq_32	high_p_filter	Brier_equal_class	0.10688709219670883	0.4360601911660631	0.32917309896935426	POSTHOC_ROBUSTNESS_ANALYSIS	CONTROLLED_ERROR_INJECTION
2026_all5mer	original_first100	5mers_A_RNA_sparse_seq_32	high_p_filter	Brier_control	0.1245423975125165	0.8709754943847656	0.7464330968722491	POSTHOC_ROBUSTNESS_ANALYSIS	CONTROLLED_ERROR_INJECTION
2026_all5mer	original_first100	5mers_A_RNA_sparse_seq_32	high_p_filter	Brier_modified	0.08923178688090115	0.0011448879473605136	-0.08808689893354063	POSTHOC_ROBUSTNESS_ANALYSIS	CONTROLLED_ERROR_INJECTION
2026_all5mer	original_first100	ALL	high_p_filter	Brier_observed	0.07407758742004508	0.006599699312304462	-0.06747788810774062	POSTHOC_ROBUSTNESS_ANALYSIS	CONTROLLED_ERROR_INJECTION
2026_all5mer	original_first100	ALL	high_p_filter	Brier_equal_class	0.0813083601327412	0.4496669827355237	0.3683586226027825	POSTHOC_ROBUSTNESS_ANALYSIS	CONTROLLED_ERROR_INJECTION
2026_all5mer	original_first100	ALL	high_p_filter	Brier_control	0.09440975485398488	0.8985192435128349	0.80410948865885	POSTHOC_ROBUSTNESS_ANALYSIS	CONTROLLED_ERROR_INJECTION
2026_all5mer	original_first100	ALL	high_p_filter	Brier_modified	0.06820696541149752	0.0008147219582125355	-0.06739224345328498	POSTHOC_ROBUSTNESS_ANALYSIS	CONTROLLED_ERROR_INJECTION
2026_all5mer	original_first100	5mers_A_RNA_sparse_seq_01	missing_zero	Brier_observed	0.06657706984124	0.04960755624909141	-0.016969513592148586	POSTHOC_ROBUSTNESS_ANALYSIS	CONTROLLED_ERROR_INJECTION
2026_all5mer	original_first100	5mers_A_RNA_sparse_seq_01	missing_zero	Brier_equal_class	0.06734636391237343	0.0496985581509202	-0.017647805761453236	POSTHOC_ROBUSTNESS_ANALYSIS	CONTROLLED_ERROR_INJECTION
2026_all5mer	original_first100	5mers_A_RNA_sparse_seq_01	missing_zero	Brier_control	0.0689226786295573	0.023289806240207548	-0.04563287238934975	POSTHOC_ROBUSTNESS_ANALYSIS	CONTROLLED_ERROR_INJECTION
2026_all5mer	original_first100	5mers_A_RNA_sparse_seq_01	missing_zero	Brier_modified	0.06577004919518957	0.07610731006163285	0.010337260866443279	POSTHOC_ROBUSTNESS_ANALYSIS	CONTROLLED_ERROR_INJECTION
2026_all5mer	original_first100	5mers_A_RNA_sparse_seq_02	missing_zero	Brier_observed	0.07356487015679142	0.05215055979362985	-0.02141431036316157	POSTHOC_ROBUSTNESS_ANALYSIS	CONTROLLED_ERROR_INJECTION
2026_all5mer	original_first100	5mers_A_RNA_sparse_seq_02	missing_zero	Brier_equal_class	0.07644495541682217	0.052026589350180855	-0.024418366066641314	POSTHOC_ROBUSTNESS_ANALYSIS	CONTROLLED_ERROR_INJECTION
2026_all5mer	original_first100	5mers_A_RNA_sparse_seq_02	missing_zero	Brier_control	0.08194535354088092	0.02565630502224612	-0.0562890485186348	POSTHOC_ROBUSTNESS_ANALYSIS	CONTROLLED_ERROR_INJECTION
2026_all5mer	original_first100	5mers_A_RNA_sparse_seq_02	missing_zero	Brier_modified	0.07094455729276343	0.0783968736781156	0.007452316385352167	POSTHOC_ROBUSTNESS_ANALYSIS	CONTROLLED_ERROR_INJECTION
2026_all5mer	original_first100	5mers_A_RNA_sparse_seq_03	missing_zero	Brier_observed	0.07272062884266353	0.04656556447347005	-0.02615506436919348	POSTHOC_ROBUSTNESS_ANALYSIS	CONTROLLED_ERROR_INJECTION
2026_all5mer	original_first100	5mers_A_RNA_sparse_seq_03	missing_zero	Brier_equal_class	0.08532149845471053	0.04677439208359955	-0.03854710637111098	POSTHOC_ROBUSTNESS_ANALYSIS	CONTROLLED_ERROR_INJECTION
2026_all5mer	original_first100	5mers_A_RNA_sparse_seq_03	missing_zero	Brier_control	0.10681438940176692	0.027196803633959123	-0.0796175857678078	POSTHOC_ROBUSTNESS_ANALYSIS	CONTROLLED_ERROR_INJECTION
2026_all5mer	original_first100	5mers_A_RNA_sparse_seq_03	missing_zero	Brier_modified	0.06382860750765414	0.06635198053323997	0.0025233730255858344	POSTHOC_ROBUSTNESS_ANALYSIS	CONTROLLED_ERROR_INJECTION
2026_all5mer	original_first100	5mers_A_RNA_sparse_seq_04	missing_zero	Brier_observed	0.08030765587883121	0.05284950308603783	-0.02745815279279338	POSTHOC_ROBUSTNESS_ANALYSIS	CONTROLLED_ERROR_INJECTION
2026_all5mer	original_first100	5mers_A_RNA_sparse_seq_04	missing_zero	Brier_equal_class	0.09173840586411877	0.05338568104350608	-0.038352724820612694	POSTHOC_ROBUSTNESS_ANALYSIS	CONTROLLED_ERROR_INJECTION
2026_all5mer	original_first100	5mers_A_RNA_sparse_seq_04	missing_zero	Brier_control	0.11227768246490176	0.030361568752222432	-0.08191611371267933	POSTHOC_ROBUSTNESS_ANALYSIS	CONTROLLED_ERROR_INJECTION
2026_all5mer	original_first100	5mers_A_RNA_sparse_seq_04	missing_zero	Brier_modified	0.0711991292633358	0.07640979333478973	0.00521066407145393	POSTHOC_ROBUSTNESS_ANALYSIS	CONTROLLED_ERROR_INJECTION
2026_all5mer	original_first100	5mers_A_RNA_sparse_seq_05	missing_zero	Brier_observed	0.06839306480006167	0.04568105615595336	-0.022712008644108314	POSTHOC_ROBUSTNESS_ANALYSIS	CONTROLLED_ERROR_INJECTION
2026_all5mer	original_first100	5mers_A_RNA_sparse_seq_05	missing_zero	Brier_equal_class	0.08078760755605416	0.04556501709677527	-0.03522259045927889	POSTHOC_ROBUSTNESS_ANALYSIS	CONTROLLED_ERROR_INJECTION
2026_all5mer	original_first100	5mers_A_RNA_sparse_seq_05	missing_zero	Brier_control	0.10251235961914062	0.028298405091075354	-0.07421395452806527	POSTHOC_ROBUSTNESS_ANALYSIS	CONTROLLED_ERROR_INJECTION
2026_all5mer	original_first100	5mers_A_RNA_sparse_seq_05	missing_zero	Brier_modified	0.059062855492967706	0.06283162910247518	0.0037687736095074753	POSTHOC_ROBUSTNESS_ANALYSIS	CONTROLLED_ERROR_INJECTION
2026_all5mer	original_first100	5mers_A_RNA_sparse_seq_06	missing_zero	Brier_observed	0.0697671554361141	0.048451976299912485	-0.021315179136201616	POSTHOC_ROBUSTNESS_ANALYSIS	CONTROLLED_ERROR_INJECTION
2026_all5mer	original_first100	5mers_A_RNA_sparse_seq_06	missing_zero	Brier_equal_class	0.07315363237188753	0.048654406357078316	-0.024499226014809215	POSTHOC_ROBUSTNESS_ANALYSIS	CONTROLLED_ERROR_INJECTION
2026_all5mer	original_first100	5mers_A_RNA_sparse_seq_06	missing_zero	Brier_control	0.07939323219093117	0.022979527439878383	-0.056413704751052784	POSTHOC_ROBUSTNESS_ANALYSIS	CONTROLLED_ERROR_INJECTION
2026_all5mer	original_first100	5mers_A_RNA_sparse_seq_06	missing_zero	Brier_modified	0.0669140325528439	0.07432928527427825	0.007415252721434354	POSTHOC_ROBUSTNESS_ANALYSIS	CONTROLLED_ERROR_INJECTION
2026_all5mer	original_first100	5mers_A_RNA_sparse_seq_07	missing_zero	Brier_observed	0.08976177932376737	0.06074627176920573	-0.029015507554561643	POSTHOC_ROBUSTNESS_ANALYSIS	CONTROLLED_ERROR_INJECTION
2026_all5mer	original_first100	5mers_A_RNA_sparse_seq_07	missing_zero	Brier_equal_class	0.09895445323917904	0.06100400174960156	-0.03795045148957748	POSTHOC_ROBUSTNESS_ANALYSIS	CONTROLLED_ERROR_INJECTION
2026_all5mer	original_first100	5mers_A_RNA_sparse_seq_07	missing_zero	Brier_control	0.11454495881733141	0.028787754200122976	-0.08575720461720844	POSTHOC_ROBUSTNESS_ANALYSIS	CONTROLLED_ERROR_INJECTION
2026_all5mer	original_first100	5mers_A_RNA_sparse_seq_07	missing_zero	Brier_modified	0.08336394766102666	0.09322024929908014	0.009856301638053483	POSTHOC_ROBUSTNESS_ANALYSIS	CONTROLLED_ERROR_INJECTION
2026_all5mer	original_first100	5mers_A_RNA_sparse_seq_08	missing_zero	Brier_observed	0.07527573799174991	0.0523099543303544	-0.02296578366139551	POSTHOC_ROBUSTNESS_ANALYSIS	CONTROLLED_ERROR_INJECTION
2026_all5mer	original_first100	5mers_A_RNA_sparse_seq_08	missing_zero	Brier_equal_class	0.08165852831937827	0.05295780176032035	-0.02870072655905792	POSTHOC_ROBUSTNESS_ANALYSIS	CONTROLLED_ERROR_INJECTION
2026_all5mer	original_first100	5mers_A_RNA_sparse_seq_08	missing_zero	Brier_control	0.09210620837265186	0.021046091258449334	-0.07106011711420253	POSTHOC_ROBUSTNESS_ANALYSIS	CONTROLLED_ERROR_INJECTION
2026_all5mer	original_first100	5mers_A_RNA_sparse_seq_08	missing_zero	Brier_modified	0.07121084826610467	0.08486951226219136	0.013658663996086687	POSTHOC_ROBUSTNESS_ANALYSIS	CONTROLLED_ERROR_INJECTION
2026_all5mer	original_first100	5mers_A_RNA_sparse_seq_09	missing_zero	Brier_observed	0.07866434073348424	0.054829918798927034	-0.02383442193455721	POSTHOC_ROBUSTNESS_ANALYSIS	CONTROLLED_ERROR_INJECTION
2026_all5mer	original_first100	5mers_A_RNA_sparse_seq_09	missing_zero	Brier_equal_class	0.07984165061697152	0.054644760784269386	-0.02519688983270213	POSTHOC_ROBUSTNESS_ANALYSIS	CONTROLLED_ERROR_INJECTION
2026_all5mer	original_first100	5mers_A_RNA_sparse_seq_09	missing_zero	Brier_control	0.08199779668711298	0.024175980816716732	-0.05782181587039624	POSTHOC_ROBUSTNESS_ANALYSIS	CONTROLLED_ERROR_INJECTION
2026_all5mer	original_first100	5mers_A_RNA_sparse_seq_09	missing_zero	Brier_modified	0.07768550454683007	0.08511354075182204	0.007428036204991967	POSTHOC_ROBUSTNESS_ANALYSIS	CONTROLLED_ERROR_INJECTION
2026_all5mer	original_first100	5mers_A_RNA_sparse_seq_10	missing_zero	Brier_observed	0.055744410630298835	0.03415758537523674	-0.021586825255062093	POSTHOC_ROBUSTNESS_ANALYSIS	CONTROLLED_ERROR_INJECTION
2026_all5mer	original_first100	5mers_A_RNA_sparse_seq_10	missing_zero	Brier_equal_class	0.07299690395427522	0.03425758523794133	-0.03873931871633388	POSTHOC_ROBUSTNESS_ANALYSIS	CONTROLLED_ERROR_INJECTION
2026_all5mer	original_first100	5mers_A_RNA_sparse_seq_10	missing_zero	Brier_control	0.09953004885942508	0.02075760377282127	-0.0787724450866038	POSTHOC_ROBUSTNESS_ANALYSIS	CONTROLLED_ERROR_INJECTION
2026_all5mer	original_first100	5mers_A_RNA_sparse_seq_10	missing_zero	Brier_modified	0.04646375904912534	0.047757566703061395	0.0012938076539360521	POSTHOC_ROBUSTNESS_ANALYSIS	CONTROLLED_ERROR_INJECTION
2026_all5mer	original_first100	5mers_A_RNA_sparse_seq_11	missing_zero	Brier_observed	0.06944436142125081	0.049311028235154694	-0.020133333186096114	POSTHOC_ROBUSTNESS_ANALYSIS	CONTROLLED_ERROR_INJECTION
2026_all5mer	original_first100	5mers_A_RNA_sparse_seq_11	missing_zero	Brier_equal_class	0.07559416605028715	0.049279662975089414	-0.02631450307519774	POSTHOC_ROBUSTNESS_ANALYSIS	CONTROLLED_ERROR_INJECTION
2026_all5mer	original_first100	5mers_A_RNA_sparse_seq_11	missing_zero	Brier_control	0.08693506051828195	0.025630256885867987	-0.061304803632413966	POSTHOC_ROBUSTNESS_ANALYSIS	CONTROLLED_ERROR_INJECTION
2026_all5mer	original_first100	5mers_A_RNA_sparse_seq_11	missing_zero	Brier_modified	0.06425327158229237	0.07292906906431085	0.00867579748201848	POSTHOC_ROBUSTNESS_ANALYSIS	CONTROLLED_ERROR_INJECTION
2026_all5mer	original_first100	5mers_A_RNA_sparse_seq_12	missing_zero	Brier_observed	0.06708016333641945	0.04653063226253428	-0.020549531073885165	POSTHOC_ROBUSTNESS_ANALYSIS	CONTROLLED_ERROR_INJECTION
2026_all5mer	original_first100	5mers_A_RNA_sparse_seq_12	missing_zero	Brier_equal_class	0.08503244216930479	0.04674705502955802	-0.038285387139746774	POSTHOC_ROBUSTNESS_ANALYSIS	CONTROLLED_ERROR_INJECTION
2026_all5mer	original_first100	5mers_A_RNA_sparse_seq_12	missing_zero	Brier_control	0.11541322173264923	0.02866373049601932	-0.08674949123662991	POSTHOC_ROBUSTNESS_ANALYSIS	CONTROLLED_ERROR_INJECTION
2026_all5mer	original_first100	5mers_A_RNA_sparse_seq_12	missing_zero	Brier_modified	0.054651662605960355	0.06483037956309672	0.01017871695713636	POSTHOC_ROBUSTNESS_ANALYSIS	CONTROLLED_ERROR_INJECTION
2026_all5mer	original_first100	5mers_A_RNA_sparse_seq_13	missing_zero	Brier_observed	0.06075650747992205	0.04136829286190761	-0.01938821461801444	POSTHOC_ROBUSTNESS_ANALYSIS	CONTROLLED_ERROR_INJECTION
2026_all5mer	original_first100	5mers_A_RNA_sparse_seq_13	missing_zero	Brier_equal_class	0.07044172643207768	0.04132565496305316	-0.029116071469024514	POSTHOC_ROBUSTNESS_ANALYSIS	CONTROLLED_ERROR_INJECTION
2026_all5mer	original_first100	5mers_A_RNA_sparse_seq_13	missing_zero	Brier_control	0.08611354608645384	0.020248320296004013	-0.06586522579044983	POSTHOC_ROBUSTNESS_ANALYSIS	CONTROLLED_ERROR_INJECTION
2026_all5mer	original_first100	5mers_A_RNA_sparse_seq_13	missing_zero	Brier_modified	0.054769906777701514	0.06240298963010231	0.007633082852400795	POSTHOC_ROBUSTNESS_ANALYSIS	CONTROLLED_ERROR_INJECTION
2026_all5mer	original_first100	5mers_A_RNA_sparse_seq_14	missing_zero	Brier_observed	0.05551081939793739	0.03896398911596453	-0.01654683028197286	POSTHOC_ROBUSTNESS_ANALYSIS	CONTROLLED_ERROR_INJECTION
2026_all5mer	original_first100	5mers_A_RNA_sparse_seq_14	missing_zero	Brier_equal_class	0.06083780146779287	0.038633221046395466	-0.022204580421397405	POSTHOC_ROBUSTNESS_ANALYSIS	CONTROLLED_ERROR_INJECTION
2026_all5mer	original_first100	5mers_A_RNA_sparse_seq_14	missing_zero	Brier_control	0.06972234625565378	0.017877524680936868	-0.05184482157471691	POSTHOC_ROBUSTNESS_ANALYSIS	CONTROLLED_ERROR_INJECTION
2026_all5mer	original_first100	5mers_A_RNA_sparse_seq_14	missing_zero	Brier_modified	0.05195325667993196	0.059388917411854064	0.007435660731922103	POSTHOC_ROBUSTNESS_ANALYSIS	CONTROLLED_ERROR_INJECTION
2026_all5mer	original_first100	5mers_A_RNA_sparse_seq_15	missing_zero	Brier_observed	0.09432646458251003	0.06959009745034826	-0.024736367132161763	POSTHOC_ROBUSTNESS_ANALYSIS	CONTROLLED_ERROR_INJECTION
2026_all5mer	original_first100	5mers_A_RNA_sparse_seq_15	missing_zero	Brier_equal_class	0.0969355172312924	0.06934707092504697	-0.027588446306245434	POSTHOC_ROBUSTNESS_ANALYSIS	CONTROLLED_ERROR_INJECTION
2026_all5mer	original_first100	5mers_A_RNA_sparse_seq_15	missing_zero	Brier_control	0.1027159183583361	0.03909026852503479	-0.06362564983330131	POSTHOC_ROBUSTNESS_ANALYSIS	CONTROLLED_ERROR_INJECTION
2026_all5mer	original_first100	5mers_A_RNA_sparse_seq_15	missing_zero	Brier_modified	0.0911551161042487	0.09960387332505914	0.00844875722081044	POSTHOC_ROBUSTNESS_ANALYSIS	CONTROLLED_ERROR_INJECTION
2026_all5mer	original_first100	5mers_A_RNA_sparse_seq_16	missing_zero	Brier_observed	0.07250681534189309	0.05461738538708929	-0.017889429954803797	POSTHOC_ROBUSTNESS_ANALYSIS	CONTROLLED_ERROR_INJECTION
2026_all5mer	original_first100	5mers_A_RNA_sparse_seq_16	missing_zero	Brier_equal_class	0.07482034615571254	0.054118148489014334	-0.020702197666698202	POSTHOC_ROBUSTNESS_ANALYSIS	CONTROLLED_ERROR_INJECTION
2026_all5mer	original_first100	5mers_A_RNA_sparse_seq_16	missing_zero	Brier_control	0.08007366556516836	0.0323483940547764	-0.04772527151039196	POSTHOC_ROBUSTNESS_ANALYSIS	CONTROLLED_ERROR_INJECTION
2026_all5mer	original_first100	5mers_A_RNA_sparse_seq_16	missing_zero	Brier_modified	0.06956702674625673	0.07588790292325227	0.006320876176995546	POSTHOC_ROBUSTNESS_ANALYSIS	CONTROLLED_ERROR_INJECTION
2026_all5mer	original_first100	5mers_A_RNA_sparse_seq_17	missing_zero	Brier_observed	0.06260801283694103	0.04351295532801591	-0.019095057508925123	POSTHOC_ROBUSTNESS_ANALYSIS	CONTROLLED_ERROR_INJECTION
2026_all5mer	original_first100	5mers_A_RNA_sparse_seq_17	missing_zero	Brier_equal_class	0.0766317344246934	0.04342768856187064	-0.03320404586282276	POSTHOC_ROBUSTNESS_ANALYSIS	CONTROLLED_ERROR_INJECTION
2026_all5mer	original_first100	5mers_A_RNA_sparse_seq_17	missing_zero	Brier_control	0.09885847354363539	0.022309952813225824	-0.07654852073040956	POSTHOC_ROBUSTNESS_ANALYSIS	CONTROLLED_ERROR_INJECTION
2026_all5mer	original_first100	5mers_A_RNA_sparse_seq_17	missing_zero	Brier_modified	0.054404995305751394	0.06454542431051545	0.010140429004764057	POSTHOC_ROBUSTNESS_ANALYSIS	CONTROLLED_ERROR_INJECTION
2026_all5mer	original_first100	5mers_A_RNA_sparse_seq_18	missing_zero	Brier_observed	0.058647905659471825	0.038647823562927654	-0.02000008209654417	POSTHOC_ROBUSTNESS_ANALYSIS	CONTROLLED_ERROR_INJECTION
2026_all5mer	original_first100	5mers_A_RNA_sparse_seq_18	missing_zero	Brier_equal_class	0.07009791791340428	0.038771666226504284	-0.031326251686899995	POSTHOC_ROBUSTNESS_ANALYSIS	CONTROLLED_ERROR_INJECTION
2026_all5mer	original_first100	5mers_A_RNA_sparse_seq_18	missing_zero	Brier_control	0.08979867429149394	0.02331197372335472	-0.06648670056813921	POSTHOC_ROBUSTNESS_ANALYSIS	CONTROLLED_ERROR_INJECTION
2026_all5mer	original_first100	5mers_A_RNA_sparse_seq_18	missing_zero	Brier_modified	0.050397161535314615	0.05423135872965385	0.0038341971943392367	POSTHOC_ROBUSTNESS_ANALYSIS	CONTROLLED_ERROR_INJECTION
2026_all5mer	original_first100	5mers_A_RNA_sparse_seq_19	missing_zero	Brier_observed	0.06960945969246768	0.04731462776137718	-0.022294831931090497	POSTHOC_ROBUSTNESS_ANALYSIS	CONTROLLED_ERROR_INJECTION
2026_all5mer	original_first100	5mers_A_RNA_sparse_seq_19	missing_zero	Brier_equal_class	0.07552006963132205	0.04755211513047798	-0.027967954500844064	POSTHOC_ROBUSTNESS_ANALYSIS	CONTROLLED_ERROR_INJECTION
2026_all5mer	original_first100	5mers_A_RNA_sparse_seq_19	missing_zero	Brier_control	0.08420977385147758	0.015577679345179498	-0.06863209450629809	POSTHOC_ROBUSTNESS_ANALYSIS	CONTROLLED_ERROR_INJECTION
2026_all5mer	original_first100	5mers_A_RNA_sparse_seq_19	missing_zero	Brier_modified	0.06683036541116649	0.07952655091577647	0.012696185504609978	POSTHOC_ROBUSTNESS_ANALYSIS	CONTROLLED_ERROR_INJECTION
2026_all5mer	original_first100	5mers_A_RNA_sparse_seq_20	missing_zero	Brier_observed	0.08856624081571858	0.06682836034367141	-0.021737880472047166	POSTHOC_ROBUSTNESS_ANALYSIS	CONTROLLED_ERROR_INJECTION
2026_all5mer	original_first100	5mers_A_RNA_sparse_seq_20	missing_zero	Brier_equal_class	0.10298147682897542	0.06684987182918346	-0.036131604999791955	POSTHOC_ROBUSTNESS_ANALYSIS	CONTROLLED_ERROR_INJECTION
2026_all5mer	original_first100	5mers_A_RNA_sparse_seq_20	missing_zero	Brier_control	0.13508106285417584	0.05054416581104867	-0.08453689704312717	POSTHOC_ROBUSTNESS_ANALYSIS	CONTROLLED_ERROR_INJECTION
2026_all5mer	original_first100	5mers_A_RNA_sparse_seq_20	missing_zero	Brier_modified	0.070881890803775	0.08315557784731827	0.012273687043543272	POSTHOC_ROBUSTNESS_ANALYSIS	CONTROLLED_ERROR_INJECTION
2026_all5mer	original_first100	5mers_A_RNA_sparse_seq_21	missing_zero	Brier_observed	0.05815540179371707	0.040327740987141925	-0.017827660806575142	POSTHOC_ROBUSTNESS_ANALYSIS	CONTROLLED_ERROR_INJECTION
2026_all5mer	original_first100	5mers_A_RNA_sparse_seq_21	missing_zero	Brier_equal_class	0.0736696890176593	0.040571915460235294	-0.03309777355742401	POSTHOC_ROBUSTNESS_ANALYSIS	CONTROLLED_ERROR_INJECTION
2026_all5mer	original_first100	5mers_A_RNA_sparse_seq_21	missing_zero	Brier_control	0.10146488429267625	0.027491140115947624	-0.07397374417672863	POSTHOC_ROBUSTNESS_ANALYSIS	CONTROLLED_ERROR_INJECTION
2026_all5mer	original_first100	5mers_A_RNA_sparse_seq_21	missing_zero	Brier_modified	0.04587449374264234	0.05365269080452297	0.007778197061880633	POSTHOC_ROBUSTNESS_ANALYSIS	CONTROLLED_ERROR_INJECTION
2026_all5mer	original_first100	5mers_A_RNA_sparse_seq_22	missing_zero	Brier_observed	0.1120868663298778	0.08261311447227394	-0.029473751857603855	POSTHOC_ROBUSTNESS_ANALYSIS	CONTROLLED_ERROR_INJECTION
2026_all5mer	original_first100	5mers_A_RNA_sparse_seq_22	missing_zero	Brier_equal_class	0.10867512752093073	0.08395282032989343	-0.024722307191037296	POSTHOC_ROBUSTNESS_ANALYSIS	CONTROLLED_ERROR_INJECTION
2026_all5mer	original_first100	5mers_A_RNA_sparse_seq_22	missing_zero	Brier_control	0.10069804037770917	0.0375096839324177	-0.06318835644529147	POSTHOC_ROBUSTNESS_ANALYSIS	CONTROLLED_ERROR_INJECTION
2026_all5mer	original_first100	5mers_A_RNA_sparse_seq_22	missing_zero	Brier_modified	0.11665221466415229	0.13039595672736917	0.01374374206321688	POSTHOC_ROBUSTNESS_ANALYSIS	CONTROLLED_ERROR_INJECTION
2026_all5mer	original_first100	5mers_A_RNA_sparse_seq_23	missing_zero	Brier_observed	0.0880836921451293	0.06197766184017358	-0.026106030304955723	POSTHOC_ROBUSTNESS_ANALYSIS	CONTROLLED_ERROR_INJECTION
2026_all5mer	original_first100	5mers_A_RNA_sparse_seq_23	missing_zero	Brier_equal_class	0.09965533160128276	0.06178146262946637	-0.03787386897181639	POSTHOC_ROBUSTNESS_ANALYSIS	CONTROLLED_ERROR_INJECTION
2026_all5mer	original_first100	5mers_A_RNA_sparse_seq_23	missing_zero	Brier_control	0.12132184890680438	0.03709306194880935	-0.08422878695799503	POSTHOC_ROBUSTNESS_ANALYSIS	CONTROLLED_ERROR_INJECTION
2026_all5mer	original_first100	5mers_A_RNA_sparse_seq_23	missing_zero	Brier_modified	0.07798881429576116	0.0864698633101234	0.008481049014362238	POSTHOC_ROBUSTNESS_ANALYSIS	CONTROLLED_ERROR_INJECTION
2026_all5mer	original_first100	5mers_A_RNA_sparse_seq_24	missing_zero	Brier_observed	0.07636158820062244	0.054716447111848115	-0.021645141088774328	POSTHOC_ROBUSTNESS_ANALYSIS	CONTROLLED_ERROR_INJECTION
2026_all5mer	original_first100	5mers_A_RNA_sparse_seq_24	missing_zero	Brier_equal_class	0.08903256878646729	0.054623883653737666	-0.03440868513272962	POSTHOC_ROBUSTNESS_ANALYSIS	CONTROLLED_ERROR_INJECTION
2026_all5mer	original_first100	5mers_A_RNA_sparse_seq_24	missing_zero	Brier_control	0.11523272386237757	0.04036911110472835	-0.07486361275764922	POSTHOC_ROBUSTNESS_ANALYSIS	CONTROLLED_ERROR_INJECTION
2026_all5mer	original_first100	5mers_A_RNA_sparse_seq_24	missing_zero	Brier_modified	0.06283241371055702	0.06887865620274698	0.006046242492189963	POSTHOC_ROBUSTNESS_ANALYSIS	CONTROLLED_ERROR_INJECTION
2026_all5mer	original_first100	5mers_A_RNA_sparse_seq_25	missing_zero	Brier_observed	0.09559696900424997	0.07070246446852715	-0.02489450453572281	POSTHOC_ROBUSTNESS_ANALYSIS	CONTROLLED_ERROR_INJECTION
2026_all5mer	original_first100	5mers_A_RNA_sparse_seq_25	missing_zero	Brier_equal_class	0.09330193063487177	0.07047227856084518	-0.022829652074026596	POSTHOC_ROBUSTNESS_ANALYSIS	CONTROLLED_ERROR_INJECTION
2026_all5mer	original_first100	5mers_A_RNA_sparse_seq_25	missing_zero	Brier_control	0.08892049374787704	0.027600153255076542	-0.061320340492800496	POSTHOC_ROBUSTNESS_ANALYSIS	CONTROLLED_ERROR_INJECTION
2026_all5mer	original_first100	5mers_A_RNA_sparse_seq_25	missing_zero	Brier_modified	0.0976833675218665	0.11334440386661382	0.015661036344747317	POSTHOC_ROBUSTNESS_ANALYSIS	CONTROLLED_ERROR_INJECTION
2026_all5mer	original_first100	5mers_A_RNA_sparse_seq_26	missing_zero	Brier_observed	0.07339949040301334	0.04883290992400675	-0.024566580479006596	POSTHOC_ROBUSTNESS_ANALYSIS	CONTROLLED_ERROR_INJECTION
2026_all5mer	original_first100	5mers_A_RNA_sparse_seq_26	missing_zero	Brier_equal_class	0.0712219455587276	0.04860929486228639	-0.02261265069644121	POSTHOC_ROBUSTNESS_ANALYSIS	CONTROLLED_ERROR_INJECTION
2026_all5mer	original_first100	5mers_A_RNA_sparse_seq_26	missing_zero	Brier_control	0.06714475206933167	0.02069468132419509	-0.046450070745136574	POSTHOC_ROBUSTNESS_ANALYSIS	CONTROLLED_ERROR_INJECTION
2026_all5mer	original_first100	5mers_A_RNA_sparse_seq_26	missing_zero	Brier_modified	0.07529913904812355	0.07652390840037769	0.001224769352254143	POSTHOC_ROBUSTNESS_ANALYSIS	CONTROLLED_ERROR_INJECTION
2026_all5mer	original_first100	5mers_A_RNA_sparse_seq_27	missing_zero	Brier_observed	0.060630672234149016	0.04239219575534486	-0.01823847647880416	POSTHOC_ROBUSTNESS_ANALYSIS	CONTROLLED_ERROR_INJECTION
2026_all5mer	original_first100	5mers_A_RNA_sparse_seq_27	missing_zero	Brier_equal_class	0.06451695810611105	0.04202758686817275	-0.022489371237938302	POSTHOC_ROBUSTNESS_ANALYSIS	CONTROLLED_ERROR_INJECTION
2026_all5mer	original_first100	5mers_A_RNA_sparse_seq_27	missing_zero	Brier_control	0.07111682604305708	0.01884453845881273	-0.05227228758424435	POSTHOC_ROBUSTNESS_ANALYSIS	CONTROLLED_ERROR_INJECTION
2026_all5mer	original_first100	5mers_A_RNA_sparse_seq_27	missing_zero	Brier_modified	0.057917090169165006	0.06521063527753276	0.007293545108367758	POSTHOC_ROBUSTNESS_ANALYSIS	CONTROLLED_ERROR_INJECTION
2026_all5mer	original_first100	5mers_A_RNA_sparse_seq_28	missing_zero	Brier_observed	0.06950543864389484	0.058217051201787134	-0.011288387442107709	POSTHOC_ROBUSTNESS_ANALYSIS	CONTROLLED_ERROR_INJECTION
2026_all5mer	original_first100	5mers_A_RNA_sparse_seq_28	missing_zero	Brier_equal_class	0.06498308459375379	0.058217051201787134	-0.006766033391966658	POSTHOC_ROBUSTNESS_ANALYSIS	CONTROLLED_ERROR_INJECTION
2026_all5mer	original_first100	5mers_A_RNA_sparse_seq_28	missing_zero	Brier_control	0.05769160795493944	0.013069546574242313	-0.044622061380697124	POSTHOC_ROBUSTNESS_ANALYSIS	CONTROLLED_ERROR_INJECTION
2026_all5mer	original_first100	5mers_A_RNA_sparse_seq_28	missing_zero	Brier_modified	0.07227456123256816	0.10336455582933196	0.0310899945967638	POSTHOC_ROBUSTNESS_ANALYSIS	CONTROLLED_ERROR_INJECTION
2026_all5mer	original_first100	5mers_A_RNA_sparse_seq_29	missing_zero	Brier_observed	0.05683383710329167	0.03562760495853995	-0.021206232144751723	POSTHOC_ROBUSTNESS_ANALYSIS	CONTROLLED_ERROR_INJECTION
2026_all5mer	original_first100	5mers_A_RNA_sparse_seq_29	missing_zero	Brier_equal_class	0.07258809101150696	0.03567786783338071	-0.03691022317812625	POSTHOC_ROBUSTNESS_ANALYSIS	CONTROLLED_ERROR_INJECTION
2026_all5mer	original_first100	5mers_A_RNA_sparse_seq_29	missing_zero	Brier_control	0.09693069458007812	0.02056884765625	-0.07636184692382812	POSTHOC_ROBUSTNESS_ANALYSIS	CONTROLLED_ERROR_INJECTION
2026_all5mer	original_first100	5mers_A_RNA_sparse_seq_29	missing_zero	Brier_modified	0.0482454874429358	0.05078688801051141	0.0025414005675756107	POSTHOC_ROBUSTNESS_ANALYSIS	CONTROLLED_ERROR_INJECTION
2026_all5mer	original_first100	5mers_A_RNA_sparse_seq_30	missing_zero	Brier_observed	0.07892871954502204	0.05818869969616198	-0.020740019848860057	POSTHOC_ROBUSTNESS_ANALYSIS	CONTROLLED_ERROR_INJECTION
2026_all5mer	original_first100	5mers_A_RNA_sparse_seq_30	missing_zero	Brier_equal_class	0.07498653531421653	0.058476769906982556	-0.01650976540723398	POSTHOC_ROBUSTNESS_ANALYSIS	CONTROLLED_ERROR_INJECTION
2026_all5mer	original_first100	5mers_A_RNA_sparse_seq_30	missing_zero	Brier_control	0.06657596720691814	0.023428227590477985	-0.04314773961644015	POSTHOC_ROBUSTNESS_ANALYSIS	CONTROLLED_ERROR_INJECTION
2026_all5mer	original_first100	5mers_A_RNA_sparse_seq_30	missing_zero	Brier_modified	0.08339710342151492	0.09352531222348713	0.01012820880197221	POSTHOC_ROBUSTNESS_ANALYSIS	CONTROLLED_ERROR_INJECTION
2026_all5mer	original_first100	5mers_A_RNA_sparse_seq_31	missing_zero	Brier_observed	0.06106726471084116	0.043589880241058795	-0.017477384469782364	POSTHOC_ROBUSTNESS_ANALYSIS	CONTROLLED_ERROR_INJECTION
2026_all5mer	original_first100	5mers_A_RNA_sparse_seq_31	missing_zero	Brier_equal_class	0.07588281471674961	0.0434292824685642	-0.03245353224818541	POSTHOC_ROBUSTNESS_ANALYSIS	CONTROLLED_ERROR_INJECTION
2026_all5mer	original_first100	5mers_A_RNA_sparse_seq_31	missing_zero	Brier_control	0.09798226388944249	0.019307497039876737	-0.07867476684956576	POSTHOC_ROBUSTNESS_ANALYSIS	CONTROLLED_ERROR_INJECTION
2026_all5mer	original_first100	5mers_A_RNA_sparse_seq_31	missing_zero	Brier_modified	0.05378336554405673	0.06755106789725167	0.013767702353194938	POSTHOC_ROBUSTNESS_ANALYSIS	CONTROLLED_ERROR_INJECTION
2026_all5mer	original_first100	5mers_A_RNA_sparse_seq_32	missing_zero	Brier_observed	0.09894904794619065	0.07026431649763953	-0.028684731448551118	POSTHOC_ROBUSTNESS_ANALYSIS	CONTROLLED_ERROR_INJECTION
2026_all5mer	original_first100	5mers_A_RNA_sparse_seq_32	missing_zero	Brier_equal_class	0.10688709219670883	0.07017328686432456	-0.036713805332384275	POSTHOC_ROBUSTNESS_ANALYSIS	CONTROLLED_ERROR_INJECTION
2026_all5mer	original_first100	5mers_A_RNA_sparse_seq_32	missing_zero	Brier_control	0.1245423975125165	0.047476564957791526	-0.07706583255472498	POSTHOC_ROBUSTNESS_ANALYSIS	CONTROLLED_ERROR_INJECTION
2026_all5mer	original_first100	5mers_A_RNA_sparse_seq_32	missing_zero	Brier_modified	0.08923178688090115	0.0928700087708576	0.003638221889956453	POSTHOC_ROBUSTNESS_ANALYSIS	CONTROLLED_ERROR_INJECTION
2026_all5mer	original_first100	ALL	missing_zero	Brier_observed	0.07407758742004508	0.05189098064335364	-0.022186606776691445	POSTHOC_ROBUSTNESS_ANALYSIS	CONTROLLED_ERROR_INJECTION
2026_all5mer	original_first100	ALL	missing_zero	Brier_equal_class	0.0813083601327412	0.05192392384301834	-0.029384436289722864	POSTHOC_ROBUSTNESS_ANALYSIS	CONTROLLED_ERROR_INJECTION
2026_all5mer	original_first100	ALL	missing_zero	Brier_control	0.09440975485398488	0.02693363090371968	-0.0674761239502652	POSTHOC_ROBUSTNESS_ANALYSIS	CONTROLLED_ERROR_INJECTION
2026_all5mer	original_first100	ALL	missing_zero	Brier_modified	0.06820696541149752	0.076914216782317	0.008707251370819472	POSTHOC_ROBUSTNESS_ANALYSIS	CONTROLLED_ERROR_INJECTION
2026_all5mer	original_first100	5mers_A_RNA_sparse_seq_01	site_mean_as_read	Brier_observed	0.06657706984124	0.023855434374983383	-0.04272163546625661	POSTHOC_ROBUSTNESS_ANALYSIS	CONTROLLED_ERROR_INJECTION
2026_all5mer	original_first100	5mers_A_RNA_sparse_seq_01	site_mean_as_read	Brier_equal_class	0.06734636391237343	0.028148954631523736	-0.03919740928084969	POSTHOC_ROBUSTNESS_ANALYSIS	CONTROLLED_ERROR_INJECTION
2026_all5mer	original_first100	5mers_A_RNA_sparse_seq_01	site_mean_as_read	Brier_control	0.0689226786295573	0.03694655157509576	-0.03197612705446154	POSTHOC_ROBUSTNESS_ANALYSIS	CONTROLLED_ERROR_INJECTION
2026_all5mer	original_first100	5mers_A_RNA_sparse_seq_01	site_mean_as_read	Brier_modified	0.06577004919518957	0.019351357687951716	-0.046418691507237854	POSTHOC_ROBUSTNESS_ANALYSIS	CONTROLLED_ERROR_INJECTION
2026_all5mer	original_first100	5mers_A_RNA_sparse_seq_02	site_mean_as_read	Brier_observed	0.07356487015679142	0.03061896419542087	-0.042945905961370545	POSTHOC_ROBUSTNESS_ANALYSIS	CONTROLLED_ERROR_INJECTION
2026_all5mer	original_first100	5mers_A_RNA_sparse_seq_02	site_mean_as_read	Brier_equal_class	0.07644495541682217	0.03357439915066506	-0.04287055626615711	POSTHOC_ROBUSTNESS_ANALYSIS	CONTROLLED_ERROR_INJECTION
2026_all5mer	original_first100	5mers_A_RNA_sparse_seq_02	site_mean_as_read	Brier_control	0.08194535354088092	0.03921870041813143	-0.042726653122749494	POSTHOC_ROBUSTNESS_ANALYSIS	CONTROLLED_ERROR_INJECTION
2026_all5mer	original_first100	5mers_A_RNA_sparse_seq_02	site_mean_as_read	Brier_modified	0.07094455729276343	0.0279300978831987	-0.043014459409564734	POSTHOC_ROBUSTNESS_ANALYSIS	CONTROLLED_ERROR_INJECTION
2026_all5mer	original_first100	5mers_A_RNA_sparse_seq_03	site_mean_as_read	Brier_observed	0.07272062884266353	0.025252312233113416	-0.047468316609550115	POSTHOC_ROBUSTNESS_ANALYSIS	CONTROLLED_ERROR_INJECTION
2026_all5mer	original_first100	5mers_A_RNA_sparse_seq_03	site_mean_as_read	Brier_equal_class	0.08532149845471053	0.035425317303815276	-0.04989618115089525	POSTHOC_ROBUSTNESS_ANALYSIS	CONTROLLED_ERROR_INJECTION
2026_all5mer	original_first100	5mers_A_RNA_sparse_seq_03	site_mean_as_read	Brier_control	0.10681438940176692	0.05277707915201425	-0.05403731024975267	POSTHOC_ROBUSTNESS_ANALYSIS	CONTROLLED_ERROR_INJECTION
2026_all5mer	original_first100	5mers_A_RNA_sparse_seq_03	site_mean_as_read	Brier_modified	0.06382860750765414	0.018073555455616307	-0.04575505205203783	POSTHOC_ROBUSTNESS_ANALYSIS	CONTROLLED_ERROR_INJECTION
2026_all5mer	original_first100	5mers_A_RNA_sparse_seq_04	site_mean_as_read	Brier_observed	0.08030765587883121	0.03225989898625153	-0.04804775689257968	POSTHOC_ROBUSTNESS_ANALYSIS	CONTROLLED_ERROR_INJECTION
2026_all5mer	original_first100	5mers_A_RNA_sparse_seq_04	site_mean_as_read	Brier_equal_class	0.09173840586411877	0.0441021508170603	-0.04763625504705847	POSTHOC_ROBUSTNESS_ANALYSIS	CONTROLLED_ERROR_INJECTION
2026_all5mer	original_first100	5mers_A_RNA_sparse_seq_04	site_mean_as_read	Brier_control	0.11227768246490176	0.06538083211462795	-0.046896850350273814	POSTHOC_ROBUSTNESS_ANALYSIS	CONTROLLED_ERROR_INJECTION
2026_all5mer	original_first100	5mers_A_RNA_sparse_seq_04	site_mean_as_read	Brier_modified	0.0711991292633358	0.022823469519492663	-0.048375659743843134	POSTHOC_ROBUSTNESS_ANALYSIS	CONTROLLED_ERROR_INJECTION
2026_all5mer	original_first100	5mers_A_RNA_sparse_seq_05	site_mean_as_read	Brier_observed	0.06839306480006167	0.026612312128365137	-0.041780752671696536	POSTHOC_ROBUSTNESS_ANALYSIS	CONTROLLED_ERROR_INJECTION
2026_all5mer	original_first100	5mers_A_RNA_sparse_seq_05	site_mean_as_read	Brier_equal_class	0.08078760755605416	0.036637877347065625	-0.04414973020898853	POSTHOC_ROBUSTNESS_ANALYSIS	CONTROLLED_ERROR_INJECTION
2026_all5mer	original_first100	5mers_A_RNA_sparse_seq_05	site_mean_as_read	Brier_control	0.10251235961914062	0.05421036250899452	-0.04830199711014611	POSTHOC_ROBUSTNESS_ANALYSIS	CONTROLLED_ERROR_INJECTION
2026_all5mer	original_first100	5mers_A_RNA_sparse_seq_05	site_mean_as_read	Brier_modified	0.059062855492967706	0.01906539218513673	-0.03999746330783098	POSTHOC_ROBUSTNESS_ANALYSIS	CONTROLLED_ERROR_INJECTION
2026_all5mer	original_first100	5mers_A_RNA_sparse_seq_06	site_mean_as_read	Brier_observed	0.0697671554361141	0.023167599926852408	-0.04659955550926169	POSTHOC_ROBUSTNESS_ANALYSIS	CONTROLLED_ERROR_INJECTION
2026_all5mer	original_first100	5mers_A_RNA_sparse_seq_06	site_mean_as_read	Brier_equal_class	0.07315363237188753	0.027175940171093343	-0.04597769220079419	POSTHOC_ROBUSTNESS_ANALYSIS	CONTROLLED_ERROR_INJECTION
2026_all5mer	original_first100	5mers_A_RNA_sparse_seq_06	site_mean_as_read	Brier_control	0.07939323219093117	0.034561326086004054	-0.04483190610492711	POSTHOC_ROBUSTNESS_ANALYSIS	CONTROLLED_ERROR_INJECTION
2026_all5mer	original_first100	5mers_A_RNA_sparse_seq_06	site_mean_as_read	Brier_modified	0.0669140325528439	0.01979055425618263	-0.04712347829666126	POSTHOC_ROBUSTNESS_ANALYSIS	CONTROLLED_ERROR_INJECTION
2026_all5mer	original_first100	5mers_A_RNA_sparse_seq_07	site_mean_as_read	Brier_observed	0.08976177932376737	0.041677553888694624	-0.04808422543507275	POSTHOC_ROBUSTNESS_ANALYSIS	CONTROLLED_ERROR_INJECTION
2026_all5mer	original_first100	5mers_A_RNA_sparse_seq_07	site_mean_as_read	Brier_equal_class	0.09895445323917904	0.04909344994484052	-0.04986100329433851	POSTHOC_ROBUSTNESS_ANALYSIS	CONTROLLED_ERROR_INJECTION
2026_all5mer	original_first100	5mers_A_RNA_sparse_seq_07	site_mean_as_read	Brier_control	0.11454495881733141	0.061670592340428626	-0.05287436647690279	POSTHOC_ROBUSTNESS_ANALYSIS	CONTROLLED_ERROR_INJECTION
2026_all5mer	original_first100	5mers_A_RNA_sparse_seq_07	site_mean_as_read	Brier_modified	0.08336394766102666	0.036516307549252426	-0.04684764011177423	POSTHOC_ROBUSTNESS_ANALYSIS	CONTROLLED_ERROR_INJECTION
2026_all5mer	original_first100	5mers_A_RNA_sparse_seq_08	site_mean_as_read	Brier_observed	0.07527573799174991	0.031363544179012395	-0.04391219381273752	POSTHOC_ROBUSTNESS_ANALYSIS	CONTROLLED_ERROR_INJECTION
2026_all5mer	original_first100	5mers_A_RNA_sparse_seq_08	site_mean_as_read	Brier_equal_class	0.08165852831937827	0.039799623358748176	-0.04185890496063009	POSTHOC_ROBUSTNESS_ANALYSIS	CONTROLLED_ERROR_INJECTION
2026_all5mer	original_first100	5mers_A_RNA_sparse_seq_08	site_mean_as_read	Brier_control	0.09210620837265186	0.053608232391768276	-0.038497975980883586	POSTHOC_ROBUSTNESS_ANALYSIS	CONTROLLED_ERROR_INJECTION
2026_all5mer	original_first100	5mers_A_RNA_sparse_seq_08	site_mean_as_read	Brier_modified	0.07121084826610467	0.025991014325728076	-0.0452198339403766	POSTHOC_ROBUSTNESS_ANALYSIS	CONTROLLED_ERROR_INJECTION
2026_all5mer	original_first100	5mers_A_RNA_sparse_seq_09	site_mean_as_read	Brier_observed	0.07866434073348424	0.0317218572161779	-0.046942483517306344	POSTHOC_ROBUSTNESS_ANALYSIS	CONTROLLED_ERROR_INJECTION
2026_all5mer	original_first100	5mers_A_RNA_sparse_seq_09	site_mean_as_read	Brier_equal_class	0.07984165061697152	0.03415421350856293	-0.045687437108408585	POSTHOC_ROBUSTNESS_ANALYSIS	CONTROLLED_ERROR_INJECTION
2026_all5mer	original_first100	5mers_A_RNA_sparse_seq_09	site_mean_as_read	Brier_control	0.08199779668711298	0.038608873691551616	-0.04338892299556136	POSTHOC_ROBUSTNESS_ANALYSIS	CONTROLLED_ERROR_INJECTION
2026_all5mer	original_first100	5mers_A_RNA_sparse_seq_09	site_mean_as_read	Brier_modified	0.07768550454683007	0.02969955332557425	-0.04798595122125582	POSTHOC_ROBUSTNESS_ANALYSIS	CONTROLLED_ERROR_INJECTION
2026_all5mer	original_first100	5mers_A_RNA_sparse_seq_10	site_mean_as_read	Brier_observed	0.055744410630298835	0.018944026028520345	-0.036800384601778494	POSTHOC_ROBUSTNESS_ANALYSIS	CONTROLLED_ERROR_INJECTION
2026_all5mer	original_first100	5mers_A_RNA_sparse_seq_10	site_mean_as_read	Brier_equal_class	0.07299690395427522	0.03312878211995528	-0.03986812183431994	POSTHOC_ROBUSTNESS_ANALYSIS	CONTROLLED_ERROR_INJECTION
2026_all5mer	original_first100	5mers_A_RNA_sparse_seq_10	site_mean_as_read	Brier_control	0.09953004885942508	0.054943958729541414	-0.04458609012988367	POSTHOC_ROBUSTNESS_ANALYSIS	CONTROLLED_ERROR_INJECTION
2026_all5mer	original_first100	5mers_A_RNA_sparse_seq_10	site_mean_as_read	Brier_modified	0.04646375904912534	0.011313605510369142	-0.0351501535387562	POSTHOC_ROBUSTNESS_ANALYSIS	CONTROLLED_ERROR_INJECTION
2026_all5mer	original_first100	5mers_A_RNA_sparse_seq_11	site_mean_as_read	Brier_observed	0.06944436142125081	0.024163981151118175	-0.045280380270132634	POSTHOC_ROBUSTNESS_ANALYSIS	CONTROLLED_ERROR_INJECTION
2026_all5mer	original_first100	5mers_A_RNA_sparse_seq_11	site_mean_as_read	Brier_equal_class	0.07559416605028715	0.0307509085153886	-0.044843257534898553	POSTHOC_ROBUSTNESS_ANALYSIS	CONTROLLED_ERROR_INJECTION
2026_all5mer	original_first100	5mers_A_RNA_sparse_seq_11	site_mean_as_read	Brier_control	0.08693506051828195	0.04289790384493672	-0.044037156673345235	POSTHOC_ROBUSTNESS_ANALYSIS	CONTROLLED_ERROR_INJECTION
2026_all5mer	original_first100	5mers_A_RNA_sparse_seq_11	site_mean_as_read	Brier_modified	0.06425327158229237	0.018603913185840478	-0.045649358396451886	POSTHOC_ROBUSTNESS_ANALYSIS	CONTROLLED_ERROR_INJECTION
2026_all5mer	original_first100	5mers_A_RNA_sparse_seq_12	site_mean_as_read	Brier_observed	0.06708016333641945	0.02543999645710936	-0.04164016687931009	POSTHOC_ROBUSTNESS_ANALYSIS	CONTROLLED_ERROR_INJECTION
2026_all5mer	original_first100	5mers_A_RNA_sparse_seq_12	site_mean_as_read	Brier_equal_class	0.08503244216930479	0.03855370528635284	-0.046478736882951954	POSTHOC_ROBUSTNESS_ANALYSIS	CONTROLLED_ERROR_INJECTION
2026_all5mer	original_first100	5mers_A_RNA_sparse_seq_12	site_mean_as_read	Brier_control	0.11541322173264923	0.060746135612764866	-0.05466708611988436	POSTHOC_ROBUSTNESS_ANALYSIS	CONTROLLED_ERROR_INJECTION
2026_all5mer	original_first100	5mers_A_RNA_sparse_seq_12	site_mean_as_read	Brier_modified	0.054651662605960355	0.016361274959940802	-0.03829038764601955	POSTHOC_ROBUSTNESS_ANALYSIS	CONTROLLED_ERROR_INJECTION
2026_all5mer	original_first100	5mers_A_RNA_sparse_seq_13	site_mean_as_read	Brier_observed	0.06075650747992205	0.021087826444168296	-0.03966868103575375	POSTHOC_ROBUSTNESS_ANALYSIS	CONTROLLED_ERROR_INJECTION
2026_all5mer	original_first100	5mers_A_RNA_sparse_seq_13	site_mean_as_read	Brier_equal_class	0.07044172643207768	0.031842303787052335	-0.03859942264502534	POSTHOC_ROBUSTNESS_ANALYSIS	CONTROLLED_ERROR_INJECTION
2026_all5mer	original_first100	5mers_A_RNA_sparse_seq_13	site_mean_as_read	Brier_control	0.08611354608645384	0.04924430886585759	-0.036869237220596256	POSTHOC_ROBUSTNESS_ANALYSIS	CONTROLLED_ERROR_INJECTION
2026_all5mer	original_first100	5mers_A_RNA_sparse_seq_13	site_mean_as_read	Brier_modified	0.054769906777701514	0.01444029870824708	-0.04032960806945443	POSTHOC_ROBUSTNESS_ANALYSIS	CONTROLLED_ERROR_INJECTION
2026_all5mer	original_first100	5mers_A_RNA_sparse_seq_14	site_mean_as_read	Brier_observed	0.05551081939793739	0.01996519081496875	-0.03554562858296864	POSTHOC_ROBUSTNESS_ANALYSIS	CONTROLLED_ERROR_INJECTION
2026_all5mer	original_first100	5mers_A_RNA_sparse_seq_14	site_mean_as_read	Brier_equal_class	0.06083780146779287	0.025012574889692153	-0.03582522657810072	POSTHOC_ROBUSTNESS_ANALYSIS	CONTROLLED_ERROR_INJECTION
2026_all5mer	original_first100	5mers_A_RNA_sparse_seq_14	site_mean_as_read	Brier_control	0.06972234625565378	0.03343079542908145	-0.03629155082657233	POSTHOC_ROBUSTNESS_ANALYSIS	CONTROLLED_ERROR_INJECTION
2026_all5mer	original_first100	5mers_A_RNA_sparse_seq_14	site_mean_as_read	Brier_modified	0.05195325667993196	0.016594354350302855	-0.035358902329629106	POSTHOC_ROBUSTNESS_ANALYSIS	CONTROLLED_ERROR_INJECTION
2026_all5mer	original_first100	5mers_A_RNA_sparse_seq_15	site_mean_as_read	Brier_observed	0.09432646458251003	0.04152255130659935	-0.05280391327591068	POSTHOC_ROBUSTNESS_ANALYSIS	CONTROLLED_ERROR_INJECTION
2026_all5mer	original_first100	5mers_A_RNA_sparse_seq_15	site_mean_as_read	Brier_equal_class	0.0969355172312924	0.0466298439857875	-0.0503056732455049	POSTHOC_ROBUSTNESS_ANALYSIS	CONTROLLED_ERROR_INJECTION
2026_all5mer	original_first100	5mers_A_RNA_sparse_seq_15	site_mean_as_read	Brier_control	0.1027159183583361	0.05794513897329916	-0.04477077938503694	POSTHOC_ROBUSTNESS_ANALYSIS	CONTROLLED_ERROR_INJECTION
2026_all5mer	original_first100	5mers_A_RNA_sparse_seq_15	site_mean_as_read	Brier_modified	0.0911551161042487	0.03531454899827583	-0.05584056710597287	POSTHOC_ROBUSTNESS_ANALYSIS	CONTROLLED_ERROR_INJECTION
2026_all5mer	original_first100	5mers_A_RNA_sparse_seq_16	site_mean_as_read	Brier_observed	0.07250681534189309	0.02761322532340756	-0.04489359001848553	POSTHOC_ROBUSTNESS_ANALYSIS	CONTROLLED_ERROR_INJECTION
2026_all5mer	original_first100	5mers_A_RNA_sparse_seq_16	site_mean_as_read	Brier_equal_class	0.07482034615571254	0.03239053811080476	-0.04242980804490778	POSTHOC_ROBUSTNESS_ANALYSIS	CONTROLLED_ERROR_INJECTION
2026_all5mer	original_first100	5mers_A_RNA_sparse_seq_16	site_mean_as_read	Brier_control	0.08007366556516836	0.0432383512633957	-0.036835314301772656	POSTHOC_ROBUSTNESS_ANALYSIS	CONTROLLED_ERROR_INJECTION
2026_all5mer	original_first100	5mers_A_RNA_sparse_seq_16	site_mean_as_read	Brier_modified	0.06956702674625673	0.02154272495821381	-0.048024301788042914	POSTHOC_ROBUSTNESS_ANALYSIS	CONTROLLED_ERROR_INJECTION
2026_all5mer	original_first100	5mers_A_RNA_sparse_seq_17	site_mean_as_read	Brier_observed	0.06260801283694103	0.02042105332441271	-0.04218695951252832	POSTHOC_ROBUSTNESS_ANALYSIS	CONTROLLED_ERROR_INJECTION
2026_all5mer	original_first100	5mers_A_RNA_sparse_seq_17	site_mean_as_read	Brier_equal_class	0.0766317344246934	0.03111304807581131	-0.04551868634888209	POSTHOC_ROBUSTNESS_ANALYSIS	CONTROLLED_ERROR_INJECTION
2026_all5mer	original_first100	5mers_A_RNA_sparse_seq_17	site_mean_as_read	Brier_control	0.09885847354363539	0.04805920438056741	-0.05079926916306798	POSTHOC_ROBUSTNESS_ANALYSIS	CONTROLLED_ERROR_INJECTION
2026_all5mer	original_first100	5mers_A_RNA_sparse_seq_17	site_mean_as_read	Brier_modified	0.054404995305751394	0.014166891771055208	-0.04023810353469619	POSTHOC_ROBUSTNESS_ANALYSIS	CONTROLLED_ERROR_INJECTION
2026_all5mer	original_first100	5mers_A_RNA_sparse_seq_18	site_mean_as_read	Brier_observed	0.058647905659471825	0.019994464104022627	-0.0386534415554492	POSTHOC_ROBUSTNESS_ANALYSIS	CONTROLLED_ERROR_INJECTION
2026_all5mer	original_first100	5mers_A_RNA_sparse_seq_18	site_mean_as_read	Brier_equal_class	0.07009791791340428	0.03129128434986423	-0.03880663356354005	POSTHOC_ROBUSTNESS_ANALYSIS	CONTROLLED_ERROR_INJECTION
2026_all5mer	original_first100	5mers_A_RNA_sparse_seq_18	site_mean_as_read	Brier_control	0.08979867429149394	0.0507284603610917	-0.039070213930402234	POSTHOC_ROBUSTNESS_ANALYSIS	CONTROLLED_ERROR_INJECTION
2026_all5mer	original_first100	5mers_A_RNA_sparse_seq_18	site_mean_as_read	Brier_modified	0.050397161535314615	0.011854108338636761	-0.038543053196677855	POSTHOC_ROBUSTNESS_ANALYSIS	CONTROLLED_ERROR_INJECTION
2026_all5mer	original_first100	5mers_A_RNA_sparse_seq_19	site_mean_as_read	Brier_observed	0.06960945969246768	0.0291308492533903	-0.040478610439077384	POSTHOC_ROBUSTNESS_ANALYSIS	CONTROLLED_ERROR_INJECTION
2026_all5mer	original_first100	5mers_A_RNA_sparse_seq_19	site_mean_as_read	Brier_equal_class	0.07552006963132205	0.036404780397564646	-0.0391152892337574	POSTHOC_ROBUSTNESS_ANALYSIS	CONTROLLED_ERROR_INJECTION
2026_all5mer	original_first100	5mers_A_RNA_sparse_seq_19	site_mean_as_read	Brier_control	0.08420977385147758	0.04709882226710887	-0.037110951584368716	POSTHOC_ROBUSTNESS_ANALYSIS	CONTROLLED_ERROR_INJECTION
2026_all5mer	original_first100	5mers_A_RNA_sparse_seq_19	site_mean_as_read	Brier_modified	0.06683036541116649	0.02571073852802042	-0.041119626883146077	POSTHOC_ROBUSTNESS_ANALYSIS	CONTROLLED_ERROR_INJECTION
2026_all5mer	original_first100	5mers_A_RNA_sparse_seq_20	site_mean_as_read	Brier_observed	0.08856624081571858	0.03686440230088974	-0.05170183851482884	POSTHOC_ROBUSTNESS_ANALYSIS	CONTROLLED_ERROR_INJECTION
2026_all5mer	original_first100	5mers_A_RNA_sparse_seq_20	site_mean_as_read	Brier_equal_class	0.10298147682897542	0.04942432082919638	-0.05355715599977904	POSTHOC_ROBUSTNESS_ANALYSIS	CONTROLLED_ERROR_INJECTION
2026_all5mer	original_first100	5mers_A_RNA_sparse_seq_20	site_mean_as_read	Brier_control	0.13508106285417584	0.07739251953909734	-0.0576885433150785	POSTHOC_ROBUSTNESS_ANALYSIS	CONTROLLED_ERROR_INJECTION
2026_all5mer	original_first100	5mers_A_RNA_sparse_seq_20	site_mean_as_read	Brier_modified	0.070881890803775	0.02145612211929541	-0.04942576868447958	POSTHOC_ROBUSTNESS_ANALYSIS	CONTROLLED_ERROR_INJECTION
2026_all5mer	original_first100	5mers_A_RNA_sparse_seq_21	site_mean_as_read	Brier_observed	0.05815540179371707	0.017989451953085454	-0.04016594984063161	POSTHOC_ROBUSTNESS_ANALYSIS	CONTROLLED_ERROR_INJECTION
2026_all5mer	original_first100	5mers_A_RNA_sparse_seq_21	site_mean_as_read	Brier_equal_class	0.0736696890176593	0.029637196485702462	-0.04403249253195684	POSTHOC_ROBUSTNESS_ANALYSIS	CONTROLLED_ERROR_INJECTION
2026_all5mer	original_first100	5mers_A_RNA_sparse_seq_21	site_mean_as_read	Brier_control	0.10146488429267625	0.05050514414738915	-0.0509597401452871	POSTHOC_ROBUSTNESS_ANALYSIS	CONTROLLED_ERROR_INJECTION
2026_all5mer	original_first100	5mers_A_RNA_sparse_seq_21	site_mean_as_read	Brier_modified	0.04587449374264234	0.008769248824015774	-0.037105244918626566	POSTHOC_ROBUSTNESS_ANALYSIS	CONTROLLED_ERROR_INJECTION
2026_all5mer	original_first100	5mers_A_RNA_sparse_seq_22	site_mean_as_read	Brier_observed	0.1120868663298778	0.0544305001110116	-0.0576563662188662	POSTHOC_ROBUSTNESS_ANALYSIS	CONTROLLED_ERROR_INJECTION
2026_all5mer	original_first100	5mers_A_RNA_sparse_seq_22	site_mean_as_read	Brier_equal_class	0.10867512752093073	0.05412942601868201	-0.05454570150224872	POSTHOC_ROBUSTNESS_ANALYSIS	CONTROLLED_ERROR_INJECTION
2026_all5mer	original_first100	5mers_A_RNA_sparse_seq_22	site_mean_as_read	Brier_control	0.10069804037770917	0.053425475802803477	-0.047272564574905696	POSTHOC_ROBUSTNESS_ANALYSIS	CONTROLLED_ERROR_INJECTION
2026_all5mer	original_first100	5mers_A_RNA_sparse_seq_22	site_mean_as_read	Brier_modified	0.11665221466415229	0.05483337623456054	-0.06181883842959175	POSTHOC_ROBUSTNESS_ANALYSIS	CONTROLLED_ERROR_INJECTION
2026_all5mer	original_first100	5mers_A_RNA_sparse_seq_23	site_mean_as_read	Brier_observed	0.0880836921451293	0.035128297375925294	-0.05295539476920401	POSTHOC_ROBUSTNESS_ANALYSIS	CONTROLLED_ERROR_INJECTION
2026_all5mer	original_first100	5mers_A_RNA_sparse_seq_23	site_mean_as_read	Brier_equal_class	0.09965533160128276	0.04477813933608254	-0.05487719226520022	POSTHOC_ROBUSTNESS_ANALYSIS	CONTROLLED_ERROR_INJECTION
2026_all5mer	original_first100	5mers_A_RNA_sparse_seq_23	site_mean_as_read	Brier_control	0.12132184890680438	0.06284631961576743	-0.05847552929103694	POSTHOC_ROBUSTNESS_ANALYSIS	CONTROLLED_ERROR_INJECTION
2026_all5mer	original_first100	5mers_A_RNA_sparse_seq_23	site_mean_as_read	Brier_modified	0.07798881429576116	0.026709959056397645	-0.05127885523936351	POSTHOC_ROBUSTNESS_ANALYSIS	CONTROLLED_ERROR_INJECTION
2026_all5mer	original_first100	5mers_A_RNA_sparse_seq_24	site_mean_as_read	Brier_observed	0.07636158820062244	0.03238379976825333	-0.043977788432369117	POSTHOC_ROBUSTNESS_ANALYSIS	CONTROLLED_ERROR_INJECTION
2026_all5mer	original_first100	5mers_A_RNA_sparse_seq_24	site_mean_as_read	Brier_equal_class	0.08903256878646729	0.043790419707135556	-0.04524214907933173	POSTHOC_ROBUSTNESS_ANALYSIS	CONTROLLED_ERROR_INJECTION
2026_all5mer	original_first100	5mers_A_RNA_sparse_seq_24	site_mean_as_read	Brier_control	0.11523272386237757	0.06737621950107928	-0.04785650436129829	POSTHOC_ROBUSTNESS_ANALYSIS	CONTROLLED_ERROR_INJECTION
2026_all5mer	original_first100	5mers_A_RNA_sparse_seq_24	site_mean_as_read	Brier_modified	0.06283241371055702	0.020204619913191835	-0.042627793797365185	POSTHOC_ROBUSTNESS_ANALYSIS	CONTROLLED_ERROR_INJECTION
2026_all5mer	original_first100	5mers_A_RNA_sparse_seq_25	site_mean_as_read	Brier_observed	0.09559696900424997	0.04570069010050164	-0.04989627890374833	POSTHOC_ROBUSTNESS_ANALYSIS	CONTROLLED_ERROR_INJECTION
2026_all5mer	original_first100	5mers_A_RNA_sparse_seq_25	site_mean_as_read	Brier_equal_class	0.09330193063487177	0.047072566839744076	-0.046229363795127695	POSTHOC_ROBUSTNESS_ANALYSIS	CONTROLLED_ERROR_INJECTION
2026_all5mer	original_first100	5mers_A_RNA_sparse_seq_25	site_mean_as_read	Brier_control	0.08892049374787704	0.0496916042510251	-0.039228889496851944	POSTHOC_ROBUSTNESS_ANALYSIS	CONTROLLED_ERROR_INJECTION
2026_all5mer	original_first100	5mers_A_RNA_sparse_seq_25	site_mean_as_read	Brier_modified	0.0976833675218665	0.04445352942846305	-0.05322983809340345	POSTHOC_ROBUSTNESS_ANALYSIS	CONTROLLED_ERROR_INJECTION
2026_all5mer	original_first100	5mers_A_RNA_sparse_seq_26	site_mean_as_read	Brier_observed	0.07339949040301334	0.027787105010325098	-0.04561238539268825	POSTHOC_ROBUSTNESS_ANALYSIS	CONTROLLED_ERROR_INJECTION
2026_all5mer	original_first100	5mers_A_RNA_sparse_seq_26	site_mean_as_read	Brier_equal_class	0.0712219455587276	0.029675395413083165	-0.041546550145644436	POSTHOC_ROBUSTNESS_ANALYSIS	CONTROLLED_ERROR_INJECTION
2026_all5mer	original_first100	5mers_A_RNA_sparse_seq_26	site_mean_as_read	Brier_control	0.06714475206933167	0.03321099439577112	-0.03393375767356055	POSTHOC_ROBUSTNESS_ANALYSIS	CONTROLLED_ERROR_INJECTION
2026_all5mer	original_first100	5mers_A_RNA_sparse_seq_26	site_mean_as_read	Brier_modified	0.07529913904812355	0.02613979643039521	-0.049159342617728335	POSTHOC_ROBUSTNESS_ANALYSIS	CONTROLLED_ERROR_INJECTION
2026_all5mer	original_first100	5mers_A_RNA_sparse_seq_27	site_mean_as_read	Brier_observed	0.060630672234149016	0.0175706277549901	-0.04306004447915891	POSTHOC_ROBUSTNESS_ANALYSIS	CONTROLLED_ERROR_INJECTION
2026_all5mer	original_first100	5mers_A_RNA_sparse_seq_27	site_mean_as_read	Brier_equal_class	0.06451695810611105	0.024466887416724606	-0.040050070689386444	POSTHOC_ROBUSTNESS_ANALYSIS	CONTROLLED_ERROR_INJECTION
2026_all5mer	original_first100	5mers_A_RNA_sparse_seq_27	site_mean_as_read	Brier_control	0.07111682604305708	0.03617843014051233	-0.03493839590254475	POSTHOC_ROBUSTNESS_ANALYSIS	CONTROLLED_ERROR_INJECTION
2026_all5mer	original_first100	5mers_A_RNA_sparse_seq_27	site_mean_as_read	Brier_modified	0.057917090169165006	0.012755344692936882	-0.04516174547622812	POSTHOC_ROBUSTNESS_ANALYSIS	CONTROLLED_ERROR_INJECTION
2026_all5mer	original_first100	5mers_A_RNA_sparse_seq_28	site_mean_as_read	Brier_observed	0.06950543864389484	0.030550963994502897	-0.038954474649391946	POSTHOC_ROBUSTNESS_ANALYSIS	CONTROLLED_ERROR_INJECTION
2026_all5mer	original_first100	5mers_A_RNA_sparse_seq_28	site_mean_as_read	Brier_equal_class	0.06498308459375379	0.029069816602810584	-0.03591326799094321	POSTHOC_ROBUSTNESS_ANALYSIS	CONTROLLED_ERROR_INJECTION
2026_all5mer	original_first100	5mers_A_RNA_sparse_seq_28	site_mean_as_read	Brier_control	0.05769160795493944	0.026681734757509564	-0.031009873197429875	POSTHOC_ROBUSTNESS_ANALYSIS	CONTROLLED_ERROR_INJECTION
2026_all5mer	original_first100	5mers_A_RNA_sparse_seq_28	site_mean_as_read	Brier_modified	0.07227456123256816	0.0314578984481116	-0.04081666278445656	POSTHOC_ROBUSTNESS_ANALYSIS	CONTROLLED_ERROR_INJECTION
2026_all5mer	original_first100	5mers_A_RNA_sparse_seq_29	site_mean_as_read	Brier_observed	0.05683383710329167	0.017302037325736673	-0.039531799777555	POSTHOC_ROBUSTNESS_ANALYSIS	CONTROLLED_ERROR_INJECTION
2026_all5mer	original_first100	5mers_A_RNA_sparse_seq_29	site_mean_as_read	Brier_equal_class	0.07258809101150696	0.030973460279100206	-0.041614630732406746	POSTHOC_ROBUSTNESS_ANALYSIS	CONTROLLED_ERROR_INJECTION
2026_all5mer	original_first100	5mers_A_RNA_sparse_seq_29	site_mean_as_read	Brier_control	0.09693069458007812	0.0520977884199873	-0.04483290616009082	POSTHOC_ROBUSTNESS_ANALYSIS	CONTROLLED_ERROR_INJECTION
2026_all5mer	original_first100	5mers_A_RNA_sparse_seq_29	site_mean_as_read	Brier_modified	0.0482454874429358	0.009849132138213113	-0.03839635530472269	POSTHOC_ROBUSTNESS_ANALYSIS	CONTROLLED_ERROR_INJECTION
2026_all5mer	original_first100	5mers_A_RNA_sparse_seq_30	site_mean_as_read	Brier_observed	0.07892871954502204	0.033658529258235224	-0.04527019028678681	POSTHOC_ROBUSTNESS_ANALYSIS	CONTROLLED_ERROR_INJECTION
2026_all5mer	original_first100	5mers_A_RNA_sparse_seq_30	site_mean_as_read	Brier_equal_class	0.07498653531421653	0.03331081404255515	-0.04167572127166139	POSTHOC_ROBUSTNESS_ANALYSIS	CONTROLLED_ERROR_INJECTION
2026_all5mer	original_first100	5mers_A_RNA_sparse_seq_30	site_mean_as_read	Brier_control	0.06657596720691814	0.032568970858117344	-0.03400699634880079	POSTHOC_ROBUSTNESS_ANALYSIS	CONTROLLED_ERROR_INJECTION
2026_all5mer	original_first100	5mers_A_RNA_sparse_seq_30	site_mean_as_read	Brier_modified	0.08339710342151492	0.034052657226992945	-0.049344446194521975	POSTHOC_ROBUSTNESS_ANALYSIS	CONTROLLED_ERROR_INJECTION
2026_all5mer	original_first100	5mers_A_RNA_sparse_seq_31	site_mean_as_read	Brier_observed	0.06106726471084116	0.019508463308466093	-0.04155880140237507	POSTHOC_ROBUSTNESS_ANALYSIS	CONTROLLED_ERROR_INJECTION
2026_all5mer	original_first100	5mers_A_RNA_sparse_seq_31	site_mean_as_read	Brier_equal_class	0.07588281471674961	0.032331180328772836	-0.043551634387976774	POSTHOC_ROBUSTNESS_ANALYSIS	CONTROLLED_ERROR_INJECTION
2026_all5mer	original_first100	5mers_A_RNA_sparse_seq_31	site_mean_as_read	Brier_control	0.09798226388944249	0.05145804250622036	-0.04652422138322213	POSTHOC_ROBUSTNESS_ANALYSIS	CONTROLLED_ERROR_INJECTION
2026_all5mer	original_first100	5mers_A_RNA_sparse_seq_31	site_mean_as_read	Brier_modified	0.05378336554405673	0.013204318151325316	-0.04057904739273141	POSTHOC_ROBUSTNESS_ANALYSIS	CONTROLLED_ERROR_INJECTION
2026_all5mer	original_first100	5mers_A_RNA_sparse_seq_32	site_mean_as_read	Brier_observed	0.09894904794619065	0.04331690527901744	-0.055632142667173215	POSTHOC_ROBUSTNESS_ANALYSIS	CONTROLLED_ERROR_INJECTION
2026_all5mer	original_first100	5mers_A_RNA_sparse_seq_32	site_mean_as_read	Brier_equal_class	0.10688709219670883	0.05248109920561732	-0.054405992991091515	POSTHOC_ROBUSTNESS_ANALYSIS	CONTROLLED_ERROR_INJECTION
2026_all5mer	original_first100	5mers_A_RNA_sparse_seq_32	site_mean_as_read	Brier_control	0.1245423975125165	0.07286353052512395	-0.05167886698739255	POSTHOC_ROBUSTNESS_ANALYSIS	CONTROLLED_ERROR_INJECTION
2026_all5mer	original_first100	5mers_A_RNA_sparse_seq_32	site_mean_as_read	Brier_modified	0.08923178688090115	0.03209866788611068	-0.05713311899479047	POSTHOC_ROBUSTNESS_ANALYSIS	CONTROLLED_ERROR_INJECTION
2026_all5mer	original_first100	ALL	site_mean_as_read	Brier_observed	0.07407758742004508	0.029162544854973126	-0.04491504256507196	POSTHOC_ROBUSTNESS_ANALYSIS	CONTROLLED_ERROR_INJECTION
2026_all5mer	original_first100	ALL	site_mean_as_read	Brier_equal_class	0.0813083601327412	0.03666650157533947	-0.044641858557401735	POSTHOC_ROBUSTNESS_ANALYSIS	CONTROLLED_ERROR_INJECTION
2026_all5mer	original_first100	ALL	site_mean_as_read	Brier_control	0.09440975485398488	0.0502628767998058	-0.04414687805417908	POSTHOC_ROBUSTNESS_ANALYSIS	CONTROLLED_ERROR_INJECTION
2026_all5mer	original_first100	ALL	site_mean_as_read	Brier_modified	0.06820696541149752	0.023070126350873132	-0.04513683906062439	POSTHOC_ROBUSTNESS_ANALYSIS	CONTROLLED_ERROR_INJECTION
2026_all5mer	seed_101	5mers_A_RNA_sparse_seq_01	high_p_filter	Brier_observed	0.06234348638141973	0.002655876229662414	-0.05968761015175732	POSTHOC_ROBUSTNESS_ANALYSIS	CONTROLLED_ERROR_INJECTION
2026_all5mer	seed_101	5mers_A_RNA_sparse_seq_01	high_p_filter	Brier_equal_class	0.06593836266804004	0.4868578069350299	0.42091944426698985	POSTHOC_ROBUSTNESS_ANALYSIS	CONTROLLED_ERROR_INJECTION
2026_all5mer	seed_101	5mers_A_RNA_sparse_seq_01	high_p_filter	Brier_control	0.0731732392114056	0.9728431701660156	0.89966993095461	POSTHOC_ROBUSTNESS_ANALYSIS	CONTROLLED_ERROR_INJECTION
2026_all5mer	seed_101	5mers_A_RNA_sparse_seq_01	high_p_filter	Brier_modified	0.05870348612467448	0.0008724437040441177	-0.05783104242063036	POSTHOC_ROBUSTNESS_ANALYSIS	CONTROLLED_ERROR_INJECTION
2026_all5mer	seed_101	5mers_A_RNA_sparse_seq_02	high_p_filter	Brier_observed	0.09347589554325227	0.0084709938126381	-0.08500490173061416	POSTHOC_ROBUSTNESS_ANALYSIS	CONTROLLED_ERROR_INJECTION
2026_all5mer	seed_101	5mers_A_RNA_sparse_seq_02	high_p_filter	Brier_equal_class	0.09388985404100658	0.46151484005805676	0.3676249860170502	POSTHOC_ROBUSTNESS_ANALYSIS	CONTROLLED_ERROR_INJECTION
2026_all5mer	seed_101	5mers_A_RNA_sparse_seq_02	high_p_filter	Brier_control	0.09464750501844618	0.9220008850097656	0.8273533799913194	POSTHOC_ROBUSTNESS_ANALYSIS	CONTROLLED_ERROR_INJECTION
2026_all5mer	seed_101	5mers_A_RNA_sparse_seq_02	high_p_filter	Brier_modified	0.09313220306356697	0.001028795106347855	-0.09210340795721911	POSTHOC_ROBUSTNESS_ANALYSIS	CONTROLLED_ERROR_INJECTION
2026_all5mer	seed_101	5mers_A_RNA_sparse_seq_03	high_p_filter	Brier_observed	0.06834612503631625	0.007176488423518998	-0.06116963661279725	POSTHOC_ROBUSTNESS_ANALYSIS	CONTROLLED_ERROR_INJECTION
2026_all5mer	seed_101	5mers_A_RNA_sparse_seq_03	high_p_filter	Brier_equal_class	0.07747733812713335	0.43815413765285327	0.3606767995257199	POSTHOC_ROBUSTNESS_ANALYSIS	CONTROLLED_ERROR_INJECTION
2026_all5mer	seed_101	5mers_A_RNA_sparse_seq_03	high_p_filter	Brier_control	0.09290825052464262	0.8754234313964844	0.7825151808718418	POSTHOC_ROBUSTNESS_ANALYSIS	CONTROLLED_ERROR_INJECTION
2026_all5mer	seed_101	5mers_A_RNA_sparse_seq_03	high_p_filter	Brier_modified	0.062046425729624086	0.0008848439092221467	-0.06116158182040194	POSTHOC_ROBUSTNESS_ANALYSIS	CONTROLLED_ERROR_INJECTION
2026_all5mer	seed_101	5mers_A_RNA_sparse_seq_04	high_p_filter	Brier_observed	0.09428456851414271	0.010470254080636161	-0.08381431443350655	POSTHOC_ROBUSTNESS_ANALYSIS	CONTROLLED_ERROR_INJECTION
2026_all5mer	seed_101	5mers_A_RNA_sparse_seq_04	high_p_filter	Brier_equal_class	0.10430750828118635	0.4569437387389489	0.35263623045776255	POSTHOC_ROBUSTNESS_ANALYSIS	CONTROLLED_ERROR_INJECTION
2026_all5mer	seed_101	5mers_A_RNA_sparse_seq_04	high_p_filter	Brier_control	0.12263516956949469	0.9129981994628906	0.7903630298933959	POSTHOC_ROBUSTNESS_ANALYSIS	CONTROLLED_ERROR_INJECTION
2026_all5mer	seed_101	5mers_A_RNA_sparse_seq_04	high_p_filter	Brier_modified	0.085979846992878	0.0008892780150071324	-0.08509056897787087	POSTHOC_ROBUSTNESS_ANALYSIS	CONTROLLED_ERROR_INJECTION
2026_all5mer	seed_101	5mers_A_RNA_sparse_seq_05	high_p_filter	Brier_observed	0.07217750147769325	0.005960104398638289	-0.06621739707905497	POSTHOC_ROBUSTNESS_ANALYSIS	CONTROLLED_ERROR_INJECTION
2026_all5mer	seed_101	5mers_A_RNA_sparse_seq_05	high_p_filter	Brier_equal_class	0.08188896897303959	0.4641034788356389	0.3822145098625993	POSTHOC_ROBUSTNESS_ANALYSIS	CONTROLLED_ERROR_INJECTION
2026_all5mer	seed_101	5mers_A_RNA_sparse_seq_05	high_p_filter	Brier_control	0.09897395808522294	0.9274431864420573	0.8284692283568343	POSTHOC_ROBUSTNESS_ANALYSIS	CONTROLLED_ERROR_INJECTION
2026_all5mer	seed_101	5mers_A_RNA_sparse_seq_05	high_p_filter	Brier_modified	0.06480397986085623	0.0007637712292205123	-0.06404020863163572	POSTHOC_ROBUSTNESS_ANALYSIS	CONTROLLED_ERROR_INJECTION
2026_all5mer	seed_101	5mers_A_RNA_sparse_seq_06	high_p_filter	Brier_observed	0.07559772932070476	0.009030071657095382	-0.06656765766360938	POSTHOC_ROBUSTNESS_ANALYSIS	CONTROLLED_ERROR_INJECTION
2026_all5mer	seed_101	5mers_A_RNA_sparse_seq_06	high_p_filter	Brier_equal_class	0.08392892758205159	0.4409779909640382	0.3570490633819866	POSTHOC_ROBUSTNESS_ANALYSIS	CONTROLLED_ERROR_INJECTION
2026_all5mer	seed_101	5mers_A_RNA_sparse_seq_06	high_p_filter	Brier_control	0.09900667057480923	0.8811378479003906	0.7821311773255814	POSTHOC_ROBUSTNESS_ANALYSIS	CONTROLLED_ERROR_INJECTION
2026_all5mer	seed_101	5mers_A_RNA_sparse_seq_06	high_p_filter	Brier_modified	0.06885118458929394	0.0008181340276858227	-0.06803305056160812	POSTHOC_ROBUSTNESS_ANALYSIS	CONTROLLED_ERROR_INJECTION
2026_all5mer	seed_101	5mers_A_RNA_sparse_seq_07	high_p_filter	Brier_observed	0.0859339135324853	0.0025749958948741063	-0.0833589176376112	POSTHOC_ROBUSTNESS_ANALYSIS	CONTROLLED_ERROR_INJECTION
2026_all5mer	seed_101	5mers_A_RNA_sparse_seq_07	high_p_filter	Brier_equal_class	0.08397630738176298	0.44170402255454083	0.35772771517277785	POSTHOC_ROBUSTNESS_ANALYSIS	CONTROLLED_ERROR_INJECTION
2026_all5mer	seed_101	5mers_A_RNA_sparse_seq_07	high_p_filter	Brier_control	0.08049281050519246	0.8825721740722656	0.8020793635670732	POSTHOC_ROBUSTNESS_ANALYSIS	CONTROLLED_ERROR_INJECTION
2026_all5mer	seed_101	5mers_A_RNA_sparse_seq_07	high_p_filter	Brier_modified	0.08745980425833351	0.0008358710368160203	-0.08662393322151749	POSTHOC_ROBUSTNESS_ANALYSIS	CONTROLLED_ERROR_INJECTION
2026_all5mer	seed_101	5mers_A_RNA_sparse_seq_08	high_p_filter	Brier_observed	0.06450810151941636	0.0041849374352104845	-0.06032316408420587	POSTHOC_ROBUSTNESS_ANALYSIS	CONTROLLED_ERROR_INJECTION
2026_all5mer	seed_101	5mers_A_RNA_sparse_seq_08	high_p_filter	Brier_equal_class	0.0750921967274358	0.49645321289277794	0.42136101616534216	POSTHOC_ROBUSTNESS_ANALYSIS	CONTROLLED_ERROR_INJECTION
2026_all5mer	seed_101	5mers_A_RNA_sparse_seq_08	high_p_filter	Brier_control	0.09225862676447089	0.9922065734863281	0.8999479467218572	POSTHOC_ROBUSTNESS_ANALYSIS	CONTROLLED_ERROR_INJECTION
2026_all5mer	seed_101	5mers_A_RNA_sparse_seq_08	high_p_filter	Brier_modified	0.05792576669040073	0.0006998522992277061	-0.05722591439117303	POSTHOC_ROBUSTNESS_ANALYSIS	CONTROLLED_ERROR_INJECTION
2026_all5mer	seed_101	5mers_A_RNA_sparse_seq_09	high_p_filter	Brier_observed	0.07779752761922418	0.004443909965499969	-0.07335361765372421	POSTHOC_ROBUSTNESS_ANALYSIS	CONTROLLED_ERROR_INJECTION
2026_all5mer	seed_101	5mers_A_RNA_sparse_seq_09	high_p_filter	Brier_equal_class	0.07762243383880413	0.4365196228027344	0.35889718896393025	POSTHOC_ROBUSTNESS_ANALYSIS	CONTROLLED_ERROR_INJECTION
2026_all5mer	seed_101	5mers_A_RNA_sparse_seq_09	high_p_filter	Brier_control	0.07731295806433768	0.8720588684082031	0.7947459103438654	POSTHOC_ROBUSTNESS_ANALYSIS	CONTROLLED_ERROR_INJECTION
2026_all5mer	seed_101	5mers_A_RNA_sparse_seq_09	high_p_filter	Brier_modified	0.07793190961327058	0.000980377197265625	-0.07695153241600496	POSTHOC_ROBUSTNESS_ANALYSIS	CONTROLLED_ERROR_INJECTION
2026_all5mer	seed_101	5mers_A_RNA_sparse_seq_10	high_p_filter	Brier_observed	0.06618166836825284	0.005407513179532261	-0.060774155188720584	POSTHOC_ROBUSTNESS_ANALYSIS	CONTROLLED_ERROR_INJECTION
2026_all5mer	seed_101	5mers_A_RNA_sparse_seq_10	high_p_filter	Brier_equal_class	0.08301172242942431	0.4345238507163273	0.35151212828690304	POSTHOC_ROBUSTNESS_ANALYSIS	CONTROLLED_ERROR_INJECTION
2026_all5mer	seed_101	5mers_A_RNA_sparse_seq_10	high_p_filter	Brier_control	0.11095596313476562	0.8684527079264323	0.7574967447916666	POSTHOC_ROBUSTNESS_ANALYSIS	CONTROLLED_ERROR_INJECTION
2026_all5mer	seed_101	5mers_A_RNA_sparse_seq_10	high_p_filter	Brier_modified	0.055067481724083	0.0005949935062224094	-0.0544724882178606	POSTHOC_ROBUSTNESS_ANALYSIS	CONTROLLED_ERROR_INJECTION
2026_all5mer	seed_101	5mers_A_RNA_sparse_seq_11	high_p_filter	Brier_observed	0.06448241914735106	0.0024634674712494535	-0.06201895167610161	POSTHOC_ROBUSTNESS_ANALYSIS	CONTROLLED_ERROR_INJECTION
2026_all5mer	seed_101	5mers_A_RNA_sparse_seq_11	high_p_filter	Brier_equal_class	0.07336286320796091	0.4753338534861229	0.40197099027816197	POSTHOC_ROBUSTNESS_ANALYSIS	CONTROLLED_ERROR_INJECTION
2026_all5mer	seed_101	5mers_A_RNA_sparse_seq_11	high_p_filter	Brier_control	0.0896980707546533	0.9498634338378906	0.8601653630832373	POSTHOC_ROBUSTNESS_ANALYSIS	CONTROLLED_ERROR_INJECTION
2026_all5mer	seed_101	5mers_A_RNA_sparse_seq_11	high_p_filter	Brier_modified	0.05702765566126852	0.0008042731343551609	-0.05622338252691336	POSTHOC_ROBUSTNESS_ANALYSIS	CONTROLLED_ERROR_INJECTION
2026_all5mer	seed_101	5mers_A_RNA_sparse_seq_12	high_p_filter	Brier_observed	0.07559552579312712	0.00787513583314185	-0.06772038995998526	POSTHOC_ROBUSTNESS_ANALYSIS	CONTROLLED_ERROR_INJECTION
2026_all5mer	seed_101	5mers_A_RNA_sparse_seq_12	high_p_filter	Brier_equal_class	0.0836359851713745	0.4429433468302248	0.3593073616588503	POSTHOC_ROBUSTNESS_ANALYSIS	CONTROLLED_ERROR_INJECTION
2026_all5mer	seed_101	5mers_A_RNA_sparse_seq_12	high_p_filter	Brier_control	0.09785668292448889	0.8849449157714844	0.7870882328469955	POSTHOC_ROBUSTNESS_ANALYSIS	CONTROLLED_ERROR_INJECTION
2026_all5mer	seed_101	5mers_A_RNA_sparse_seq_12	high_p_filter	Brier_modified	0.0694152874182601	0.0009417778889652297	-0.06847350952929487	POSTHOC_ROBUSTNESS_ANALYSIS	CONTROLLED_ERROR_INJECTION
2026_all5mer	seed_101	5mers_A_RNA_sparse_seq_13	high_p_filter	Brier_observed	0.0640010286377492	0.0035592666780105745	-0.060441761959738625	POSTHOC_ROBUSTNESS_ANALYSIS	CONTROLLED_ERROR_INJECTION
2026_all5mer	seed_101	5mers_A_RNA_sparse_seq_13	high_p_filter	Brier_equal_class	0.07626109467746472	0.45109302933151657	0.37483193465405185	POSTHOC_ROBUSTNESS_ANALYSIS	CONTROLLED_ERROR_INJECTION
2026_all5mer	seed_101	5mers_A_RNA_sparse_seq_13	high_p_filter	Brier_control	0.09547843002691501	0.9016609191894531	0.8061824891625381	POSTHOC_ROBUSTNESS_ANALYSIS	CONTROLLED_ERROR_INJECTION
2026_all5mer	seed_101	5mers_A_RNA_sparse_seq_13	high_p_filter	Brier_modified	0.05704375932801445	0.0005251394735800253	-0.056518619854434425	POSTHOC_ROBUSTNESS_ANALYSIS	CONTROLLED_ERROR_INJECTION
2026_all5mer	seed_101	5mers_A_RNA_sparse_seq_14	high_p_filter	Brier_observed	0.06295051259442794	0.0006843031498423794	-0.06226620944458556	POSTHOC_ROBUSTNESS_ANALYSIS	CONTROLLED_ERROR_INJECTION
2026_all5mer	seed_101	5mers_A_RNA_sparse_seq_14	high_p_filter	Brier_equal_class	0.06513761977201711			POSTHOC_ROBUSTNESS_ANALYSIS	CONTROLLED_ERROR_INJECTION
2026_all5mer	seed_101	5mers_A_RNA_sparse_seq_14	high_p_filter	Brier_control	0.06891819075042126			POSTHOC_ROBUSTNESS_ANALYSIS	CONTROLLED_ERROR_INJECTION
2026_all5mer	seed_101	5mers_A_RNA_sparse_seq_14	high_p_filter	Brier_modified	0.06135704879361297	0.0006843031498423794	-0.06067274564377059	POSTHOC_ROBUSTNESS_ANALYSIS	CONTROLLED_ERROR_INJECTION
2026_all5mer	seed_101	5mers_A_RNA_sparse_seq_15	high_p_filter	Brier_observed	0.09781146049499512	0.007125057644314236	-0.09068640285068089	POSTHOC_ROBUSTNESS_ANALYSIS	CONTROLLED_ERROR_INJECTION
2026_all5mer	seed_101	5mers_A_RNA_sparse_seq_15	high_p_filter	Brier_equal_class	0.10030295990928095	0.4609169757339512	0.36061401582467023	POSTHOC_ROBUSTNESS_ANALYSIS	CONTROLLED_ERROR_INJECTION
2026_all5mer	seed_101	5mers_A_RNA_sparse_seq_15	high_p_filter	Brier_control	0.10573124799487393	0.9208412170410156	0.8151099690461416	POSTHOC_ROBUSTNESS_ANALYSIS	CONTROLLED_ERROR_INJECTION
2026_all5mer	seed_101	5mers_A_RNA_sparse_seq_15	high_p_filter	Brier_modified	0.09487467182368799	0.0009927344268867101	-0.09388193739680127	POSTHOC_ROBUSTNESS_ANALYSIS	CONTROLLED_ERROR_INJECTION
2026_all5mer	seed_101	5mers_A_RNA_sparse_seq_16	high_p_filter	Brier_observed	0.08467877718013622	0.009616732829727857	-0.07506204435040836	POSTHOC_ROBUSTNESS_ANALYSIS	CONTROLLED_ERROR_INJECTION
2026_all5mer	seed_101	5mers_A_RNA_sparse_seq_16	high_p_filter	Brier_equal_class	0.085702604187466	0.4440495949091874	0.3583469907217214	POSTHOC_ROBUSTNESS_ANALYSIS	CONTROLLED_ERROR_INJECTION
2026_all5mer	seed_101	5mers_A_RNA_sparse_seq_16	high_p_filter	Brier_control	0.08827813063995747	0.8871192932128906	0.7988411625729331	POSTHOC_ROBUSTNESS_ANALYSIS	CONTROLLED_ERROR_INJECTION
2026_all5mer	seed_101	5mers_A_RNA_sparse_seq_16	high_p_filter	Brier_modified	0.08312707773497453	0.0009798966054841288	-0.0821471811294904	POSTHOC_ROBUSTNESS_ANALYSIS	CONTROLLED_ERROR_INJECTION
2026_all5mer	seed_101	5mers_A_RNA_sparse_seq_17	high_p_filter	Brier_observed	0.06062825924505002	0.008755350281408735	-0.05187290896364129	POSTHOC_ROBUSTNESS_ANALYSIS	CONTROLLED_ERROR_INJECTION
2026_all5mer	seed_101	5mers_A_RNA_sparse_seq_17	high_p_filter	Brier_equal_class	0.069075275056873	0.4576849748744047	0.3886096998175317	POSTHOC_ROBUSTNESS_ANALYSIS	CONTROLLED_ERROR_INJECTION
2026_all5mer	seed_101	5mers_A_RNA_sparse_seq_17	high_p_filter	Brier_control	0.08475784861713374	0.9146888732910157	0.8299310246738819	POSTHOC_ROBUSTNESS_ANALYSIS	CONTROLLED_ERROR_INJECTION
2026_all5mer	seed_101	5mers_A_RNA_sparse_seq_17	high_p_filter	Brier_modified	0.05339270149661225	0.0006810764577936998	-0.05271162503881855	POSTHOC_ROBUSTNESS_ANALYSIS	CONTROLLED_ERROR_INJECTION
2026_all5mer	seed_101	5mers_A_RNA_sparse_seq_18	high_p_filter	Brier_observed	0.06524714538316687	0.006817523344063464	-0.0584296220391034	POSTHOC_ROBUSTNESS_ANALYSIS	CONTROLLED_ERROR_INJECTION
2026_all5mer	seed_101	5mers_A_RNA_sparse_seq_18	high_p_filter	Brier_equal_class	0.07837117449077446	0.4355653319011573	0.35719415741038285	POSTHOC_ROBUSTNESS_ANALYSIS	CONTROLLED_ERROR_INJECTION
2026_all5mer	seed_101	5mers_A_RNA_sparse_seq_18	high_p_filter	Brier_control	0.102024367635284	0.8704490661621094	0.7684246985268254	POSTHOC_ROBUSTNESS_ANALYSIS	CONTROLLED_ERROR_INJECTION
2026_all5mer	seed_101	5mers_A_RNA_sparse_seq_18	high_p_filter	Brier_modified	0.054717981346264946	0.0006815976402052342	-0.05403638370605971	POSTHOC_ROBUSTNESS_ANALYSIS	CONTROLLED_ERROR_INJECTION
2026_all5mer	seed_101	5mers_A_RNA_sparse_seq_19	high_p_filter	Brier_observed	0.06719085545215792	0.0022084447104054787	-0.06498241074175244	POSTHOC_ROBUSTNESS_ANALYSIS	CONTROLLED_ERROR_INJECTION
2026_all5mer	seed_101	5mers_A_RNA_sparse_seq_19	high_p_filter	Brier_equal_class	0.06992963220438153	0.4638363764836238	0.39390674427924227	POSTHOC_ROBUSTNESS_ANALYSIS	CONTROLLED_ERROR_INJECTION
2026_all5mer	seed_101	5mers_A_RNA_sparse_seq_19	high_p_filter	Brier_control	0.07376764588436838	0.9271583557128906	0.8533907098285223	POSTHOC_ROBUSTNESS_ANALYSIS	CONTROLLED_ERROR_INJECTION
2026_all5mer	seed_101	5mers_A_RNA_sparse_seq_19	high_p_filter	Brier_modified	0.0660916185243947	0.0005143972543569711	-0.06557722127003773	POSTHOC_ROBUSTNESS_ANALYSIS	CONTROLLED_ERROR_INJECTION
2026_all5mer	seed_101	5mers_A_RNA_sparse_seq_20	high_p_filter	Brier_observed	0.10037971593724175	0.008021371406421327	-0.09235834453082042	POSTHOC_ROBUSTNESS_ANALYSIS	CONTROLLED_ERROR_INJECTION
2026_all5mer	seed_101	5mers_A_RNA_sparse_seq_20	high_p_filter	Brier_equal_class	0.11060876858410201	0.4551977745910525	0.34458900600695047	POSTHOC_ROBUSTNESS_ANALYSIS	CONTROLLED_ERROR_INJECTION
2026_all5mer	seed_101	5mers_A_RNA_sparse_seq_20	high_p_filter	Brier_control	0.13306868848183173	0.9094581604003906	0.7763894719185589	POSTHOC_ROBUSTNESS_ANALYSIS	CONTROLLED_ERROR_INJECTION
2026_all5mer	seed_101	5mers_A_RNA_sparse_seq_20	high_p_filter	Brier_modified	0.08814884868637228	0.0009373887817142989	-0.08721145990465798	POSTHOC_ROBUSTNESS_ANALYSIS	CONTROLLED_ERROR_INJECTION
2026_all5mer	seed_101	5mers_A_RNA_sparse_seq_21	high_p_filter	Brier_observed	0.06316385635581963	0.0073781809614077605	-0.05578567539441187	POSTHOC_ROBUSTNESS_ANALYSIS	CONTROLLED_ERROR_INJECTION
2026_all5mer	seed_101	5mers_A_RNA_sparse_seq_21	high_p_filter	Brier_equal_class	0.07640276036056116	0.46889095475188397	0.3924881943913228	POSTHOC_ROBUSTNESS_ANALYSIS	CONTROLLED_ERROR_INJECTION
2026_all5mer	seed_101	5mers_A_RNA_sparse_seq_21	high_p_filter	Brier_control	0.10041229813187211	0.9369850158691406	0.8365727177372685	POSTHOC_ROBUSTNESS_ANALYSIS	CONTROLLED_ERROR_INJECTION
2026_all5mer	seed_101	5mers_A_RNA_sparse_seq_21	high_p_filter	Brier_modified	0.05239322258925023	0.0007968936346273507	-0.05159632895462288	POSTHOC_ROBUSTNESS_ANALYSIS	CONTROLLED_ERROR_INJECTION
2026_all5mer	seed_101	5mers_A_RNA_sparse_seq_22	high_p_filter	Brier_observed	0.11067086877957197	0.01528474396350337	-0.09538612481606859	POSTHOC_ROBUSTNESS_ANALYSIS	CONTROLLED_ERROR_INJECTION
2026_all5mer	seed_101	5mers_A_RNA_sparse_seq_22	high_p_filter	Brier_equal_class	0.1122757505626539	0.4628332527122688	0.3505575021496149	POSTHOC_ROBUSTNESS_ANALYSIS	CONTROLLED_ERROR_INJECTION
2026_all5mer	seed_101	5mers_A_RNA_sparse_seq_22	high_p_filter	Brier_control	0.1158849190974581	0.923943837483724	0.8080589183862659	POSTHOC_ROBUSTNESS_ANALYSIS	CONTROLLED_ERROR_INJECTION
2026_all5mer	seed_101	5mers_A_RNA_sparse_seq_22	high_p_filter	Brier_modified	0.1086665820278497	0.0017226679408135106	-0.1069439140870362	POSTHOC_ROBUSTNESS_ANALYSIS	CONTROLLED_ERROR_INJECTION
2026_all5mer	seed_101	5mers_A_RNA_sparse_seq_23	high_p_filter	Brier_observed	0.0903233557632289	0.015341166323411246	-0.07498218943981766	POSTHOC_ROBUSTNESS_ANALYSIS	CONTROLLED_ERROR_INJECTION
2026_all5mer	seed_101	5mers_A_RNA_sparse_seq_23	high_p_filter	Brier_equal_class	0.10512466476178721	0.4450196923676485	0.33989502760586127	POSTHOC_ROBUSTNESS_ANALYSIS	CONTROLLED_ERROR_INJECTION
2026_all5mer	seed_101	5mers_A_RNA_sparse_seq_23	high_p_filter	Brier_control	0.13273479885525175	0.8891716003417969	0.7564368014865451	POSTHOC_ROBUSTNESS_ANALYSIS	CONTROLLED_ERROR_INJECTION
2026_all5mer	seed_101	5mers_A_RNA_sparse_seq_23	high_p_filter	Brier_modified	0.07751453066832267	0.000867784393500097	-0.07664674627482257	POSTHOC_ROBUSTNESS_ANALYSIS	CONTROLLED_ERROR_INJECTION
2026_all5mer	seed_101	5mers_A_RNA_sparse_seq_24	high_p_filter	Brier_observed	0.08711205247136126	0.014861556718934257	-0.07225049575242701	POSTHOC_ROBUSTNESS_ANALYSIS	CONTROLLED_ERROR_INJECTION
2026_all5mer	seed_101	5mers_A_RNA_sparse_seq_24	high_p_filter	Brier_equal_class	0.10231003442892032	0.4615776237400099	0.35926758931108954	POSTHOC_ROBUSTNESS_ANALYSIS	CONTROLLED_ERROR_INJECTION
2026_all5mer	seed_101	5mers_A_RNA_sparse_seq_24	high_p_filter	Brier_control	0.13379825577425317	0.9221992492675781	0.7884009934933249	POSTHOC_ROBUSTNESS_ANALYSIS	CONTROLLED_ERROR_INJECTION
2026_all5mer	seed_101	5mers_A_RNA_sparse_seq_24	high_p_filter	Brier_modified	0.07082181308358748	0.0009559982124416307	-0.06986581487114585	POSTHOC_ROBUSTNESS_ANALYSIS	CONTROLLED_ERROR_INJECTION
2026_all5mer	seed_101	5mers_A_RNA_sparse_seq_25	high_p_filter	Brier_observed	0.09280036290486654	0.0023634128315270972	-0.09043695007333945	POSTHOC_ROBUSTNESS_ANALYSIS	CONTROLLED_ERROR_INJECTION
2026_all5mer	seed_101	5mers_A_RNA_sparse_seq_25	high_p_filter	Brier_equal_class	0.09220429075735553	0.4307050887652284	0.33850079800787286	POSTHOC_ROBUSTNESS_ANALYSIS	CONTROLLED_ERROR_INJECTION
2026_all5mer	seed_101	5mers_A_RNA_sparse_seq_25	high_p_filter	Brier_control	0.09107785520300402	0.8606910705566406	0.7696132153536366	POSTHOC_ROBUSTNESS_ANALYSIS	CONTROLLED_ERROR_INJECTION
2026_all5mer	seed_101	5mers_A_RNA_sparse_seq_25	high_p_filter	Brier_modified	0.09333072631170704	0.0007191069738161518	-0.09261161933789089	POSTHOC_ROBUSTNESS_ANALYSIS	CONTROLLED_ERROR_INJECTION
2026_all5mer	seed_101	5mers_A_RNA_sparse_seq_26	high_p_filter	Brier_observed	0.08739105631928179	0.0010833354911418877	-0.08630772082813991	POSTHOC_ROBUSTNESS_ANALYSIS	CONTROLLED_ERROR_INJECTION
2026_all5mer	seed_101	5mers_A_RNA_sparse_seq_26	high_p_filter	Brier_equal_class	0.08737765919558951			POSTHOC_ROBUSTNESS_ANALYSIS	CONTROLLED_ERROR_INJECTION
2026_all5mer	seed_101	5mers_A_RNA_sparse_seq_26	high_p_filter	Brier_control	0.08735156159863694			POSTHOC_ROBUSTNESS_ANALYSIS	CONTROLLED_ERROR_INJECTION
2026_all5mer	seed_101	5mers_A_RNA_sparse_seq_26	high_p_filter	Brier_modified	0.08740375679254209	0.0010833354911418877	-0.0863204213014002	POSTHOC_ROBUSTNESS_ANALYSIS	CONTROLLED_ERROR_INJECTION
2026_all5mer	seed_101	5mers_A_RNA_sparse_seq_27	high_p_filter	Brier_observed	0.06550216674804688	0.005480566846046381	-0.0600215999020005	POSTHOC_ROBUSTNESS_ANALYSIS	CONTROLLED_ERROR_INJECTION
2026_all5mer	seed_101	5mers_A_RNA_sparse_seq_27	high_p_filter	Brier_equal_class	0.07360391528169014	0.4568343010892295	0.3832303858075394	POSTHOC_ROBUSTNESS_ANALYSIS	CONTROLLED_ERROR_INJECTION
2026_all5mer	seed_101	5mers_A_RNA_sparse_seq_27	high_p_filter	Brier_control	0.08729701139488999	0.9129981994628906	0.8257011880680006	POSTHOC_ROBUSTNESS_ANALYSIS	CONTROLLED_ERROR_INJECTION
2026_all5mer	seed_101	5mers_A_RNA_sparse_seq_27	high_p_filter	Brier_modified	0.05991081916849027	0.0006704027155684077	-0.05924041645292186	POSTHOC_ROBUSTNESS_ANALYSIS	CONTROLLED_ERROR_INJECTION
2026_all5mer	seed_101	5mers_A_RNA_sparse_seq_28	high_p_filter	Brier_observed	0.08134089914677294	0.0005012123094013263	-0.08083968683737161	POSTHOC_ROBUSTNESS_ANALYSIS	CONTROLLED_ERROR_INJECTION
2026_all5mer	seed_101	5mers_A_RNA_sparse_seq_28	high_p_filter	Brier_equal_class	0.07375920652763764			POSTHOC_ROBUSTNESS_ANALYSIS	CONTROLLED_ERROR_INJECTION
2026_all5mer	seed_101	5mers_A_RNA_sparse_seq_28	high_p_filter	Brier_control	0.06104830965969732			POSTHOC_ROBUSTNESS_ANALYSIS	CONTROLLED_ERROR_INJECTION
2026_all5mer	seed_101	5mers_A_RNA_sparse_seq_28	high_p_filter	Brier_modified	0.08647010339557795	0.0005012123094013263	-0.08596889108617663	POSTHOC_ROBUSTNESS_ANALYSIS	CONTROLLED_ERROR_INJECTION
2026_all5mer	seed_101	5mers_A_RNA_sparse_seq_29	high_p_filter	Brier_observed	0.05479609507276411	0.004993463858741119	-0.049802631214022994	POSTHOC_ROBUSTNESS_ANALYSIS	CONTROLLED_ERROR_INJECTION
2026_all5mer	seed_101	5mers_A_RNA_sparse_seq_29	high_p_filter	Brier_equal_class	0.06350995518841675	0.44701361077247603	0.3835036555840593	POSTHOC_ROBUSTNESS_ANALYSIS	CONTROLLED_ERROR_INJECTION
2026_all5mer	seed_101	5mers_A_RNA_sparse_seq_29	high_p_filter	Brier_control	0.07682239022224573	0.8934466044108073	0.8166242141885616	POSTHOC_ROBUSTNESS_ANALYSIS	CONTROLLED_ERROR_INJECTION
2026_all5mer	seed_101	5mers_A_RNA_sparse_seq_29	high_p_filter	Brier_modified	0.05019752015458777	0.000580617134144764	-0.049616903020443005	POSTHOC_ROBUSTNESS_ANALYSIS	CONTROLLED_ERROR_INJECTION
2026_all5mer	seed_101	5mers_A_RNA_sparse_seq_30	high_p_filter	Brier_observed	0.09242450218546426	0.008939508806195175	-0.08348499337926908	POSTHOC_ROBUSTNESS_ANALYSIS	CONTROLLED_ERROR_INJECTION
2026_all5mer	seed_101	5mers_A_RNA_sparse_seq_30	high_p_filter	Brier_equal_class	0.08548111398008698	0.447667484789823	0.36218637080973604	POSTHOC_ROBUSTNESS_ANALYSIS	CONTROLLED_ERROR_INJECTION
2026_all5mer	seed_101	5mers_A_RNA_sparse_seq_30	high_p_filter	Brier_control	0.0701933434968505	0.8942298889160156	0.8240365454191652	POSTHOC_ROBUSTNESS_ANALYSIS	CONTROLLED_ERROR_INJECTION
2026_all5mer	seed_101	5mers_A_RNA_sparse_seq_30	high_p_filter	Brier_modified	0.10076888446332345	0.0011050806636303926	-0.09966380379969306	POSTHOC_ROBUSTNESS_ANALYSIS	CONTROLLED_ERROR_INJECTION
2026_all5mer	seed_101	5mers_A_RNA_sparse_seq_31	high_p_filter	Brier_observed	0.049825583939003736	0.0021023116088265854	-0.04772327233017715	POSTHOC_ROBUSTNESS_ANALYSIS	CONTROLLED_ERROR_INJECTION
2026_all5mer	seed_101	5mers_A_RNA_sparse_seq_31	high_p_filter	Brier_equal_class	0.060244844884371124	0.4489710456446597	0.38872620076028863	POSTHOC_ROBUSTNESS_ANALYSIS	CONTROLLED_ERROR_INJECTION
2026_all5mer	seed_101	5mers_A_RNA_sparse_seq_31	high_p_filter	Brier_control	0.07626357259629649	0.8973121643066406	0.8210485917103442	POSTHOC_ROBUSTNESS_ANALYSIS	CONTROLLED_ERROR_INJECTION
2026_all5mer	seed_101	5mers_A_RNA_sparse_seq_31	high_p_filter	Brier_modified	0.044226117172445754	0.0006299269826788651	-0.04359619018976689	POSTHOC_ROBUSTNESS_ANALYSIS	CONTROLLED_ERROR_INJECTION
2026_all5mer	seed_101	5mers_A_RNA_sparse_seq_32	high_p_filter	Brier_observed	0.09959708730880781	0.00914288984489036	-0.09045419746391745	POSTHOC_ROBUSTNESS_ANALYSIS	CONTROLLED_ERROR_INJECTION
2026_all5mer	seed_101	5mers_A_RNA_sparse_seq_32	high_p_filter	Brier_equal_class	0.10477715852775377	0.4736552269096293	0.36887806838187553	POSTHOC_ROBUSTNESS_ANALYSIS	CONTROLLED_ERROR_INJECTION
2026_all5mer	seed_101	5mers_A_RNA_sparse_seq_32	high_p_filter	Brier_control	0.11688748375844148	0.9461936950683594	0.8293062113099179	POSTHOC_ROBUSTNESS_ANALYSIS	CONTROLLED_ERROR_INJECTION
2026_all5mer	seed_101	5mers_A_RNA_sparse_seq_32	high_p_filter	Brier_modified	0.09266683329706607	0.0011167587508991903	-0.09155007454616688	POSTHOC_ROBUSTNESS_ANALYSIS	CONTROLLED_ERROR_INJECTION
2026_all5mer	seed_101	ALL	high_p_filter	Brier_observed	0.0778934601636913	0.006221680274722906	-0.07167177988896839	POSTHOC_ROBUSTNESS_ANALYSIS	CONTROLLED_ERROR_INJECTION
2026_all5mer	seed_101	ALL	high_p_filter	Brier_equal_class	0.08436570494380823	0.4537027169064589	0.3693370119626507	POSTHOC_ROBUSTNESS_ANALYSIS	CONTROLLED_ERROR_INJECTION
2026_all5mer	seed_101	ALL	high_p_filter	Brier_control	0.09625058955811039	0.9065834649718634	0.810332875413753	POSTHOC_ROBUSTNESS_ANALYSIS	CONTROLLED_ERROR_INJECTION
2026_all5mer	seed_101	ALL	high_p_filter	Brier_modified	0.07248082032950606	0.0008219688410544069	-0.07165885148845165	POSTHOC_ROBUSTNESS_ANALYSIS	CONTROLLED_ERROR_INJECTION
2026_all5mer	seed_101	5mers_A_RNA_sparse_seq_01	missing_zero	Brier_observed	0.06234348638141973	0.051543035209583296	-0.010800451171836437	POSTHOC_ROBUSTNESS_ANALYSIS	CONTROLLED_ERROR_INJECTION
2026_all5mer	seed_101	5mers_A_RNA_sparse_seq_01	missing_zero	Brier_equal_class	0.06593836266804004	0.051580465316098244	-0.014357897351941797	POSTHOC_ROBUSTNESS_ANALYSIS	CONTROLLED_ERROR_INJECTION
2026_all5mer	seed_101	5mers_A_RNA_sparse_seq_01	missing_zero	Brier_control	0.0731732392114056	0.023994476814580157	-0.04917876239682545	POSTHOC_ROBUSTNESS_ANALYSIS	CONTROLLED_ERROR_INJECTION
2026_all5mer	seed_101	5mers_A_RNA_sparse_seq_01	missing_zero	Brier_modified	0.05870348612467448	0.07916645381761633	0.020462967692941855	POSTHOC_ROBUSTNESS_ANALYSIS	CONTROLLED_ERROR_INJECTION
2026_all5mer	seed_101	5mers_A_RNA_sparse_seq_02	missing_zero	Brier_observed	0.09347589554325227	0.06380480763780096	-0.02967108790545131	POSTHOC_ROBUSTNESS_ANALYSIS	CONTROLLED_ERROR_INJECTION
2026_all5mer	seed_101	5mers_A_RNA_sparse_seq_02	missing_zero	Brier_equal_class	0.09388985404100658	0.06321095565476986	-0.03067889838623672	POSTHOC_ROBUSTNESS_ANALYSIS	CONTROLLED_ERROR_INJECTION
2026_all5mer	seed_101	5mers_A_RNA_sparse_seq_02	missing_zero	Brier_control	0.09464750501844618	0.02858481695187972	-0.06606268806656646	POSTHOC_ROBUSTNESS_ANALYSIS	CONTROLLED_ERROR_INJECTION
2026_all5mer	seed_101	5mers_A_RNA_sparse_seq_02	missing_zero	Brier_modified	0.09313220306356697	0.09783709435766	0.00470489129409303	POSTHOC_ROBUSTNESS_ANALYSIS	CONTROLLED_ERROR_INJECTION
2026_all5mer	seed_101	5mers_A_RNA_sparse_seq_03	missing_zero	Brier_observed	0.06834612503631625	0.045117384567362064	-0.023228740468954186	POSTHOC_ROBUSTNESS_ANALYSIS	CONTROLLED_ERROR_INJECTION
2026_all5mer	seed_101	5mers_A_RNA_sparse_seq_03	missing_zero	Brier_equal_class	0.07747733812713335	0.04557214511765374	-0.03190519300947961	POSTHOC_ROBUSTNESS_ANALYSIS	CONTROLLED_ERROR_INJECTION
2026_all5mer	seed_101	5mers_A_RNA_sparse_seq_03	missing_zero	Brier_control	0.09290825052464262	0.022743165493011475	-0.07016508503163114	POSTHOC_ROBUSTNESS_ANALYSIS	CONTROLLED_ERROR_INJECTION
2026_all5mer	seed_101	5mers_A_RNA_sparse_seq_03	missing_zero	Brier_modified	0.062046425729624086	0.06840112474229601	0.006354699012671924	POSTHOC_ROBUSTNESS_ANALYSIS	CONTROLLED_ERROR_INJECTION
2026_all5mer	seed_101	5mers_A_RNA_sparse_seq_04	missing_zero	Brier_observed	0.09428456851414271	0.0629690171630344	-0.03131555135110832	POSTHOC_ROBUSTNESS_ANALYSIS	CONTROLLED_ERROR_INJECTION
2026_all5mer	seed_101	5mers_A_RNA_sparse_seq_04	missing_zero	Brier_equal_class	0.10430750828118635	0.06348005195088574	-0.040827456330300604	POSTHOC_ROBUSTNESS_ANALYSIS	CONTROLLED_ERROR_INJECTION
2026_all5mer	seed_101	5mers_A_RNA_sparse_seq_04	missing_zero	Brier_control	0.12263516956949469	0.03443283460941552	-0.08820233496007918	POSTHOC_ROBUSTNESS_ANALYSIS	CONTROLLED_ERROR_INJECTION
2026_all5mer	seed_101	5mers_A_RNA_sparse_seq_04	missing_zero	Brier_modified	0.085979846992878	0.09252726929235595	0.0065474222994779535	POSTHOC_ROBUSTNESS_ANALYSIS	CONTROLLED_ERROR_INJECTION
2026_all5mer	seed_101	5mers_A_RNA_sparse_seq_05	missing_zero	Brier_observed	0.07217750147769325	0.05467066112855804	-0.01750684034913521	POSTHOC_ROBUSTNESS_ANALYSIS	CONTROLLED_ERROR_INJECTION
2026_all5mer	seed_101	5mers_A_RNA_sparse_seq_05	missing_zero	Brier_equal_class	0.08188896897303959	0.05424277610499343	-0.027646192868046156	POSTHOC_ROBUSTNESS_ANALYSIS	CONTROLLED_ERROR_INJECTION
2026_all5mer	seed_101	5mers_A_RNA_sparse_seq_05	missing_zero	Brier_control	0.09897395808522294	0.02764259047339333	-0.07133136761182961	POSTHOC_ROBUSTNESS_ANALYSIS	CONTROLLED_ERROR_INJECTION
2026_all5mer	seed_101	5mers_A_RNA_sparse_seq_05	missing_zero	Brier_modified	0.06480397986085623	0.08084296173659353	0.016038981875737296	POSTHOC_ROBUSTNESS_ANALYSIS	CONTROLLED_ERROR_INJECTION
2026_all5mer	seed_101	5mers_A_RNA_sparse_seq_06	missing_zero	Brier_observed	0.07559772932070476	0.052016810765342106	-0.02358091855536265	POSTHOC_ROBUSTNESS_ANALYSIS	CONTROLLED_ERROR_INJECTION
2026_all5mer	seed_101	5mers_A_RNA_sparse_seq_06	missing_zero	Brier_equal_class	0.08392892758205159	0.05214451472676482	-0.03178441285528677	POSTHOC_ROBUSTNESS_ANALYSIS	CONTROLLED_ERROR_INJECTION
2026_all5mer	seed_101	5mers_A_RNA_sparse_seq_06	missing_zero	Brier_control	0.09900667057480923	0.028008466017873664	-0.07099820455693556	POSTHOC_ROBUSTNESS_ANALYSIS	CONTROLLED_ERROR_INJECTION
2026_all5mer	seed_101	5mers_A_RNA_sparse_seq_06	missing_zero	Brier_modified	0.06885118458929394	0.07628056343565597	0.0074293788463620225	POSTHOC_ROBUSTNESS_ANALYSIS	CONTROLLED_ERROR_INJECTION
2026_all5mer	seed_101	5mers_A_RNA_sparse_seq_07	missing_zero	Brier_observed	0.0859339135324853	0.058876986877160135	-0.02705692665532517	POSTHOC_ROBUSTNESS_ANALYSIS	CONTROLLED_ERROR_INJECTION
2026_all5mer	seed_101	5mers_A_RNA_sparse_seq_07	missing_zero	Brier_equal_class	0.08397630738176298	0.059870292326216434	-0.024106015055546548	POSTHOC_ROBUSTNESS_ANALYSIS	CONTROLLED_ERROR_INJECTION
2026_all5mer	seed_101	5mers_A_RNA_sparse_seq_07	missing_zero	Brier_control	0.08049281050519246	0.021182318553998013	-0.05931049195119444	POSTHOC_ROBUSTNESS_ANALYSIS	CONTROLLED_ERROR_INJECTION
2026_all5mer	seed_101	5mers_A_RNA_sparse_seq_07	missing_zero	Brier_modified	0.08745980425833351	0.09855826609843486	0.011098461840101354	POSTHOC_ROBUSTNESS_ANALYSIS	CONTROLLED_ERROR_INJECTION
2026_all5mer	seed_101	5mers_A_RNA_sparse_seq_08	missing_zero	Brier_observed	0.06450810151941636	0.04520771185873043	-0.019300389660685924	POSTHOC_ROBUSTNESS_ANALYSIS	CONTROLLED_ERROR_INJECTION
2026_all5mer	seed_101	5mers_A_RNA_sparse_seq_08	missing_zero	Brier_equal_class	0.0750921967274358	0.04531856624369173	-0.029773630483744075	POSTHOC_ROBUSTNESS_ANALYSIS	CONTROLLED_ERROR_INJECTION
2026_all5mer	seed_101	5mers_A_RNA_sparse_seq_08	missing_zero	Brier_control	0.09225862676447089	0.021421528114177937	-0.07083709865029295	POSTHOC_ROBUSTNESS_ANALYSIS	CONTROLLED_ERROR_INJECTION
2026_all5mer	seed_101	5mers_A_RNA_sparse_seq_08	missing_zero	Brier_modified	0.05792576669040073	0.06921560437320552	0.011289837682804789	POSTHOC_ROBUSTNESS_ANALYSIS	CONTROLLED_ERROR_INJECTION
2026_all5mer	seed_101	5mers_A_RNA_sparse_seq_09	missing_zero	Brier_observed	0.07779752761922418	0.05338351750777939	-0.024414010111444784	POSTHOC_ROBUSTNESS_ANALYSIS	CONTROLLED_ERROR_INJECTION
2026_all5mer	seed_101	5mers_A_RNA_sparse_seq_09	missing_zero	Brier_equal_class	0.07762243383880413	0.05336177742593054	-0.024260656412873588	POSTHOC_ROBUSTNESS_ANALYSIS	CONTROLLED_ERROR_INJECTION
2026_all5mer	seed_101	5mers_A_RNA_sparse_seq_09	missing_zero	Brier_control	0.07731295806433768	0.021295156698860986	-0.05601780136547669	POSTHOC_ROBUSTNESS_ANALYSIS	CONTROLLED_ERROR_INJECTION
2026_all5mer	seed_101	5mers_A_RNA_sparse_seq_09	missing_zero	Brier_modified	0.07793190961327058	0.08542839815300009	0.007496488539729507	POSTHOC_ROBUSTNESS_ANALYSIS	CONTROLLED_ERROR_INJECTION
2026_all5mer	seed_101	5mers_A_RNA_sparse_seq_10	missing_zero	Brier_observed	0.06618166836825284	0.04192057631458768	-0.02426109205366516	POSTHOC_ROBUSTNESS_ANALYSIS	CONTROLLED_ERROR_INJECTION
2026_all5mer	seed_101	5mers_A_RNA_sparse_seq_10	missing_zero	Brier_equal_class	0.08301172242942431	0.04216979520659181	-0.0408419272228325	POSTHOC_ROBUSTNESS_ANALYSIS	CONTROLLED_ERROR_INJECTION
2026_all5mer	seed_101	5mers_A_RNA_sparse_seq_10	missing_zero	Brier_control	0.11095596313476562	0.026599032258334224	-0.0843569308764314	POSTHOC_ROBUSTNESS_ANALYSIS	CONTROLLED_ERROR_INJECTION
2026_all5mer	seed_101	5mers_A_RNA_sparse_seq_10	missing_zero	Brier_modified	0.055067481724083	0.05774055815484939	0.0026730764307663843	POSTHOC_ROBUSTNESS_ANALYSIS	CONTROLLED_ERROR_INJECTION
2026_all5mer	seed_101	5mers_A_RNA_sparse_seq_11	missing_zero	Brier_observed	0.06448241914735106	0.0449117949360446	-0.01957062421130646	POSTHOC_ROBUSTNESS_ANALYSIS	CONTROLLED_ERROR_INJECTION
2026_all5mer	seed_101	5mers_A_RNA_sparse_seq_11	missing_zero	Brier_equal_class	0.07336286320796091	0.045159140170751774	-0.02820372303720914	POSTHOC_ROBUSTNESS_ANALYSIS	CONTROLLED_ERROR_INJECTION
2026_all5mer	seed_101	5mers_A_RNA_sparse_seq_11	missing_zero	Brier_control	0.0896980707546533	0.025644902969380455	-0.06405316778527284	POSTHOC_ROBUSTNESS_ANALYSIS	CONTROLLED_ERROR_INJECTION
2026_all5mer	seed_101	5mers_A_RNA_sparse_seq_11	missing_zero	Brier_modified	0.05702765566126852	0.0646733773721231	0.007645721710854578	POSTHOC_ROBUSTNESS_ANALYSIS	CONTROLLED_ERROR_INJECTION
2026_all5mer	seed_101	5mers_A_RNA_sparse_seq_12	missing_zero	Brier_observed	0.07559552579312712	0.05941617317747271	-0.016179352615654403	POSTHOC_ROBUSTNESS_ANALYSIS	CONTROLLED_ERROR_INJECTION
2026_all5mer	seed_101	5mers_A_RNA_sparse_seq_12	missing_zero	Brier_equal_class	0.0836359851713745	0.05900369211052348	-0.02463229306085101	POSTHOC_ROBUSTNESS_ANALYSIS	CONTROLLED_ERROR_INJECTION
2026_all5mer	seed_101	5mers_A_RNA_sparse_seq_12	missing_zero	Brier_control	0.09785668292448889	0.0272426499554325	-0.07061403296905638	POSTHOC_ROBUSTNESS_ANALYSIS	CONTROLLED_ERROR_INJECTION
2026_all5mer	seed_101	5mers_A_RNA_sparse_seq_12	missing_zero	Brier_modified	0.0694152874182601	0.09076473426561446	0.02134944684735436	POSTHOC_ROBUSTNESS_ANALYSIS	CONTROLLED_ERROR_INJECTION
2026_all5mer	seed_101	5mers_A_RNA_sparse_seq_13	missing_zero	Brier_observed	0.0640010286377492	0.04210222723649785	-0.021898801401251354	POSTHOC_ROBUSTNESS_ANALYSIS	CONTROLLED_ERROR_INJECTION
2026_all5mer	seed_101	5mers_A_RNA_sparse_seq_13	missing_zero	Brier_equal_class	0.07626109467746472	0.042130602608347015	-0.03413049206911771	POSTHOC_ROBUSTNESS_ANALYSIS	CONTROLLED_ERROR_INJECTION
2026_all5mer	seed_101	5mers_A_RNA_sparse_seq_13	missing_zero	Brier_control	0.09547843002691501	0.020905824465172314	-0.0745726055617427	POSTHOC_ROBUSTNESS_ANALYSIS	CONTROLLED_ERROR_INJECTION
2026_all5mer	seed_101	5mers_A_RNA_sparse_seq_13	missing_zero	Brier_modified	0.05704375932801445	0.06335538075152171	0.00631162142350726	POSTHOC_ROBUSTNESS_ANALYSIS	CONTROLLED_ERROR_INJECTION
2026_all5mer	seed_101	5mers_A_RNA_sparse_seq_14	missing_zero	Brier_observed	0.06295051259442794	0.041071681824539956	-0.02187883076988798	POSTHOC_ROBUSTNESS_ANALYSIS	CONTROLLED_ERROR_INJECTION
2026_all5mer	seed_101	5mers_A_RNA_sparse_seq_14	missing_zero	Brier_equal_class	0.06513761977201711	0.040753194794379555	-0.024384424977637556	POSTHOC_ROBUSTNESS_ANALYSIS	CONTROLLED_ERROR_INJECTION
2026_all5mer	seed_101	5mers_A_RNA_sparse_seq_14	missing_zero	Brier_control	0.06891819075042126	0.018922356545203144	-0.04999583420521811	POSTHOC_ROBUSTNESS_ANALYSIS	CONTROLLED_ERROR_INJECTION
2026_all5mer	seed_101	5mers_A_RNA_sparse_seq_14	missing_zero	Brier_modified	0.06135704879361297	0.06258403304355596	0.0012269842499429903	POSTHOC_ROBUSTNESS_ANALYSIS	CONTROLLED_ERROR_INJECTION
2026_all5mer	seed_101	5mers_A_RNA_sparse_seq_15	missing_zero	Brier_observed	0.09781146049499512	0.0731467035503818	-0.024664756944613314	POSTHOC_ROBUSTNESS_ANALYSIS	CONTROLLED_ERROR_INJECTION
2026_all5mer	seed_101	5mers_A_RNA_sparse_seq_15	missing_zero	Brier_equal_class	0.10030295990928095	0.07296681190964088	-0.02733614799964007	POSTHOC_ROBUSTNESS_ANALYSIS	CONTROLLED_ERROR_INJECTION
2026_all5mer	seed_101	5mers_A_RNA_sparse_seq_15	missing_zero	Brier_control	0.10573124799487393	0.03910221054016032	-0.06662903745471362	POSTHOC_ROBUSTNESS_ANALYSIS	CONTROLLED_ERROR_INJECTION
2026_all5mer	seed_101	5mers_A_RNA_sparse_seq_15	missing_zero	Brier_modified	0.09487467182368799	0.10683141327912143	0.011956741455433448	POSTHOC_ROBUSTNESS_ANALYSIS	CONTROLLED_ERROR_INJECTION
2026_all5mer	seed_101	5mers_A_RNA_sparse_seq_16	missing_zero	Brier_observed	0.08467877718013622	0.06668659364745053	-0.017992183532685696	POSTHOC_ROBUSTNESS_ANALYSIS	CONTROLLED_ERROR_INJECTION
2026_all5mer	seed_101	5mers_A_RNA_sparse_seq_16	missing_zero	Brier_equal_class	0.085702604187466	0.06551842260292919	-0.020184181584536817	POSTHOC_ROBUSTNESS_ANALYSIS	CONTROLLED_ERROR_INJECTION
2026_all5mer	seed_101	5mers_A_RNA_sparse_seq_16	missing_zero	Brier_control	0.08827813063995747	0.04169789130377662	-0.04658023933618085	POSTHOC_ROBUSTNESS_ANALYSIS	CONTROLLED_ERROR_INJECTION
2026_all5mer	seed_101	5mers_A_RNA_sparse_seq_16	missing_zero	Brier_modified	0.08312707773497453	0.08933895390208174	0.006211876167107208	POSTHOC_ROBUSTNESS_ANALYSIS	CONTROLLED_ERROR_INJECTION
2026_all5mer	seed_101	5mers_A_RNA_sparse_seq_17	missing_zero	Brier_observed	0.06062825924505002	0.04186404905011577	-0.018764210194934246	POSTHOC_ROBUSTNESS_ANALYSIS	CONTROLLED_ERROR_INJECTION
2026_all5mer	seed_101	5mers_A_RNA_sparse_seq_17	missing_zero	Brier_equal_class	0.069075275056873	0.04214967681669033	-0.026925598240182667	POSTHOC_ROBUSTNESS_ANALYSIS	CONTROLLED_ERROR_INJECTION
2026_all5mer	seed_101	5mers_A_RNA_sparse_seq_17	missing_zero	Brier_control	0.08475784861713374	0.024440755289067667	-0.060317093328066076	POSTHOC_ROBUSTNESS_ANALYSIS	CONTROLLED_ERROR_INJECTION
2026_all5mer	seed_101	5mers_A_RNA_sparse_seq_17	missing_zero	Brier_modified	0.05339270149661225	0.059858598344312994	0.006465896847700742	POSTHOC_ROBUSTNESS_ANALYSIS	CONTROLLED_ERROR_INJECTION
2026_all5mer	seed_101	5mers_A_RNA_sparse_seq_18	missing_zero	Brier_observed	0.06524714538316687	0.046056383828255644	-0.019190761554911222	POSTHOC_ROBUSTNESS_ANALYSIS	CONTROLLED_ERROR_INJECTION
2026_all5mer	seed_101	5mers_A_RNA_sparse_seq_18	missing_zero	Brier_equal_class	0.07837117449077446	0.04613819984667179	-0.03223297464410267	POSTHOC_ROBUSTNESS_ANALYSIS	CONTROLLED_ERROR_INJECTION
2026_all5mer	seed_101	5mers_A_RNA_sparse_seq_18	missing_zero	Brier_control	0.102024367635284	0.02866463591350855	-0.07335973172177544	POSTHOC_ROBUSTNESS_ANALYSIS	CONTROLLED_ERROR_INJECTION
2026_all5mer	seed_101	5mers_A_RNA_sparse_seq_18	missing_zero	Brier_modified	0.054717981346264946	0.06361176377983503	0.008893782433570085	POSTHOC_ROBUSTNESS_ANALYSIS	CONTROLLED_ERROR_INJECTION
2026_all5mer	seed_101	5mers_A_RNA_sparse_seq_19	missing_zero	Brier_observed	0.06719085545215792	0.04237932658327218	-0.024811528868885734	POSTHOC_ROBUSTNESS_ANALYSIS	CONTROLLED_ERROR_INJECTION
2026_all5mer	seed_101	5mers_A_RNA_sparse_seq_19	missing_zero	Brier_equal_class	0.06992963220438153	0.04289425549183348	-0.027035376712548048	POSTHOC_ROBUSTNESS_ANALYSIS	CONTROLLED_ERROR_INJECTION
2026_all5mer	seed_101	5mers_A_RNA_sparse_seq_19	missing_zero	Brier_control	0.07376764588436838	0.011826878008635147	-0.06194076787573323	POSTHOC_ROBUSTNESS_ANALYSIS	CONTROLLED_ERROR_INJECTION
2026_all5mer	seed_101	5mers_A_RNA_sparse_seq_19	missing_zero	Brier_modified	0.0660916185243947	0.07396163297503182	0.00787001445063712	POSTHOC_ROBUSTNESS_ANALYSIS	CONTROLLED_ERROR_INJECTION
2026_all5mer	seed_101	5mers_A_RNA_sparse_seq_20	missing_zero	Brier_observed	0.10037971593724175	0.0724124933676745	-0.027967222569567254	POSTHOC_ROBUSTNESS_ANALYSIS	CONTROLLED_ERROR_INJECTION
2026_all5mer	seed_101	5mers_A_RNA_sparse_seq_20	missing_zero	Brier_equal_class	0.11060876858410201	0.0726034143603067	-0.03800535422379531	POSTHOC_ROBUSTNESS_ANALYSIS	CONTROLLED_ERROR_INJECTION
2026_all5mer	seed_101	5mers_A_RNA_sparse_seq_20	missing_zero	Brier_control	0.13306868848183173	0.048547369288647266	-0.08452131919318447	POSTHOC_ROBUSTNESS_ANALYSIS	CONTROLLED_ERROR_INJECTION
2026_all5mer	seed_101	5mers_A_RNA_sparse_seq_20	missing_zero	Brier_modified	0.08814884868637228	0.09665945943196615	0.008510610745593866	POSTHOC_ROBUSTNESS_ANALYSIS	CONTROLLED_ERROR_INJECTION
2026_all5mer	seed_101	5mers_A_RNA_sparse_seq_21	missing_zero	Brier_observed	0.06316385635581963	0.04365171994075218	-0.019512136415067445	POSTHOC_ROBUSTNESS_ANALYSIS	CONTROLLED_ERROR_INJECTION
2026_all5mer	seed_101	5mers_A_RNA_sparse_seq_21	missing_zero	Brier_equal_class	0.07640276036056116	0.04369151380219653	-0.03271124655836463	POSTHOC_ROBUSTNESS_ANALYSIS	CONTROLLED_ERROR_INJECTION
2026_all5mer	seed_101	5mers_A_RNA_sparse_seq_21	missing_zero	Brier_control	0.10041229813187211	0.028689228037677744	-0.07172307009419436	POSTHOC_ROBUSTNESS_ANALYSIS	CONTROLLED_ERROR_INJECTION
2026_all5mer	seed_101	5mers_A_RNA_sparse_seq_21	missing_zero	Brier_modified	0.05239322258925023	0.05869379956671532	0.00630057697746509	POSTHOC_ROBUSTNESS_ANALYSIS	CONTROLLED_ERROR_INJECTION
2026_all5mer	seed_101	5mers_A_RNA_sparse_seq_22	missing_zero	Brier_observed	0.11067086877957197	0.08190422819469685	-0.028766640584875117	POSTHOC_ROBUSTNESS_ANALYSIS	CONTROLLED_ERROR_INJECTION
2026_all5mer	seed_101	5mers_A_RNA_sparse_seq_22	missing_zero	Brier_equal_class	0.1122757505626539	0.08187819738011255	-0.03039755318254135	POSTHOC_ROBUSTNESS_ANALYSIS	CONTROLLED_ERROR_INJECTION
2026_all5mer	seed_101	5mers_A_RNA_sparse_seq_22	missing_zero	Brier_control	0.1158849190974581	0.0440554237891163	-0.07182949530834179	POSTHOC_ROBUSTNESS_ANALYSIS	CONTROLLED_ERROR_INJECTION
2026_all5mer	seed_101	5mers_A_RNA_sparse_seq_22	missing_zero	Brier_modified	0.1086665820278497	0.1197009709711088	0.011034388943259088	POSTHOC_ROBUSTNESS_ANALYSIS	CONTROLLED_ERROR_INJECTION
2026_all5mer	seed_101	5mers_A_RNA_sparse_seq_23	missing_zero	Brier_observed	0.0903233557632289	0.06596231109721207	-0.024361044666016837	POSTHOC_ROBUSTNESS_ANALYSIS	CONTROLLED_ERROR_INJECTION
2026_all5mer	seed_101	5mers_A_RNA_sparse_seq_23	missing_zero	Brier_equal_class	0.10512466476178721	0.06567505219173693	-0.03944961257005028	POSTHOC_ROBUSTNESS_ANALYSIS	CONTROLLED_ERROR_INJECTION
2026_all5mer	seed_101	5mers_A_RNA_sparse_seq_23	missing_zero	Brier_control	0.13273479885525175	0.040413166092600324	-0.09232163276265143	POSTHOC_ROBUSTNESS_ANALYSIS	CONTROLLED_ERROR_INJECTION
2026_all5mer	seed_101	5mers_A_RNA_sparse_seq_23	missing_zero	Brier_modified	0.07751453066832267	0.09093693829087353	0.013422407622550855	POSTHOC_ROBUSTNESS_ANALYSIS	CONTROLLED_ERROR_INJECTION
2026_all5mer	seed_101	5mers_A_RNA_sparse_seq_24	missing_zero	Brier_observed	0.08711205247136126	0.06063779916184357	-0.026474253309517692	POSTHOC_ROBUSTNESS_ANALYSIS	CONTROLLED_ERROR_INJECTION
2026_all5mer	seed_101	5mers_A_RNA_sparse_seq_24	missing_zero	Brier_equal_class	0.10231003442892032	0.06060993329756997	-0.04170010113135035	POSTHOC_ROBUSTNESS_ANALYSIS	CONTROLLED_ERROR_INJECTION
2026_all5mer	seed_101	5mers_A_RNA_sparse_seq_24	missing_zero	Brier_control	0.13379825577425317	0.046686289782192615	-0.08711196599206056	POSTHOC_ROBUSTNESS_ANALYSIS	CONTROLLED_ERROR_INJECTION
2026_all5mer	seed_101	5mers_A_RNA_sparse_seq_24	missing_zero	Brier_modified	0.07082181308358748	0.07453357681294732	0.0037117637293598432	POSTHOC_ROBUSTNESS_ANALYSIS	CONTROLLED_ERROR_INJECTION
2026_all5mer	seed_101	5mers_A_RNA_sparse_seq_25	missing_zero	Brier_observed	0.09280036290486654	0.0679814044308486	-0.024818958474017938	POSTHOC_ROBUSTNESS_ANALYSIS	CONTROLLED_ERROR_INJECTION
2026_all5mer	seed_101	5mers_A_RNA_sparse_seq_25	missing_zero	Brier_equal_class	0.09220429075735553	0.06784667496317313	-0.0243576157941824	POSTHOC_ROBUSTNESS_ANALYSIS	CONTROLLED_ERROR_INJECTION
2026_all5mer	seed_101	5mers_A_RNA_sparse_seq_25	missing_zero	Brier_control	0.09107785520300402	0.027778131276489752	-0.06329972392651426	POSTHOC_ROBUSTNESS_ANALYSIS	CONTROLLED_ERROR_INJECTION
2026_all5mer	seed_101	5mers_A_RNA_sparse_seq_25	missing_zero	Brier_modified	0.09333072631170704	0.10791521864985652	0.014584492338149485	POSTHOC_ROBUSTNESS_ANALYSIS	CONTROLLED_ERROR_INJECTION
2026_all5mer	seed_101	5mers_A_RNA_sparse_seq_26	missing_zero	Brier_observed	0.08739105631928179	0.06031409230320361	-0.027076964016078182	POSTHOC_ROBUSTNESS_ANALYSIS	CONTROLLED_ERROR_INJECTION
2026_all5mer	seed_101	5mers_A_RNA_sparse_seq_26	missing_zero	Brier_equal_class	0.08737765919558951	0.05990840700446038	-0.027469252191129133	POSTHOC_ROBUSTNESS_ANALYSIS	CONTROLLED_ERROR_INJECTION
2026_all5mer	seed_101	5mers_A_RNA_sparse_seq_26	missing_zero	Brier_control	0.08735156159863694	0.028713342716888978	-0.05863821888174796	POSTHOC_ROBUSTNESS_ANALYSIS	CONTROLLED_ERROR_INJECTION
2026_all5mer	seed_101	5mers_A_RNA_sparse_seq_26	missing_zero	Brier_modified	0.08740375679254209	0.09110347129203178	0.0036997144994896924	POSTHOC_ROBUSTNESS_ANALYSIS	CONTROLLED_ERROR_INJECTION
2026_all5mer	seed_101	5mers_A_RNA_sparse_seq_27	missing_zero	Brier_observed	0.06550216674804688	0.048170575068159284	-0.01733159167988759	POSTHOC_ROBUSTNESS_ANALYSIS	CONTROLLED_ERROR_INJECTION
2026_all5mer	seed_101	5mers_A_RNA_sparse_seq_27	missing_zero	Brier_equal_class	0.07360391528169014	0.04760493672563954	-0.025998978556050593	POSTHOC_ROBUSTNESS_ANALYSIS	CONTROLLED_ERROR_INJECTION
2026_all5mer	seed_101	5mers_A_RNA_sparse_seq_27	missing_zero	Brier_control	0.08729701139488999	0.023153199233286112	-0.06414381216160388	POSTHOC_ROBUSTNESS_ANALYSIS	CONTROLLED_ERROR_INJECTION
2026_all5mer	seed_101	5mers_A_RNA_sparse_seq_27	missing_zero	Brier_modified	0.05991081916849027	0.07205667421799297	0.012145855049502705	POSTHOC_ROBUSTNESS_ANALYSIS	CONTROLLED_ERROR_INJECTION
2026_all5mer	seed_101	5mers_A_RNA_sparse_seq_28	missing_zero	Brier_observed	0.08134089914677294	0.06134772428216781	-0.019993174864605126	POSTHOC_ROBUSTNESS_ANALYSIS	CONTROLLED_ERROR_INJECTION
2026_all5mer	seed_101	5mers_A_RNA_sparse_seq_28	missing_zero	Brier_equal_class	0.07375920652763764	0.061723985409964544	-0.012035221117673092	POSTHOC_ROBUSTNESS_ANALYSIS	CONTROLLED_ERROR_INJECTION
2026_all5mer	seed_101	5mers_A_RNA_sparse_seq_28	missing_zero	Brier_control	0.06104830965969732	0.014816764811305849	-0.04623154484839147	POSTHOC_ROBUSTNESS_ANALYSIS	CONTROLLED_ERROR_INJECTION
2026_all5mer	seed_101	5mers_A_RNA_sparse_seq_28	missing_zero	Brier_modified	0.08647010339557795	0.10863120600862324	0.022161102613045283	POSTHOC_ROBUSTNESS_ANALYSIS	CONTROLLED_ERROR_INJECTION
2026_all5mer	seed_101	5mers_A_RNA_sparse_seq_29	missing_zero	Brier_observed	0.05479609507276411	0.03444790586512139	-0.020348189207642718	POSTHOC_ROBUSTNESS_ANALYSIS	CONTROLLED_ERROR_INJECTION
2026_all5mer	seed_101	5mers_A_RNA_sparse_seq_29	missing_zero	Brier_equal_class	0.06350995518841675	0.034399188573754645	-0.029110766614662102	POSTHOC_ROBUSTNESS_ANALYSIS	CONTROLLED_ERROR_INJECTION
2026_all5mer	seed_101	5mers_A_RNA_sparse_seq_29	missing_zero	Brier_control	0.07682239022224573	0.01608148701985677	-0.06074090320238895	POSTHOC_ROBUSTNESS_ANALYSIS	CONTROLLED_ERROR_INJECTION
2026_all5mer	seed_101	5mers_A_RNA_sparse_seq_29	missing_zero	Brier_modified	0.05019752015458777	0.05271689012765252	0.0025193699730647542	POSTHOC_ROBUSTNESS_ANALYSIS	CONTROLLED_ERROR_INJECTION
2026_all5mer	seed_101	5mers_A_RNA_sparse_seq_30	missing_zero	Brier_observed	0.09242450218546426	0.06793502797122834	-0.024489474214235918	POSTHOC_ROBUSTNESS_ANALYSIS	CONTROLLED_ERROR_INJECTION
2026_all5mer	seed_101	5mers_A_RNA_sparse_seq_30	missing_zero	Brier_equal_class	0.08548111398008698	0.0678206322503391	-0.01766048172974788	POSTHOC_ROBUSTNESS_ANALYSIS	CONTROLLED_ERROR_INJECTION
2026_all5mer	seed_101	5mers_A_RNA_sparse_seq_30	missing_zero	Brier_control	0.0701933434968505	0.0262377877070986	-0.043955555789751896	POSTHOC_ROBUSTNESS_ANALYSIS	CONTROLLED_ERROR_INJECTION
2026_all5mer	seed_101	5mers_A_RNA_sparse_seq_30	missing_zero	Brier_modified	0.10076888446332345	0.1094034767935796	0.008634592330256152	POSTHOC_ROBUSTNESS_ANALYSIS	CONTROLLED_ERROR_INJECTION
2026_all5mer	seed_101	5mers_A_RNA_sparse_seq_31	missing_zero	Brier_observed	0.049825583939003736	0.03542704416668439	-0.014398539772319342	POSTHOC_ROBUSTNESS_ANALYSIS	CONTROLLED_ERROR_INJECTION
2026_all5mer	seed_101	5mers_A_RNA_sparse_seq_31	missing_zero	Brier_equal_class	0.060244844884371124	0.03497012286801886	-0.025274722016352266	POSTHOC_ROBUSTNESS_ANALYSIS	CONTROLLED_ERROR_INJECTION
2026_all5mer	seed_101	5mers_A_RNA_sparse_seq_31	missing_zero	Brier_control	0.07626357259629649	0.016829112388568216	-0.059434460207728274	POSTHOC_ROBUSTNESS_ANALYSIS	CONTROLLED_ERROR_INJECTION
2026_all5mer	seed_101	5mers_A_RNA_sparse_seq_31	missing_zero	Brier_modified	0.044226117172445754	0.053111133347469495	0.008885016175023741	POSTHOC_ROBUSTNESS_ANALYSIS	CONTROLLED_ERROR_INJECTION
2026_all5mer	seed_101	5mers_A_RNA_sparse_seq_32	missing_zero	Brier_observed	0.09959708730880781	0.07655528418544165	-0.023041803123366164	POSTHOC_ROBUSTNESS_ANALYSIS	CONTROLLED_ERROR_INJECTION
2026_all5mer	seed_101	5mers_A_RNA_sparse_seq_32	missing_zero	Brier_equal_class	0.10477715852775377	0.07637557353780954	-0.02840158498994423	POSTHOC_ROBUSTNESS_ANALYSIS	CONTROLLED_ERROR_INJECTION
2026_all5mer	seed_101	5mers_A_RNA_sparse_seq_32	missing_zero	Brier_control	0.11688748375844148	0.046723316678509805	-0.07016416707993167	POSTHOC_ROBUSTNESS_ANALYSIS	CONTROLLED_ERROR_INJECTION
2026_all5mer	seed_101	5mers_A_RNA_sparse_seq_32	missing_zero	Brier_modified	0.09266683329706607	0.10602783039710927	0.013360997100043195	POSTHOC_ROBUSTNESS_ANALYSIS	CONTROLLED_ERROR_INJECTION
2026_all5mer	seed_101	ALL	missing_zero	Brier_observed	0.0778934601636913	0.055079462532896056	-0.022813997630795238	POSTHOC_ROBUSTNESS_ANALYSIS	CONTROLLED_ERROR_INJECTION
2026_all5mer	seed_101	ALL	missing_zero	Brier_equal_class	0.08436570494380823	0.05504269196887489	-0.029323012974933338	POSTHOC_ROBUSTNESS_ANALYSIS	CONTROLLED_ERROR_INJECTION
2026_all5mer	seed_101	ALL	missing_zero	Brier_control	0.09625058955811039	0.02816793527728183	-0.06808265428082856	POSTHOC_ROBUSTNESS_ANALYSIS	CONTROLLED_ERROR_INJECTION
2026_all5mer	seed_101	ALL	missing_zero	Brier_modified	0.07248082032950606	0.08191744866046795	0.009436628330961885	POSTHOC_ROBUSTNESS_ANALYSIS	CONTROLLED_ERROR_INJECTION
2026_all5mer	seed_101	5mers_A_RNA_sparse_seq_01	site_mean_as_read	Brier_observed	0.06234348638141973	0.02328226559548961	-0.03906122078593012	POSTHOC_ROBUSTNESS_ANALYSIS	CONTROLLED_ERROR_INJECTION
2026_all5mer	seed_101	5mers_A_RNA_sparse_seq_01	site_mean_as_read	Brier_equal_class	0.06593836266804004	0.02888867150495431	-0.037049691163085735	POSTHOC_ROBUSTNESS_ANALYSIS	CONTROLLED_ERROR_INJECTION
2026_all5mer	seed_101	5mers_A_RNA_sparse_seq_01	site_mean_as_read	Brier_control	0.0731732392114056	0.04017185661981841	-0.03300138259158719	POSTHOC_ROBUSTNESS_ANALYSIS	CONTROLLED_ERROR_INJECTION
2026_all5mer	seed_101	5mers_A_RNA_sparse_seq_01	site_mean_as_read	Brier_modified	0.05870348612467448	0.017605486390090207	-0.04109799973458427	POSTHOC_ROBUSTNESS_ANALYSIS	CONTROLLED_ERROR_INJECTION
2026_all5mer	seed_101	5mers_A_RNA_sparse_seq_02	site_mean_as_read	Brier_observed	0.09347589554325227	0.03865313665759088	-0.054822758885661384	POSTHOC_ROBUSTNESS_ANALYSIS	CONTROLLED_ERROR_INJECTION
2026_all5mer	seed_101	5mers_A_RNA_sparse_seq_02	site_mean_as_read	Brier_equal_class	0.09388985404100658	0.039810422859905215	-0.05407943118110137	POSTHOC_ROBUSTNESS_ANALYSIS	CONTROLLED_ERROR_INJECTION
2026_all5mer	seed_101	5mers_A_RNA_sparse_seq_02	site_mean_as_read	Brier_control	0.09464750501844618	0.0419285555401558	-0.05271894947829038	POSTHOC_ROBUSTNESS_ANALYSIS	CONTROLLED_ERROR_INJECTION
2026_all5mer	seed_101	5mers_A_RNA_sparse_seq_02	site_mean_as_read	Brier_modified	0.09313220306356697	0.037692290179654635	-0.05543991288391233	POSTHOC_ROBUSTNESS_ANALYSIS	CONTROLLED_ERROR_INJECTION
2026_all5mer	seed_101	5mers_A_RNA_sparse_seq_03	site_mean_as_read	Brier_observed	0.06834612503631625	0.024438309908446938	-0.043907815127869315	POSTHOC_ROBUSTNESS_ANALYSIS	CONTROLLED_ERROR_INJECTION
2026_all5mer	seed_101	5mers_A_RNA_sparse_seq_03	site_mean_as_read	Brier_equal_class	0.07747733812713335	0.03479161533108756	-0.042685722796045794	POSTHOC_ROBUSTNESS_ANALYSIS	CONTROLLED_ERROR_INJECTION
2026_all5mer	seed_101	5mers_A_RNA_sparse_seq_03	site_mean_as_read	Brier_control	0.09290825052464262	0.05228775165081601	-0.040620498873826606	POSTHOC_ROBUSTNESS_ANALYSIS	CONTROLLED_ERROR_INJECTION
2026_all5mer	seed_101	5mers_A_RNA_sparse_seq_03	site_mean_as_read	Brier_modified	0.062046425729624086	0.0172954790113591	-0.04475094671826499	POSTHOC_ROBUSTNESS_ANALYSIS	CONTROLLED_ERROR_INJECTION
2026_all5mer	seed_101	5mers_A_RNA_sparse_seq_04	site_mean_as_read	Brier_observed	0.09428456851414271	0.041233980492020705	-0.05305058802212201	POSTHOC_ROBUSTNESS_ANALYSIS	CONTROLLED_ERROR_INJECTION
2026_all5mer	seed_101	5mers_A_RNA_sparse_seq_04	site_mean_as_read	Brier_equal_class	0.10430750828118635	0.05376330365973604	-0.0505442046214503	POSTHOC_ROBUSTNESS_ANALYSIS	CONTROLLED_ERROR_INJECTION
2026_all5mer	seed_101	5mers_A_RNA_sparse_seq_04	site_mean_as_read	Brier_control	0.12263516956949469	0.07667406602355836	-0.04596110354593633	POSTHOC_ROBUSTNESS_ANALYSIS	CONTROLLED_ERROR_INJECTION
2026_all5mer	seed_101	5mers_A_RNA_sparse_seq_04	site_mean_as_read	Brier_modified	0.085979846992878	0.030852541295913718	-0.05512730569696428	POSTHOC_ROBUSTNESS_ANALYSIS	CONTROLLED_ERROR_INJECTION
2026_all5mer	seed_101	5mers_A_RNA_sparse_seq_05	site_mean_as_read	Brier_observed	0.07217750147769325	0.029159900323086806	-0.04301760115460644	POSTHOC_ROBUSTNESS_ANALYSIS	CONTROLLED_ERROR_INJECTION
2026_all5mer	seed_101	5mers_A_RNA_sparse_seq_05	site_mean_as_read	Brier_equal_class	0.08188896897303959	0.03743414862296986	-0.04445482035006973	POSTHOC_ROBUSTNESS_ANALYSIS	CONTROLLED_ERROR_INJECTION
2026_all5mer	seed_101	5mers_A_RNA_sparse_seq_05	site_mean_as_read	Brier_control	0.09897395808522294	0.0519906965579493	-0.04698326152727364	POSTHOC_ROBUSTNESS_ANALYSIS	CONTROLLED_ERROR_INJECTION
2026_all5mer	seed_101	5mers_A_RNA_sparse_seq_05	site_mean_as_read	Brier_modified	0.06480397986085623	0.02287760068799042	-0.04192637917286581	POSTHOC_ROBUSTNESS_ANALYSIS	CONTROLLED_ERROR_INJECTION
2026_all5mer	seed_101	5mers_A_RNA_sparse_seq_06	site_mean_as_read	Brier_observed	0.07559772932070476	0.02672077803977821	-0.04887695128092655	POSTHOC_ROBUSTNESS_ANALYSIS	CONTROLLED_ERROR_INJECTION
2026_all5mer	seed_101	5mers_A_RNA_sparse_seq_06	site_mean_as_read	Brier_equal_class	0.08392892758205159	0.035445077867588964	-0.048483849714462623	POSTHOC_ROBUSTNESS_ANALYSIS	CONTROLLED_ERROR_INJECTION
2026_all5mer	seed_101	5mers_A_RNA_sparse_seq_06	site_mean_as_read	Brier_control	0.09900667057480923	0.05123425326217679	-0.047772417312632445	POSTHOC_ROBUSTNESS_ANALYSIS	CONTROLLED_ERROR_INJECTION
2026_all5mer	seed_101	5mers_A_RNA_sparse_seq_06	site_mean_as_read	Brier_modified	0.06885118458929394	0.019655902473001138	-0.0491952821162928	POSTHOC_ROBUSTNESS_ANALYSIS	CONTROLLED_ERROR_INJECTION
2026_all5mer	seed_101	5mers_A_RNA_sparse_seq_07	site_mean_as_read	Brier_observed	0.0859339135324853	0.03461837988831407	-0.051315533644171234	POSTHOC_ROBUSTNESS_ANALYSIS	CONTROLLED_ERROR_INJECTION
2026_all5mer	seed_101	5mers_A_RNA_sparse_seq_07	site_mean_as_read	Brier_equal_class	0.08397630738176298	0.037889834268398204	-0.04608647311336478	POSTHOC_ROBUSTNESS_ANALYSIS	CONTROLLED_ERROR_INJECTION
2026_all5mer	seed_101	5mers_A_RNA_sparse_seq_07	site_mean_as_read	Brier_control	0.08049281050519246	0.04371128160634258	-0.03678152889884988	POSTHOC_ROBUSTNESS_ANALYSIS	CONTROLLED_ERROR_INJECTION
2026_all5mer	seed_101	5mers_A_RNA_sparse_seq_07	site_mean_as_read	Brier_modified	0.08745980425833351	0.03206838693045383	-0.05539141732787968	POSTHOC_ROBUSTNESS_ANALYSIS	CONTROLLED_ERROR_INJECTION
2026_all5mer	seed_101	5mers_A_RNA_sparse_seq_08	site_mean_as_read	Brier_observed	0.06450810151941636	0.02440329795522213	-0.04010480356419423	POSTHOC_ROBUSTNESS_ANALYSIS	CONTROLLED_ERROR_INJECTION
2026_all5mer	seed_101	5mers_A_RNA_sparse_seq_08	site_mean_as_read	Brier_equal_class	0.0750921967274358	0.03367630458753064	-0.04141589213990517	POSTHOC_ROBUSTNESS_ANALYSIS	CONTROLLED_ERROR_INJECTION
2026_all5mer	seed_101	5mers_A_RNA_sparse_seq_08	site_mean_as_read	Brier_control	0.09225862676447089	0.048716269408129946	-0.04354235735634094	POSTHOC_ROBUSTNESS_ANALYSIS	CONTROLLED_ERROR_INJECTION
2026_all5mer	seed_101	5mers_A_RNA_sparse_seq_08	site_mean_as_read	Brier_modified	0.05792576669040073	0.01863633976693133	-0.0392894269234694	POSTHOC_ROBUSTNESS_ANALYSIS	CONTROLLED_ERROR_INJECTION
2026_all5mer	seed_101	5mers_A_RNA_sparse_seq_09	site_mean_as_read	Brier_observed	0.07779752761922418	0.028994552986398837	-0.04880297463282534	POSTHOC_ROBUSTNESS_ANALYSIS	CONTROLLED_ERROR_INJECTION
2026_all5mer	seed_101	5mers_A_RNA_sparse_seq_09	site_mean_as_read	Brier_equal_class	0.07762243383880413	0.031018833473388352	-0.046603600365415776	POSTHOC_ROBUSTNESS_ANALYSIS	CONTROLLED_ERROR_INJECTION
2026_all5mer	seed_101	5mers_A_RNA_sparse_seq_09	site_mean_as_read	Brier_control	0.07731295806433768	0.034596720534513487	-0.04271623752982419	POSTHOC_ROBUSTNESS_ANALYSIS	CONTROLLED_ERROR_INJECTION
2026_all5mer	seed_101	5mers_A_RNA_sparse_seq_09	site_mean_as_read	Brier_modified	0.07793190961327058	0.027440946412263214	-0.05049096320100736	POSTHOC_ROBUSTNESS_ANALYSIS	CONTROLLED_ERROR_INJECTION
2026_all5mer	seed_101	5mers_A_RNA_sparse_seq_10	site_mean_as_read	Brier_observed	0.06618166836825284	0.024741005776934756	-0.04144066259131809	POSTHOC_ROBUSTNESS_ANALYSIS	CONTROLLED_ERROR_INJECTION
2026_all5mer	seed_101	5mers_A_RNA_sparse_seq_10	site_mean_as_read	Brier_equal_class	0.08301172242942431	0.03853571058384961	-0.0444760118455747	POSTHOC_ROBUSTNESS_ANALYSIS	CONTROLLED_ERROR_INJECTION
2026_all5mer	seed_101	5mers_A_RNA_sparse_seq_10	site_mean_as_read	Brier_control	0.11095596313476562	0.061440126112312005	-0.049515837022453615	POSTHOC_ROBUSTNESS_ANALYSIS	CONTROLLED_ERROR_INJECTION
2026_all5mer	seed_101	5mers_A_RNA_sparse_seq_10	site_mean_as_read	Brier_modified	0.055067481724083	0.015631295055387216	-0.03943618666869579	POSTHOC_ROBUSTNESS_ANALYSIS	CONTROLLED_ERROR_INJECTION
2026_all5mer	seed_101	5mers_A_RNA_sparse_seq_11	site_mean_as_read	Brier_observed	0.06448241914735106	0.022483015961935807	-0.04199940318541526	POSTHOC_ROBUSTNESS_ANALYSIS	CONTROLLED_ERROR_INJECTION
2026_all5mer	seed_101	5mers_A_RNA_sparse_seq_11	site_mean_as_read	Brier_equal_class	0.07336286320796091	0.031906650437030525	-0.04145621277093039	POSTHOC_ROBUSTNESS_ANALYSIS	CONTROLLED_ERROR_INJECTION
2026_all5mer	seed_101	5mers_A_RNA_sparse_seq_11	site_mean_as_read	Brier_control	0.0896980707546533	0.04924103416201133	-0.04045703659264197	POSTHOC_ROBUSTNESS_ANALYSIS	CONTROLLED_ERROR_INJECTION
2026_all5mer	seed_101	5mers_A_RNA_sparse_seq_11	site_mean_as_read	Brier_modified	0.05702765566126852	0.01457226671204972	-0.042455388949218804	POSTHOC_ROBUSTNESS_ANALYSIS	CONTROLLED_ERROR_INJECTION
2026_all5mer	seed_101	5mers_A_RNA_sparse_seq_12	site_mean_as_read	Brier_observed	0.07559552579312712	0.031505716825536774	-0.04408980896759034	POSTHOC_ROBUSTNESS_ANALYSIS	CONTROLLED_ERROR_INJECTION
2026_all5mer	seed_101	5mers_A_RNA_sparse_seq_12	site_mean_as_read	Brier_equal_class	0.0836359851713745	0.03962735058211021	-0.04400863458926428	POSTHOC_ROBUSTNESS_ANALYSIS	CONTROLLED_ERROR_INJECTION
2026_all5mer	seed_101	5mers_A_RNA_sparse_seq_12	site_mean_as_read	Brier_control	0.09785668292448889	0.053991616786374895	-0.043865066138113994	POSTHOC_ROBUSTNESS_ANALYSIS	CONTROLLED_ERROR_INJECTION
2026_all5mer	seed_101	5mers_A_RNA_sparse_seq_12	site_mean_as_read	Brier_modified	0.0694152874182601	0.025263084377845524	-0.044152203040414575	POSTHOC_ROBUSTNESS_ANALYSIS	CONTROLLED_ERROR_INJECTION
2026_all5mer	seed_101	5mers_A_RNA_sparse_seq_13	site_mean_as_read	Brier_observed	0.0640010286377492	0.021717908448094344	-0.042283120189654855	POSTHOC_ROBUSTNESS_ANALYSIS	CONTROLLED_ERROR_INJECTION
2026_all5mer	seed_101	5mers_A_RNA_sparse_seq_13	site_mean_as_read	Brier_equal_class	0.07626109467746472	0.034162400796414784	-0.04209869388104994	POSTHOC_ROBUSTNESS_ANALYSIS	CONTROLLED_ERROR_INJECTION
2026_all5mer	seed_101	5mers_A_RNA_sparse_seq_13	site_mean_as_read	Brier_control	0.09547843002691501	0.053668819598453404	-0.04180961042846161	POSTHOC_ROBUSTNESS_ANALYSIS	CONTROLLED_ERROR_INJECTION
2026_all5mer	seed_101	5mers_A_RNA_sparse_seq_13	site_mean_as_read	Brier_modified	0.05704375932801445	0.014655981994376168	-0.04238777733363828	POSTHOC_ROBUSTNESS_ANALYSIS	CONTROLLED_ERROR_INJECTION
2026_all5mer	seed_101	5mers_A_RNA_sparse_seq_14	site_mean_as_read	Brier_observed	0.06295051259442794	0.02455170646359829	-0.038398806130829646	POSTHOC_ROBUSTNESS_ANALYSIS	CONTROLLED_ERROR_INJECTION
2026_all5mer	seed_101	5mers_A_RNA_sparse_seq_14	site_mean_as_read	Brier_equal_class	0.06513761977201711	0.02822205670355055	-0.036915563068466564	POSTHOC_ROBUSTNESS_ANALYSIS	CONTROLLED_ERROR_INJECTION
2026_all5mer	seed_101	5mers_A_RNA_sparse_seq_14	site_mean_as_read	Brier_control	0.06891819075042126	0.03456651926118231	-0.03435167148923895	POSTHOC_ROBUSTNESS_ANALYSIS	CONTROLLED_ERROR_INJECTION
2026_all5mer	seed_101	5mers_A_RNA_sparse_seq_14	site_mean_as_read	Brier_modified	0.06135704879361297	0.02187759414591879	-0.03947945464769418	POSTHOC_ROBUSTNESS_ANALYSIS	CONTROLLED_ERROR_INJECTION
2026_all5mer	seed_101	5mers_A_RNA_sparse_seq_15	site_mean_as_read	Brier_observed	0.09781146049499512	0.04530158084363094	-0.05250987965136418	POSTHOC_ROBUSTNESS_ANALYSIS	CONTROLLED_ERROR_INJECTION
2026_all5mer	seed_101	5mers_A_RNA_sparse_seq_15	site_mean_as_read	Brier_equal_class	0.10030295990928095	0.05062073651328266	-0.049682223395998294	POSTHOC_ROBUSTNESS_ANALYSIS	CONTROLLED_ERROR_INJECTION
2026_all5mer	seed_101	5mers_A_RNA_sparse_seq_15	site_mean_as_read	Brier_control	0.10573124799487393	0.06220970546163025	-0.04352154253324368	POSTHOC_ROBUSTNESS_ANALYSIS	CONTROLLED_ERROR_INJECTION
2026_all5mer	seed_101	5mers_A_RNA_sparse_seq_15	site_mean_as_read	Brier_modified	0.09487467182368799	0.039031767564935066	-0.05584290425875292	POSTHOC_ROBUSTNESS_ANALYSIS	CONTROLLED_ERROR_INJECTION
2026_all5mer	seed_101	5mers_A_RNA_sparse_seq_16	site_mean_as_read	Brier_observed	0.08467877718013622	0.03499946013356117	-0.04967931704657505	POSTHOC_ROBUSTNESS_ANALYSIS	CONTROLLED_ERROR_INJECTION
2026_all5mer	seed_101	5mers_A_RNA_sparse_seq_16	site_mean_as_read	Brier_equal_class	0.085702604187466	0.038607304567115565	-0.04709529962035044	POSTHOC_ROBUSTNESS_ANALYSIS	CONTROLLED_ERROR_INJECTION
2026_all5mer	seed_101	5mers_A_RNA_sparse_seq_16	site_mean_as_read	Brier_control	0.08827813063995747	0.0476831530342584	-0.04059497760569907	POSTHOC_ROBUSTNESS_ANALYSIS	CONTROLLED_ERROR_INJECTION
2026_all5mer	seed_101	5mers_A_RNA_sparse_seq_16	site_mean_as_read	Brier_modified	0.08312707773497453	0.029531456099972733	-0.0535956216350018	POSTHOC_ROBUSTNESS_ANALYSIS	CONTROLLED_ERROR_INJECTION
2026_all5mer	seed_101	5mers_A_RNA_sparse_seq_17	site_mean_as_read	Brier_observed	0.06062825924505002	0.021064249870875403	-0.03956400937417462	POSTHOC_ROBUSTNESS_ANALYSIS	CONTROLLED_ERROR_INJECTION
2026_all5mer	seed_101	5mers_A_RNA_sparse_seq_17	site_mean_as_read	Brier_equal_class	0.069075275056873	0.0280739156976997	-0.041001359359173296	POSTHOC_ROBUSTNESS_ANALYSIS	CONTROLLED_ERROR_INJECTION
2026_all5mer	seed_101	5mers_A_RNA_sparse_seq_17	site_mean_as_read	Brier_control	0.08475784861713374	0.04108793182019274	-0.043669916796941	POSTHOC_ROBUSTNESS_ANALYSIS	CONTROLLED_ERROR_INJECTION
2026_all5mer	seed_101	5mers_A_RNA_sparse_seq_17	site_mean_as_read	Brier_modified	0.05339270149661225	0.015059899575206658	-0.03833280192140559	POSTHOC_ROBUSTNESS_ANALYSIS	CONTROLLED_ERROR_INJECTION
2026_all5mer	seed_101	5mers_A_RNA_sparse_seq_18	site_mean_as_read	Brier_observed	0.06524714538316687	0.023130075630990593	-0.04211706975217627	POSTHOC_ROBUSTNESS_ANALYSIS	CONTROLLED_ERROR_INJECTION
2026_all5mer	seed_101	5mers_A_RNA_sparse_seq_18	site_mean_as_read	Brier_equal_class	0.07837117449077446	0.034687080464782104	-0.04368409402599236	POSTHOC_ROBUSTNESS_ANALYSIS	CONTROLLED_ERROR_INJECTION
2026_all5mer	seed_101	5mers_A_RNA_sparse_seq_18	site_mean_as_read	Brier_control	0.102024367635284	0.055516054956102165	-0.04650831267918183	POSTHOC_ROBUSTNESS_ANALYSIS	CONTROLLED_ERROR_INJECTION
2026_all5mer	seed_101	5mers_A_RNA_sparse_seq_18	site_mean_as_read	Brier_modified	0.054717981346264946	0.013858105973462044	-0.040859875372802903	POSTHOC_ROBUSTNESS_ANALYSIS	CONTROLLED_ERROR_INJECTION
2026_all5mer	seed_101	5mers_A_RNA_sparse_seq_19	site_mean_as_read	Brier_observed	0.06719085545215792	0.029312094975409857	-0.037878760476748055	POSTHOC_ROBUSTNESS_ANALYSIS	CONTROLLED_ERROR_INJECTION
2026_all5mer	seed_101	5mers_A_RNA_sparse_seq_19	site_mean_as_read	Brier_equal_class	0.06992963220438153	0.03662603933240569	-0.03330359287197584	POSTHOC_ROBUSTNESS_ANALYSIS	CONTROLLED_ERROR_INJECTION
2026_all5mer	seed_101	5mers_A_RNA_sparse_seq_19	site_mean_as_read	Brier_control	0.07376764588436838	0.04687551237690325	-0.026892133507465124	POSTHOC_ROBUSTNESS_ANALYSIS	CONTROLLED_ERROR_INJECTION
2026_all5mer	seed_101	5mers_A_RNA_sparse_seq_19	site_mean_as_read	Brier_modified	0.0660916185243947	0.026376566287908132	-0.03971505223648657	POSTHOC_ROBUSTNESS_ANALYSIS	CONTROLLED_ERROR_INJECTION
2026_all5mer	seed_101	5mers_A_RNA_sparse_seq_20	site_mean_as_read	Brier_observed	0.10037971593724175	0.042613095195831556	-0.057766620741410195	POSTHOC_ROBUSTNESS_ANALYSIS	CONTROLLED_ERROR_INJECTION
2026_all5mer	seed_101	5mers_A_RNA_sparse_seq_20	site_mean_as_read	Brier_equal_class	0.11060876858410201	0.05293980640212985	-0.057668962181972164	POSTHOC_ROBUSTNESS_ANALYSIS	CONTROLLED_ERROR_INJECTION
2026_all5mer	seed_101	5mers_A_RNA_sparse_seq_20	site_mean_as_read	Brier_control	0.13306868848183173	0.07561415509380845	-0.05745453338802328	POSTHOC_ROBUSTNESS_ANALYSIS	CONTROLLED_ERROR_INJECTION
2026_all5mer	seed_101	5mers_A_RNA_sparse_seq_20	site_mean_as_read	Brier_modified	0.08814884868637228	0.030265457710451242	-0.05788339097592104	POSTHOC_ROBUSTNESS_ANALYSIS	CONTROLLED_ERROR_INJECTION
2026_all5mer	seed_101	5mers_A_RNA_sparse_seq_21	site_mean_as_read	Brier_observed	0.06316385635581963	0.022235213998182	-0.04092864235763763	POSTHOC_ROBUSTNESS_ANALYSIS	CONTROLLED_ERROR_INJECTION
2026_all5mer	seed_101	5mers_A_RNA_sparse_seq_21	site_mean_as_read	Brier_equal_class	0.07640276036056116	0.03345715449027746	-0.042945605870283704	POSTHOC_ROBUSTNESS_ANALYSIS	CONTROLLED_ERROR_INJECTION
2026_all5mer	seed_101	5mers_A_RNA_sparse_seq_21	site_mean_as_read	Brier_control	0.10041229813187211	0.05380880928102686	-0.04660348885084525	POSTHOC_ROBUSTNESS_ANALYSIS	CONTROLLED_ERROR_INJECTION
2026_all5mer	seed_101	5mers_A_RNA_sparse_seq_21	site_mean_as_read	Brier_modified	0.05239322258925023	0.01310549969952806	-0.03928772288972217	POSTHOC_ROBUSTNESS_ANALYSIS	CONTROLLED_ERROR_INJECTION
2026_all5mer	seed_101	5mers_A_RNA_sparse_seq_22	site_mean_as_read	Brier_observed	0.11067086877957197	0.05440492617906163	-0.056265942600510335	POSTHOC_ROBUSTNESS_ANALYSIS	CONTROLLED_ERROR_INJECTION
2026_all5mer	seed_101	5mers_A_RNA_sparse_seq_22	site_mean_as_read	Brier_equal_class	0.1122757505626539	0.057986785584062034	-0.05428896497859187	POSTHOC_ROBUSTNESS_ANALYSIS	CONTROLLED_ERROR_INJECTION
2026_all5mer	seed_101	5mers_A_RNA_sparse_seq_22	site_mean_as_read	Brier_control	0.1158849190974581	0.06604191736815797	-0.04984300172930013	POSTHOC_ROBUSTNESS_ANALYSIS	CONTROLLED_ERROR_INJECTION
2026_all5mer	seed_101	5mers_A_RNA_sparse_seq_22	site_mean_as_read	Brier_modified	0.1086665820278497	0.04993165379996611	-0.0587349282278836	POSTHOC_ROBUSTNESS_ANALYSIS	CONTROLLED_ERROR_INJECTION
2026_all5mer	seed_101	5mers_A_RNA_sparse_seq_23	site_mean_as_read	Brier_observed	0.0903233557632289	0.03969227350420069	-0.050631082259028216	POSTHOC_ROBUSTNESS_ANALYSIS	CONTROLLED_ERROR_INJECTION
2026_all5mer	seed_101	5mers_A_RNA_sparse_seq_23	site_mean_as_read	Brier_equal_class	0.10512466476178721	0.05387870079676525	-0.05124596396502196	POSTHOC_ROBUSTNESS_ANALYSIS	CONTROLLED_ERROR_INJECTION
2026_all5mer	seed_101	5mers_A_RNA_sparse_seq_23	site_mean_as_read	Brier_control	0.13273479885525175	0.08034184401558762	-0.05239295483966412	POSTHOC_ROBUSTNESS_ANALYSIS	CONTROLLED_ERROR_INJECTION
2026_all5mer	seed_101	5mers_A_RNA_sparse_seq_23	site_mean_as_read	Brier_modified	0.07751453066832267	0.02741555757794288	-0.05009897309037979	POSTHOC_ROBUSTNESS_ANALYSIS	CONTROLLED_ERROR_INJECTION
2026_all5mer	seed_101	5mers_A_RNA_sparse_seq_24	site_mean_as_read	Brier_observed	0.08711205247136126	0.038151803833821094	-0.04896024863754017	POSTHOC_ROBUSTNESS_ANALYSIS	CONTROLLED_ERROR_INJECTION
2026_all5mer	seed_101	5mers_A_RNA_sparse_seq_24	site_mean_as_read	Brier_equal_class	0.10231003442892032	0.05010753289145303	-0.05220250153746729	POSTHOC_ROBUSTNESS_ANALYSIS	CONTROLLED_ERROR_INJECTION
2026_all5mer	seed_101	5mers_A_RNA_sparse_seq_24	site_mean_as_read	Brier_control	0.13379825577425317	0.07487823231476028	-0.05892002345949289	POSTHOC_ROBUSTNESS_ANALYSIS	CONTROLLED_ERROR_INJECTION
2026_all5mer	seed_101	5mers_A_RNA_sparse_seq_24	site_mean_as_read	Brier_modified	0.07082181308358748	0.025336833468145796	-0.045484979615441685	POSTHOC_ROBUSTNESS_ANALYSIS	CONTROLLED_ERROR_INJECTION
2026_all5mer	seed_101	5mers_A_RNA_sparse_seq_25	site_mean_as_read	Brier_observed	0.09280036290486654	0.04587775253695912	-0.04692261036790742	POSTHOC_ROBUSTNESS_ANALYSIS	CONTROLLED_ERROR_INJECTION
2026_all5mer	seed_101	5mers_A_RNA_sparse_seq_25	site_mean_as_read	Brier_equal_class	0.09220429075735553	0.04732731357903569	-0.04487697717831984	POSTHOC_ROBUSTNESS_ANALYSIS	CONTROLLED_ERROR_INJECTION
2026_all5mer	seed_101	5mers_A_RNA_sparse_seq_25	site_mean_as_read	Brier_control	0.09107785520300402	0.05006664153256622	-0.04101121367043779	POSTHOC_ROBUSTNESS_ANALYSIS	CONTROLLED_ERROR_INJECTION
2026_all5mer	seed_101	5mers_A_RNA_sparse_seq_25	site_mean_as_read	Brier_modified	0.09333072631170704	0.04458798562550516	-0.04874274068620188	POSTHOC_ROBUSTNESS_ANALYSIS	CONTROLLED_ERROR_INJECTION
2026_all5mer	seed_101	5mers_A_RNA_sparse_seq_26	site_mean_as_read	Brier_observed	0.08739105631928179	0.03672273717422444	-0.05066831914505735	POSTHOC_ROBUSTNESS_ANALYSIS	CONTROLLED_ERROR_INJECTION
2026_all5mer	seed_101	5mers_A_RNA_sparse_seq_26	site_mean_as_read	Brier_equal_class	0.08737765919558951	0.03956981316099294	-0.04780784603459658	POSTHOC_ROBUSTNESS_ANALYSIS	CONTROLLED_ERROR_INJECTION
2026_all5mer	seed_101	5mers_A_RNA_sparse_seq_26	site_mean_as_read	Brier_control	0.08735156159863694	0.04511591718321796	-0.04223564441541898	POSTHOC_ROBUSTNESS_ANALYSIS	CONTROLLED_ERROR_INJECTION
2026_all5mer	seed_101	5mers_A_RNA_sparse_seq_26	site_mean_as_read	Brier_modified	0.08740375679254209	0.03402370913876791	-0.053380047653774174	POSTHOC_ROBUSTNESS_ANALYSIS	CONTROLLED_ERROR_INJECTION
2026_all5mer	seed_101	5mers_A_RNA_sparse_seq_27	site_mean_as_read	Brier_observed	0.06550216674804688	0.020745062917204064	-0.04475710383084281	POSTHOC_ROBUSTNESS_ANALYSIS	CONTROLLED_ERROR_INJECTION
2026_all5mer	seed_101	5mers_A_RNA_sparse_seq_27	site_mean_as_read	Brier_equal_class	0.07360391528169014	0.029277396902599565	-0.044326518379090574	POSTHOC_ROBUSTNESS_ANALYSIS	CONTROLLED_ERROR_INJECTION
2026_all5mer	seed_101	5mers_A_RNA_sparse_seq_27	site_mean_as_read	Brier_control	0.08729701139488999	0.043698243075099	-0.04359876831979099	POSTHOC_ROBUSTNESS_ANALYSIS	CONTROLLED_ERROR_INJECTION
2026_all5mer	seed_101	5mers_A_RNA_sparse_seq_27	site_mean_as_read	Brier_modified	0.05991081916849027	0.014856550730100128	-0.04505426843839014	POSTHOC_ROBUSTNESS_ANALYSIS	CONTROLLED_ERROR_INJECTION
2026_all5mer	seed_101	5mers_A_RNA_sparse_seq_28	site_mean_as_read	Brier_observed	0.08134089914677294	0.03143958134651763	-0.04990131780025531	POSTHOC_ROBUSTNESS_ANALYSIS	CONTROLLED_ERROR_INJECTION
2026_all5mer	seed_101	5mers_A_RNA_sparse_seq_28	site_mean_as_read	Brier_equal_class	0.07375920652763764	0.030246546777206486	-0.04351265975043115	POSTHOC_ROBUSTNESS_ANALYSIS	CONTROLLED_ERROR_INJECTION
2026_all5mer	seed_101	5mers_A_RNA_sparse_seq_28	site_mean_as_read	Brier_control	0.06104830965969732	0.028246394551023107	-0.03280191510867421	POSTHOC_ROBUSTNESS_ANALYSIS	CONTROLLED_ERROR_INJECTION
2026_all5mer	seed_101	5mers_A_RNA_sparse_seq_28	site_mean_as_read	Brier_modified	0.08647010339557795	0.03224669900338986	-0.05422340439218809	POSTHOC_ROBUSTNESS_ANALYSIS	CONTROLLED_ERROR_INJECTION
2026_all5mer	seed_101	5mers_A_RNA_sparse_seq_29	site_mean_as_read	Brier_observed	0.05479609507276411	0.017215878087833248	-0.03758021698493086	POSTHOC_ROBUSTNESS_ANALYSIS	CONTROLLED_ERROR_INJECTION
2026_all5mer	seed_101	5mers_A_RNA_sparse_seq_29	site_mean_as_read	Brier_equal_class	0.06350995518841675	0.027488843956550116	-0.03602111123186663	POSTHOC_ROBUSTNESS_ANALYSIS	CONTROLLED_ERROR_INJECTION
2026_all5mer	seed_101	5mers_A_RNA_sparse_seq_29	site_mean_as_read	Brier_control	0.07682239022224573	0.04318317332573269	-0.03363921689651304	POSTHOC_ROBUSTNESS_ANALYSIS	CONTROLLED_ERROR_INJECTION
2026_all5mer	seed_101	5mers_A_RNA_sparse_seq_29	site_mean_as_read	Brier_modified	0.05019752015458777	0.011794514587367539	-0.03840300556722023	POSTHOC_ROBUSTNESS_ANALYSIS	CONTROLLED_ERROR_INJECTION
2026_all5mer	seed_101	5mers_A_RNA_sparse_seq_30	site_mean_as_read	Brier_observed	0.09242450218546426	0.0385734957614758	-0.05385100642398846	POSTHOC_ROBUSTNESS_ANALYSIS	CONTROLLED_ERROR_INJECTION
2026_all5mer	seed_101	5mers_A_RNA_sparse_seq_30	site_mean_as_read	Brier_equal_class	0.08548111398008698	0.0369985695323089	-0.04848254444777808	POSTHOC_ROBUSTNESS_ANALYSIS	CONTROLLED_ERROR_INJECTION
2026_all5mer	seed_101	5mers_A_RNA_sparse_seq_30	site_mean_as_read	Brier_control	0.0701933434968505	0.033530938167424786	-0.03666240532942571	POSTHOC_ROBUSTNESS_ANALYSIS	CONTROLLED_ERROR_INJECTION
2026_all5mer	seed_101	5mers_A_RNA_sparse_seq_30	site_mean_as_read	Brier_modified	0.10076888446332345	0.04046620089719301	-0.060302683566130444	POSTHOC_ROBUSTNESS_ANALYSIS	CONTROLLED_ERROR_INJECTION
2026_all5mer	seed_101	5mers_A_RNA_sparse_seq_31	site_mean_as_read	Brier_observed	0.049825583939003736	0.014686976318293304	-0.03513860762071043	POSTHOC_ROBUSTNESS_ANALYSIS	CONTROLLED_ERROR_INJECTION
2026_all5mer	seed_101	5mers_A_RNA_sparse_seq_31	site_mean_as_read	Brier_equal_class	0.060244844884371124	0.024904315173914802	-0.03534052971045632	POSTHOC_ROBUSTNESS_ANALYSIS	CONTROLLED_ERROR_INJECTION
2026_all5mer	seed_101	5mers_A_RNA_sparse_seq_31	site_mean_as_read	Brier_control	0.07626357259629649	0.0406126048431016	-0.03565096775319489	POSTHOC_ROBUSTNESS_ANALYSIS	CONTROLLED_ERROR_INJECTION
2026_all5mer	seed_101	5mers_A_RNA_sparse_seq_31	site_mean_as_read	Brier_modified	0.044226117172445754	0.00919602550472801	-0.03503009166771774	POSTHOC_ROBUSTNESS_ANALYSIS	CONTROLLED_ERROR_INJECTION
2026_all5mer	seed_101	5mers_A_RNA_sparse_seq_32	site_mean_as_read	Brier_observed	0.09959708730880781	0.04694738802844362	-0.05264969928036419	POSTHOC_ROBUSTNESS_ANALYSIS	CONTROLLED_ERROR_INJECTION
2026_all5mer	seed_101	5mers_A_RNA_sparse_seq_32	site_mean_as_read	Brier_equal_class	0.10477715852775377	0.05294859828992744	-0.051828560237826324	POSTHOC_ROBUSTNESS_ANALYSIS	CONTROLLED_ERROR_INJECTION
2026_all5mer	seed_101	5mers_A_RNA_sparse_seq_32	site_mean_as_read	Brier_control	0.11688748375844148	0.06697863860645764	-0.049908845151983836	POSTHOC_ROBUSTNESS_ANALYSIS	CONTROLLED_ERROR_INJECTION
2026_all5mer	seed_101	5mers_A_RNA_sparse_seq_32	site_mean_as_read	Brier_modified	0.09266683329706607	0.038918557973397244	-0.053748275323668826	POSTHOC_ROBUSTNESS_ANALYSIS	CONTROLLED_ERROR_INJECTION
2026_all5mer	seed_101	ALL	site_mean_as_read	Brier_observed	0.0778934601636913	0.03149603547388541	-0.046397424689805886	POSTHOC_ROBUSTNESS_ANALYSIS	CONTROLLED_ERROR_INJECTION
2026_all5mer	seed_101	ALL	site_mean_as_read	Brier_equal_class	0.08436570494380823	0.03886323624837518	-0.04550246869543305	POSTHOC_ROBUSTNESS_ANALYSIS	CONTROLLED_ERROR_INJECTION
2026_all5mer	seed_101	ALL	site_mean_as_read	Brier_control	0.09625058955811039	0.05239151493835802	-0.043859074619752365	POSTHOC_ROBUSTNESS_ANALYSIS	CONTROLLED_ERROR_INJECTION
2026_all5mer	seed_101	ALL	site_mean_as_read	Brier_modified	0.07248082032950606	0.025334957558392334	-0.047145862771113725	POSTHOC_ROBUSTNESS_ANALYSIS	CONTROLLED_ERROR_INJECTION
2026_all5mer	seed_11	5mers_A_RNA_sparse_seq_01	high_p_filter	Brier_observed	0.07435888070251652	0.0040738076874704075	-0.0702850730150461	POSTHOC_ROBUSTNESS_ANALYSIS	CONTROLLED_ERROR_INJECTION
2026_all5mer	seed_11	5mers_A_RNA_sparse_seq_01	high_p_filter	Brier_equal_class	0.07601818510413397	0.4146638732446011	0.33864568814046714	POSTHOC_ROBUSTNESS_ANALYSIS	CONTROLLED_ERROR_INJECTION
2026_all5mer	seed_11	5mers_A_RNA_sparse_seq_01	high_p_filter	Brier_control	0.07946714266078679	0.8283882141113281	0.7489210714505413	POSTHOC_ROBUSTNESS_ANALYSIS	CONTROLLED_ERROR_INJECTION
2026_all5mer	seed_11	5mers_A_RNA_sparse_seq_01	high_p_filter	Brier_modified	0.07256922754748114	0.00093953237787399	-0.07162969516960715	POSTHOC_ROBUSTNESS_ANALYSIS	CONTROLLED_ERROR_INJECTION
2026_all5mer	seed_11	5mers_A_RNA_sparse_seq_02	high_p_filter	Brier_observed	0.08568111381145439	0.004407670762803819	-0.08127344304865057	POSTHOC_ROBUSTNESS_ANALYSIS	CONTROLLED_ERROR_INJECTION
2026_all5mer	seed_11	5mers_A_RNA_sparse_seq_02	high_p_filter	Brier_equal_class	0.08606840150595085	0.42927063413825167	0.3432022326323008	POSTHOC_ROBUSTNESS_ANALYSIS	CONTROLLED_ERROR_INJECTION
2026_all5mer	seed_11	5mers_A_RNA_sparse_seq_02	high_p_filter	Brier_control	0.0868172585714811	0.8575325012207031	0.770715242649222	POSTHOC_ROBUSTNESS_ANALYSIS	CONTROLLED_ERROR_INJECTION
2026_all5mer	seed_11	5mers_A_RNA_sparse_seq_02	high_p_filter	Brier_modified	0.08531954444042059	0.0010087670558002367	-0.08431077738462035	POSTHOC_ROBUSTNESS_ANALYSIS	CONTROLLED_ERROR_INJECTION
2026_all5mer	seed_11	5mers_A_RNA_sparse_seq_03	high_p_filter	Brier_observed	0.0733938217163086	0.0024967124245383523	-0.07089710929177025	POSTHOC_ROBUSTNESS_ANALYSIS	CONTROLLED_ERROR_INJECTION
2026_all5mer	seed_11	5mers_A_RNA_sparse_seq_03	high_p_filter	Brier_equal_class	0.08168268765520392	0.449089488045114	0.3674068003899101	POSTHOC_ROBUSTNESS_ANALYSIS	CONTROLLED_ERROR_INJECTION
2026_all5mer	seed_11	5mers_A_RNA_sparse_seq_03	high_p_filter	Brier_control	0.09571930734734786	0.8973121643066406	0.8015928569592927	POSTHOC_ROBUSTNESS_ANALYSIS	CONTROLLED_ERROR_INJECTION
2026_all5mer	seed_11	5mers_A_RNA_sparse_seq_03	high_p_filter	Brier_modified	0.06764606796306	0.0008668117835873463	-0.06677925617947265	POSTHOC_ROBUSTNESS_ANALYSIS	CONTROLLED_ERROR_INJECTION
2026_all5mer	seed_11	5mers_A_RNA_sparse_seq_04	high_p_filter	Brier_observed	0.08174864919562089	0.009739041795917586	-0.0720096073997033	POSTHOC_ROBUSTNESS_ANALYSIS	CONTROLLED_ERROR_INJECTION
2026_all5mer	seed_11	5mers_A_RNA_sparse_seq_04	high_p_filter	Brier_equal_class	0.08972754292104437	0.448717725394976	0.35899018247393166	POSTHOC_ROBUSTNESS_ANALYSIS	CONTROLLED_ERROR_INJECTION
2026_all5mer	seed_11	5mers_A_RNA_sparse_seq_04	high_p_filter	Brier_control	0.10488744099934896	0.8964759826660156	0.7915885416666666	POSTHOC_ROBUSTNESS_ANALYSIS	CONTROLLED_ERROR_INJECTION
2026_all5mer	seed_11	5mers_A_RNA_sparse_seq_04	high_p_filter	Brier_modified	0.07456764484273977	0.0009594681239364171	-0.07360817671880335	POSTHOC_ROBUSTNESS_ANALYSIS	CONTROLLED_ERROR_INJECTION
2026_all5mer	seed_11	5mers_A_RNA_sparse_seq_05	high_p_filter	Brier_observed	0.0694655568573396	0.006977214447074743	-0.06248834241026486	POSTHOC_ROBUSTNESS_ANALYSIS	CONTROLLED_ERROR_INJECTION
2026_all5mer	seed_11	5mers_A_RNA_sparse_seq_05	high_p_filter	Brier_equal_class	0.08034877010432714	0.4421705168873229	0.3618217467829957	POSTHOC_ROBUSTNESS_ANALYSIS	CONTROLLED_ERROR_INJECTION
2026_all5mer	seed_11	5mers_A_RNA_sparse_seq_05	high_p_filter	Brier_control	0.10109554564399559	0.8835258483886719	0.7824303027446763	POSTHOC_ROBUSTNESS_ANALYSIS	CONTROLLED_ERROR_INJECTION
2026_all5mer	seed_11	5mers_A_RNA_sparse_seq_05	high_p_filter	Brier_modified	0.059601994564658714	0.0008151853859738851	-0.058786809178684826	POSTHOC_ROBUSTNESS_ANALYSIS	CONTROLLED_ERROR_INJECTION
2026_all5mer	seed_11	5mers_A_RNA_sparse_seq_06	high_p_filter	Brier_observed	0.0764709480628449	0.007261415146172153	-0.06920953291667276	POSTHOC_ROBUSTNESS_ANALYSIS	CONTROLLED_ERROR_INJECTION
2026_all5mer	seed_11	5mers_A_RNA_sparse_seq_06	high_p_filter	Brier_equal_class	0.08144053616042124	0.4529844362535289	0.37154390009310767	POSTHOC_ROBUSTNESS_ANALYSIS	CONTROLLED_ERROR_INJECTION
2026_all5mer	seed_11	5mers_A_RNA_sparse_seq_06	high_p_filter	Brier_control	0.09000971779894473	0.9051322937011719	0.8151225759022271	POSTHOC_ROBUSTNESS_ANALYSIS	CONTROLLED_ERROR_INJECTION
2026_all5mer	seed_11	5mers_A_RNA_sparse_seq_06	high_p_filter	Brier_modified	0.07287135452189773	0.0008365788058859291	-0.0720347757160118	POSTHOC_ROBUSTNESS_ANALYSIS	CONTROLLED_ERROR_INJECTION
2026_all5mer	seed_11	5mers_A_RNA_sparse_seq_07	high_p_filter	Brier_observed	0.09871687712492766	0.011767912102511609	-0.08694896502241606	POSTHOC_ROBUSTNESS_ANALYSIS	CONTROLLED_ERROR_INJECTION
2026_all5mer	seed_11	5mers_A_RNA_sparse_seq_07	high_p_filter	Brier_equal_class	0.10287970417238834	0.456227062194328	0.3533473580219397	POSTHOC_ROBUSTNESS_ANALYSIS	CONTROLLED_ERROR_INJECTION
2026_all5mer	seed_11	5mers_A_RNA_sparse_seq_07	high_p_filter	Brier_control	0.10965536947304245	0.9116605122884115	0.802005142815369	POSTHOC_ROBUSTNESS_ANALYSIS	CONTROLLED_ERROR_INJECTION
2026_all5mer	seed_11	5mers_A_RNA_sparse_seq_07	high_p_filter	Brier_modified	0.09610403887173424	0.0007936121002445376	-0.09531042677148971	POSTHOC_ROBUSTNESS_ANALYSIS	CONTROLLED_ERROR_INJECTION
2026_all5mer	seed_11	5mers_A_RNA_sparse_seq_08	high_p_filter	Brier_observed	0.05473360286890363	0.005213608612885346	-0.04951999425601828	POSTHOC_ROBUSTNESS_ANALYSIS	CONTROLLED_ERROR_INJECTION
2026_all5mer	seed_11	5mers_A_RNA_sparse_seq_08	high_p_filter	Brier_equal_class	0.06471623760567129	0.4564195923300604	0.3917033547243891	POSTHOC_ROBUSTNESS_ANALYSIS	CONTROLLED_ERROR_INJECTION
2026_all5mer	seed_11	5mers_A_RNA_sparse_seq_08	high_p_filter	Brier_control	0.0802541328198982	0.9122454325358073	0.831991299715909	POSTHOC_ROBUSTNESS_ANALYSIS	CONTROLLED_ERROR_INJECTION
2026_all5mer	seed_11	5mers_A_RNA_sparse_seq_08	high_p_filter	Brier_modified	0.049178342391444384	0.0005937521243135877	-0.048584590267130794	POSTHOC_ROBUSTNESS_ANALYSIS	CONTROLLED_ERROR_INJECTION
2026_all5mer	seed_11	5mers_A_RNA_sparse_seq_09	high_p_filter	Brier_observed	0.07475842241415509	0.0028622339642237105	-0.07189618844993138	POSTHOC_ROBUSTNESS_ANALYSIS	CONTROLLED_ERROR_INJECTION
2026_all5mer	seed_11	5mers_A_RNA_sparse_seq_09	high_p_filter	Brier_equal_class	0.06919641511750518	0.46409151141733584	0.39489509629983066	POSTHOC_ROBUSTNESS_ANALYSIS	CONTROLLED_ERROR_INJECTION
2026_all5mer	seed_11	5mers_A_RNA_sparse_seq_09	high_p_filter	Brier_control	0.05973161095603902	0.9271583557128906	0.8674267447568516	POSTHOC_ROBUSTNESS_ANALYSIS	CONTROLLED_ERROR_INJECTION
2026_all5mer	seed_11	5mers_A_RNA_sparse_seq_09	high_p_filter	Brier_modified	0.07866121927897135	0.0010246671217810325	-0.07763655215719031	POSTHOC_ROBUSTNESS_ANALYSIS	CONTROLLED_ERROR_INJECTION
2026_all5mer	seed_11	5mers_A_RNA_sparse_seq_10	high_p_filter	Brier_observed	0.0573893476622605	0.003963693215029083	-0.053425654447231415	POSTHOC_ROBUSTNESS_ANALYSIS	CONTROLLED_ERROR_INJECTION
2026_all5mer	seed_11	5mers_A_RNA_sparse_seq_10	high_p_filter	Brier_equal_class	0.07587447122810713	0.45456601935865243	0.3786915481305453	POSTHOC_ROBUSTNESS_ANALYSIS	CONTROLLED_ERROR_INJECTION
2026_all5mer	seed_11	5mers_A_RNA_sparse_seq_10	high_p_filter	Brier_control	0.10470045002457364	0.9084815979003906	0.803781147875817	POSTHOC_ROBUSTNESS_ANALYSIS	CONTROLLED_ERROR_INJECTION
2026_all5mer	seed_11	5mers_A_RNA_sparse_seq_10	high_p_filter	Brier_modified	0.04704849243164062	0.0006504408169142056	-0.04639805161472642	POSTHOC_ROBUSTNESS_ANALYSIS	CONTROLLED_ERROR_INJECTION
2026_all5mer	seed_11	5mers_A_RNA_sparse_seq_11	high_p_filter	Brier_observed	0.06195042065067231	0.005237712030825408	-0.0567127086198469	POSTHOC_ROBUSTNESS_ANALYSIS	CONTROLLED_ERROR_INJECTION
2026_all5mer	seed_11	5mers_A_RNA_sparse_seq_11	high_p_filter	Brier_equal_class	0.0649093360716594	0.441821803024043	0.3769124669523836	POSTHOC_ROBUSTNESS_ANALYSIS	CONTROLLED_ERROR_INJECTION
2026_all5mer	seed_11	5mers_A_RNA_sparse_seq_11	high_p_filter	Brier_control	0.07018392443081031	0.8830095926920573	0.8128256682612469	POSTHOC_ROBUSTNESS_ANALYSIS	CONTROLLED_ERROR_INJECTION
2026_all5mer	seed_11	5mers_A_RNA_sparse_seq_11	high_p_filter	Brier_modified	0.05963474771250849	0.0006340133560287369	-0.059000734356479755	POSTHOC_ROBUSTNESS_ANALYSIS	CONTROLLED_ERROR_INJECTION
2026_all5mer	seed_11	5mers_A_RNA_sparse_seq_12	high_p_filter	Brier_observed	0.07626150843992612	0.005754410217855578	-0.07050709822207053	POSTHOC_ROBUSTNESS_ANALYSIS	CONTROLLED_ERROR_INJECTION
2026_all5mer	seed_11	5mers_A_RNA_sparse_seq_12	high_p_filter	Brier_equal_class	0.08684613751810846	0.4395972230380639	0.3527510855199555	POSTHOC_ROBUSTNESS_ANALYSIS	CONTROLLED_ERROR_INJECTION
2026_all5mer	seed_11	5mers_A_RNA_sparse_seq_12	high_p_filter	Brier_control	0.10548598063740754	0.8783607482910156	0.7728747676536081	POSTHOC_ROBUSTNESS_ANALYSIS	CONTROLLED_ERROR_INJECTION
2026_all5mer	seed_11	5mers_A_RNA_sparse_seq_12	high_p_filter	Brier_modified	0.0682062943988094	0.0008336977851121945	-0.06737259661369721	POSTHOC_ROBUSTNESS_ANALYSIS	CONTROLLED_ERROR_INJECTION
2026_all5mer	seed_11	5mers_A_RNA_sparse_seq_13	high_p_filter	Brier_observed	0.061882138786829105	0.005420791147477951	-0.05646134763935115	POSTHOC_ROBUSTNESS_ANALYSIS	CONTROLLED_ERROR_INJECTION
2026_all5mer	seed_11	5mers_A_RNA_sparse_seq_13	high_p_filter	Brier_equal_class	0.07584404035857778	0.4668836821886231	0.3910396418300453	POSTHOC_ROBUSTNESS_ANALYSIS	CONTROLLED_ERROR_INJECTION
2026_all5mer	seed_11	5mers_A_RNA_sparse_seq_13	high_p_filter	Brier_control	0.09824335007440477	0.933221181233724	0.8349778311593192	POSTHOC_ROBUSTNESS_ANALYSIS	CONTROLLED_ERROR_INJECTION
2026_all5mer	seed_11	5mers_A_RNA_sparse_seq_13	high_p_filter	Brier_modified	0.05344473064275078	0.0005461831435221924	-0.052898547499228586	POSTHOC_ROBUSTNESS_ANALYSIS	CONTROLLED_ERROR_INJECTION
2026_all5mer	seed_11	5mers_A_RNA_sparse_seq_14	high_p_filter	Brier_observed	0.06509448960816848	0.0022259527073675025	-0.06286853690080098	POSTHOC_ROBUSTNESS_ANALYSIS	CONTROLLED_ERROR_INJECTION
2026_all5mer	seed_11	5mers_A_RNA_sparse_seq_14	high_p_filter	Brier_equal_class	0.07066080422348761	0.4127747491959038	0.3421139449724162	POSTHOC_ROBUSTNESS_ANALYSIS	CONTROLLED_ERROR_INJECTION
2026_all5mer	seed_11	5mers_A_RNA_sparse_seq_14	high_p_filter	Brier_control	0.0802275917746804	0.8248329162597656	0.7446053244850852	POSTHOC_ROBUSTNESS_ANALYSIS	CONTROLLED_ERROR_INJECTION
2026_all5mer	seed_11	5mers_A_RNA_sparse_seq_14	high_p_filter	Brier_modified	0.06109401667229483	0.0007165821320420011	-0.06037743454025283	POSTHOC_ROBUSTNESS_ANALYSIS	CONTROLLED_ERROR_INJECTION
2026_all5mer	seed_11	5mers_A_RNA_sparse_seq_15	high_p_filter	Brier_observed	0.10348796093557763	0.012774824059527854	-0.09071313687604977	POSTHOC_ROBUSTNESS_ANALYSIS	CONTROLLED_ERROR_INJECTION
2026_all5mer	seed_11	5mers_A_RNA_sparse_seq_15	high_p_filter	Brier_equal_class	0.11095919760059098	0.4463527360151518	0.3353935384145608	POSTHOC_ROBUSTNESS_ANALYSIS	CONTROLLED_ERROR_INJECTION
2026_all5mer	seed_11	5mers_A_RNA_sparse_seq_15	high_p_filter	Brier_control	0.12753294531162496	0.8915443420410156	0.7640113967293907	POSTHOC_ROBUSTNESS_ANALYSIS	CONTROLLED_ERROR_INJECTION
2026_all5mer	seed_11	5mers_A_RNA_sparse_seq_15	high_p_filter	Brier_modified	0.09438544988955701	0.0011611299892879269	-0.09322431990026908	POSTHOC_ROBUSTNESS_ANALYSIS	CONTROLLED_ERROR_INJECTION
2026_all5mer	seed_11	5mers_A_RNA_sparse_seq_16	high_p_filter	Brier_observed	0.08340950790716677	0.008764795896385898	-0.07464471201078086	POSTHOC_ROBUSTNESS_ANALYSIS	CONTROLLED_ERROR_INJECTION
2026_all5mer	seed_11	5mers_A_RNA_sparse_seq_16	high_p_filter	Brier_equal_class	0.08462761869079448	0.45874450166346664	0.37411688297267215	POSTHOC_ROBUSTNESS_ANALYSIS	CONTROLLED_ERROR_INJECTION
2026_all5mer	seed_11	5mers_A_RNA_sparse_seq_16	high_p_filter	Brier_control	0.08742984537613521	0.9164161682128906	0.8289863228367554	POSTHOC_ROBUSTNESS_ANALYSIS	CONTROLLED_ERROR_INJECTION
2026_all5mer	seed_11	5mers_A_RNA_sparse_seq_16	high_p_filter	Brier_modified	0.08182539200545375	0.0010728351140426378	-0.0807525568914111	POSTHOC_ROBUSTNESS_ANALYSIS	CONTROLLED_ERROR_INJECTION
2026_all5mer	seed_11	5mers_A_RNA_sparse_seq_17	high_p_filter	Brier_observed	0.05505103816696465	0.0007610644324351166	-0.05428997373452953	POSTHOC_ROBUSTNESS_ANALYSIS	CONTROLLED_ERROR_INJECTION
2026_all5mer	seed_11	5mers_A_RNA_sparse_seq_17	high_p_filter	Brier_equal_class	0.055137818422300436			POSTHOC_ROBUSTNESS_ANALYSIS	CONTROLLED_ERROR_INJECTION
2026_all5mer	seed_11	5mers_A_RNA_sparse_seq_17	high_p_filter	Brier_control	0.05529470351135846			POSTHOC_ROBUSTNESS_ANALYSIS	CONTROLLED_ERROR_INJECTION
2026_all5mer	seed_11	5mers_A_RNA_sparse_seq_17	high_p_filter	Brier_modified	0.05498093333324241	0.0007610644324351166	-0.054219868900807294	POSTHOC_ROBUSTNESS_ANALYSIS	CONTROLLED_ERROR_INJECTION
2026_all5mer	seed_11	5mers_A_RNA_sparse_seq_18	high_p_filter	Brier_observed	0.05607148019891036	0.003859488113483771	-0.05221199208542659	POSTHOC_ROBUSTNESS_ANALYSIS	CONTROLLED_ERROR_INJECTION
2026_all5mer	seed_11	5mers_A_RNA_sparse_seq_18	high_p_filter	Brier_equal_class	0.06901815070959799	0.4475960100769366	0.3785778593673386	POSTHOC_ROBUSTNESS_ANALYSIS	CONTROLLED_ERROR_INJECTION
2026_all5mer	seed_11	5mers_A_RNA_sparse_seq_18	high_p_filter	Brier_control	0.09361682467990451	0.8944740295410156	0.8008572048611111	POSTHOC_ROBUSTNESS_ANALYSIS	CONTROLLED_ERROR_INJECTION
2026_all5mer	seed_11	5mers_A_RNA_sparse_seq_18	high_p_filter	Brier_modified	0.04441947673929149	0.0007179906128575562	-0.04370148612643393	POSTHOC_ROBUSTNESS_ANALYSIS	CONTROLLED_ERROR_INJECTION
2026_all5mer	seed_11	5mers_A_RNA_sparse_seq_19	high_p_filter	Brier_observed	0.07315194116879815	0.0005885269562107923	-0.07256341421258736	POSTHOC_ROBUSTNESS_ANALYSIS	CONTROLLED_ERROR_INJECTION
2026_all5mer	seed_11	5mers_A_RNA_sparse_seq_19	high_p_filter	Brier_equal_class	0.07662035483155955			POSTHOC_ROBUSTNESS_ANALYSIS	CONTROLLED_ERROR_INJECTION
2026_all5mer	seed_11	5mers_A_RNA_sparse_seq_19	high_p_filter	Brier_control	0.08175266964334837			POSTHOC_ROBUSTNESS_ANALYSIS	CONTROLLED_ERROR_INJECTION
2026_all5mer	seed_11	5mers_A_RNA_sparse_seq_19	high_p_filter	Brier_modified	0.07148804001977073	0.0005885269562107923	-0.07089951306355993	POSTHOC_ROBUSTNESS_ANALYSIS	CONTROLLED_ERROR_INJECTION
2026_all5mer	seed_11	5mers_A_RNA_sparse_seq_20	high_p_filter	Brier_observed	0.09933899388168797	0.016428223531515147	-0.08291077035017283	POSTHOC_ROBUSTNESS_ANALYSIS	CONTROLLED_ERROR_INJECTION
2026_all5mer	seed_11	5mers_A_RNA_sparse_seq_20	high_p_filter	Brier_equal_class	0.10882572712663169	0.44863513430320384	0.33980940717657215	POSTHOC_ROBUSTNESS_ANALYSIS	CONTROLLED_ERROR_INJECTION
2026_all5mer	seed_11	5mers_A_RNA_sparse_seq_20	high_p_filter	Brier_control	0.1306990684075499	0.8962474399142795	0.7655483715067295	POSTHOC_ROBUSTNESS_ANALYSIS	CONTROLLED_ERROR_INJECTION
2026_all5mer	seed_11	5mers_A_RNA_sparse_seq_20	high_p_filter	Brier_modified	0.08695238584571345	0.0010228286921282223	-0.08592955715358523	POSTHOC_ROBUSTNESS_ANALYSIS	CONTROLLED_ERROR_INJECTION
2026_all5mer	seed_11	5mers_A_RNA_sparse_seq_21	high_p_filter	Brier_observed	0.07530484278557709	0.009203905691150274	-0.06610093709442681	POSTHOC_ROBUSTNESS_ANALYSIS	CONTROLLED_ERROR_INJECTION
2026_all5mer	seed_11	5mers_A_RNA_sparse_seq_21	high_p_filter	Brier_equal_class	0.09020103666913667	0.4672171938246575	0.37701615715552084	POSTHOC_ROBUSTNESS_ANALYSIS	CONTROLLED_ERROR_INJECTION
2026_all5mer	seed_11	5mers_A_RNA_sparse_seq_21	high_p_filter	Brier_control	0.11511980832278074	0.9336036682128906	0.8184838598901099	POSTHOC_ROBUSTNESS_ANALYSIS	CONTROLLED_ERROR_INJECTION
2026_all5mer	seed_11	5mers_A_RNA_sparse_seq_21	high_p_filter	Brier_modified	0.06528226501549263	0.000830719436424366	-0.06445154557906826	POSTHOC_ROBUSTNESS_ANALYSIS	CONTROLLED_ERROR_INJECTION
2026_all5mer	seed_11	5mers_A_RNA_sparse_seq_22	high_p_filter	Brier_observed	0.11063731313946251	0.017116873330373306	-0.09352043980908921	POSTHOC_ROBUSTNESS_ANALYSIS	CONTROLLED_ERROR_INJECTION
2026_all5mer	seed_11	5mers_A_RNA_sparse_seq_22	high_p_filter	Brier_equal_class	0.11342412015376169	0.4435654049827939	0.3301412848290322	POSTHOC_ROBUSTNESS_ANALYSIS	CONTROLLED_ERROR_INJECTION
2026_all5mer	seed_11	5mers_A_RNA_sparse_seq_22	high_p_filter	Brier_control	0.11983249204378602	0.8856021336146763	0.7657696415708903	POSTHOC_ROBUSTNESS_ANALYSIS	CONTROLLED_ERROR_INJECTION
2026_all5mer	seed_11	5mers_A_RNA_sparse_seq_22	high_p_filter	Brier_modified	0.10701574826373735	0.0015286763509114584	-0.10548707191282589	POSTHOC_ROBUSTNESS_ANALYSIS	CONTROLLED_ERROR_INJECTION
2026_all5mer	seed_11	5mers_A_RNA_sparse_seq_23	high_p_filter	Brier_observed	0.08938867190636442	0.00850376656384972	-0.08088490534251469	POSTHOC_ROBUSTNESS_ANALYSIS	CONTROLLED_ERROR_INJECTION
2026_all5mer	seed_11	5mers_A_RNA_sparse_seq_23	high_p_filter	Brier_equal_class	0.09788171612209183	0.4549026176577709	0.35702090153567906	POSTHOC_ROBUSTNESS_ANALYSIS	CONTROLLED_ERROR_INJECTION
2026_all5mer	seed_11	5mers_A_RNA_sparse_seq_23	high_p_filter	Brier_control	0.11457612424714794	0.9086799621582031	0.7941038379110552	POSTHOC_ROBUSTNESS_ANALYSIS	CONTROLLED_ERROR_INJECTION
2026_all5mer	seed_11	5mers_A_RNA_sparse_seq_23	high_p_filter	Brier_modified	0.08118730799703572	0.0011252731573386271	-0.0800620348396971	POSTHOC_ROBUSTNESS_ANALYSIS	CONTROLLED_ERROR_INJECTION
2026_all5mer	seed_11	5mers_A_RNA_sparse_seq_24	high_p_filter	Brier_observed	0.07427205517132432	0.007298551286969866	-0.06697350388435445	POSTHOC_ROBUSTNESS_ANALYSIS	CONTROLLED_ERROR_INJECTION
2026_all5mer	seed_11	5mers_A_RNA_sparse_seq_24	high_p_filter	Brier_equal_class	0.08985988964718157	0.4456309586120166	0.35577106896483507	POSTHOC_ROBUSTNESS_ANALYSIS	CONTROLLED_ERROR_INJECTION
2026_all5mer	seed_11	5mers_A_RNA_sparse_seq_24	high_p_filter	Brier_control	0.12109892377969224	0.8903160095214844	0.7692170857417922	POSTHOC_ROBUSTNESS_ANALYSIS	CONTROLLED_ERROR_INJECTION
2026_all5mer	seed_11	5mers_A_RNA_sparse_seq_24	high_p_filter	Brier_modified	0.0586208555146709	0.0009459077025488984	-0.057674947812122006	POSTHOC_ROBUSTNESS_ANALYSIS	CONTROLLED_ERROR_INJECTION
2026_all5mer	seed_11	5mers_A_RNA_sparse_seq_25	high_p_filter	Brier_observed	0.09029197692871094	0.0058422848667094105	-0.08444969206200152	POSTHOC_ROBUSTNESS_ANALYSIS	CONTROLLED_ERROR_INJECTION
2026_all5mer	seed_11	5mers_A_RNA_sparse_seq_25	high_p_filter	Brier_equal_class	0.0919511148784084	0.4381979634136947	0.3462468485352863	POSTHOC_ROBUSTNESS_ANALYSIS	CONTROLLED_ERROR_INJECTION
2026_all5mer	seed_11	5mers_A_RNA_sparse_seq_25	high_p_filter	Brier_control	0.09490625869824691	0.8755327860514323	0.7806265273531854	POSTHOC_ROBUSTNESS_ANALYSIS	CONTROLLED_ERROR_INJECTION
2026_all5mer	seed_11	5mers_A_RNA_sparse_seq_25	high_p_filter	Brier_modified	0.0889959710585699	0.0008631407759571803	-0.08813283028261272	POSTHOC_ROBUSTNESS_ANALYSIS	CONTROLLED_ERROR_INJECTION
2026_all5mer	seed_11	5mers_A_RNA_sparse_seq_26	high_p_filter	Brier_observed	0.06315792493583743	0.004326371585621554	-0.05883155335021587	POSTHOC_ROBUSTNESS_ANALYSIS	CONTROLLED_ERROR_INJECTION
2026_all5mer	seed_11	5mers_A_RNA_sparse_seq_26	high_p_filter	Brier_equal_class	0.06579341662659602	0.46422975265671845	0.3984363360301224	POSTHOC_ROBUSTNESS_ANALYSIS	CONTROLLED_ERROR_INJECTION
2026_all5mer	seed_11	5mers_A_RNA_sparse_seq_26	high_p_filter	Brier_control	0.07057086223830825	0.9275398254394531	0.8569689632011449	POSTHOC_ROBUSTNESS_ANALYSIS	CONTROLLED_ERROR_INJECTION
2026_all5mer	seed_11	5mers_A_RNA_sparse_seq_26	high_p_filter	Brier_modified	0.0610159710148838	0.0009196798739837984	-0.060096291140899996	POSTHOC_ROBUSTNESS_ANALYSIS	CONTROLLED_ERROR_INJECTION
2026_all5mer	seed_11	5mers_A_RNA_sparse_seq_27	high_p_filter	Brier_observed	0.05392704983358145	0.002099252309060659	-0.05182779752452079	POSTHOC_ROBUSTNESS_ANALYSIS	CONTROLLED_ERROR_INJECTION
2026_all5mer	seed_11	5mers_A_RNA_sparse_seq_27	high_p_filter	Brier_equal_class	0.05981338837003514	0.42346598607492686	0.3636525977048917	POSTHOC_ROBUSTNESS_ANALYSIS	CONTROLLED_ERROR_INJECTION
2026_all5mer	seed_11	5mers_A_RNA_sparse_seq_27	high_p_filter	Brier_control	0.06901766305946443	0.8462562561035156	0.7772385930440512	POSTHOC_ROBUSTNESS_ANALYSIS	CONTROLLED_ERROR_INJECTION
2026_all5mer	seed_11	5mers_A_RNA_sparse_seq_27	high_p_filter	Brier_modified	0.050609113680605854	0.0006757160463381377	-0.04993339763426772	POSTHOC_ROBUSTNESS_ANALYSIS	CONTROLLED_ERROR_INJECTION
2026_all5mer	seed_11	5mers_A_RNA_sparse_seq_28	high_p_filter	Brier_observed	0.0673849500458816	0.0021131178911994487	-0.06527183215468216	POSTHOC_ROBUSTNESS_ANALYSIS	CONTROLLED_ERROR_INJECTION
2026_all5mer	seed_11	5mers_A_RNA_sparse_seq_28	high_p_filter	Brier_equal_class	0.06683374882537749	0.4600628444126674	0.3932290955872899	POSTHOC_ROBUSTNESS_ANALYSIS	CONTROLLED_ERROR_INJECTION
2026_all5mer	seed_11	5mers_A_RNA_sparse_seq_28	high_p_filter	Brier_control	0.06585757567150759	0.9196510314941406	0.853793455822633	POSTHOC_ROBUSTNESS_ANALYSIS	CONTROLLED_ERROR_INJECTION
2026_all5mer	seed_11	5mers_A_RNA_sparse_seq_28	high_p_filter	Brier_modified	0.06780992197924737	0.00047465733119419644	-0.06733526464805317	POSTHOC_ROBUSTNESS_ANALYSIS	CONTROLLED_ERROR_INJECTION
2026_all5mer	seed_11	5mers_A_RNA_sparse_seq_29	high_p_filter	Brier_observed	0.05429392419513032	0.003921666421180915	-0.05037225777394941	POSTHOC_ROBUSTNESS_ANALYSIS	CONTROLLED_ERROR_INJECTION
2026_all5mer	seed_11	5mers_A_RNA_sparse_seq_29	high_p_filter	Brier_equal_class	0.06888997360306605	0.48306478750251025	0.4141748138994442	POSTHOC_ROBUSTNESS_ANALYSIS	CONTROLLED_ERROR_INJECTION
2026_all5mer	seed_11	5mers_A_RNA_sparse_seq_29	high_p_filter	Brier_control	0.09209265904119837	0.9653968811035156	0.8733042220623173	POSTHOC_ROBUSTNESS_ANALYSIS	CONTROLLED_ERROR_INJECTION
2026_all5mer	seed_11	5mers_A_RNA_sparse_seq_29	high_p_filter	Brier_modified	0.04568728816493373	0.0007326939015048456	-0.04495459426342889	POSTHOC_ROBUSTNESS_ANALYSIS	CONTROLLED_ERROR_INJECTION
2026_all5mer	seed_11	5mers_A_RNA_sparse_seq_30	high_p_filter	Brier_observed	0.07903522077906337	0.004995390054314891	-0.07403983072474848	POSTHOC_ROBUSTNESS_ANALYSIS	CONTROLLED_ERROR_INJECTION
2026_all5mer	seed_11	5mers_A_RNA_sparse_seq_30	high_p_filter	Brier_equal_class	0.08023300708112185	0.4586882340280633	0.37845522694694145	POSTHOC_ROBUSTNESS_ANALYSIS	CONTROLLED_ERROR_INJECTION
2026_all5mer	seed_11	5mers_A_RNA_sparse_seq_30	high_p_filter	Brier_control	0.08280863906397964	0.9162178039550781	0.8334091648910985	POSTHOC_ROBUSTNESS_ANALYSIS	CONTROLLED_ERROR_INJECTION
2026_all5mer	seed_11	5mers_A_RNA_sparse_seq_30	high_p_filter	Brier_modified	0.07765737509826406	0.0011586641010485198	-0.07649871099721554	POSTHOC_ROBUSTNESS_ANALYSIS	CONTROLLED_ERROR_INJECTION
2026_all5mer	seed_11	5mers_A_RNA_sparse_seq_31	high_p_filter	Brier_observed	0.060041421275598264	0.005244366700035274	-0.05479705457556299	POSTHOC_ROBUSTNESS_ANALYSIS	CONTROLLED_ERROR_INJECTION
2026_all5mer	seed_11	5mers_A_RNA_sparse_seq_31	high_p_filter	Brier_equal_class	0.07857021090283936	0.4541051549403941	0.3755349440375547	POSTHOC_ROBUSTNESS_ANALYSIS	CONTROLLED_ERROR_INJECTION
2026_all5mer	seed_11	5mers_A_RNA_sparse_seq_31	high_p_filter	Brier_control	0.10678521433184224	0.9075152079264323	0.80072999359459	POSTHOC_ROBUSTNESS_ANALYSIS	CONTROLLED_ERROR_INJECTION
2026_all5mer	seed_11	5mers_A_RNA_sparse_seq_31	high_p_filter	Brier_modified	0.05035520747383648	0.0006951019543559612	-0.049660105519480524	POSTHOC_ROBUSTNESS_ANALYSIS	CONTROLLED_ERROR_INJECTION
2026_all5mer	seed_11	5mers_A_RNA_sparse_seq_32	high_p_filter	Brier_observed	0.09076840575823435	0.0050064346833315065	-0.08576197107490284	POSTHOC_ROBUSTNESS_ANALYSIS	CONTROLLED_ERROR_INJECTION
2026_all5mer	seed_11	5mers_A_RNA_sparse_seq_32	high_p_filter	Brier_equal_class	0.09502705284268353	0.48510816639337984	0.3900811135506963	POSTHOC_ROBUSTNESS_ANALYSIS	CONTROLLED_ERROR_INJECTION
2026_all5mer	seed_11	5mers_A_RNA_sparse_seq_32	high_p_filter	Brier_control	0.10482100926665747	0.9690895080566406	0.8642684987899831	POSTHOC_ROBUSTNESS_ANALYSIS	CONTROLLED_ERROR_INJECTION
2026_all5mer	seed_11	5mers_A_RNA_sparse_seq_32	high_p_filter	Brier_modified	0.08523309641870959	0.0011268247301189952	-0.0841062716885906	POSTHOC_ROBUSTNESS_ANALYSIS	CONTROLLED_ERROR_INJECTION
2026_all5mer	seed_11	ALL	high_p_filter	Brier_observed	0.07516022400488064	0.00594939454181021	-0.06921082946307043	POSTHOC_ROBUSTNESS_ANALYSIS	CONTROLLED_ERROR_INJECTION
2026_all5mer	seed_11	ALL	high_p_filter	Brier_equal_class	0.08225113832620938	0.4507867807808138	0.3685356424546044	POSTHOC_ROBUSTNESS_ANALYSIS	CONTROLLED_ERROR_INJECTION
2026_all5mer	seed_11	ALL	high_p_filter	Brier_control	0.09517258646187779	0.900726357686151	0.8055537712242732	POSTHOC_ROBUSTNESS_ANALYSIS	CONTROLLED_ERROR_INJECTION
2026_all5mer	seed_11	ALL	high_p_filter	Brier_modified	0.06932969019054097	0.0008472038754765988	-0.06848248631506437	POSTHOC_ROBUSTNESS_ANALYSIS	CONTROLLED_ERROR_INJECTION
2026_all5mer	seed_11	5mers_A_RNA_sparse_seq_01	missing_zero	Brier_observed	0.07435888070251652	0.052636973411763995	-0.021721907290752525	POSTHOC_ROBUSTNESS_ANALYSIS	CONTROLLED_ERROR_INJECTION
2026_all5mer	seed_11	5mers_A_RNA_sparse_seq_01	missing_zero	Brier_equal_class	0.07601818510413397	0.052654111108698005	-0.023364073995435962	POSTHOC_ROBUSTNESS_ANALYSIS	CONTROLLED_ERROR_INJECTION
2026_all5mer	seed_11	5mers_A_RNA_sparse_seq_01	missing_zero	Brier_control	0.07946714266078679	0.027650211281972387	-0.05181693137881441	POSTHOC_ROBUSTNESS_ANALYSIS	CONTROLLED_ERROR_INJECTION
2026_all5mer	seed_11	5mers_A_RNA_sparse_seq_01	missing_zero	Brier_modified	0.07256922754748114	0.07765801093542363	0.005088783387942483	POSTHOC_ROBUSTNESS_ANALYSIS	CONTROLLED_ERROR_INJECTION
2026_all5mer	seed_11	5mers_A_RNA_sparse_seq_02	missing_zero	Brier_observed	0.08568111381145439	0.059803130940971935	-0.025877982870482458	POSTHOC_ROBUSTNESS_ANALYSIS	CONTROLLED_ERROR_INJECTION
2026_all5mer	seed_11	5mers_A_RNA_sparse_seq_02	missing_zero	Brier_equal_class	0.08606840150595085	0.059591563330972736	-0.026476838174978118	POSTHOC_ROBUSTNESS_ANALYSIS	CONTROLLED_ERROR_INJECTION
2026_all5mer	seed_11	5mers_A_RNA_sparse_seq_02	missing_zero	Brier_control	0.0868172585714811	0.027814108309093814	-0.0590031502623873	POSTHOC_ROBUSTNESS_ANALYSIS	CONTROLLED_ERROR_INJECTION
2026_all5mer	seed_11	5mers_A_RNA_sparse_seq_02	missing_zero	Brier_modified	0.08531954444042059	0.09136901835285166	0.006049473912431075	POSTHOC_ROBUSTNESS_ANALYSIS	CONTROLLED_ERROR_INJECTION
2026_all5mer	seed_11	5mers_A_RNA_sparse_seq_03	missing_zero	Brier_observed	0.0733938217163086	0.047374727883234095	-0.0260190938330745	POSTHOC_ROBUSTNESS_ANALYSIS	CONTROLLED_ERROR_INJECTION
2026_all5mer	seed_11	5mers_A_RNA_sparse_seq_03	missing_zero	Brier_equal_class	0.08168268765520392	0.04767530353767508	-0.03400738411752884	POSTHOC_ROBUSTNESS_ANALYSIS	CONTROLLED_ERROR_INJECTION
2026_all5mer	seed_11	5mers_A_RNA_sparse_seq_03	missing_zero	Brier_control	0.09571930734734786	0.023929826836836966	-0.0717894805105109	POSTHOC_ROBUSTNESS_ANALYSIS	CONTROLLED_ERROR_INJECTION
2026_all5mer	seed_11	5mers_A_RNA_sparse_seq_03	missing_zero	Brier_modified	0.06764606796306	0.0714207802385132	0.0037747122754532014	POSTHOC_ROBUSTNESS_ANALYSIS	CONTROLLED_ERROR_INJECTION
2026_all5mer	seed_11	5mers_A_RNA_sparse_seq_04	missing_zero	Brier_observed	0.08174864919562089	0.05679648115128299	-0.024952168044337898	POSTHOC_ROBUSTNESS_ANALYSIS	CONTROLLED_ERROR_INJECTION
2026_all5mer	seed_11	5mers_A_RNA_sparse_seq_04	missing_zero	Brier_equal_class	0.08972754292104437	0.056984511857920674	-0.0327430310631237	POSTHOC_ROBUSTNESS_ANALYSIS	CONTROLLED_ERROR_INJECTION
2026_all5mer	seed_11	5mers_A_RNA_sparse_seq_04	missing_zero	Brier_control	0.10488744099934896	0.03180549086907482	-0.07308195013027415	POSTHOC_ROBUSTNESS_ANALYSIS	CONTROLLED_ERROR_INJECTION
2026_all5mer	seed_11	5mers_A_RNA_sparse_seq_04	missing_zero	Brier_modified	0.07456764484273977	0.08216353284676653	0.00759588800402676	POSTHOC_ROBUSTNESS_ANALYSIS	CONTROLLED_ERROR_INJECTION
2026_all5mer	seed_11	5mers_A_RNA_sparse_seq_05	missing_zero	Brier_observed	0.0694655568573396	0.047947684264610206	-0.021517872592729394	POSTHOC_ROBUSTNESS_ANALYSIS	CONTROLLED_ERROR_INJECTION
2026_all5mer	seed_11	5mers_A_RNA_sparse_seq_05	missing_zero	Brier_equal_class	0.08034877010432714	0.04775165977975837	-0.03259711032456877	POSTHOC_ROBUSTNESS_ANALYSIS	CONTROLLED_ERROR_INJECTION
2026_all5mer	seed_11	5mers_A_RNA_sparse_seq_05	missing_zero	Brier_control	0.10109554564399559	0.03220382300756311	-0.06889172263643248	POSTHOC_ROBUSTNESS_ANALYSIS	CONTROLLED_ERROR_INJECTION
2026_all5mer	seed_11	5mers_A_RNA_sparse_seq_05	missing_zero	Brier_modified	0.059601994564658714	0.06329949655195363	0.0036975019872949183	POSTHOC_ROBUSTNESS_ANALYSIS	CONTROLLED_ERROR_INJECTION
2026_all5mer	seed_11	5mers_A_RNA_sparse_seq_06	missing_zero	Brier_observed	0.0764709480628449	0.05165211826232392	-0.024818829800520983	POSTHOC_ROBUSTNESS_ANALYSIS	CONTROLLED_ERROR_INJECTION
2026_all5mer	seed_11	5mers_A_RNA_sparse_seq_06	missing_zero	Brier_equal_class	0.08144053616042124	0.05181857426513241	-0.02962196189528883	POSTHOC_ROBUSTNESS_ANALYSIS	CONTROLLED_ERROR_INJECTION
2026_all5mer	seed_11	5mers_A_RNA_sparse_seq_06	missing_zero	Brier_control	0.09000971779894473	0.02346556845342139	-0.06654414934552334	POSTHOC_ROBUSTNESS_ANALYSIS	CONTROLLED_ERROR_INJECTION
2026_all5mer	seed_11	5mers_A_RNA_sparse_seq_06	missing_zero	Brier_modified	0.07287135452189773	0.08017158007684343	0.007300225554945694	POSTHOC_ROBUSTNESS_ANALYSIS	CONTROLLED_ERROR_INJECTION
2026_all5mer	seed_11	5mers_A_RNA_sparse_seq_07	missing_zero	Brier_observed	0.09871687712492766	0.06443702521497267	-0.034279851909954986	POSTHOC_ROBUSTNESS_ANALYSIS	CONTROLLED_ERROR_INJECTION
2026_all5mer	seed_11	5mers_A_RNA_sparse_seq_07	missing_zero	Brier_equal_class	0.10287970417238834	0.06493402177853369	-0.03794568239385465	POSTHOC_ROBUSTNESS_ANALYSIS	CONTROLLED_ERROR_INJECTION
2026_all5mer	seed_11	5mers_A_RNA_sparse_seq_07	missing_zero	Brier_control	0.10965536947304245	0.0253050852630098	-0.08435028421003266	POSTHOC_ROBUSTNESS_ANALYSIS	CONTROLLED_ERROR_INJECTION
2026_all5mer	seed_11	5mers_A_RNA_sparse_seq_07	missing_zero	Brier_modified	0.09610403887173424	0.1045629582940576	0.008458919422323352	POSTHOC_ROBUSTNESS_ANALYSIS	CONTROLLED_ERROR_INJECTION
2026_all5mer	seed_11	5mers_A_RNA_sparse_seq_08	missing_zero	Brier_observed	0.05473360286890363	0.04067606730513861	-0.014057535563765017	POSTHOC_ROBUSTNESS_ANALYSIS	CONTROLLED_ERROR_INJECTION
2026_all5mer	seed_11	5mers_A_RNA_sparse_seq_08	missing_zero	Brier_equal_class	0.06471623760567129	0.04063046050928762	-0.024085777096383668	POSTHOC_ROBUSTNESS_ANALYSIS	CONTROLLED_ERROR_INJECTION
2026_all5mer	seed_11	5mers_A_RNA_sparse_seq_08	missing_zero	Brier_control	0.0802541328198982	0.017264578768296224	-0.06298955405160198	POSTHOC_ROBUSTNESS_ANALYSIS	CONTROLLED_ERROR_INJECTION
2026_all5mer	seed_11	5mers_A_RNA_sparse_seq_08	missing_zero	Brier_modified	0.049178342391444384	0.06399634225027902	0.014817999858834634	POSTHOC_ROBUSTNESS_ANALYSIS	CONTROLLED_ERROR_INJECTION
2026_all5mer	seed_11	5mers_A_RNA_sparse_seq_09	missing_zero	Brier_observed	0.07475842241415509	0.051096918804398	-0.023661503609757092	POSTHOC_ROBUSTNESS_ANALYSIS	CONTROLLED_ERROR_INJECTION
2026_all5mer	seed_11	5mers_A_RNA_sparse_seq_09	missing_zero	Brier_equal_class	0.06919641511750518	0.05134410681622764	-0.017852308301277542	POSTHOC_ROBUSTNESS_ANALYSIS	CONTROLLED_ERROR_INJECTION
2026_all5mer	seed_11	5mers_A_RNA_sparse_seq_09	missing_zero	Brier_control	0.05973161095603902	0.01515578188436811	-0.04457582907167092	POSTHOC_ROBUSTNESS_ANALYSIS	CONTROLLED_ERROR_INJECTION
2026_all5mer	seed_11	5mers_A_RNA_sparse_seq_09	missing_zero	Brier_modified	0.07866121927897135	0.08753243174808717	0.008871212469115819	POSTHOC_ROBUSTNESS_ANALYSIS	CONTROLLED_ERROR_INJECTION
2026_all5mer	seed_11	5mers_A_RNA_sparse_seq_10	missing_zero	Brier_observed	0.0573893476622605	0.03628010723177947	-0.021109240430481027	POSTHOC_ROBUSTNESS_ANALYSIS	CONTROLLED_ERROR_INJECTION
2026_all5mer	seed_11	5mers_A_RNA_sparse_seq_10	missing_zero	Brier_equal_class	0.07587447122810713	0.03654465517375009	-0.039329816054357036	POSTHOC_ROBUSTNESS_ANALYSIS	CONTROLLED_ERROR_INJECTION
2026_all5mer	seed_11	5mers_A_RNA_sparse_seq_10	missing_zero	Brier_control	0.10470045002457364	0.02197416852367595	-0.08272628150089768	POSTHOC_ROBUSTNESS_ANALYSIS	CONTROLLED_ERROR_INJECTION
2026_all5mer	seed_11	5mers_A_RNA_sparse_seq_10	missing_zero	Brier_modified	0.04704849243164062	0.051115141823824234	0.0040666493921836105	POSTHOC_ROBUSTNESS_ANALYSIS	CONTROLLED_ERROR_INJECTION
2026_all5mer	seed_11	5mers_A_RNA_sparse_seq_11	missing_zero	Brier_observed	0.06195042065067231	0.04494616444905599	-0.017004256201616316	POSTHOC_ROBUSTNESS_ANALYSIS	CONTROLLED_ERROR_INJECTION
2026_all5mer	seed_11	5mers_A_RNA_sparse_seq_11	missing_zero	Brier_equal_class	0.0649093360716594	0.04511867239875917	-0.01979066367290023	POSTHOC_ROBUSTNESS_ANALYSIS	CONTROLLED_ERROR_INJECTION
2026_all5mer	seed_11	5mers_A_RNA_sparse_seq_11	missing_zero	Brier_control	0.07018392443081031	0.01924247994328177	-0.05094144448752855	POSTHOC_ROBUSTNESS_ANALYSIS	CONTROLLED_ERROR_INJECTION
2026_all5mer	seed_11	5mers_A_RNA_sparse_seq_11	missing_zero	Brier_modified	0.05963474771250849	0.07099486485423658	0.011360117141728084	POSTHOC_ROBUSTNESS_ANALYSIS	CONTROLLED_ERROR_INJECTION
2026_all5mer	seed_11	5mers_A_RNA_sparse_seq_12	missing_zero	Brier_observed	0.07626150843992612	0.05474217817574998	-0.021519330264176136	POSTHOC_ROBUSTNESS_ANALYSIS	CONTROLLED_ERROR_INJECTION
2026_all5mer	seed_11	5mers_A_RNA_sparse_seq_12	missing_zero	Brier_equal_class	0.08684613751810846	0.05439409372193735	-0.032452043796171115	POSTHOC_ROBUSTNESS_ANALYSIS	CONTROLLED_ERROR_INJECTION
2026_all5mer	seed_11	5mers_A_RNA_sparse_seq_12	missing_zero	Brier_control	0.10548598063740754	0.029547493899788037	-0.07593848673761949	POSTHOC_ROBUSTNESS_ANALYSIS	CONTROLLED_ERROR_INJECTION
2026_all5mer	seed_11	5mers_A_RNA_sparse_seq_12	missing_zero	Brier_modified	0.0682062943988094	0.07924069354408665	0.011034399145277249	POSTHOC_ROBUSTNESS_ANALYSIS	CONTROLLED_ERROR_INJECTION
2026_all5mer	seed_11	5mers_A_RNA_sparse_seq_13	missing_zero	Brier_observed	0.061882138786829105	0.042777763272250045	-0.01910437551457906	POSTHOC_ROBUSTNESS_ANALYSIS	CONTROLLED_ERROR_INJECTION
2026_all5mer	seed_11	5mers_A_RNA_sparse_seq_13	missing_zero	Brier_equal_class	0.07584404035857778	0.04266860084836766	-0.03317543951021012	POSTHOC_ROBUSTNESS_ANALYSIS	CONTROLLED_ERROR_INJECTION
2026_all5mer	seed_11	5mers_A_RNA_sparse_seq_13	missing_zero	Brier_control	0.09824335007440477	0.022828330307745504	-0.07541501976665926	POSTHOC_ROBUSTNESS_ANALYSIS	CONTROLLED_ERROR_INJECTION
2026_all5mer	seed_11	5mers_A_RNA_sparse_seq_13	missing_zero	Brier_modified	0.05344473064275078	0.06250887138898982	0.009064140746239041	POSTHOC_ROBUSTNESS_ANALYSIS	CONTROLLED_ERROR_INJECTION
2026_all5mer	seed_11	5mers_A_RNA_sparse_seq_14	missing_zero	Brier_observed	0.06509448960816848	0.04448897307005043	-0.020605516538118047	POSTHOC_ROBUSTNESS_ANALYSIS	CONTROLLED_ERROR_INJECTION
2026_all5mer	seed_11	5mers_A_RNA_sparse_seq_14	missing_zero	Brier_equal_class	0.07066080422348761	0.04433553751493995	-0.026325266708547658	POSTHOC_ROBUSTNESS_ANALYSIS	CONTROLLED_ERROR_INJECTION
2026_all5mer	seed_11	5mers_A_RNA_sparse_seq_14	missing_zero	Brier_control	0.0802275917746804	0.02135089135939075	-0.058876700415289654	POSTHOC_ROBUSTNESS_ANALYSIS	CONTROLLED_ERROR_INJECTION
2026_all5mer	seed_11	5mers_A_RNA_sparse_seq_14	missing_zero	Brier_modified	0.06109401667229483	0.06732018367048916	0.006226166998194324	POSTHOC_ROBUSTNESS_ANALYSIS	CONTROLLED_ERROR_INJECTION
2026_all5mer	seed_11	5mers_A_RNA_sparse_seq_15	missing_zero	Brier_observed	0.10348796093557763	0.07814794416981112	-0.025340016765766513	POSTHOC_ROBUSTNESS_ANALYSIS	CONTROLLED_ERROR_INJECTION
2026_all5mer	seed_11	5mers_A_RNA_sparse_seq_15	missing_zero	Brier_equal_class	0.11095919760059098	0.07816844195920625	-0.03279075564138473	POSTHOC_ROBUSTNESS_ANALYSIS	CONTROLLED_ERROR_INJECTION
2026_all5mer	seed_11	5mers_A_RNA_sparse_seq_15	missing_zero	Brier_control	0.12753294531162496	0.04744225565592448	-0.08009068965570049	POSTHOC_ROBUSTNESS_ANALYSIS	CONTROLLED_ERROR_INJECTION
2026_all5mer	seed_11	5mers_A_RNA_sparse_seq_15	missing_zero	Brier_modified	0.09438544988955701	0.10889462826248801	0.014509178372931003	POSTHOC_ROBUSTNESS_ANALYSIS	CONTROLLED_ERROR_INJECTION
2026_all5mer	seed_11	5mers_A_RNA_sparse_seq_16	missing_zero	Brier_observed	0.08340950790716677	0.06875715547194274	-0.01465235243522403	POSTHOC_ROBUSTNESS_ANALYSIS	CONTROLLED_ERROR_INJECTION
2026_all5mer	seed_11	5mers_A_RNA_sparse_seq_16	missing_zero	Brier_equal_class	0.08462761869079448	0.06807845114531945	-0.01654916754547503	POSTHOC_ROBUSTNESS_ANALYSIS	CONTROLLED_ERROR_INJECTION
2026_all5mer	seed_11	5mers_A_RNA_sparse_seq_16	missing_zero	Brier_control	0.08742984537613521	0.035149589505354795	-0.05228025587078042	POSTHOC_ROBUSTNESS_ANALYSIS	CONTROLLED_ERROR_INJECTION
2026_all5mer	seed_11	5mers_A_RNA_sparse_seq_16	missing_zero	Brier_modified	0.08182539200545375	0.1010073127852841	0.019181920779830358	POSTHOC_ROBUSTNESS_ANALYSIS	CONTROLLED_ERROR_INJECTION
2026_all5mer	seed_11	5mers_A_RNA_sparse_seq_17	missing_zero	Brier_observed	0.05505103816696465	0.03966830850957514	-0.015382729657389509	POSTHOC_ROBUSTNESS_ANALYSIS	CONTROLLED_ERROR_INJECTION
2026_all5mer	seed_11	5mers_A_RNA_sparse_seq_17	missing_zero	Brier_equal_class	0.055137818422300436	0.039835171995374785	-0.01530264642692565	POSTHOC_ROBUSTNESS_ANALYSIS	CONTROLLED_ERROR_INJECTION
2026_all5mer	seed_11	5mers_A_RNA_sparse_seq_17	missing_zero	Brier_control	0.05529470351135846	0.01553984846294658	-0.039754855048411884	POSTHOC_ROBUSTNESS_ANALYSIS	CONTROLLED_ERROR_INJECTION
2026_all5mer	seed_11	5mers_A_RNA_sparse_seq_17	missing_zero	Brier_modified	0.05498093333324241	0.06413049552780299	0.009149562194560583	POSTHOC_ROBUSTNESS_ANALYSIS	CONTROLLED_ERROR_INJECTION
2026_all5mer	seed_11	5mers_A_RNA_sparse_seq_18	missing_zero	Brier_observed	0.05607148019891036	0.03830629176519387	-0.017765188433716488	POSTHOC_ROBUSTNESS_ANALYSIS	CONTROLLED_ERROR_INJECTION
2026_all5mer	seed_11	5mers_A_RNA_sparse_seq_18	missing_zero	Brier_equal_class	0.06901815070959799	0.038580565740908054	-0.030437584968689937	POSTHOC_ROBUSTNESS_ANALYSIS	CONTROLLED_ERROR_INJECTION
2026_all5mer	seed_11	5mers_A_RNA_sparse_seq_18	missing_zero	Brier_control	0.09361682467990451	0.02749841456002417	-0.06611841011988034	POSTHOC_ROBUSTNESS_ANALYSIS	CONTROLLED_ERROR_INJECTION
2026_all5mer	seed_11	5mers_A_RNA_sparse_seq_18	missing_zero	Brier_modified	0.04441947673929149	0.049662716921791944	0.005243240182500455	POSTHOC_ROBUSTNESS_ANALYSIS	CONTROLLED_ERROR_INJECTION
2026_all5mer	seed_11	5mers_A_RNA_sparse_seq_19	missing_zero	Brier_observed	0.07315194116879815	0.04578914707431207	-0.02736279409448608	POSTHOC_ROBUSTNESS_ANALYSIS	CONTROLLED_ERROR_INJECTION
2026_all5mer	seed_11	5mers_A_RNA_sparse_seq_19	missing_zero	Brier_equal_class	0.07662035483155955	0.045606931361082494	-0.03101342347047705	POSTHOC_ROBUSTNESS_ANALYSIS	CONTROLLED_ERROR_INJECTION
2026_all5mer	seed_11	5mers_A_RNA_sparse_seq_19	missing_zero	Brier_control	0.08175266964334837	0.01594626248537839	-0.06580640715796998	POSTHOC_ROBUSTNESS_ANALYSIS	CONTROLLED_ERROR_INJECTION
2026_all5mer	seed_11	5mers_A_RNA_sparse_seq_19	missing_zero	Brier_modified	0.07148804001977073	0.0752676002367866	0.003779560217015865	POSTHOC_ROBUSTNESS_ANALYSIS	CONTROLLED_ERROR_INJECTION
2026_all5mer	seed_11	5mers_A_RNA_sparse_seq_20	missing_zero	Brier_observed	0.09933899388168797	0.07160051595160086	-0.027738477930087116	POSTHOC_ROBUSTNESS_ANALYSIS	CONTROLLED_ERROR_INJECTION
2026_all5mer	seed_11	5mers_A_RNA_sparse_seq_20	missing_zero	Brier_equal_class	0.10882572712663169	0.07143557079245036	-0.03739015633418133	POSTHOC_ROBUSTNESS_ANALYSIS	CONTROLLED_ERROR_INJECTION
2026_all5mer	seed_11	5mers_A_RNA_sparse_seq_20	missing_zero	Brier_control	0.1306990684075499	0.05231462042015719	-0.07838444798739272	POSTHOC_ROBUSTNESS_ANALYSIS	CONTROLLED_ERROR_INJECTION
2026_all5mer	seed_11	5mers_A_RNA_sparse_seq_20	missing_zero	Brier_modified	0.08695238584571345	0.09055652116474353	0.0036041353190300746	POSTHOC_ROBUSTNESS_ANALYSIS	CONTROLLED_ERROR_INJECTION
2026_all5mer	seed_11	5mers_A_RNA_sparse_seq_21	missing_zero	Brier_observed	0.07530484278557709	0.054028550413413624	-0.021276292372163462	POSTHOC_ROBUSTNESS_ANALYSIS	CONTROLLED_ERROR_INJECTION
2026_all5mer	seed_11	5mers_A_RNA_sparse_seq_21	missing_zero	Brier_equal_class	0.09020103666913667	0.05457222550339427	-0.0356288111657424	POSTHOC_ROBUSTNESS_ANALYSIS	CONTROLLED_ERROR_INJECTION
2026_all5mer	seed_11	5mers_A_RNA_sparse_seq_21	missing_zero	Brier_control	0.11511980832278074	0.027352225998363046	-0.0877675823244177	POSTHOC_ROBUSTNESS_ANALYSIS	CONTROLLED_ERROR_INJECTION
2026_all5mer	seed_11	5mers_A_RNA_sparse_seq_21	missing_zero	Brier_modified	0.06528226501549263	0.0817922250084255	0.01650995999293288	POSTHOC_ROBUSTNESS_ANALYSIS	CONTROLLED_ERROR_INJECTION
2026_all5mer	seed_11	5mers_A_RNA_sparse_seq_22	missing_zero	Brier_observed	0.11063731313946251	0.0811801757397577	-0.029457137399704805	POSTHOC_ROBUSTNESS_ANALYSIS	CONTROLLED_ERROR_INJECTION
2026_all5mer	seed_11	5mers_A_RNA_sparse_seq_22	missing_zero	Brier_equal_class	0.11342412015376169	0.08169983980119411	-0.03172428035256758	POSTHOC_ROBUSTNESS_ANALYSIS	CONTROLLED_ERROR_INJECTION
2026_all5mer	seed_11	5mers_A_RNA_sparse_seq_22	missing_zero	Brier_control	0.11983249204378602	0.045298609592959324	-0.07453388245082669	POSTHOC_ROBUSTNESS_ANALYSIS	CONTROLLED_ERROR_INJECTION
2026_all5mer	seed_11	5mers_A_RNA_sparse_seq_22	missing_zero	Brier_modified	0.10701574826373735	0.11810107000942888	0.011085321745691532	POSTHOC_ROBUSTNESS_ANALYSIS	CONTROLLED_ERROR_INJECTION
2026_all5mer	seed_11	5mers_A_RNA_sparse_seq_23	missing_zero	Brier_observed	0.08938867190636442	0.06168690661629281	-0.02770176529007161	POSTHOC_ROBUSTNESS_ANALYSIS	CONTROLLED_ERROR_INJECTION
2026_all5mer	seed_11	5mers_A_RNA_sparse_seq_23	missing_zero	Brier_equal_class	0.09788171612209183	0.061909194481080065	-0.035972521641011765	POSTHOC_ROBUSTNESS_ANALYSIS	CONTROLLED_ERROR_INJECTION
2026_all5mer	seed_11	5mers_A_RNA_sparse_seq_23	missing_zero	Brier_control	0.11457612424714794	0.03641448629663346	-0.07816163795051448	POSTHOC_ROBUSTNESS_ANALYSIS	CONTROLLED_ERROR_INJECTION
2026_all5mer	seed_11	5mers_A_RNA_sparse_seq_23	missing_zero	Brier_modified	0.08118730799703572	0.08740390266552668	0.006216594668490963	POSTHOC_ROBUSTNESS_ANALYSIS	CONTROLLED_ERROR_INJECTION
2026_all5mer	seed_11	5mers_A_RNA_sparse_seq_24	missing_zero	Brier_observed	0.07427205517132432	0.04995440538285719	-0.02431764978846713	POSTHOC_ROBUSTNESS_ANALYSIS	CONTROLLED_ERROR_INJECTION
2026_all5mer	seed_11	5mers_A_RNA_sparse_seq_24	missing_zero	Brier_equal_class	0.08985988964718157	0.04999437287928151	-0.03986551676790006	POSTHOC_ROBUSTNESS_ANALYSIS	CONTROLLED_ERROR_INJECTION
2026_all5mer	seed_11	5mers_A_RNA_sparse_seq_24	missing_zero	Brier_control	0.12109892377969224	0.04009575626485789	-0.08100316751483436	POSTHOC_ROBUSTNESS_ANALYSIS	CONTROLLED_ERROR_INJECTION
2026_all5mer	seed_11	5mers_A_RNA_sparse_seq_24	missing_zero	Brier_modified	0.0586208555146709	0.05989298949370513	0.0012721339790342304	POSTHOC_ROBUSTNESS_ANALYSIS	CONTROLLED_ERROR_INJECTION
2026_all5mer	seed_11	5mers_A_RNA_sparse_seq_25	missing_zero	Brier_observed	0.09029197692871094	0.06592995048369338	-0.02436202644501756	POSTHOC_ROBUSTNESS_ANALYSIS	CONTROLLED_ERROR_INJECTION
2026_all5mer	seed_11	5mers_A_RNA_sparse_seq_25	missing_zero	Brier_equal_class	0.0919511148784084	0.06566740482777088	-0.026283710050637524	POSTHOC_ROBUSTNESS_ANALYSIS	CONTROLLED_ERROR_INJECTION
2026_all5mer	seed_11	5mers_A_RNA_sparse_seq_25	missing_zero	Brier_control	0.09490625869824691	0.02654810209532042	-0.06835815660292649	POSTHOC_ROBUSTNESS_ANALYSIS	CONTROLLED_ERROR_INJECTION
2026_all5mer	seed_11	5mers_A_RNA_sparse_seq_25	missing_zero	Brier_modified	0.0889959710585699	0.10478670756022135	0.015790736501651442	POSTHOC_ROBUSTNESS_ANALYSIS	CONTROLLED_ERROR_INJECTION
2026_all5mer	seed_11	5mers_A_RNA_sparse_seq_26	missing_zero	Brier_observed	0.06315792493583743	0.04419055043276162	-0.018967374503075805	POSTHOC_ROBUSTNESS_ANALYSIS	CONTROLLED_ERROR_INJECTION
2026_all5mer	seed_11	5mers_A_RNA_sparse_seq_26	missing_zero	Brier_equal_class	0.06579341662659602	0.043644788169504206	-0.022148628457091812	POSTHOC_ROBUSTNESS_ANALYSIS	CONTROLLED_ERROR_INJECTION
2026_all5mer	seed_11	5mers_A_RNA_sparse_seq_26	missing_zero	Brier_control	0.07057086223830825	0.021298855501686913	-0.049272006736621334	POSTHOC_ROBUSTNESS_ANALYSIS	CONTROLLED_ERROR_INJECTION
2026_all5mer	seed_11	5mers_A_RNA_sparse_seq_26	missing_zero	Brier_modified	0.0610159710148838	0.0659907208373215	0.004974749822437709	POSTHOC_ROBUSTNESS_ANALYSIS	CONTROLLED_ERROR_INJECTION
2026_all5mer	seed_11	5mers_A_RNA_sparse_seq_27	missing_zero	Brier_observed	0.05392704983358145	0.03651757708532299	-0.017409472748258464	POSTHOC_ROBUSTNESS_ANALYSIS	CONTROLLED_ERROR_INJECTION
2026_all5mer	seed_11	5mers_A_RNA_sparse_seq_27	missing_zero	Brier_equal_class	0.05981338837003514	0.03620023436268117	-0.02361315400735397	POSTHOC_ROBUSTNESS_ANALYSIS	CONTROLLED_ERROR_INJECTION
2026_all5mer	seed_11	5mers_A_RNA_sparse_seq_27	missing_zero	Brier_control	0.06901766305946443	0.01554536237160257	-0.05347230068786186	POSTHOC_ROBUSTNESS_ANALYSIS	CONTROLLED_ERROR_INJECTION
2026_all5mer	seed_11	5mers_A_RNA_sparse_seq_27	missing_zero	Brier_modified	0.050609113680605854	0.05685510635375977	0.006245992673153913	POSTHOC_ROBUSTNESS_ANALYSIS	CONTROLLED_ERROR_INJECTION
2026_all5mer	seed_11	5mers_A_RNA_sparse_seq_28	missing_zero	Brier_observed	0.0673849500458816	0.053235096146303965	-0.014149853899577639	POSTHOC_ROBUSTNESS_ANALYSIS	CONTROLLED_ERROR_INJECTION
2026_all5mer	seed_11	5mers_A_RNA_sparse_seq_28	missing_zero	Brier_equal_class	0.06683374882537749	0.05342632669521931	-0.013407422130158178	POSTHOC_ROBUSTNESS_ANALYSIS	CONTROLLED_ERROR_INJECTION
2026_all5mer	seed_11	5mers_A_RNA_sparse_seq_28	missing_zero	Brier_control	0.06585757567150759	0.017714021685279004	-0.048143553986228584	POSTHOC_ROBUSTNESS_ANALYSIS	CONTROLLED_ERROR_INJECTION
2026_all5mer	seed_11	5mers_A_RNA_sparse_seq_28	missing_zero	Brier_modified	0.06780992197924737	0.08913863170515962	0.021328709725912248	POSTHOC_ROBUSTNESS_ANALYSIS	CONTROLLED_ERROR_INJECTION
2026_all5mer	seed_11	5mers_A_RNA_sparse_seq_29	missing_zero	Brier_observed	0.05429392419513032	0.03646291265424514	-0.017831011540885185	POSTHOC_ROBUSTNESS_ANALYSIS	CONTROLLED_ERROR_INJECTION
2026_all5mer	seed_11	5mers_A_RNA_sparse_seq_29	missing_zero	Brier_equal_class	0.06888997360306605	0.036442307922786014	-0.032447665680280034	POSTHOC_ROBUSTNESS_ANALYSIS	CONTROLLED_ERROR_INJECTION
2026_all5mer	seed_11	5mers_A_RNA_sparse_seq_29	missing_zero	Brier_control	0.09209265904119837	0.020885735671147113	-0.07120692337005126	POSTHOC_ROBUSTNESS_ANALYSIS	CONTROLLED_ERROR_INJECTION
2026_all5mer	seed_11	5mers_A_RNA_sparse_seq_29	missing_zero	Brier_modified	0.04568728816493373	0.051998880174424916	0.006311592009491183	POSTHOC_ROBUSTNESS_ANALYSIS	CONTROLLED_ERROR_INJECTION
2026_all5mer	seed_11	5mers_A_RNA_sparse_seq_30	missing_zero	Brier_observed	0.07903522077906337	0.05846476128537521	-0.020570459493688166	POSTHOC_ROBUSTNESS_ANALYSIS	CONTROLLED_ERROR_INJECTION
2026_all5mer	seed_11	5mers_A_RNA_sparse_seq_30	missing_zero	Brier_equal_class	0.08023300708112185	0.05834858589111735	-0.021884421190004506	POSTHOC_ROBUSTNESS_ANALYSIS	CONTROLLED_ERROR_INJECTION
2026_all5mer	seed_11	5mers_A_RNA_sparse_seq_30	missing_zero	Brier_control	0.08280863906397964	0.030195415349296442	-0.0526132237146832	POSTHOC_ROBUSTNESS_ANALYSIS	CONTROLLED_ERROR_INJECTION
2026_all5mer	seed_11	5mers_A_RNA_sparse_seq_30	missing_zero	Brier_modified	0.07765737509826406	0.08650175643293825	0.00884438133467419	POSTHOC_ROBUSTNESS_ANALYSIS	CONTROLLED_ERROR_INJECTION
2026_all5mer	seed_11	5mers_A_RNA_sparse_seq_31	missing_zero	Brier_observed	0.060041421275598264	0.0411490763305987	-0.018892344944999563	POSTHOC_ROBUSTNESS_ANALYSIS	CONTROLLED_ERROR_INJECTION
2026_all5mer	seed_11	5mers_A_RNA_sparse_seq_31	missing_zero	Brier_equal_class	0.07857021090283936	0.0411490763305987	-0.03742113457224066	POSTHOC_ROBUSTNESS_ANALYSIS	CONTROLLED_ERROR_INJECTION
2026_all5mer	seed_11	5mers_A_RNA_sparse_seq_31	missing_zero	Brier_control	0.10678521433184224	0.021893793943697813	-0.08489142038814443	POSTHOC_ROBUSTNESS_ANALYSIS	CONTROLLED_ERROR_INJECTION
2026_all5mer	seed_11	5mers_A_RNA_sparse_seq_31	missing_zero	Brier_modified	0.05035520747383648	0.060404358717499586	0.010049151243663103	POSTHOC_ROBUSTNESS_ANALYSIS	CONTROLLED_ERROR_INJECTION
2026_all5mer	seed_11	5mers_A_RNA_sparse_seq_32	missing_zero	Brier_observed	0.09076840575823435	0.06608882609834062	-0.02467957965989373	POSTHOC_ROBUSTNESS_ANALYSIS	CONTROLLED_ERROR_INJECTION
2026_all5mer	seed_11	5mers_A_RNA_sparse_seq_32	missing_zero	Brier_equal_class	0.09502705284268353	0.06589602553826827	-0.02913102730441526	POSTHOC_ROBUSTNESS_ANALYSIS	CONTROLLED_ERROR_INJECTION
2026_all5mer	seed_11	5mers_A_RNA_sparse_seq_32	missing_zero	Brier_control	0.10482100926665747	0.04173168867586765	-0.06308932059078981	POSTHOC_ROBUSTNESS_ANALYSIS	CONTROLLED_ERROR_INJECTION
2026_all5mer	seed_11	5mers_A_RNA_sparse_seq_32	missing_zero	Brier_modified	0.08523309641870959	0.0900603624006689	0.004827265981959317	POSTHOC_ROBUSTNESS_ANALYSIS	CONTROLLED_ERROR_INJECTION
2026_all5mer	seed_11	ALL	missing_zero	Brier_observed	0.07516022400488064	0.052701842817947965	-0.02245838118693267	POSTHOC_ROBUSTNESS_ANALYSIS	CONTROLLED_ERROR_INJECTION
2026_all5mer	seed_11	ALL	missing_zero	Brier_equal_class	0.08225113832620938	0.05271246103319692	-0.02953867729301246	POSTHOC_ROBUSTNESS_ANALYSIS	CONTROLLED_ERROR_INJECTION
2026_all5mer	seed_11	ALL	missing_zero	Brier_control	0.09517258646187779	0.027447479669836624	-0.06772510679204116	POSTHOC_ROBUSTNESS_ANALYSIS	CONTROLLED_ERROR_INJECTION
2026_all5mer	seed_11	ALL	missing_zero	Brier_modified	0.06932969019054097	0.07797744239655721	0.00864775220601624	POSTHOC_ROBUSTNESS_ANALYSIS	CONTROLLED_ERROR_INJECTION
2026_all5mer	seed_11	5mers_A_RNA_sparse_seq_01	site_mean_as_read	Brier_observed	0.07435888070251652	0.027856722892931174	-0.046502157809585346	POSTHOC_ROBUSTNESS_ANALYSIS	CONTROLLED_ERROR_INJECTION
2026_all5mer	seed_11	5mers_A_RNA_sparse_seq_01	site_mean_as_read	Brier_equal_class	0.07601818510413397	0.032785721079855584	-0.04323246402427838	POSTHOC_ROBUSTNESS_ANALYSIS	CONTROLLED_ERROR_INJECTION
2026_all5mer	seed_11	5mers_A_RNA_sparse_seq_01	site_mean_as_read	Brier_control	0.07946714266078679	0.04303092113293201	-0.03643622152785478	POSTHOC_ROBUSTNESS_ANALYSIS	CONTROLLED_ERROR_INJECTION
2026_all5mer	seed_11	5mers_A_RNA_sparse_seq_01	site_mean_as_read	Brier_modified	0.07256922754748114	0.022540521026779156	-0.05002870652070199	POSTHOC_ROBUSTNESS_ANALYSIS	CONTROLLED_ERROR_INJECTION
2026_all5mer	seed_11	5mers_A_RNA_sparse_seq_02	site_mean_as_read	Brier_observed	0.08568111381145439	0.0359047072539717	-0.049776406557482694	POSTHOC_ROBUSTNESS_ANALYSIS	CONTROLLED_ERROR_INJECTION
2026_all5mer	seed_11	5mers_A_RNA_sparse_seq_02	site_mean_as_read	Brier_equal_class	0.08606840150595085	0.03752521599770757	-0.04854318550824328	POSTHOC_ROBUSTNESS_ANALYSIS	CONTROLLED_ERROR_INJECTION
2026_all5mer	seed_11	5mers_A_RNA_sparse_seq_02	site_mean_as_read	Brier_control	0.0868172585714811	0.04065862157641558	-0.046158636995065526	POSTHOC_ROBUSTNESS_ANALYSIS	CONTROLLED_ERROR_INJECTION
2026_all5mer	seed_11	5mers_A_RNA_sparse_seq_02	site_mean_as_read	Brier_modified	0.08531954444042059	0.03439181041899955	-0.050927734021421034	POSTHOC_ROBUSTNESS_ANALYSIS	CONTROLLED_ERROR_INJECTION
2026_all5mer	seed_11	5mers_A_RNA_sparse_seq_03	site_mean_as_read	Brier_observed	0.0733938217163086	0.027320615587948988	-0.046073206128359606	POSTHOC_ROBUSTNESS_ANALYSIS	CONTROLLED_ERROR_INJECTION
2026_all5mer	seed_11	5mers_A_RNA_sparse_seq_03	site_mean_as_read	Brier_equal_class	0.08168268765520392	0.03753966929137169	-0.044143018363832234	POSTHOC_ROBUSTNESS_ANALYSIS	CONTROLLED_ERROR_INJECTION
2026_all5mer	seed_11	5mers_A_RNA_sparse_seq_03	site_mean_as_read	Brier_control	0.09571930734734786	0.05484492811760575	-0.04087437922974211	POSTHOC_ROBUSTNESS_ANALYSIS	CONTROLLED_ERROR_INJECTION
2026_all5mer	seed_11	5mers_A_RNA_sparse_seq_03	site_mean_as_read	Brier_modified	0.06764606796306	0.02023441046513762	-0.04741165749792238	POSTHOC_ROBUSTNESS_ANALYSIS	CONTROLLED_ERROR_INJECTION
2026_all5mer	seed_11	5mers_A_RNA_sparse_seq_04	site_mean_as_read	Brier_observed	0.08174864919562089	0.03245184994679213	-0.04929679924882876	POSTHOC_ROBUSTNESS_ANALYSIS	CONTROLLED_ERROR_INJECTION
2026_all5mer	seed_11	5mers_A_RNA_sparse_seq_04	site_mean_as_read	Brier_equal_class	0.08972754292104437	0.04170433635390156	-0.04802320656714281	POSTHOC_ROBUSTNESS_ANALYSIS	CONTROLLED_ERROR_INJECTION
2026_all5mer	seed_11	5mers_A_RNA_sparse_seq_04	site_mean_as_read	Brier_control	0.10488744099934896	0.0592840605274095	-0.045603380471939466	POSTHOC_ROBUSTNESS_ANALYSIS	CONTROLLED_ERROR_INJECTION
2026_all5mer	seed_11	5mers_A_RNA_sparse_seq_04	site_mean_as_read	Brier_modified	0.07456764484273977	0.02412461218039363	-0.050443032662346135	POSTHOC_ROBUSTNESS_ANALYSIS	CONTROLLED_ERROR_INJECTION
2026_all5mer	seed_11	5mers_A_RNA_sparse_seq_05	site_mean_as_read	Brier_observed	0.0694655568573396	0.0263023229449907	-0.0431632339123489	POSTHOC_ROBUSTNESS_ANALYSIS	CONTROLLED_ERROR_INJECTION
2026_all5mer	seed_11	5mers_A_RNA_sparse_seq_05	site_mean_as_read	Brier_equal_class	0.08034877010432714	0.03595016041560876	-0.044398609688718386	POSTHOC_ROBUSTNESS_ANALYSIS	CONTROLLED_ERROR_INJECTION
2026_all5mer	seed_11	5mers_A_RNA_sparse_seq_05	site_mean_as_read	Brier_control	0.10109554564399559	0.05434192706609863	-0.046753618577896956	POSTHOC_ROBUSTNESS_ANALYSIS	CONTROLLED_ERROR_INJECTION
2026_all5mer	seed_11	5mers_A_RNA_sparse_seq_05	site_mean_as_read	Brier_modified	0.059601994564658714	0.017558393765118887	-0.042043600799539824	POSTHOC_ROBUSTNESS_ANALYSIS	CONTROLLED_ERROR_INJECTION
2026_all5mer	seed_11	5mers_A_RNA_sparse_seq_06	site_mean_as_read	Brier_observed	0.0764709480628449	0.02556813815820181	-0.0509028099046431	POSTHOC_ROBUSTNESS_ANALYSIS	CONTROLLED_ERROR_INJECTION
2026_all5mer	seed_11	5mers_A_RNA_sparse_seq_06	site_mean_as_read	Brier_equal_class	0.08144053616042124	0.031913760841046517	-0.04952677531937472	POSTHOC_ROBUSTNESS_ANALYSIS	CONTROLLED_ERROR_INJECTION
2026_all5mer	seed_11	5mers_A_RNA_sparse_seq_06	site_mean_as_read	Brier_control	0.09000971779894473	0.042855672386059813	-0.04715404541288492	POSTHOC_ROBUSTNESS_ANALYSIS	CONTROLLED_ERROR_INJECTION
2026_all5mer	seed_11	5mers_A_RNA_sparse_seq_06	site_mean_as_read	Brier_modified	0.07287135452189773	0.020971849296033216	-0.05189950522586452	POSTHOC_ROBUSTNESS_ANALYSIS	CONTROLLED_ERROR_INJECTION
2026_all5mer	seed_11	5mers_A_RNA_sparse_seq_07	site_mean_as_read	Brier_observed	0.09871687712492766	0.041225662149686586	-0.057491214975241074	POSTHOC_ROBUSTNESS_ANALYSIS	CONTROLLED_ERROR_INJECTION
2026_all5mer	seed_11	5mers_A_RNA_sparse_seq_07	site_mean_as_read	Brier_equal_class	0.10287970417238834	0.04699260164795291	-0.055887102524435434	POSTHOC_ROBUSTNESS_ANALYSIS	CONTROLLED_ERROR_INJECTION
2026_all5mer	seed_11	5mers_A_RNA_sparse_seq_07	site_mean_as_read	Brier_control	0.10965536947304245	0.05637921593768424	-0.053276153535358216	POSTHOC_ROBUSTNESS_ANALYSIS	CONTROLLED_ERROR_INJECTION
2026_all5mer	seed_11	5mers_A_RNA_sparse_seq_07	site_mean_as_read	Brier_modified	0.09610403887173424	0.03760598735822157	-0.05849805151351267	POSTHOC_ROBUSTNESS_ANALYSIS	CONTROLLED_ERROR_INJECTION
2026_all5mer	seed_11	5mers_A_RNA_sparse_seq_08	site_mean_as_read	Brier_observed	0.05473360286890363	0.022690605228540266	-0.03204299764036336	POSTHOC_ROBUSTNESS_ANALYSIS	CONTROLLED_ERROR_INJECTION
2026_all5mer	seed_11	5mers_A_RNA_sparse_seq_08	site_mean_as_read	Brier_equal_class	0.06471623760567129	0.03246169480436002	-0.032254542801311264	POSTHOC_ROBUSTNESS_ANALYSIS	CONTROLLED_ERROR_INJECTION
2026_all5mer	seed_11	5mers_A_RNA_sparse_seq_08	site_mean_as_read	Brier_control	0.0802541328198982	0.04767032158088892	-0.032583811239009275	POSTHOC_ROBUSTNESS_ANALYSIS	CONTROLLED_ERROR_INJECTION
2026_all5mer	seed_11	5mers_A_RNA_sparse_seq_08	site_mean_as_read	Brier_modified	0.049178342391444384	0.017253068027831126	-0.031925274363613254	POSTHOC_ROBUSTNESS_ANALYSIS	CONTROLLED_ERROR_INJECTION
2026_all5mer	seed_11	5mers_A_RNA_sparse_seq_09	site_mean_as_read	Brier_observed	0.07475842241415509	0.028934306546635757	-0.04582411586751933	POSTHOC_ROBUSTNESS_ANALYSIS	CONTROLLED_ERROR_INJECTION
2026_all5mer	seed_11	5mers_A_RNA_sparse_seq_09	site_mean_as_read	Brier_equal_class	0.06919641511750518	0.02800541623088809	-0.04119099888661709	POSTHOC_ROBUSTNESS_ANALYSIS	CONTROLLED_ERROR_INJECTION
2026_all5mer	seed_11	5mers_A_RNA_sparse_seq_09	site_mean_as_read	Brier_control	0.05973161095603902	0.026424734211407536	-0.03330687674463149	POSTHOC_ROBUSTNESS_ANALYSIS	CONTROLLED_ERROR_INJECTION
2026_all5mer	seed_11	5mers_A_RNA_sparse_seq_09	site_mean_as_read	Brier_modified	0.07866121927897135	0.029586098250368644	-0.0490751210286027	POSTHOC_ROBUSTNESS_ANALYSIS	CONTROLLED_ERROR_INJECTION
2026_all5mer	seed_11	5mers_A_RNA_sparse_seq_10	site_mean_as_read	Brier_observed	0.0573893476622605	0.021179343094118484	-0.03621000456814201	POSTHOC_ROBUSTNESS_ANALYSIS	CONTROLLED_ERROR_INJECTION
2026_all5mer	seed_11	5mers_A_RNA_sparse_seq_10	site_mean_as_read	Brier_equal_class	0.07587447122810713	0.03675012758165602	-0.03912434364645111	POSTHOC_ROBUSTNESS_ANALYSIS	CONTROLLED_ERROR_INJECTION
2026_all5mer	seed_11	5mers_A_RNA_sparse_seq_10	site_mean_as_read	Brier_control	0.10470045002457364	0.06103144233096046	-0.04366900769361318	POSTHOC_ROBUSTNESS_ANALYSIS	CONTROLLED_ERROR_INJECTION
2026_all5mer	seed_11	5mers_A_RNA_sparse_seq_10	site_mean_as_read	Brier_modified	0.04704849243164062	0.012468812832351591	-0.03457967959928903	POSTHOC_ROBUSTNESS_ANALYSIS	CONTROLLED_ERROR_INJECTION
2026_all5mer	seed_11	5mers_A_RNA_sparse_seq_11	site_mean_as_read	Brier_observed	0.06195042065067231	0.020152561361736807	-0.0417978592889355	POSTHOC_ROBUSTNESS_ANALYSIS	CONTROLLED_ERROR_INJECTION
2026_all5mer	seed_11	5mers_A_RNA_sparse_seq_11	site_mean_as_read	Brier_equal_class	0.0649093360716594	0.02546712298678007	-0.03944221308487933	POSTHOC_ROBUSTNESS_ANALYSIS	CONTROLLED_ERROR_INJECTION
2026_all5mer	seed_11	5mers_A_RNA_sparse_seq_11	site_mean_as_read	Brier_control	0.07018392443081031	0.03494090675316154	-0.03524301767764877	POSTHOC_ROBUSTNESS_ANALYSIS	CONTROLLED_ERROR_INJECTION
2026_all5mer	seed_11	5mers_A_RNA_sparse_seq_11	site_mean_as_read	Brier_modified	0.05963474771250849	0.015993339220398594	-0.0436414084921099	POSTHOC_ROBUSTNESS_ANALYSIS	CONTROLLED_ERROR_INJECTION
2026_all5mer	seed_11	5mers_A_RNA_sparse_seq_12	site_mean_as_read	Brier_observed	0.07626150843992612	0.03038200691068615	-0.04587950152923996	POSTHOC_ROBUSTNESS_ANALYSIS	CONTROLLED_ERROR_INJECTION
2026_all5mer	seed_11	5mers_A_RNA_sparse_seq_12	site_mean_as_read	Brier_equal_class	0.08684613751810846	0.040721363810053	-0.04612477370805546	POSTHOC_ROBUSTNESS_ANALYSIS	CONTROLLED_ERROR_INJECTION
2026_all5mer	seed_11	5mers_A_RNA_sparse_seq_12	site_mean_as_read	Brier_control	0.10548598063740754	0.058929275408570354	-0.04655670522883718	POSTHOC_ROBUSTNESS_ANALYSIS	CONTROLLED_ERROR_INJECTION
2026_all5mer	seed_11	5mers_A_RNA_sparse_seq_12	site_mean_as_read	Brier_modified	0.0682062943988094	0.022513452211535643	-0.04569284218727376	POSTHOC_ROBUSTNESS_ANALYSIS	CONTROLLED_ERROR_INJECTION
2026_all5mer	seed_11	5mers_A_RNA_sparse_seq_13	site_mean_as_read	Brier_observed	0.061882138786829105	0.021264807015646092	-0.04061733177118301	POSTHOC_ROBUSTNESS_ANALYSIS	CONTROLLED_ERROR_INJECTION
2026_all5mer	seed_11	5mers_A_RNA_sparse_seq_13	site_mean_as_read	Brier_equal_class	0.07584404035857778	0.03352977840360426	-0.04231426195497352	POSTHOC_ROBUSTNESS_ANALYSIS	CONTROLLED_ERROR_INJECTION
2026_all5mer	seed_11	5mers_A_RNA_sparse_seq_13	site_mean_as_read	Brier_control	0.09824335007440477	0.05320667494687527	-0.0450366751275295	POSTHOC_ROBUSTNESS_ANALYSIS	CONTROLLED_ERROR_INJECTION
2026_all5mer	seed_11	5mers_A_RNA_sparse_seq_13	site_mean_as_read	Brier_modified	0.05344473064275078	0.013852881860333248	-0.03959184878241753	POSTHOC_ROBUSTNESS_ANALYSIS	CONTROLLED_ERROR_INJECTION
2026_all5mer	seed_11	5mers_A_RNA_sparse_seq_14	site_mean_as_read	Brier_observed	0.06509448960816848	0.025262102890112076	-0.0398323867180564	POSTHOC_ROBUSTNESS_ANALYSIS	CONTROLLED_ERROR_INJECTION
2026_all5mer	seed_11	5mers_A_RNA_sparse_seq_14	site_mean_as_read	Brier_equal_class	0.07066080422348761	0.030382514826054117	-0.0402782893974335	POSTHOC_ROBUSTNESS_ANALYSIS	CONTROLLED_ERROR_INJECTION
2026_all5mer	seed_11	5mers_A_RNA_sparse_seq_14	site_mean_as_read	Brier_control	0.0802275917746804	0.0391829324364663	-0.04104465933821411	POSTHOC_ROBUSTNESS_ANALYSIS	CONTROLLED_ERROR_INJECTION
2026_all5mer	seed_11	5mers_A_RNA_sparse_seq_14	site_mean_as_read	Brier_modified	0.06109401667229483	0.021582097215641936	-0.039511919456652896	POSTHOC_ROBUSTNESS_ANALYSIS	CONTROLLED_ERROR_INJECTION
2026_all5mer	seed_11	5mers_A_RNA_sparse_seq_15	site_mean_as_read	Brier_observed	0.10348796093557763	0.04660695059403587	-0.05688101034154176	POSTHOC_ROBUSTNESS_ANALYSIS	CONTROLLED_ERROR_INJECTION
2026_all5mer	seed_11	5mers_A_RNA_sparse_seq_15	site_mean_as_read	Brier_equal_class	0.11095919760059098	0.05468510291738353	-0.056274094683207446	POSTHOC_ROBUSTNESS_ANALYSIS	CONTROLLED_ERROR_INJECTION
2026_all5mer	seed_11	5mers_A_RNA_sparse_seq_15	site_mean_as_read	Brier_control	0.12753294531162496	0.072605196280967	-0.05492774903065796	POSTHOC_ROBUSTNESS_ANALYSIS	CONTROLLED_ERROR_INJECTION
2026_all5mer	seed_11	5mers_A_RNA_sparse_seq_15	site_mean_as_read	Brier_modified	0.09438544988955701	0.03676500955380007	-0.05762044033575694	POSTHOC_ROBUSTNESS_ANALYSIS	CONTROLLED_ERROR_INJECTION
2026_all5mer	seed_11	5mers_A_RNA_sparse_seq_16	site_mean_as_read	Brier_observed	0.08340950790716677	0.033731104331858504	-0.04967840357530826	POSTHOC_ROBUSTNESS_ANALYSIS	CONTROLLED_ERROR_INJECTION
2026_all5mer	seed_11	5mers_A_RNA_sparse_seq_16	site_mean_as_read	Brier_equal_class	0.08462761869079448	0.038342803718255235	-0.046284814972539244	POSTHOC_ROBUSTNESS_ANALYSIS	CONTROLLED_ERROR_INJECTION
2026_all5mer	seed_11	5mers_A_RNA_sparse_seq_16	site_mean_as_read	Brier_control	0.08742984537613521	0.048951877424050536	-0.03847796795208468	POSTHOC_ROBUSTNESS_ANALYSIS	CONTROLLED_ERROR_INJECTION
2026_all5mer	seed_11	5mers_A_RNA_sparse_seq_16	site_mean_as_read	Brier_modified	0.08182539200545375	0.027733730012459934	-0.05409166199299381	POSTHOC_ROBUSTNESS_ANALYSIS	CONTROLLED_ERROR_INJECTION
2026_all5mer	seed_11	5mers_A_RNA_sparse_seq_17	site_mean_as_read	Brier_observed	0.05505103816696465	0.019717006386475472	-0.035334031780489175	POSTHOC_ROBUSTNESS_ANALYSIS	CONTROLLED_ERROR_INJECTION
2026_all5mer	seed_11	5mers_A_RNA_sparse_seq_17	site_mean_as_read	Brier_equal_class	0.055137818422300436	0.021593593902786846	-0.03354422451951359	POSTHOC_ROBUSTNESS_ANALYSIS	CONTROLLED_ERROR_INJECTION
2026_all5mer	seed_11	5mers_A_RNA_sparse_seq_17	site_mean_as_read	Brier_control	0.05529470351135846	0.02498616976560858	-0.030308533745749884	POSTHOC_ROBUSTNESS_ANALYSIS	CONTROLLED_ERROR_INJECTION
2026_all5mer	seed_11	5mers_A_RNA_sparse_seq_17	site_mean_as_read	Brier_modified	0.05498093333324241	0.01820101803996511	-0.0367799152932773	POSTHOC_ROBUSTNESS_ANALYSIS	CONTROLLED_ERROR_INJECTION
2026_all5mer	seed_11	5mers_A_RNA_sparse_seq_18	site_mean_as_read	Brier_observed	0.05607148019891036	0.018851159451204372	-0.03722032074770599	POSTHOC_ROBUSTNESS_ANALYSIS	CONTROLLED_ERROR_INJECTION
2026_all5mer	seed_11	5mers_A_RNA_sparse_seq_18	site_mean_as_read	Brier_equal_class	0.06901815070959799	0.029208582902990894	-0.0398095678066071	POSTHOC_ROBUSTNESS_ANALYSIS	CONTROLLED_ERROR_INJECTION
2026_all5mer	seed_11	5mers_A_RNA_sparse_seq_18	site_mean_as_read	Brier_control	0.09361682467990451	0.04888768746138529	-0.04472913721851922	POSTHOC_ROBUSTNESS_ANALYSIS	CONTROLLED_ERROR_INJECTION
2026_all5mer	seed_11	5mers_A_RNA_sparse_seq_18	site_mean_as_read	Brier_modified	0.04441947673929149	0.009529478344596502	-0.03488999839469499	POSTHOC_ROBUSTNESS_ANALYSIS	CONTROLLED_ERROR_INJECTION
2026_all5mer	seed_11	5mers_A_RNA_sparse_seq_19	site_mean_as_read	Brier_observed	0.07315194116879815	0.030246813447114555	-0.0429051277216836	POSTHOC_ROBUSTNESS_ANALYSIS	CONTROLLED_ERROR_INJECTION
2026_all5mer	seed_11	5mers_A_RNA_sparse_seq_19	site_mean_as_read	Brier_equal_class	0.07662035483155955	0.03559116892964516	-0.041029185901914386	POSTHOC_ROBUSTNESS_ANALYSIS	CONTROLLED_ERROR_INJECTION
2026_all5mer	seed_11	5mers_A_RNA_sparse_seq_19	site_mean_as_read	Brier_control	0.08175266964334837	0.043499370623389766	-0.03825329901995861	POSTHOC_ROBUSTNESS_ANALYSIS	CONTROLLED_ERROR_INJECTION
2026_all5mer	seed_11	5mers_A_RNA_sparse_seq_19	site_mean_as_read	Brier_modified	0.07148804001977073	0.027682967235900545	-0.043805072783870184	POSTHOC_ROBUSTNESS_ANALYSIS	CONTROLLED_ERROR_INJECTION
2026_all5mer	seed_11	5mers_A_RNA_sparse_seq_20	site_mean_as_read	Brier_observed	0.09933899388168797	0.042361459525315025	-0.05697753435637295	POSTHOC_ROBUSTNESS_ANALYSIS	CONTROLLED_ERROR_INJECTION
2026_all5mer	seed_11	5mers_A_RNA_sparse_seq_20	site_mean_as_read	Brier_equal_class	0.10882572712663169	0.05132752622181587	-0.05749820090481582	POSTHOC_ROBUSTNESS_ANALYSIS	CONTROLLED_ERROR_INJECTION
2026_all5mer	seed_11	5mers_A_RNA_sparse_seq_20	site_mean_as_read	Brier_control	0.1306990684075499	0.07200037869235056	-0.058698689715199356	POSTHOC_ROBUSTNESS_ANALYSIS	CONTROLLED_ERROR_INJECTION
2026_all5mer	seed_11	5mers_A_RNA_sparse_seq_20	site_mean_as_read	Brier_modified	0.08695238584571345	0.03065467375128118	-0.05629771209443227	POSTHOC_ROBUSTNESS_ANALYSIS	CONTROLLED_ERROR_INJECTION
2026_all5mer	seed_11	5mers_A_RNA_sparse_seq_21	site_mean_as_read	Brier_observed	0.07530484278557709	0.025321626166198086	-0.049983216619379	POSTHOC_ROBUSTNESS_ANALYSIS	CONTROLLED_ERROR_INJECTION
2026_all5mer	seed_11	5mers_A_RNA_sparse_seq_21	site_mean_as_read	Brier_equal_class	0.09020103666913667	0.038577443825343845	-0.05162359284379283	POSTHOC_ROBUSTNESS_ANALYSIS	CONTROLLED_ERROR_INJECTION
2026_all5mer	seed_11	5mers_A_RNA_sparse_seq_21	site_mean_as_read	Brier_control	0.11511980832278074	0.06075214804258398	-0.05436766028019676	POSTHOC_ROBUSTNESS_ANALYSIS	CONTROLLED_ERROR_INJECTION
2026_all5mer	seed_11	5mers_A_RNA_sparse_seq_21	site_mean_as_read	Brier_modified	0.06528226501549263	0.01640273960810371	-0.04887952540738892	POSTHOC_ROBUSTNESS_ANALYSIS	CONTROLLED_ERROR_INJECTION
2026_all5mer	seed_11	5mers_A_RNA_sparse_seq_22	site_mean_as_read	Brier_observed	0.11063731313946251	0.055093888309054935	-0.05554342483040758	POSTHOC_ROBUSTNESS_ANALYSIS	CONTROLLED_ERROR_INJECTION
2026_all5mer	seed_11	5mers_A_RNA_sparse_seq_22	site_mean_as_read	Brier_equal_class	0.11342412015376169	0.05855324522257498	-0.054870874931186704	POSTHOC_ROBUSTNESS_ANALYSIS	CONTROLLED_ERROR_INJECTION
2026_all5mer	seed_11	5mers_A_RNA_sparse_seq_22	site_mean_as_read	Brier_control	0.11983249204378602	0.06650817194997823	-0.05332432009380779	POSTHOC_ROBUSTNESS_ANALYSIS	CONTROLLED_ERROR_INJECTION
2026_all5mer	seed_11	5mers_A_RNA_sparse_seq_22	site_mean_as_read	Brier_modified	0.10701574826373735	0.05059831849517174	-0.056417429768565605	POSTHOC_ROBUSTNESS_ANALYSIS	CONTROLLED_ERROR_INJECTION
2026_all5mer	seed_11	5mers_A_RNA_sparse_seq_23	site_mean_as_read	Brier_observed	0.08938867190636442	0.0401644909454625	-0.04922418096090192	POSTHOC_ROBUSTNESS_ANALYSIS	CONTROLLED_ERROR_INJECTION
2026_all5mer	seed_11	5mers_A_RNA_sparse_seq_23	site_mean_as_read	Brier_equal_class	0.09788171612209183	0.048234665501293704	-0.049647050620798126	POSTHOC_ROBUSTNESS_ANALYSIS	CONTROLLED_ERROR_INJECTION
2026_all5mer	seed_11	5mers_A_RNA_sparse_seq_23	site_mean_as_read	Brier_control	0.11457612424714794	0.06409785710295787	-0.05047826714419007	POSTHOC_ROBUSTNESS_ANALYSIS	CONTROLLED_ERROR_INJECTION
2026_all5mer	seed_11	5mers_A_RNA_sparse_seq_23	site_mean_as_read	Brier_modified	0.08118730799703572	0.032371473899629535	-0.04881583409740618	POSTHOC_ROBUSTNESS_ANALYSIS	CONTROLLED_ERROR_INJECTION
2026_all5mer	seed_11	5mers_A_RNA_sparse_seq_24	site_mean_as_read	Brier_observed	0.07427205517132432	0.030942830616933505	-0.04332922455439081	POSTHOC_ROBUSTNESS_ANALYSIS	CONTROLLED_ERROR_INJECTION
2026_all5mer	seed_11	5mers_A_RNA_sparse_seq_24	site_mean_as_read	Brier_equal_class	0.08985988964718157	0.04387912230657207	-0.0459807673406095	POSTHOC_ROBUSTNESS_ANALYSIS	CONTROLLED_ERROR_INJECTION
2026_all5mer	seed_11	5mers_A_RNA_sparse_seq_24	site_mean_as_read	Brier_control	0.12109892377969224	0.0698042922374331	-0.051294631542259134	POSTHOC_ROBUSTNESS_ANALYSIS	CONTROLLED_ERROR_INJECTION
2026_all5mer	seed_11	5mers_A_RNA_sparse_seq_24	site_mean_as_read	Brier_modified	0.0586208555146709	0.01795395237571104	-0.04066690313895986	POSTHOC_ROBUSTNESS_ANALYSIS	CONTROLLED_ERROR_INJECTION
2026_all5mer	seed_11	5mers_A_RNA_sparse_seq_25	site_mean_as_read	Brier_observed	0.09029197692871094	0.04176907832037313	-0.048522898608337806	POSTHOC_ROBUSTNESS_ANALYSIS	CONTROLLED_ERROR_INJECTION
2026_all5mer	seed_11	5mers_A_RNA_sparse_seq_25	site_mean_as_read	Brier_equal_class	0.0919511148784084	0.047370456348311385	-0.04458065853009702	POSTHOC_ROBUSTNESS_ANALYSIS	CONTROLLED_ERROR_INJECTION
2026_all5mer	seed_11	5mers_A_RNA_sparse_seq_25	site_mean_as_read	Brier_control	0.09490625869824691	0.05734725042071462	-0.037559008277532294	POSTHOC_ROBUSTNESS_ANALYSIS	CONTROLLED_ERROR_INJECTION
2026_all5mer	seed_11	5mers_A_RNA_sparse_seq_25	site_mean_as_read	Brier_modified	0.0889959710585699	0.03739366227590815	-0.051602308782661754	POSTHOC_ROBUSTNESS_ANALYSIS	CONTROLLED_ERROR_INJECTION
2026_all5mer	seed_11	5mers_A_RNA_sparse_seq_26	site_mean_as_read	Brier_observed	0.06315792493583743	0.02253020386416403	-0.040627721071673395	POSTHOC_ROBUSTNESS_ANALYSIS	CONTROLLED_ERROR_INJECTION
2026_all5mer	seed_11	5mers_A_RNA_sparse_seq_26	site_mean_as_read	Brier_equal_class	0.06579341662659602	0.02717518030768791	-0.03861823631890811	POSTHOC_ROBUSTNESS_ANALYSIS	CONTROLLED_ERROR_INJECTION
2026_all5mer	seed_11	5mers_A_RNA_sparse_seq_26	site_mean_as_read	Brier_control	0.07057086223830825	0.03559528741879488	-0.03497557481951337	POSTHOC_ROBUSTNESS_ANALYSIS	CONTROLLED_ERROR_INJECTION
2026_all5mer	seed_11	5mers_A_RNA_sparse_seq_26	site_mean_as_read	Brier_modified	0.0610159710148838	0.018755073196580947	-0.04226089781830285	POSTHOC_ROBUSTNESS_ANALYSIS	CONTROLLED_ERROR_INJECTION
2026_all5mer	seed_11	5mers_A_RNA_sparse_seq_27	site_mean_as_read	Brier_observed	0.05392704983358145	0.015913697314149395	-0.03801335251943205	POSTHOC_ROBUSTNESS_ANALYSIS	CONTROLLED_ERROR_INJECTION
2026_all5mer	seed_11	5mers_A_RNA_sparse_seq_27	site_mean_as_read	Brier_equal_class	0.05981338837003514	0.023322322036326743	-0.0364910663337084	POSTHOC_ROBUSTNESS_ANALYSIS	CONTROLLED_ERROR_INJECTION
2026_all5mer	seed_11	5mers_A_RNA_sparse_seq_27	site_mean_as_read	Brier_control	0.06901766305946443	0.03490694575300813	-0.0341107173064563	POSTHOC_ROBUSTNESS_ANALYSIS	CONTROLLED_ERROR_INJECTION
2026_all5mer	seed_11	5mers_A_RNA_sparse_seq_27	site_mean_as_read	Brier_modified	0.050609113680605854	0.011737698319645357	-0.0388714153609605	POSTHOC_ROBUSTNESS_ANALYSIS	CONTROLLED_ERROR_INJECTION
2026_all5mer	seed_11	5mers_A_RNA_sparse_seq_28	site_mean_as_read	Brier_observed	0.0673849500458816	0.026416164873419426	-0.04096878517246218	POSTHOC_ROBUSTNESS_ANALYSIS	CONTROLLED_ERROR_INJECTION
2026_all5mer	seed_11	5mers_A_RNA_sparse_seq_28	site_mean_as_read	Brier_equal_class	0.06683374882537749	0.0277749615558683	-0.03905878726950919	POSTHOC_ROBUSTNESS_ANALYSIS	CONTROLLED_ERROR_INJECTION
2026_all5mer	seed_11	5mers_A_RNA_sparse_seq_28	site_mean_as_read	Brier_control	0.06585757567150759	0.030181380107991495	-0.03567619556351609	POSTHOC_ROBUSTNESS_ANALYSIS	CONTROLLED_ERROR_INJECTION
2026_all5mer	seed_11	5mers_A_RNA_sparse_seq_28	site_mean_as_read	Brier_modified	0.06780992197924737	0.025368543003745105	-0.042441378975502264	POSTHOC_ROBUSTNESS_ANALYSIS	CONTROLLED_ERROR_INJECTION
2026_all5mer	seed_11	5mers_A_RNA_sparse_seq_29	site_mean_as_read	Brier_observed	0.05429392419513032	0.018572136326113264	-0.03572178786901706	POSTHOC_ROBUSTNESS_ANALYSIS	CONTROLLED_ERROR_INJECTION
2026_all5mer	seed_11	5mers_A_RNA_sparse_seq_29	site_mean_as_read	Brier_equal_class	0.06888997360306605	0.03024300833285331	-0.03864696527021274	POSTHOC_ROBUSTNESS_ANALYSIS	CONTROLLED_ERROR_INJECTION
2026_all5mer	seed_11	5mers_A_RNA_sparse_seq_29	site_mean_as_read	Brier_control	0.09209265904119837	0.04879567038494697	-0.0432969886562514	POSTHOC_ROBUSTNESS_ANALYSIS	CONTROLLED_ERROR_INJECTION
2026_all5mer	seed_11	5mers_A_RNA_sparse_seq_29	site_mean_as_read	Brier_modified	0.04568728816493373	0.01169034628075965	-0.033996941884174084	POSTHOC_ROBUSTNESS_ANALYSIS	CONTROLLED_ERROR_INJECTION
2026_all5mer	seed_11	5mers_A_RNA_sparse_seq_30	site_mean_as_read	Brier_observed	0.07903522077906337	0.03407059767023528	-0.044964623108828095	POSTHOC_ROBUSTNESS_ANALYSIS	CONTROLLED_ERROR_INJECTION
2026_all5mer	seed_11	5mers_A_RNA_sparse_seq_30	site_mean_as_read	Brier_equal_class	0.08023300708112185	0.03581650082394147	-0.04441650625718038	POSTHOC_ROBUSTNESS_ANALYSIS	CONTROLLED_ERROR_INJECTION
2026_all5mer	seed_11	5mers_A_RNA_sparse_seq_30	site_mean_as_read	Brier_control	0.08280863906397964	0.03957076316099598	-0.04323787590298366	POSTHOC_ROBUSTNESS_ANALYSIS	CONTROLLED_ERROR_INJECTION
2026_all5mer	seed_11	5mers_A_RNA_sparse_seq_30	site_mean_as_read	Brier_modified	0.07765737509826406	0.03206223848688697	-0.045595136611377096	POSTHOC_ROBUSTNESS_ANALYSIS	CONTROLLED_ERROR_INJECTION
2026_all5mer	seed_11	5mers_A_RNA_sparse_seq_31	site_mean_as_read	Brier_observed	0.060041421275598264	0.019487137459639526	-0.04055428381595874	POSTHOC_ROBUSTNESS_ANALYSIS	CONTROLLED_ERROR_INJECTION
2026_all5mer	seed_11	5mers_A_RNA_sparse_seq_31	site_mean_as_read	Brier_equal_class	0.07857021090283936	0.034433024741798185	-0.044137186161041175	POSTHOC_ROBUSTNESS_ANALYSIS	CONTROLLED_ERROR_INJECTION
2026_all5mer	seed_11	5mers_A_RNA_sparse_seq_31	site_mean_as_read	Brier_control	0.10678521433184224	0.05719210773638381	-0.04959310659545843	POSTHOC_ROBUSTNESS_ANALYSIS	CONTROLLED_ERROR_INJECTION
2026_all5mer	seed_11	5mers_A_RNA_sparse_seq_31	site_mean_as_read	Brier_modified	0.05035520747383648	0.011673941747212568	-0.03868126572662391	POSTHOC_ROBUSTNESS_ANALYSIS	CONTROLLED_ERROR_INJECTION
2026_all5mer	seed_11	5mers_A_RNA_sparse_seq_32	site_mean_as_read	Brier_observed	0.09076840575823435	0.03950245985144954	-0.05126594590678481	POSTHOC_ROBUSTNESS_ANALYSIS	CONTROLLED_ERROR_INJECTION
2026_all5mer	seed_11	5mers_A_RNA_sparse_seq_32	site_mean_as_read	Brier_equal_class	0.09502705284268353	0.04570053635526211	-0.049326516487421423	POSTHOC_ROBUSTNESS_ANALYSIS	CONTROLLED_ERROR_INJECTION
2026_all5mer	seed_11	5mers_A_RNA_sparse_seq_32	site_mean_as_read	Brier_control	0.10482100926665747	0.05995475606096675	-0.044866253205690716	POSTHOC_ROBUSTNESS_ANALYSIS	CONTROLLED_ERROR_INJECTION
2026_all5mer	seed_11	5mers_A_RNA_sparse_seq_32	site_mean_as_read	Brier_modified	0.08523309641870959	0.03144631664955748	-0.05378677976915211	POSTHOC_ROBUSTNESS_ANALYSIS	CONTROLLED_ERROR_INJECTION
2026_all5mer	seed_11	ALL	site_mean_as_read	Brier_observed	0.07516022400488064	0.029883096027680845	-0.045277127977199794	POSTHOC_ROBUSTNESS_ANALYSIS	CONTROLLED_ERROR_INJECTION
2026_all5mer	seed_11	ALL	site_mean_as_read	Brier_equal_class	0.08225113832620938	0.03741837406585896	-0.04483276426035042	POSTHOC_ROBUSTNESS_ANALYSIS	CONTROLLED_ERROR_INJECTION
2026_all5mer	seed_11	ALL	site_mean_as_read	Brier_control	0.09517258646187779	0.05114956583407573	-0.044023020627802056	POSTHOC_ROBUSTNESS_ANALYSIS	CONTROLLED_ERROR_INJECTION
2026_all5mer	seed_11	ALL	site_mean_as_read	Brier_modified	0.06932969019054097	0.023687182297642186	-0.04564250789289878	POSTHOC_ROBUSTNESS_ANALYSIS	CONTROLLED_ERROR_INJECTION
2026_all5mer	seed_29	5mers_A_RNA_sparse_seq_01	high_p_filter	Brier_observed	0.06454469702000323	0.0007793725296882116	-0.06376532449031502	POSTHOC_ROBUSTNESS_ANALYSIS	CONTROLLED_ERROR_INJECTION
2026_all5mer	seed_29	5mers_A_RNA_sparse_seq_01	high_p_filter	Brier_equal_class	0.06752803968495454			POSTHOC_ROBUSTNESS_ANALYSIS	CONTROLLED_ERROR_INJECTION
2026_all5mer	seed_29	5mers_A_RNA_sparse_seq_01	high_p_filter	Brier_control	0.07346471150716145			POSTHOC_ROBUSTNESS_ANALYSIS	CONTROLLED_ERROR_INJECTION
2026_all5mer	seed_29	5mers_A_RNA_sparse_seq_01	high_p_filter	Brier_modified	0.061591367862747624	0.0007793725296882116	-0.060811995333059414	POSTHOC_ROBUSTNESS_ANALYSIS	CONTROLLED_ERROR_INJECTION
2026_all5mer	seed_29	5mers_A_RNA_sparse_seq_02	high_p_filter	Brier_observed	0.08481850521591328	0.009928648758686976	-0.0748898564572263	POSTHOC_ROBUSTNESS_ANALYSIS	CONTROLLED_ERROR_INJECTION
2026_all5mer	seed_29	5mers_A_RNA_sparse_seq_02	high_p_filter	Brier_equal_class	0.08727316288150602	0.44983867326105736	0.3625655103795513	POSTHOC_ROBUSTNESS_ANALYSIS	CONTROLLED_ERROR_INJECTION
2026_all5mer	seed_29	5mers_A_RNA_sparse_seq_02	high_p_filter	Brier_control	0.09172251453138378	0.8986000061035156	0.8068774915721318	POSTHOC_ROBUSTNESS_ANALYSIS	CONTROLLED_ERROR_INJECTION
2026_all5mer	seed_29	5mers_A_RNA_sparse_seq_02	high_p_filter	Brier_modified	0.08282381123162826	0.0010773404185990413	-0.08174647081302922	POSTHOC_ROBUSTNESS_ANALYSIS	CONTROLLED_ERROR_INJECTION
2026_all5mer	seed_29	5mers_A_RNA_sparse_seq_03	high_p_filter	Brier_observed	0.06190279165209641	0.004346917091999311	-0.0575558745600971	POSTHOC_ROBUSTNESS_ANALYSIS	CONTROLLED_ERROR_INJECTION
2026_all5mer	seed_29	5mers_A_RNA_sparse_seq_03	high_p_filter	Brier_equal_class	0.06551872722263444	0.46607977806488216	0.4005610508422477	POSTHOC_ROBUSTNESS_ANALYSIS	CONTROLLED_ERROR_INJECTION
2026_all5mer	seed_29	5mers_A_RNA_sparse_seq_03	high_p_filter	Brier_control	0.07193771362304688	0.9313850402832031	0.8594473266601562	POSTHOC_ROBUSTNESS_ANALYSIS	CONTROLLED_ERROR_INJECTION
2026_all5mer	seed_29	5mers_A_RNA_sparse_seq_03	high_p_filter	Brier_modified	0.05909974082222198	0.0007745158465611452	-0.05832522497566084	POSTHOC_ROBUSTNESS_ANALYSIS	CONTROLLED_ERROR_INJECTION
2026_all5mer	seed_29	5mers_A_RNA_sparse_seq_04	high_p_filter	Brier_observed	0.0844586014620936	0.008258609734256047	-0.07619999172783755	POSTHOC_ROBUSTNESS_ANALYSIS	CONTROLLED_ERROR_INJECTION
2026_all5mer	seed_29	5mers_A_RNA_sparse_seq_04	high_p_filter	Brier_equal_class	0.0878864507642103	0.4607124404151841	0.3728259896509738	POSTHOC_ROBUSTNESS_ANALYSIS	CONTROLLED_ERROR_INJECTION
2026_all5mer	seed_29	5mers_A_RNA_sparse_seq_04	high_p_filter	Brier_control	0.09467720064482464	0.9203910827636719	0.8257138821188472	POSTHOC_ROBUSTNESS_ANALYSIS	CONTROLLED_ERROR_INJECTION
2026_all5mer	seed_29	5mers_A_RNA_sparse_seq_04	high_p_filter	Brier_modified	0.08109570088359595	0.001033798066696318	-0.08006190281689964	POSTHOC_ROBUSTNESS_ANALYSIS	CONTROLLED_ERROR_INJECTION
2026_all5mer	seed_29	5mers_A_RNA_sparse_seq_05	high_p_filter	Brier_observed	0.056029608490270215	0.0007615038143691196	-0.0552681046759011	POSTHOC_ROBUSTNESS_ANALYSIS	CONTROLLED_ERROR_INJECTION
2026_all5mer	seed_29	5mers_A_RNA_sparse_seq_05	high_p_filter	Brier_equal_class	0.06193991786958281			POSTHOC_ROBUSTNESS_ANALYSIS	CONTROLLED_ERROR_INJECTION
2026_all5mer	seed_29	5mers_A_RNA_sparse_seq_05	high_p_filter	Brier_control	0.0727369634954779			POSTHOC_ROBUSTNESS_ANALYSIS	CONTROLLED_ERROR_INJECTION
2026_all5mer	seed_29	5mers_A_RNA_sparse_seq_05	high_p_filter	Brier_modified	0.05114287224368773	0.0007615038143691196	-0.05038136842931861	POSTHOC_ROBUSTNESS_ANALYSIS	CONTROLLED_ERROR_INJECTION
2026_all5mer	seed_29	5mers_A_RNA_sparse_seq_06	high_p_filter	Brier_observed	0.07249133386344553	0.007694244384765625	-0.0647970894786799	POSTHOC_ROBUSTNESS_ANALYSIS	CONTROLLED_ERROR_INJECTION
2026_all5mer	seed_29	5mers_A_RNA_sparse_seq_06	high_p_filter	Brier_equal_class	0.07612999689042364	0.45849734612230986	0.3823673492318862	POSTHOC_ROBUSTNESS_ANALYSIS	CONTROLLED_ERROR_INJECTION
2026_all5mer	seed_29	5mers_A_RNA_sparse_seq_06	high_p_filter	Brier_control	0.0828555870919206	0.9161567687988281	0.8333011817069075	POSTHOC_ROBUSTNESS_ANALYSIS	CONTROLLED_ERROR_INJECTION
2026_all5mer	seed_29	5mers_A_RNA_sparse_seq_06	high_p_filter	Brier_modified	0.06940440668892668	0.0008379234457915684	-0.0685664832431351	POSTHOC_ROBUSTNESS_ANALYSIS	CONTROLLED_ERROR_INJECTION
2026_all5mer	seed_29	5mers_A_RNA_sparse_seq_07	high_p_filter	Brier_observed	0.08952276366806428	0.0024698858391748717	-0.0870528778288894	POSTHOC_ROBUSTNESS_ANALYSIS	CONTROLLED_ERROR_INJECTION
2026_all5mer	seed_29	5mers_A_RNA_sparse_seq_07	high_p_filter	Brier_equal_class	0.08889480788194795	0.43800325580671723	0.34910844792476925	POSTHOC_ROBUSTNESS_ANALYSIS	CONTROLLED_ERROR_INJECTION
2026_all5mer	seed_29	5mers_A_RNA_sparse_seq_07	high_p_filter	Brier_control	0.08777934483119419	0.8752479553222656	0.7874686104910714	POSTHOC_ROBUSTNESS_ANALYSIS	CONTROLLED_ERROR_INJECTION
2026_all5mer	seed_29	5mers_A_RNA_sparse_seq_07	high_p_filter	Brier_modified	0.09001027093270171	0.0007585562911688112	-0.0892517146415329	POSTHOC_ROBUSTNESS_ANALYSIS	CONTROLLED_ERROR_INJECTION
2026_all5mer	seed_29	5mers_A_RNA_sparse_seq_08	high_p_filter	Brier_observed	0.06171698757654715	0.0040309057553052485	-0.0576860818212419	POSTHOC_ROBUSTNESS_ANALYSIS	CONTROLLED_ERROR_INJECTION
2026_all5mer	seed_29	5mers_A_RNA_sparse_seq_08	high_p_filter	Brier_equal_class	0.07573401112062461	0.46779635920465934	0.39206234808403473	POSTHOC_ROBUSTNESS_ANALYSIS	CONTROLLED_ERROR_INJECTION
2026_all5mer	seed_29	5mers_A_RNA_sparse_seq_08	high_p_filter	Brier_control	0.09874403543312456	0.9348335266113281	0.8360894911782035	POSTHOC_ROBUSTNESS_ANALYSIS	CONTROLLED_ERROR_INJECTION
2026_all5mer	seed_29	5mers_A_RNA_sparse_seq_08	high_p_filter	Brier_modified	0.05272398680812468	0.000759191797990581	-0.051964795010134096	POSTHOC_ROBUSTNESS_ANALYSIS	CONTROLLED_ERROR_INJECTION
2026_all5mer	seed_29	5mers_A_RNA_sparse_seq_09	high_p_filter	Brier_observed	0.07597105238172742	0.00468527542917352	-0.0712857769525539	POSTHOC_ROBUSTNESS_ANALYSIS	CONTROLLED_ERROR_INJECTION
2026_all5mer	seed_29	5mers_A_RNA_sparse_seq_09	high_p_filter	Brier_equal_class	0.07359451828974156	0.4556602897402096	0.38206577145046805	POSTHOC_ROBUSTNESS_ANALYSIS	CONTROLLED_ERROR_INJECTION
2026_all5mer	seed_29	5mers_A_RNA_sparse_seq_09	high_p_filter	Brier_control	0.06936748136723707	0.9104652404785156	0.8410977591112786	POSTHOC_ROBUSTNESS_ANALYSIS	CONTROLLED_ERROR_INJECTION
2026_all5mer	seed_29	5mers_A_RNA_sparse_seq_09	high_p_filter	Brier_modified	0.07782155521224607	0.0008553390019035743	-0.0769662162103425	POSTHOC_ROBUSTNESS_ANALYSIS	CONTROLLED_ERROR_INJECTION
2026_all5mer	seed_29	5mers_A_RNA_sparse_seq_10	high_p_filter	Brier_observed	0.05780604187871369	0.005601369548396418	-0.05220467233031727	POSTHOC_ROBUSTNESS_ANALYSIS	CONTROLLED_ERROR_INJECTION
2026_all5mer	seed_29	5mers_A_RNA_sparse_seq_10	high_p_filter	Brier_equal_class	0.07085446612887704	0.4629616002455407	0.3921071341166637	POSTHOC_ROBUSTNESS_ANALYSIS	CONTROLLED_ERROR_INJECTION
2026_all5mer	seed_29	5mers_A_RNA_sparse_seq_10	high_p_filter	Brier_control	0.09106766151276645	0.9252662658691406	0.8341986043563742	POSTHOC_ROBUSTNESS_ANALYSIS	CONTROLLED_ERROR_INJECTION
2026_all5mer	seed_29	5mers_A_RNA_sparse_seq_10	high_p_filter	Brier_modified	0.05064127074498763	0.0006569346219408042	-0.04998433612304683	POSTHOC_ROBUSTNESS_ANALYSIS	CONTROLLED_ERROR_INJECTION
2026_all5mer	seed_29	5mers_A_RNA_sparse_seq_11	high_p_filter	Brier_observed	0.06843906367590669	0.0037611710397820724	-0.06467789263612461	POSTHOC_ROBUSTNESS_ANALYSIS	CONTROLLED_ERROR_INJECTION
2026_all5mer	seed_29	5mers_A_RNA_sparse_seq_11	high_p_filter	Brier_equal_class	0.07530821768663781	0.42175405797824056	0.34644584029160275	POSTHOC_ROBUSTNESS_ANALYSIS	CONTROLLED_ERROR_INJECTION
2026_all5mer	seed_29	5mers_A_RNA_sparse_seq_11	high_p_filter	Brier_control	0.08834233777276401	0.8427009582519531	0.7543586204791891	POSTHOC_ROBUSTNESS_ANALYSIS	CONTROLLED_ERROR_INJECTION
2026_all5mer	seed_29	5mers_A_RNA_sparse_seq_11	high_p_filter	Brier_modified	0.06227409760051162	0.000807157704527949	-0.061466939895983674	POSTHOC_ROBUSTNESS_ANALYSIS	CONTROLLED_ERROR_INJECTION
2026_all5mer	seed_29	5mers_A_RNA_sparse_seq_12	high_p_filter	Brier_observed	0.08041840646939141	0.009521733652247061	-0.07089667281714435	POSTHOC_ROBUSTNESS_ANALYSIS	CONTROLLED_ERROR_INJECTION
2026_all5mer	seed_29	5mers_A_RNA_sparse_seq_12	high_p_filter	Brier_equal_class	0.09277946640514709	0.4328627014160156	0.34008323501086857	POSTHOC_ROBUSTNESS_ANALYSIS	CONTROLLED_ERROR_INJECTION
2026_all5mer	seed_29	5mers_A_RNA_sparse_seq_12	high_p_filter	Brier_control	0.11474179991201502	0.8647560119628906	0.7500142120508756	POSTHOC_ROBUSTNESS_ANALYSIS	CONTROLLED_ERROR_INJECTION
2026_all5mer	seed_29	5mers_A_RNA_sparse_seq_12	high_p_filter	Brier_modified	0.07081713289827914	0.000969390869140625	-0.06984774202913852	POSTHOC_ROBUSTNESS_ANALYSIS	CONTROLLED_ERROR_INJECTION
2026_all5mer	seed_29	5mers_A_RNA_sparse_seq_13	high_p_filter	Brier_observed	0.07151806151093883	0.0006707135368795955	-0.07084734797405923	POSTHOC_ROBUSTNESS_ANALYSIS	CONTROLLED_ERROR_INJECTION
2026_all5mer	seed_29	5mers_A_RNA_sparse_seq_13	high_p_filter	Brier_equal_class	0.08427230082723719			POSTHOC_ROBUSTNESS_ANALYSIS	CONTROLLED_ERROR_INJECTION
2026_all5mer	seed_29	5mers_A_RNA_sparse_seq_13	high_p_filter	Brier_control	0.10418522508838508			POSTHOC_ROBUSTNESS_ANALYSIS	CONTROLLED_ERROR_INJECTION
2026_all5mer	seed_29	5mers_A_RNA_sparse_seq_13	high_p_filter	Brier_modified	0.06435937656608931	0.0006707135368795955	-0.06368866302920971	POSTHOC_ROBUSTNESS_ANALYSIS	CONTROLLED_ERROR_INJECTION
2026_all5mer	seed_29	5mers_A_RNA_sparse_seq_14	high_p_filter	Brier_observed	0.07258462393155662	0.00561099663291333	-0.0669736272986433	POSTHOC_ROBUSTNESS_ANALYSIS	CONTROLLED_ERROR_INJECTION
2026_all5mer	seed_29	5mers_A_RNA_sparse_seq_14	high_p_filter	Brier_equal_class	0.0838560474990256	0.42880328251765326	0.3449472350186277	POSTHOC_ROBUSTNESS_ANALYSIS	CONTROLLED_ERROR_INJECTION
2026_all5mer	seed_29	5mers_A_RNA_sparse_seq_14	high_p_filter	Brier_control	0.10250804735266644	0.8569068908691406	0.7543988435164741	POSTHOC_ROBUSTNESS_ANALYSIS	CONTROLLED_ERROR_INJECTION
2026_all5mer	seed_29	5mers_A_RNA_sparse_seq_14	high_p_filter	Brier_modified	0.06520404764538476	0.0006996741661658654	-0.06450437347921889	POSTHOC_ROBUSTNESS_ANALYSIS	CONTROLLED_ERROR_INJECTION
2026_all5mer	seed_29	5mers_A_RNA_sparse_seq_15	high_p_filter	Brier_observed	0.09348172990102617	0.0028840041742092225	-0.09059772572681694	POSTHOC_ROBUSTNESS_ANALYSIS	CONTROLLED_ERROR_INJECTION
2026_all5mer	seed_29	5mers_A_RNA_sparse_seq_15	high_p_filter	Brier_equal_class	0.09625425919148412	0.41656950195063885	0.32031524275915474	POSTHOC_ROBUSTNESS_ANALYSIS	CONTROLLED_ERROR_INJECTION
2026_all5mer	seed_29	5mers_A_RNA_sparse_seq_15	high_p_filter	Brier_control	0.10212549768892445	0.8319435119628906	0.7298180142739662	POSTHOC_ROBUSTNESS_ANALYSIS	CONTROLLED_ERROR_INJECTION
2026_all5mer	seed_29	5mers_A_RNA_sparse_seq_15	high_p_filter	Brier_modified	0.09038302069404376	0.001195491938387061	-0.0891875287556567	POSTHOC_ROBUSTNESS_ANALYSIS	CONTROLLED_ERROR_INJECTION
2026_all5mer	seed_29	5mers_A_RNA_sparse_seq_16	high_p_filter	Brier_observed	0.08133945051264715	0.004932742648654514	-0.07640670786399265	POSTHOC_ROBUSTNESS_ANALYSIS	CONTROLLED_ERROR_INJECTION
2026_all5mer	seed_29	5mers_A_RNA_sparse_seq_16	high_p_filter	Brier_equal_class	0.08144884176187582	0.4755117869038611	0.39406294514198525	POSTHOC_ROBUSTNESS_ANALYSIS	CONTROLLED_ERROR_INJECTION
2026_all5mer	seed_29	5mers_A_RNA_sparse_seq_16	high_p_filter	Brier_control	0.0816997981571651	0.9499244689941406	0.8682246708369755	POSTHOC_ROBUSTNESS_ANALYSIS	CONTROLLED_ERROR_INJECTION
2026_all5mer	seed_29	5mers_A_RNA_sparse_seq_16	high_p_filter	Brier_modified	0.08119788536658654	0.0010991048135815479	-0.08009878055300498	POSTHOC_ROBUSTNESS_ANALYSIS	CONTROLLED_ERROR_INJECTION
2026_all5mer	seed_29	5mers_A_RNA_sparse_seq_17	high_p_filter	Brier_observed	0.0682448548697383	0.0023238853172019677	-0.06592096955253633	POSTHOC_ROBUSTNESS_ANALYSIS	CONTROLLED_ERROR_INJECTION
2026_all5mer	seed_29	5mers_A_RNA_sparse_seq_17	high_p_filter	Brier_equal_class	0.07177601941710524	0.4379761577316029	0.3662001383144977	POSTHOC_ROBUSTNESS_ANALYSIS	CONTROLLED_ERROR_INJECTION
2026_all5mer	seed_29	5mers_A_RNA_sparse_seq_17	high_p_filter	Brier_control	0.07817407003263148	0.8752479553222656	0.7970738852896342	POSTHOC_ROBUSTNESS_ANALYSIS	CONTROLLED_ERROR_INJECTION
2026_all5mer	seed_29	5mers_A_RNA_sparse_seq_17	high_p_filter	Brier_modified	0.065377968801579	0.000704360140940254	-0.06467360866063875	POSTHOC_ROBUSTNESS_ANALYSIS	CONTROLLED_ERROR_INJECTION
2026_all5mer	seed_29	5mers_A_RNA_sparse_seq_18	high_p_filter	Brier_observed	0.06501594992244945	0.005685751778738839	-0.059330198143710614	POSTHOC_ROBUSTNESS_ANALYSIS	CONTROLLED_ERROR_INJECTION
2026_all5mer	seed_29	5mers_A_RNA_sparse_seq_18	high_p_filter	Brier_equal_class	0.0790997499124447	0.47793335974537493	0.39883360983293026	POSTHOC_ROBUSTNESS_ANALYSIS	CONTROLLED_ERROR_INJECTION
2026_all5mer	seed_29	5mers_A_RNA_sparse_seq_18	high_p_filter	Brier_control	0.10317352137614771	0.9552955627441406	0.8521220413679929	POSTHOC_ROBUSTNESS_ANALYSIS	CONTROLLED_ERROR_INJECTION
2026_all5mer	seed_29	5mers_A_RNA_sparse_seq_18	high_p_filter	Brier_modified	0.05502597844874167	0.0005711567466092067	-0.054454821702132464	POSTHOC_ROBUSTNESS_ANALYSIS	CONTROLLED_ERROR_INJECTION
2026_all5mer	seed_29	5mers_A_RNA_sparse_seq_19	high_p_filter	Brier_observed	0.07523877185707004	0.0023038822368983804	-0.07293488962017165	POSTHOC_ROBUSTNESS_ANALYSIS	CONTROLLED_ERROR_INJECTION
2026_all5mer	seed_29	5mers_A_RNA_sparse_seq_19	high_p_filter	Brier_equal_class	0.08423261586947497	0.4982923197353998	0.41405970386592483	POSTHOC_ROBUSTNESS_ANALYSIS	CONTROLLED_ERROR_INJECTION
2026_all5mer	seed_29	5mers_A_RNA_sparse_seq_19	high_p_filter	Brier_control	0.09756937770978778	0.9960975646972656	0.8985281869874778	POSTHOC_ROBUSTNESS_ANALYSIS	CONTROLLED_ERROR_INJECTION
2026_all5mer	seed_29	5mers_A_RNA_sparse_seq_19	high_p_filter	Brier_modified	0.07089585402916218	0.0004870747735339065	-0.07040877925562827	POSTHOC_ROBUSTNESS_ANALYSIS	CONTROLLED_ERROR_INJECTION
2026_all5mer	seed_29	5mers_A_RNA_sparse_seq_20	high_p_filter	Brier_observed	0.0900278799874442	0.01827600679508907	-0.07175187319235513	POSTHOC_ROBUSTNESS_ANALYSIS	CONTROLLED_ERROR_INJECTION
2026_all5mer	seed_29	5mers_A_RNA_sparse_seq_20	high_p_filter	Brier_equal_class	0.09827837292055022	0.4496148972284226	0.35133652430787243	POSTHOC_ROBUSTNESS_ANALYSIS	CONTROLLED_ERROR_INJECTION
2026_all5mer	seed_29	5mers_A_RNA_sparse_seq_20	high_p_filter	Brier_control	0.11787796020507812	0.8984169006347656	0.7805389404296875	POSTHOC_ROBUSTNESS_ANALYSIS	CONTROLLED_ERROR_INJECTION
2026_all5mer	seed_29	5mers_A_RNA_sparse_seq_20	high_p_filter	Brier_modified	0.07867878563602233	0.0008128938220796131	-0.07786589181394273	POSTHOC_ROBUSTNESS_ANALYSIS	CONTROLLED_ERROR_INJECTION
2026_all5mer	seed_29	5mers_A_RNA_sparse_seq_21	high_p_filter	Brier_observed	0.05758595293308468	0.006855720086680427	-0.05073023284640425	POSTHOC_ROBUSTNESS_ANALYSIS	CONTROLLED_ERROR_INJECTION
2026_all5mer	seed_29	5mers_A_RNA_sparse_seq_21	high_p_filter	Brier_equal_class	0.07055959272513868	0.44551603426346537	0.3749564415383267	POSTHOC_ROBUSTNESS_ANALYSIS	CONTROLLED_ERROR_INJECTION
2026_all5mer	seed_29	5mers_A_RNA_sparse_seq_21	high_p_filter	Brier_control	0.09491361829969618	0.8903007507324219	0.7953871324327257	POSTHOC_ROBUSTNESS_ANALYSIS	CONTROLLED_ERROR_INJECTION
2026_all5mer	seed_29	5mers_A_RNA_sparse_seq_21	high_p_filter	Brier_modified	0.046205567150581175	0.0007313177945089092	-0.04547424935607226	POSTHOC_ROBUSTNESS_ANALYSIS	CONTROLLED_ERROR_INJECTION
2026_all5mer	seed_29	5mers_A_RNA_sparse_seq_22	high_p_filter	Brier_observed	0.10859721363733563	0.02387367210951932	-0.0847235415278163	POSTHOC_ROBUSTNESS_ANALYSIS	CONTROLLED_ERROR_INJECTION
2026_all5mer	seed_29	5mers_A_RNA_sparse_seq_22	high_p_filter	Brier_equal_class	0.11147831222501481	0.45503660259824813	0.3435582903732333	POSTHOC_ROBUSTNESS_ANALYSIS	CONTROLLED_ERROR_INJECTION
2026_all5mer	seed_29	5mers_A_RNA_sparse_seq_22	high_p_filter	Brier_control	0.11859843367237155	0.9085395812988282	0.7899411476264566	POSTHOC_ROBUSTNESS_ANALYSIS	CONTROLLED_ERROR_INJECTION
2026_all5mer	seed_29	5mers_A_RNA_sparse_seq_22	high_p_filter	Brier_modified	0.10435819077765805	0.001533623897668087	-0.10282456687998996	POSTHOC_ROBUSTNESS_ANALYSIS	CONTROLLED_ERROR_INJECTION
2026_all5mer	seed_29	5mers_A_RNA_sparse_seq_23	high_p_filter	Brier_observed	0.09996145101384099	0.014318229273745889	-0.0856432217400951	POSTHOC_ROBUSTNESS_ANALYSIS	CONTROLLED_ERROR_INJECTION
2026_all5mer	seed_29	5mers_A_RNA_sparse_seq_23	high_p_filter	Brier_equal_class	0.1089888505006735	0.44584905882894776	0.33686020832827424	POSTHOC_ROBUSTNESS_ANALYSIS	CONTROLLED_ERROR_INJECTION
2026_all5mer	seed_29	5mers_A_RNA_sparse_seq_23	high_p_filter	Brier_control	0.12632951442365603	0.8904849461146763	0.7641554316910203	POSTHOC_ROBUSTNESS_ANALYSIS	CONTROLLED_ERROR_INJECTION
2026_all5mer	seed_29	5mers_A_RNA_sparse_seq_23	high_p_filter	Brier_modified	0.09164818657769097	0.0012131715432191507	-0.09043501503447182	POSTHOC_ROBUSTNESS_ANALYSIS	CONTROLLED_ERROR_INJECTION
2026_all5mer	seed_29	5mers_A_RNA_sparse_seq_24	high_p_filter	Brier_observed	0.06975285165859034	0.009246358651250971	-0.06050649300733937	POSTHOC_ROBUSTNESS_ANALYSIS	CONTROLLED_ERROR_INJECTION
2026_all5mer	seed_29	5mers_A_RNA_sparse_seq_24	high_p_filter	Brier_equal_class	0.081477539390646	0.47239488444447947	0.39091734505383346	POSTHOC_ROBUSTNESS_ANALYSIS	CONTROLLED_ERROR_INJECTION
2026_all5mer	seed_29	5mers_A_RNA_sparse_seq_24	high_p_filter	Brier_control	0.10709262150590138	0.9439186096191406	0.8368259881132393	POSTHOC_ROBUSTNESS_ANALYSIS	CONTROLLED_ERROR_INJECTION
2026_all5mer	seed_29	5mers_A_RNA_sparse_seq_24	high_p_filter	Brier_modified	0.055862457275390624	0.0008711592698182684	-0.054991298005572356	POSTHOC_ROBUSTNESS_ANALYSIS	CONTROLLED_ERROR_INJECTION
2026_all5mer	seed_29	5mers_A_RNA_sparse_seq_25	high_p_filter	Brier_observed	0.08399923476215188	0.003898627899344975	-0.0801006068628069	POSTHOC_ROBUSTNESS_ANALYSIS	CONTROLLED_ERROR_INJECTION
2026_all5mer	seed_29	5mers_A_RNA_sparse_seq_25	high_p_filter	Brier_equal_class	0.08451338270999056	0.41104205785008174	0.3265286751400912	POSTHOC_ROBUSTNESS_ANALYSIS	CONTROLLED_ERROR_INJECTION
2026_all5mer	seed_29	5mers_A_RNA_sparse_seq_25	high_p_filter	Brier_control	0.08545500232327369	0.8213233947753906	0.735868392452117	POSTHOC_ROBUSTNESS_ANALYSIS	CONTROLLED_ERROR_INJECTION
2026_all5mer	seed_29	5mers_A_RNA_sparse_seq_25	high_p_filter	Brier_modified	0.08357176309670744	0.0007607209247728227	-0.08281104217193462	POSTHOC_ROBUSTNESS_ANALYSIS	CONTROLLED_ERROR_INJECTION
2026_all5mer	seed_29	5mers_A_RNA_sparse_seq_26	high_p_filter	Brier_observed	0.07571301586516277	0.0025765299797058105	-0.07313648588545696	POSTHOC_ROBUSTNESS_ANALYSIS	CONTROLLED_ERROR_INJECTION
2026_all5mer	seed_29	5mers_A_RNA_sparse_seq_26	high_p_filter	Brier_equal_class	0.08262409004450288	0.460216447565187	0.3775923575206841	POSTHOC_ROBUSTNESS_ANALYSIS	CONTROLLED_ERROR_INJECTION
2026_all5mer	seed_29	5mers_A_RNA_sparse_seq_26	high_p_filter	Brier_control	0.09593129562119306	0.9196510314941406	0.8237197358729476	POSTHOC_ROBUSTNESS_ANALYSIS	CONTROLLED_ERROR_INJECTION
2026_all5mer	seed_29	5mers_A_RNA_sparse_seq_26	high_p_filter	Brier_modified	0.06931688446781271	0.0007818636362333354	-0.06853502083157938	POSTHOC_ROBUSTNESS_ANALYSIS	CONTROLLED_ERROR_INJECTION
2026_all5mer	seed_29	5mers_A_RNA_sparse_seq_27	high_p_filter	Brier_observed	0.05679324144985587	0.005275557353914901	-0.05151768409594097	POSTHOC_ROBUSTNESS_ANALYSIS	CONTROLLED_ERROR_INJECTION
2026_all5mer	seed_29	5mers_A_RNA_sparse_seq_27	high_p_filter	Brier_equal_class	0.0772646630688123	0.44688247436802137	0.36961781129920906	POSTHOC_ROBUSTNESS_ANALYSIS	CONTROLLED_ERROR_INJECTION
2026_all5mer	seed_29	5mers_A_RNA_sparse_seq_27	high_p_filter	Brier_control	0.11162871910781456	0.8930498758951823	0.7814211567873677	POSTHOC_ROBUSTNESS_ANALYSIS	CONTROLLED_ERROR_INJECTION
2026_all5mer	seed_29	5mers_A_RNA_sparse_seq_27	high_p_filter	Brier_modified	0.04290060702981003	0.0007150728408604452	-0.04218553418894958	POSTHOC_ROBUSTNESS_ANALYSIS	CONTROLLED_ERROR_INJECTION
2026_all5mer	seed_29	5mers_A_RNA_sparse_seq_28	high_p_filter	Brier_observed	0.07808242661915803	0.003912510550521545	-0.07416991606863649	POSTHOC_ROBUSTNESS_ANALYSIS	CONTROLLED_ERROR_INJECTION
2026_all5mer	seed_29	5mers_A_RNA_sparse_seq_28	high_p_filter	Brier_equal_class	0.07765897339013214	0.45879260103271036	0.3811336276425782	POSTHOC_ROBUSTNESS_ANALYSIS	CONTROLLED_ERROR_INJECTION
2026_all5mer	seed_29	5mers_A_RNA_sparse_seq_28	high_p_filter	Brier_control	0.07699184882931592	0.9170112609863281	0.8400194121570121	POSTHOC_ROBUSTNESS_ANALYSIS	CONTROLLED_ERROR_INJECTION
2026_all5mer	seed_29	5mers_A_RNA_sparse_seq_28	high_p_filter	Brier_modified	0.07832609795094836	0.000573941079092636	-0.07775215687185573	POSTHOC_ROBUSTNESS_ANALYSIS	CONTROLLED_ERROR_INJECTION
2026_all5mer	seed_29	5mers_A_RNA_sparse_seq_29	high_p_filter	Brier_observed	0.05698097145164406	0.004725136285469636	-0.05225583516617442	POSTHOC_ROBUSTNESS_ANALYSIS	CONTROLLED_ERROR_INJECTION
2026_all5mer	seed_29	5mers_A_RNA_sparse_seq_29	high_p_filter	Brier_equal_class	0.07349038423921225	0.41869229576616157	0.34520191152694935	POSTHOC_ROBUSTNESS_ANALYSIS	CONTROLLED_ERROR_INJECTION
2026_all5mer	seed_29	5mers_A_RNA_sparse_seq_29	high_p_filter	Brier_control	0.09772194171773976	0.836724599202474	0.7390026574847343	POSTHOC_ROBUSTNESS_ANALYSIS	CONTROLLED_ERROR_INJECTION
2026_all5mer	seed_29	5mers_A_RNA_sparse_seq_29	high_p_filter	Brier_modified	0.04925882676068474	0.0006599923298490941	-0.04859883443083565	POSTHOC_ROBUSTNESS_ANALYSIS	CONTROLLED_ERROR_INJECTION
2026_all5mer	seed_29	5mers_A_RNA_sparse_seq_30	high_p_filter	Brier_observed	0.09355768716957674	0.007453286999207235	-0.08610440017036951	POSTHOC_ROBUSTNESS_ANALYSIS	CONTROLLED_ERROR_INJECTION
2026_all5mer	seed_29	5mers_A_RNA_sparse_seq_30	high_p_filter	Brier_equal_class	0.0849413620692828	0.46552508280157495	0.3805837207322922	POSTHOC_ROBUSTNESS_ANALYSIS	CONTROLLED_ERROR_INJECTION
2026_all5mer	seed_29	5mers_A_RNA_sparse_seq_30	high_p_filter	Brier_control	0.06534807485491571	0.9299151102701823	0.8645670354152666	POSTHOC_ROBUSTNESS_ANALYSIS	CONTROLLED_ERROR_INJECTION
2026_all5mer	seed_29	5mers_A_RNA_sparse_seq_30	high_p_filter	Brier_modified	0.10453464928364986	0.0011350553329676797	-0.10339959395068218	POSTHOC_ROBUSTNESS_ANALYSIS	CONTROLLED_ERROR_INJECTION
2026_all5mer	seed_29	5mers_A_RNA_sparse_seq_31	high_p_filter	Brier_observed	0.0599393949866558	0.00229508045652299	-0.05764431453013281	POSTHOC_ROBUSTNESS_ANALYSIS	CONTROLLED_ERROR_INJECTION
2026_all5mer	seed_29	5mers_A_RNA_sparse_seq_31	high_p_filter	Brier_equal_class	0.06835764097556091	0.48677359409019594	0.41841595311463503	POSTHOC_ROBUSTNESS_ANALYSIS	CONTROLLED_ERROR_INJECTION
2026_all5mer	seed_29	5mers_A_RNA_sparse_seq_31	high_p_filter	Brier_control	0.08119759192833534	0.9728431701660156	0.8916455782376803	POSTHOC_ROBUSTNESS_ANALYSIS	CONTROLLED_ERROR_INJECTION
2026_all5mer	seed_29	5mers_A_RNA_sparse_seq_31	high_p_filter	Brier_modified	0.05551769002278646	0.0007040180143762807	-0.05481367200841018	POSTHOC_ROBUSTNESS_ANALYSIS	CONTROLLED_ERROR_INJECTION
2026_all5mer	seed_29	5mers_A_RNA_sparse_seq_32	high_p_filter	Brier_observed	0.08562874981737513	0.006629998454774572	-0.07899875136260055	POSTHOC_ROBUSTNESS_ANALYSIS	CONTROLLED_ERROR_INJECTION
2026_all5mer	seed_29	5mers_A_RNA_sparse_seq_32	high_p_filter	Brier_equal_class	0.0915829875559902	0.4535186987354922	0.361935711179502	POSTHOC_ROBUSTNESS_ANALYSIS	CONTROLLED_ERROR_INJECTION
2026_all5mer	seed_29	5mers_A_RNA_sparse_seq_32	high_p_filter	Brier_control	0.10397951530687737	0.9059588114420573	0.8019792961351799	POSTHOC_ROBUSTNESS_ANALYSIS	CONTROLLED_ERROR_INJECTION
2026_all5mer	seed_29	5mers_A_RNA_sparse_seq_32	high_p_filter	Brier_modified	0.07918645980510305	0.0010785860289271477	-0.07810787377617591	POSTHOC_ROBUSTNESS_ANALYSIS	CONTROLLED_ERROR_INJECTION
2026_all5mer	seed_29	ALL	high_p_filter	Brier_observed	0.0753649333584289	0.005887218619679259	-0.06947771473874964	POSTHOC_ROBUSTNESS_ANALYSIS	CONTROLLED_ERROR_INJECTION
2026_all5mer	seed_29	ALL	high_p_filter	Brier_equal_class	0.08189268769066184	0.45169109565993587	0.36979840796927405	POSTHOC_ROBUSTNESS_ANALYSIS	CONTROLLED_ERROR_INJECTION
2026_all5mer	seed_29	ALL	high_p_filter	Brier_control	0.0938754535103202	0.9025515506142064	0.8086760971038862	POSTHOC_ROBUSTNESS_ANALYSIS	CONTROLLED_ERROR_INJECTION
2026_all5mer	seed_29	ALL	high_p_filter	Brier_modified	0.06990992187100348	0.0008306407056652451	-0.06907928116533824	POSTHOC_ROBUSTNESS_ANALYSIS	CONTROLLED_ERROR_INJECTION
2026_all5mer	seed_29	5mers_A_RNA_sparse_seq_01	missing_zero	Brier_observed	0.06454469702000323	0.04722313690185547	-0.017321560118147762	POSTHOC_ROBUSTNESS_ANALYSIS	CONTROLLED_ERROR_INJECTION
2026_all5mer	seed_29	5mers_A_RNA_sparse_seq_01	missing_zero	Brier_equal_class	0.06752803968495454	0.04722313690185547	-0.020304902783099064	POSTHOC_ROBUSTNESS_ANALYSIS	CONTROLLED_ERROR_INJECTION
2026_all5mer	seed_29	5mers_A_RNA_sparse_seq_01	missing_zero	Brier_control	0.07346471150716145	0.02409642537434896	-0.049368286132812494	POSTHOC_ROBUSTNESS_ANALYSIS	CONTROLLED_ERROR_INJECTION
2026_all5mer	seed_29	5mers_A_RNA_sparse_seq_01	missing_zero	Brier_modified	0.061591367862747624	0.07034984842936198	0.008758480566614359	POSTHOC_ROBUSTNESS_ANALYSIS	CONTROLLED_ERROR_INJECTION
2026_all5mer	seed_29	5mers_A_RNA_sparse_seq_02	missing_zero	Brier_observed	0.08481850521591328	0.05978136815522846	-0.025037137060684812	POSTHOC_ROBUSTNESS_ANALYSIS	CONTROLLED_ERROR_INJECTION
2026_all5mer	seed_29	5mers_A_RNA_sparse_seq_02	missing_zero	Brier_equal_class	0.08727316288150602	0.05952178216053348	-0.027751380720972545	POSTHOC_ROBUSTNESS_ANALYSIS	CONTROLLED_ERROR_INJECTION
2026_all5mer	seed_29	5mers_A_RNA_sparse_seq_02	missing_zero	Brier_control	0.09172251453138378	0.026640889499168496	-0.06508162503221528	POSTHOC_ROBUSTNESS_ANALYSIS	CONTROLLED_ERROR_INJECTION
2026_all5mer	seed_29	5mers_A_RNA_sparse_seq_02	missing_zero	Brier_modified	0.08282381123162826	0.09240267482189846	0.0095788635902702	POSTHOC_ROBUSTNESS_ANALYSIS	CONTROLLED_ERROR_INJECTION
2026_all5mer	seed_29	5mers_A_RNA_sparse_seq_03	missing_zero	Brier_observed	0.06190279165209641	0.04239550855532138	-0.019507283096775033	POSTHOC_ROBUSTNESS_ANALYSIS	CONTROLLED_ERROR_INJECTION
2026_all5mer	seed_29	5mers_A_RNA_sparse_seq_03	missing_zero	Brier_equal_class	0.06551872722263444	0.042962428753336494	-0.022556298469297943	POSTHOC_ROBUSTNESS_ANALYSIS	CONTROLLED_ERROR_INJECTION
2026_all5mer	seed_29	5mers_A_RNA_sparse_seq_03	missing_zero	Brier_control	0.07193771362304688	0.019006000957211857	-0.05293171266583502	POSTHOC_ROBUSTNESS_ANALYSIS	CONTROLLED_ERROR_INJECTION
2026_all5mer	seed_29	5mers_A_RNA_sparse_seq_03	missing_zero	Brier_modified	0.05909974082222198	0.06691885654946113	0.007819115727239145	POSTHOC_ROBUSTNESS_ANALYSIS	CONTROLLED_ERROR_INJECTION
2026_all5mer	seed_29	5mers_A_RNA_sparse_seq_04	missing_zero	Brier_observed	0.0844586014620936	0.05826553781583509	-0.0261930636462585	POSTHOC_ROBUSTNESS_ANALYSIS	CONTROLLED_ERROR_INJECTION
2026_all5mer	seed_29	5mers_A_RNA_sparse_seq_04	missing_zero	Brier_equal_class	0.0878864507642103	0.05905672630815722	-0.028829724456053078	POSTHOC_ROBUSTNESS_ANALYSIS	CONTROLLED_ERROR_INJECTION
2026_all5mer	seed_29	5mers_A_RNA_sparse_seq_04	missing_zero	Brier_control	0.09467720064482464	0.02929586686619408	-0.06538133377863056	POSTHOC_ROBUSTNESS_ANALYSIS	CONTROLLED_ERROR_INJECTION
2026_all5mer	seed_29	5mers_A_RNA_sparse_seq_04	missing_zero	Brier_modified	0.08109570088359595	0.08881758575012036	0.007721884866524406	POSTHOC_ROBUSTNESS_ANALYSIS	CONTROLLED_ERROR_INJECTION
2026_all5mer	seed_29	5mers_A_RNA_sparse_seq_05	missing_zero	Brier_observed	0.056029608490270215	0.038463865911715384	-0.01756574257855483	POSTHOC_ROBUSTNESS_ANALYSIS	CONTROLLED_ERROR_INJECTION
2026_all5mer	seed_29	5mers_A_RNA_sparse_seq_05	missing_zero	Brier_equal_class	0.06193991786958281	0.038276584506776117	-0.023663333362806696	POSTHOC_ROBUSTNESS_ANALYSIS	CONTROLLED_ERROR_INJECTION
2026_all5mer	seed_29	5mers_A_RNA_sparse_seq_05	missing_zero	Brier_control	0.0727369634954779	0.02167463878657194	-0.051062324708905954	POSTHOC_ROBUSTNESS_ANALYSIS	CONTROLLED_ERROR_INJECTION
2026_all5mer	seed_29	5mers_A_RNA_sparse_seq_05	missing_zero	Brier_modified	0.05114287224368773	0.0548785302269803	0.0037356579832925688	POSTHOC_ROBUSTNESS_ANALYSIS	CONTROLLED_ERROR_INJECTION
2026_all5mer	seed_29	5mers_A_RNA_sparse_seq_06	missing_zero	Brier_observed	0.07249133386344553	0.051343017720921154	-0.021148316142524375	POSTHOC_ROBUSTNESS_ANALYSIS	CONTROLLED_ERROR_INJECTION
2026_all5mer	seed_29	5mers_A_RNA_sparse_seq_06	missing_zero	Brier_equal_class	0.07612999689042364	0.05130719637681717	-0.024822800513606476	POSTHOC_ROBUSTNESS_ANALYSIS	CONTROLLED_ERROR_INJECTION
2026_all5mer	seed_29	5mers_A_RNA_sparse_seq_06	missing_zero	Brier_control	0.0828555870919206	0.024512830987034075	-0.058342756104886526	POSTHOC_ROBUSTNESS_ANALYSIS	CONTROLLED_ERROR_INJECTION
2026_all5mer	seed_29	5mers_A_RNA_sparse_seq_06	missing_zero	Brier_modified	0.06940440668892668	0.07810156176660026	0.008697155077673574	POSTHOC_ROBUSTNESS_ANALYSIS	CONTROLLED_ERROR_INJECTION
2026_all5mer	seed_29	5mers_A_RNA_sparse_seq_07	missing_zero	Brier_observed	0.08952276366806428	0.059928489720217096	-0.02959427394784718	POSTHOC_ROBUSTNESS_ANALYSIS	CONTROLLED_ERROR_INJECTION
2026_all5mer	seed_29	5mers_A_RNA_sparse_seq_07	missing_zero	Brier_equal_class	0.08889480788194795	0.0600940871138022	-0.02880072076814575	POSTHOC_ROBUSTNESS_ANALYSIS	CONTROLLED_ERROR_INJECTION
2026_all5mer	seed_29	5mers_A_RNA_sparse_seq_07	missing_zero	Brier_control	0.08777934483119419	0.024159452705833265	-0.06361989212536093	POSTHOC_ROBUSTNESS_ANALYSIS	CONTROLLED_ERROR_INJECTION
2026_all5mer	seed_29	5mers_A_RNA_sparse_seq_07	missing_zero	Brier_modified	0.09001027093270171	0.09602872152177114	0.006018450589069427	POSTHOC_ROBUSTNESS_ANALYSIS	CONTROLLED_ERROR_INJECTION
2026_all5mer	seed_29	5mers_A_RNA_sparse_seq_08	missing_zero	Brier_observed	0.06171698757654715	0.03937351892864893	-0.02234346864789822	POSTHOC_ROBUSTNESS_ANALYSIS	CONTROLLED_ERROR_INJECTION
2026_all5mer	seed_29	5mers_A_RNA_sparse_seq_08	missing_zero	Brier_equal_class	0.07573401112062461	0.03972980444245338	-0.03600420667817123	POSTHOC_ROBUSTNESS_ANALYSIS	CONTROLLED_ERROR_INJECTION
2026_all5mer	seed_29	5mers_A_RNA_sparse_seq_08	missing_zero	Brier_control	0.09874403543312456	0.02289531391519339	-0.07584872151793116	POSTHOC_ROBUSTNESS_ANALYSIS	CONTROLLED_ERROR_INJECTION
2026_all5mer	seed_29	5mers_A_RNA_sparse_seq_08	missing_zero	Brier_modified	0.05272398680812468	0.056564294969713366	0.0038403081615886875	POSTHOC_ROBUSTNESS_ANALYSIS	CONTROLLED_ERROR_INJECTION
2026_all5mer	seed_29	5mers_A_RNA_sparse_seq_09	missing_zero	Brier_observed	0.07597105238172742	0.05263538741802529	-0.023335664963702138	POSTHOC_ROBUSTNESS_ANALYSIS	CONTROLLED_ERROR_INJECTION
2026_all5mer	seed_29	5mers_A_RNA_sparse_seq_09	missing_zero	Brier_equal_class	0.07359451828974156	0.053332216202131986	-0.020262302087609575	POSTHOC_ROBUSTNESS_ANALYSIS	CONTROLLED_ERROR_INJECTION
2026_all5mer	seed_29	5mers_A_RNA_sparse_seq_09	missing_zero	Brier_control	0.06936748136723707	0.018466748418034733	-0.05090073294920233	POSTHOC_ROBUSTNESS_ANALYSIS	CONTROLLED_ERROR_INJECTION
2026_all5mer	seed_29	5mers_A_RNA_sparse_seq_09	missing_zero	Brier_modified	0.07782155521224607	0.08819768398622924	0.010376128773983168	POSTHOC_ROBUSTNESS_ANALYSIS	CONTROLLED_ERROR_INJECTION
2026_all5mer	seed_29	5mers_A_RNA_sparse_seq_10	missing_zero	Brier_observed	0.05780604187871369	0.037057267858626994	-0.020748774020086694	POSTHOC_ROBUSTNESS_ANALYSIS	CONTROLLED_ERROR_INJECTION
2026_all5mer	seed_29	5mers_A_RNA_sparse_seq_10	missing_zero	Brier_equal_class	0.07085446612887704	0.03708223891479282	-0.03377222721408422	POSTHOC_ROBUSTNESS_ANALYSIS	CONTROLLED_ERROR_INJECTION
2026_all5mer	seed_29	5mers_A_RNA_sparse_seq_10	missing_zero	Brier_control	0.09106766151276645	0.01947764431788631	-0.07159001719488015	POSTHOC_ROBUSTNESS_ANALYSIS	CONTROLLED_ERROR_INJECTION
2026_all5mer	seed_29	5mers_A_RNA_sparse_seq_10	missing_zero	Brier_modified	0.05064127074498763	0.05468683351169933	0.004045562766711704	POSTHOC_ROBUSTNESS_ANALYSIS	CONTROLLED_ERROR_INJECTION
2026_all5mer	seed_29	5mers_A_RNA_sparse_seq_11	missing_zero	Brier_observed	0.06843906367590669	0.047489133154916194	-0.020949930520990492	POSTHOC_ROBUSTNESS_ANALYSIS	CONTROLLED_ERROR_INJECTION
2026_all5mer	seed_29	5mers_A_RNA_sparse_seq_11	missing_zero	Brier_equal_class	0.07530821768663781	0.04738300566960281	-0.027925212017035003	POSTHOC_ROBUSTNESS_ANALYSIS	CONTROLLED_ERROR_INJECTION
2026_all5mer	seed_29	5mers_A_RNA_sparse_seq_11	missing_zero	Brier_control	0.08834233777276401	0.02751063404467282	-0.06083170372809119	POSTHOC_ROBUSTNESS_ANALYSIS	CONTROLLED_ERROR_INJECTION
2026_all5mer	seed_29	5mers_A_RNA_sparse_seq_11	missing_zero	Brier_modified	0.06227409760051162	0.0672553772945328	0.004981279694021186	POSTHOC_ROBUSTNESS_ANALYSIS	CONTROLLED_ERROR_INJECTION
2026_all5mer	seed_29	5mers_A_RNA_sparse_seq_12	missing_zero	Brier_observed	0.08041840646939141	0.05768115878657424	-0.022737247682817173	POSTHOC_ROBUSTNESS_ANALYSIS	CONTROLLED_ERROR_INJECTION
2026_all5mer	seed_29	5mers_A_RNA_sparse_seq_12	missing_zero	Brier_equal_class	0.09277946640514709	0.05783952233067691	-0.03493994407447018	POSTHOC_ROBUSTNESS_ANALYSIS	CONTROLLED_ERROR_INJECTION
2026_all5mer	seed_29	5mers_A_RNA_sparse_seq_12	missing_zero	Brier_control	0.11474179991201502	0.03125204287077251	-0.08348975704124251	POSTHOC_ROBUSTNESS_ANALYSIS	CONTROLLED_ERROR_INJECTION
2026_all5mer	seed_29	5mers_A_RNA_sparse_seq_12	missing_zero	Brier_modified	0.07081713289827914	0.08442700179058131	0.013609868892302174	POSTHOC_ROBUSTNESS_ANALYSIS	CONTROLLED_ERROR_INJECTION
2026_all5mer	seed_29	5mers_A_RNA_sparse_seq_13	missing_zero	Brier_observed	0.07151806151093883	0.05028208037312133	-0.021235981137817495	POSTHOC_ROBUSTNESS_ANALYSIS	CONTROLLED_ERROR_INJECTION
2026_all5mer	seed_29	5mers_A_RNA_sparse_seq_13	missing_zero	Brier_equal_class	0.08427230082723719	0.050377526334776476	-0.033894774492460714	POSTHOC_ROBUSTNESS_ANALYSIS	CONTROLLED_ERROR_INJECTION
2026_all5mer	seed_29	5mers_A_RNA_sparse_seq_13	missing_zero	Brier_control	0.10418522508838508	0.02233550280049504	-0.08184972228789004	POSTHOC_ROBUSTNESS_ANALYSIS	CONTROLLED_ERROR_INJECTION
2026_all5mer	seed_29	5mers_A_RNA_sparse_seq_13	missing_zero	Brier_modified	0.06435937656608931	0.07841954986905791	0.014060173302968604	POSTHOC_ROBUSTNESS_ANALYSIS	CONTROLLED_ERROR_INJECTION
2026_all5mer	seed_29	5mers_A_RNA_sparse_seq_14	missing_zero	Brier_observed	0.07258462393155662	0.05113883706975111	-0.021445786861805517	POSTHOC_ROBUSTNESS_ANALYSIS	CONTROLLED_ERROR_INJECTION
2026_all5mer	seed_29	5mers_A_RNA_sparse_seq_14	missing_zero	Brier_equal_class	0.0838560474990256	0.050900700342238495	-0.03295534715678711	POSTHOC_ROBUSTNESS_ANALYSIS	CONTROLLED_ERROR_INJECTION
2026_all5mer	seed_29	5mers_A_RNA_sparse_seq_14	missing_zero	Brier_control	0.10250804735266644	0.02545409003089153	-0.07705395732177492	POSTHOC_ROBUSTNESS_ANALYSIS	CONTROLLED_ERROR_INJECTION
2026_all5mer	seed_29	5mers_A_RNA_sparse_seq_14	missing_zero	Brier_modified	0.06520404764538476	0.07634731065358547	0.011143263008200704	POSTHOC_ROBUSTNESS_ANALYSIS	CONTROLLED_ERROR_INJECTION
2026_all5mer	seed_29	5mers_A_RNA_sparse_seq_15	missing_zero	Brier_observed	0.09348172990102617	0.06898082573565073	-0.02450090416537544	POSTHOC_ROBUSTNESS_ANALYSIS	CONTROLLED_ERROR_INJECTION
2026_all5mer	seed_29	5mers_A_RNA_sparse_seq_15	missing_zero	Brier_equal_class	0.09625425919148412	0.06859838996428609	-0.027655869227198024	POSTHOC_ROBUSTNESS_ANALYSIS	CONTROLLED_ERROR_INJECTION
2026_all5mer	seed_29	5mers_A_RNA_sparse_seq_15	missing_zero	Brier_control	0.10212549768892445	0.037111178121931564	-0.06501431956699288	POSTHOC_ROBUSTNESS_ANALYSIS	CONTROLLED_ERROR_INJECTION
2026_all5mer	seed_29	5mers_A_RNA_sparse_seq_15	missing_zero	Brier_modified	0.09038302069404376	0.10008560180664063	0.009702581112596864	POSTHOC_ROBUSTNESS_ANALYSIS	CONTROLLED_ERROR_INJECTION
2026_all5mer	seed_29	5mers_A_RNA_sparse_seq_16	missing_zero	Brier_observed	0.08133945051264715	0.06556433228301473	-0.01577511822963243	POSTHOC_ROBUSTNESS_ANALYSIS	CONTROLLED_ERROR_INJECTION
2026_all5mer	seed_29	5mers_A_RNA_sparse_seq_16	missing_zero	Brier_equal_class	0.08144884176187582	0.06471498219275726	-0.01673385956911856	POSTHOC_ROBUSTNESS_ANALYSIS	CONTROLLED_ERROR_INJECTION
2026_all5mer	seed_29	5mers_A_RNA_sparse_seq_16	missing_zero	Brier_control	0.0816997981571651	0.03333258526811586	-0.048367212889049244	POSTHOC_ROBUSTNESS_ANALYSIS	CONTROLLED_ERROR_INJECTION
2026_all5mer	seed_29	5mers_A_RNA_sparse_seq_16	missing_zero	Brier_modified	0.08119788536658654	0.09609737911739864	0.014899493750812107	POSTHOC_ROBUSTNESS_ANALYSIS	CONTROLLED_ERROR_INJECTION
2026_all5mer	seed_29	5mers_A_RNA_sparse_seq_17	missing_zero	Brier_observed	0.0682448548697383	0.04815814299986862	-0.020086711869869683	POSTHOC_ROBUSTNESS_ANALYSIS	CONTROLLED_ERROR_INJECTION
2026_all5mer	seed_29	5mers_A_RNA_sparse_seq_17	missing_zero	Brier_equal_class	0.07177601941710524	0.04830349167927584	-0.023472527737829395	POSTHOC_ROBUSTNESS_ANALYSIS	CONTROLLED_ERROR_INJECTION
2026_all5mer	seed_29	5mers_A_RNA_sparse_seq_17	missing_zero	Brier_control	0.07817407003263148	0.022104392216123384	-0.056069677816508096	POSTHOC_ROBUSTNESS_ANALYSIS	CONTROLLED_ERROR_INJECTION
2026_all5mer	seed_29	5mers_A_RNA_sparse_seq_17	missing_zero	Brier_modified	0.065377968801579	0.0745025911424283	0.009124622340849292	POSTHOC_ROBUSTNESS_ANALYSIS	CONTROLLED_ERROR_INJECTION
2026_all5mer	seed_29	5mers_A_RNA_sparse_seq_18	missing_zero	Brier_observed	0.06501594992244945	0.04497637251009443	-0.02003957741235502	POSTHOC_ROBUSTNESS_ANALYSIS	CONTROLLED_ERROR_INJECTION
2026_all5mer	seed_29	5mers_A_RNA_sparse_seq_18	missing_zero	Brier_equal_class	0.0790997499124447	0.04486881300569083	-0.03423093690675387	POSTHOC_ROBUSTNESS_ANALYSIS	CONTROLLED_ERROR_INJECTION
2026_all5mer	seed_29	5mers_A_RNA_sparse_seq_18	missing_zero	Brier_control	0.10317352137614771	0.02712149477909574	-0.07605202659705197	POSTHOC_ROBUSTNESS_ANALYSIS	CONTROLLED_ERROR_INJECTION
2026_all5mer	seed_29	5mers_A_RNA_sparse_seq_18	missing_zero	Brier_modified	0.05502597844874167	0.06261613123228592	0.007590152783544246	POSTHOC_ROBUSTNESS_ANALYSIS	CONTROLLED_ERROR_INJECTION
2026_all5mer	seed_29	5mers_A_RNA_sparse_seq_19	missing_zero	Brier_observed	0.07523877185707004	0.04639671642493033	-0.028842055432139704	POSTHOC_ROBUSTNESS_ANALYSIS	CONTROLLED_ERROR_INJECTION
2026_all5mer	seed_29	5mers_A_RNA_sparse_seq_19	missing_zero	Brier_equal_class	0.08423261586947497	0.04664520645546091	-0.03758740941401407	POSTHOC_ROBUSTNESS_ANALYSIS	CONTROLLED_ERROR_INJECTION
2026_all5mer	seed_29	5mers_A_RNA_sparse_seq_19	missing_zero	Brier_control	0.09756937770978778	0.01856583300550618	-0.0790035447042816	POSTHOC_ROBUSTNESS_ANALYSIS	CONTROLLED_ERROR_INJECTION
2026_all5mer	seed_29	5mers_A_RNA_sparse_seq_19	missing_zero	Brier_modified	0.07089585402916218	0.07472457990541563	0.00382872587625345	POSTHOC_ROBUSTNESS_ANALYSIS	CONTROLLED_ERROR_INJECTION
2026_all5mer	seed_29	5mers_A_RNA_sparse_seq_20	missing_zero	Brier_observed	0.0900278799874442	0.06679685979190458	-0.023231020195539617	POSTHOC_ROBUSTNESS_ANALYSIS	CONTROLLED_ERROR_INJECTION
2026_all5mer	seed_29	5mers_A_RNA_sparse_seq_20	missing_zero	Brier_equal_class	0.09827837292055022	0.06680963063717683	-0.03146874228337339	POSTHOC_ROBUSTNESS_ANALYSIS	CONTROLLED_ERROR_INJECTION
2026_all5mer	seed_29	5mers_A_RNA_sparse_seq_20	missing_zero	Brier_control	0.11787796020507812	0.04758950850244854	-0.0702884517026296	POSTHOC_ROBUSTNESS_ANALYSIS	CONTROLLED_ERROR_INJECTION
2026_all5mer	seed_29	5mers_A_RNA_sparse_seq_20	missing_zero	Brier_modified	0.07867878563602233	0.08602975277190512	0.007350967135882791	POSTHOC_ROBUSTNESS_ANALYSIS	CONTROLLED_ERROR_INJECTION
2026_all5mer	seed_29	5mers_A_RNA_sparse_seq_21	missing_zero	Brier_observed	0.05758595293308468	0.042051207869158745	-0.015534745063925937	POSTHOC_ROBUSTNESS_ANALYSIS	CONTROLLED_ERROR_INJECTION
2026_all5mer	seed_29	5mers_A_RNA_sparse_seq_21	missing_zero	Brier_equal_class	0.07055959272513868	0.04221143473860885	-0.02834815798652983	POSTHOC_ROBUSTNESS_ANALYSIS	CONTROLLED_ERROR_INJECTION
2026_all5mer	seed_29	5mers_A_RNA_sparse_seq_21	missing_zero	Brier_control	0.09491361829969618	0.027988943797420236	-0.06692467450227593	POSTHOC_ROBUSTNESS_ANALYSIS	CONTROLLED_ERROR_INJECTION
2026_all5mer	seed_29	5mers_A_RNA_sparse_seq_21	missing_zero	Brier_modified	0.046205567150581175	0.056433925679797464	0.010228358529216289	POSTHOC_ROBUSTNESS_ANALYSIS	CONTROLLED_ERROR_INJECTION
2026_all5mer	seed_29	5mers_A_RNA_sparse_seq_22	missing_zero	Brier_observed	0.10859721363733563	0.08266747665141645	-0.025929736985919175	POSTHOC_ROBUSTNESS_ANALYSIS	CONTROLLED_ERROR_INJECTION
2026_all5mer	seed_29	5mers_A_RNA_sparse_seq_22	missing_zero	Brier_equal_class	0.11147831222501481	0.08344082143964136	-0.028037490785373445	POSTHOC_ROBUSTNESS_ANALYSIS	CONTROLLED_ERROR_INJECTION
2026_all5mer	seed_29	5mers_A_RNA_sparse_seq_22	missing_zero	Brier_control	0.11859843367237155	0.04734308245378838	-0.07125535121858317	POSTHOC_ROBUSTNESS_ANALYSIS	CONTROLLED_ERROR_INJECTION
2026_all5mer	seed_29	5mers_A_RNA_sparse_seq_22	missing_zero	Brier_modified	0.10435819077765805	0.11953856042549435	0.015180369647836298	POSTHOC_ROBUSTNESS_ANALYSIS	CONTROLLED_ERROR_INJECTION
2026_all5mer	seed_29	5mers_A_RNA_sparse_seq_23	missing_zero	Brier_observed	0.09996145101384099	0.07120393465294221	-0.02875751636089878	POSTHOC_ROBUSTNESS_ANALYSIS	CONTROLLED_ERROR_INJECTION
2026_all5mer	seed_29	5mers_A_RNA_sparse_seq_23	missing_zero	Brier_equal_class	0.1089888505006735	0.07198813766784062	-0.03700071283283288	POSTHOC_ROBUSTNESS_ANALYSIS	CONTROLLED_ERROR_INJECTION
2026_all5mer	seed_29	5mers_A_RNA_sparse_seq_23	missing_zero	Brier_control	0.12632951442365603	0.03743707542319833	-0.08889243900045771	POSTHOC_ROBUSTNESS_ANALYSIS	CONTROLLED_ERROR_INJECTION
2026_all5mer	seed_29	5mers_A_RNA_sparse_seq_23	missing_zero	Brier_modified	0.09164818657769097	0.10653919991248292	0.014891013334791953	POSTHOC_ROBUSTNESS_ANALYSIS	CONTROLLED_ERROR_INJECTION
2026_all5mer	seed_29	5mers_A_RNA_sparse_seq_24	missing_zero	Brier_observed	0.06975285165859034	0.04905298162013926	-0.020699870038451078	POSTHOC_ROBUSTNESS_ANALYSIS	CONTROLLED_ERROR_INJECTION
2026_all5mer	seed_29	5mers_A_RNA_sparse_seq_24	missing_zero	Brier_equal_class	0.081477539390646	0.04905298162013926	-0.03242455777050674	POSTHOC_ROBUSTNESS_ANALYSIS	CONTROLLED_ERROR_INJECTION
2026_all5mer	seed_29	5mers_A_RNA_sparse_seq_24	missing_zero	Brier_control	0.10709262150590138	0.03973250186189692	-0.06736011964400446	POSTHOC_ROBUSTNESS_ANALYSIS	CONTROLLED_ERROR_INJECTION
2026_all5mer	seed_29	5mers_A_RNA_sparse_seq_24	missing_zero	Brier_modified	0.055862457275390624	0.058373461378381605	0.002511004102990981	POSTHOC_ROBUSTNESS_ANALYSIS	CONTROLLED_ERROR_INJECTION
2026_all5mer	seed_29	5mers_A_RNA_sparse_seq_25	missing_zero	Brier_observed	0.08399923476215188	0.06185858294892763	-0.022140651813224242	POSTHOC_ROBUSTNESS_ANALYSIS	CONTROLLED_ERROR_INJECTION
2026_all5mer	seed_29	5mers_A_RNA_sparse_seq_25	missing_zero	Brier_equal_class	0.08451338270999056	0.061277522988227445	-0.02323585972176312	POSTHOC_ROBUSTNESS_ANALYSIS	CONTROLLED_ERROR_INJECTION
2026_all5mer	seed_29	5mers_A_RNA_sparse_seq_25	missing_zero	Brier_control	0.08545500232327369	0.025542335405165827	-0.05991266691810786	POSTHOC_ROBUSTNESS_ANALYSIS	CONTROLLED_ERROR_INJECTION
2026_all5mer	seed_29	5mers_A_RNA_sparse_seq_25	missing_zero	Brier_modified	0.08357176309670744	0.09701271057128906	0.013440947474581619	POSTHOC_ROBUSTNESS_ANALYSIS	CONTROLLED_ERROR_INJECTION
2026_all5mer	seed_29	5mers_A_RNA_sparse_seq_26	missing_zero	Brier_observed	0.07571301586516277	0.054197322837834676	-0.021515693027328094	POSTHOC_ROBUSTNESS_ANALYSIS	CONTROLLED_ERROR_INJECTION
2026_all5mer	seed_29	5mers_A_RNA_sparse_seq_26	missing_zero	Brier_equal_class	0.08262409004450288	0.054117873204478174	-0.02850621684002471	POSTHOC_ROBUSTNESS_ANALYSIS	CONTROLLED_ERROR_INJECTION
2026_all5mer	seed_29	5mers_A_RNA_sparse_seq_26	missing_zero	Brier_control	0.09593129562119306	0.030267093270857703	-0.06566420235033535	POSTHOC_ROBUSTNESS_ANALYSIS	CONTROLLED_ERROR_INJECTION
2026_all5mer	seed_29	5mers_A_RNA_sparse_seq_26	missing_zero	Brier_modified	0.06931688446781271	0.07796865313809864	0.008651768670285928	POSTHOC_ROBUSTNESS_ANALYSIS	CONTROLLED_ERROR_INJECTION
2026_all5mer	seed_29	5mers_A_RNA_sparse_seq_27	missing_zero	Brier_observed	0.05679324144985587	0.041072540182285205	-0.015720701267570664	POSTHOC_ROBUSTNESS_ANALYSIS	CONTROLLED_ERROR_INJECTION
2026_all5mer	seed_29	5mers_A_RNA_sparse_seq_27	missing_zero	Brier_equal_class	0.0772646630688123	0.04109002657420629	-0.03617463649460601	POSTHOC_ROBUSTNESS_ANALYSIS	CONTROLLED_ERROR_INJECTION
2026_all5mer	seed_29	5mers_A_RNA_sparse_seq_27	missing_zero	Brier_control	0.11162871910781456	0.0278703142818718	-0.08375840482594277	POSTHOC_ROBUSTNESS_ANALYSIS	CONTROLLED_ERROR_INJECTION
2026_all5mer	seed_29	5mers_A_RNA_sparse_seq_27	missing_zero	Brier_modified	0.04290060702981003	0.05430973886654077	0.011409131836730743	POSTHOC_ROBUSTNESS_ANALYSIS	CONTROLLED_ERROR_INJECTION
2026_all5mer	seed_29	5mers_A_RNA_sparse_seq_28	missing_zero	Brier_observed	0.07808242661915803	0.06131764408075633	-0.016764782538401697	POSTHOC_ROBUSTNESS_ANALYSIS	CONTROLLED_ERROR_INJECTION
2026_all5mer	seed_29	5mers_A_RNA_sparse_seq_28	missing_zero	Brier_equal_class	0.07765897339013214	0.060617598936428416	-0.017041374453703725	POSTHOC_ROBUSTNESS_ANALYSIS	CONTROLLED_ERROR_INJECTION
2026_all5mer	seed_29	5mers_A_RNA_sparse_seq_28	missing_zero	Brier_control	0.07699184882931592	0.01727313708345802	-0.059718711745857904	POSTHOC_ROBUSTNESS_ANALYSIS	CONTROLLED_ERROR_INJECTION
2026_all5mer	seed_29	5mers_A_RNA_sparse_seq_28	missing_zero	Brier_modified	0.07832609795094836	0.1039620607893988	0.025635962838450446	POSTHOC_ROBUSTNESS_ANALYSIS	CONTROLLED_ERROR_INJECTION
2026_all5mer	seed_29	5mers_A_RNA_sparse_seq_29	missing_zero	Brier_observed	0.05698097145164406	0.03613483795849545	-0.020846133493148608	POSTHOC_ROBUSTNESS_ANALYSIS	CONTROLLED_ERROR_INJECTION
2026_all5mer	seed_29	5mers_A_RNA_sparse_seq_29	missing_zero	Brier_equal_class	0.07349038423921225	0.03593278410037359	-0.037557600138838666	POSTHOC_ROBUSTNESS_ANALYSIS	CONTROLLED_ERROR_INJECTION
2026_all5mer	seed_29	5mers_A_RNA_sparse_seq_29	missing_zero	Brier_control	0.09772194171773976	0.018892908732096356	-0.07882903298564341	POSTHOC_ROBUSTNESS_ANALYSIS	CONTROLLED_ERROR_INJECTION
2026_all5mer	seed_29	5mers_A_RNA_sparse_seq_29	missing_zero	Brier_modified	0.04925882676068474	0.05297265946865082	0.003713832707966075	POSTHOC_ROBUSTNESS_ANALYSIS	CONTROLLED_ERROR_INJECTION
2026_all5mer	seed_29	5mers_A_RNA_sparse_seq_30	missing_zero	Brier_observed	0.09355768716957674	0.06826115376524325	-0.025296533404333493	POSTHOC_ROBUSTNESS_ANALYSIS	CONTROLLED_ERROR_INJECTION
2026_all5mer	seed_29	5mers_A_RNA_sparse_seq_30	missing_zero	Brier_equal_class	0.0849413620692828	0.06847069705476061	-0.016470665014522184	POSTHOC_ROBUSTNESS_ANALYSIS	CONTROLLED_ERROR_INJECTION
2026_all5mer	seed_29	5mers_A_RNA_sparse_seq_30	missing_zero	Brier_control	0.06534807485491571	0.024975497102084226	-0.040372577752831484	POSTHOC_ROBUSTNESS_ANALYSIS	CONTROLLED_ERROR_INJECTION
2026_all5mer	seed_29	5mers_A_RNA_sparse_seq_30	missing_zero	Brier_modified	0.10453464928364986	0.111965897007437	0.007431247723787143	POSTHOC_ROBUSTNESS_ANALYSIS	CONTROLLED_ERROR_INJECTION
2026_all5mer	seed_29	5mers_A_RNA_sparse_seq_31	missing_zero	Brier_observed	0.0599393949866558	0.040626303418098184	-0.019313091568557615	POSTHOC_ROBUSTNESS_ANALYSIS	CONTROLLED_ERROR_INJECTION
2026_all5mer	seed_29	5mers_A_RNA_sparse_seq_31	missing_zero	Brier_equal_class	0.06835764097556091	0.040547762724195226	-0.02780987825136568	POSTHOC_ROBUSTNESS_ANALYSIS	CONTROLLED_ERROR_INJECTION
2026_all5mer	seed_29	5mers_A_RNA_sparse_seq_31	missing_zero	Brier_control	0.08119759192833534	0.01684418130428233	-0.064353410624053	POSTHOC_ROBUSTNESS_ANALYSIS	CONTROLLED_ERROR_INJECTION
2026_all5mer	seed_29	5mers_A_RNA_sparse_seq_31	missing_zero	Brier_modified	0.05551769002278646	0.06425134414410812	0.008733654121321655	POSTHOC_ROBUSTNESS_ANALYSIS	CONTROLLED_ERROR_INJECTION
2026_all5mer	seed_29	5mers_A_RNA_sparse_seq_32	missing_zero	Brier_observed	0.08562874981737513	0.059610723251475636	-0.026018026565899494	POSTHOC_ROBUSTNESS_ANALYSIS	CONTROLLED_ERROR_INJECTION
2026_all5mer	seed_29	5mers_A_RNA_sparse_seq_32	missing_zero	Brier_equal_class	0.0915829875559902	0.05938726371709574	-0.03219572383889446	POSTHOC_ROBUSTNESS_ANALYSIS	CONTROLLED_ERROR_INJECTION
2026_all5mer	seed_29	5mers_A_RNA_sparse_seq_32	missing_zero	Brier_control	0.10397951530687737	0.037145591395149696	-0.06683392391172767	POSTHOC_ROBUSTNESS_ANALYSIS	CONTROLLED_ERROR_INJECTION
2026_all5mer	seed_29	5mers_A_RNA_sparse_seq_32	missing_zero	Brier_modified	0.07918645980510305	0.08162893603904178	0.0024424762339387285	POSTHOC_ROBUSTNESS_ANALYSIS	CONTROLLED_ERROR_INJECTION
2026_all5mer	seed_29	ALL	missing_zero	Brier_observed	0.0753649333584289	0.05314542669534658	-0.022219506663082325	POSTHOC_ROBUSTNESS_ANALYSIS	CONTROLLED_ERROR_INJECTION
2026_all5mer	seed_29	ALL	missing_zero	Brier_equal_class	0.08189268769066184	0.0531785848946935	-0.028714102795968338	POSTHOC_ROBUSTNESS_ANALYSIS	CONTROLLED_ERROR_INJECTION
2026_all5mer	seed_29	ALL	missing_zero	Brier_control	0.0938754535103202	0.02732334305967452	-0.06655211045064569	POSTHOC_ROBUSTNESS_ANALYSIS	CONTROLLED_ERROR_INJECTION
2026_all5mer	seed_29	ALL	missing_zero	Brier_modified	0.06990992187100348	0.07903382672971249	0.009123904858709009	POSTHOC_ROBUSTNESS_ANALYSIS	CONTROLLED_ERROR_INJECTION
2026_all5mer	seed_29	5mers_A_RNA_sparse_seq_01	site_mean_as_read	Brier_observed	0.06454469702000323	0.023307088972437866	-0.04123760804756536	POSTHOC_ROBUSTNESS_ANALYSIS	CONTROLLED_ERROR_INJECTION
2026_all5mer	seed_29	5mers_A_RNA_sparse_seq_01	site_mean_as_read	Brier_equal_class	0.06752803968495454	0.02789617195182402	-0.039631867733130516	POSTHOC_ROBUSTNESS_ANALYSIS	CONTROLLED_ERROR_INJECTION
2026_all5mer	seed_29	5mers_A_RNA_sparse_seq_01	site_mean_as_read	Brier_control	0.07346471150716145	0.03702817007378158	-0.036436541433379876	POSTHOC_ROBUSTNESS_ANALYSIS	CONTROLLED_ERROR_INJECTION
2026_all5mer	seed_29	5mers_A_RNA_sparse_seq_01	site_mean_as_read	Brier_modified	0.061591367862747624	0.018764173829866462	-0.04282719403288116	POSTHOC_ROBUSTNESS_ANALYSIS	CONTROLLED_ERROR_INJECTION
2026_all5mer	seed_29	5mers_A_RNA_sparse_seq_02	site_mean_as_read	Brier_observed	0.08481850521591328	0.03329914314654077	-0.05151936206937251	POSTHOC_ROBUSTNESS_ANALYSIS	CONTROLLED_ERROR_INJECTION
2026_all5mer	seed_29	5mers_A_RNA_sparse_seq_02	site_mean_as_read	Brier_equal_class	0.08727316288150602	0.0370885493379768	-0.050184613543529225	POSTHOC_ROBUSTNESS_ANALYSIS	CONTROLLED_ERROR_INJECTION
2026_all5mer	seed_29	5mers_A_RNA_sparse_seq_02	site_mean_as_read	Brier_control	0.09172251453138378	0.04395728746234228	-0.047765227069041495	POSTHOC_ROBUSTNESS_ANALYSIS	CONTROLLED_ERROR_INJECTION
2026_all5mer	seed_29	5mers_A_RNA_sparse_seq_02	site_mean_as_read	Brier_modified	0.08282381123162826	0.030219811213611312	-0.05260400001801695	POSTHOC_ROBUSTNESS_ANALYSIS	CONTROLLED_ERROR_INJECTION
2026_all5mer	seed_29	5mers_A_RNA_sparse_seq_03	site_mean_as_read	Brier_observed	0.06190279165209641	0.02206114727342408	-0.039841644378672325	POSTHOC_ROBUSTNESS_ANALYSIS	CONTROLLED_ERROR_INJECTION
2026_all5mer	seed_29	5mers_A_RNA_sparse_seq_03	site_mean_as_read	Brier_equal_class	0.06551872722263444	0.027586533816216077	-0.03793219340641836	POSTHOC_ROBUSTNESS_ANALYSIS	CONTROLLED_ERROR_INJECTION
2026_all5mer	seed_29	5mers_A_RNA_sparse_seq_03	site_mean_as_read	Brier_control	0.07193771362304688	0.03739516574101737	-0.03454254788202951	POSTHOC_ROBUSTNESS_ANALYSIS	CONTROLLED_ERROR_INJECTION
2026_all5mer	seed_29	5mers_A_RNA_sparse_seq_03	site_mean_as_read	Brier_modified	0.05909974082222198	0.017777901891414784	-0.041321838930807195	POSTHOC_ROBUSTNESS_ANALYSIS	CONTROLLED_ERROR_INJECTION
2026_all5mer	seed_29	5mers_A_RNA_sparse_seq_04	site_mean_as_read	Brier_observed	0.0844586014620936	0.03524515746115521	-0.04921344400093838	POSTHOC_ROBUSTNESS_ANALYSIS	CONTROLLED_ERROR_INJECTION
2026_all5mer	seed_29	5mers_A_RNA_sparse_seq_04	site_mean_as_read	Brier_equal_class	0.0878864507642103	0.04138096261089775	-0.04650548815331255	POSTHOC_ROBUSTNESS_ANALYSIS	CONTROLLED_ERROR_INJECTION
2026_all5mer	seed_29	5mers_A_RNA_sparse_seq_04	site_mean_as_read	Brier_control	0.09467720064482464	0.053536315549650874	-0.04114088509517377	POSTHOC_ROBUSTNESS_ANALYSIS	CONTROLLED_ERROR_INJECTION
2026_all5mer	seed_29	5mers_A_RNA_sparse_seq_04	site_mean_as_read	Brier_modified	0.08109570088359595	0.029225609672144628	-0.05187009121145132	POSTHOC_ROBUSTNESS_ANALYSIS	CONTROLLED_ERROR_INJECTION
2026_all5mer	seed_29	5mers_A_RNA_sparse_seq_05	site_mean_as_read	Brier_observed	0.056029608490270215	0.021033214782214597	-0.034996393708055615	POSTHOC_ROBUSTNESS_ANALYSIS	CONTROLLED_ERROR_INJECTION
2026_all5mer	seed_29	5mers_A_RNA_sparse_seq_05	site_mean_as_read	Brier_equal_class	0.06193991786958281	0.027061711873575825	-0.03487820599600699	POSTHOC_ROBUSTNESS_ANALYSIS	CONTROLLED_ERROR_INJECTION
2026_all5mer	seed_29	5mers_A_RNA_sparse_seq_05	site_mean_as_read	Brier_control	0.0727369634954779	0.038074664660587676	-0.03466229883489022	POSTHOC_ROBUSTNESS_ANALYSIS	CONTROLLED_ERROR_INJECTION
2026_all5mer	seed_29	5mers_A_RNA_sparse_seq_05	site_mean_as_read	Brier_modified	0.05114287224368773	0.016048759086563977	-0.035094113157123755	POSTHOC_ROBUSTNESS_ANALYSIS	CONTROLLED_ERROR_INJECTION
2026_all5mer	seed_29	5mers_A_RNA_sparse_seq_06	site_mean_as_read	Brier_observed	0.07249133386344553	0.025978231843271006	-0.04651310202017452	POSTHOC_ROBUSTNESS_ANALYSIS	CONTROLLED_ERROR_INJECTION
2026_all5mer	seed_29	5mers_A_RNA_sparse_seq_06	site_mean_as_read	Brier_equal_class	0.07612999689042364	0.03069358936550093	-0.045436407524922715	POSTHOC_ROBUSTNESS_ANALYSIS	CONTROLLED_ERROR_INJECTION
2026_all5mer	seed_29	5mers_A_RNA_sparse_seq_06	site_mean_as_read	Brier_control	0.0828555870919206	0.03940930777991056	-0.04344627931201005	POSTHOC_ROBUSTNESS_ANALYSIS	CONTROLLED_ERROR_INJECTION
2026_all5mer	seed_29	5mers_A_RNA_sparse_seq_06	site_mean_as_read	Brier_modified	0.06940440668892668	0.021977870951091303	-0.04742653573783538	POSTHOC_ROBUSTNESS_ANALYSIS	CONTROLLED_ERROR_INJECTION
2026_all5mer	seed_29	5mers_A_RNA_sparse_seq_07	site_mean_as_read	Brier_observed	0.08952276366806428	0.03896687599521552	-0.05055588767284876	POSTHOC_ROBUSTNESS_ANALYSIS	CONTROLLED_ERROR_INJECTION
2026_all5mer	seed_29	5mers_A_RNA_sparse_seq_07	site_mean_as_read	Brier_equal_class	0.08889480788194795	0.042550159126773124	-0.04634464875517483	POSTHOC_ROBUSTNESS_ANALYSIS	CONTROLLED_ERROR_INJECTION
2026_all5mer	seed_29	5mers_A_RNA_sparse_seq_07	site_mean_as_read	Brier_control	0.08777934483119419	0.04891528868209079	-0.038864056149103404	POSTHOC_ROBUSTNESS_ANALYSIS	CONTROLLED_ERROR_INJECTION
2026_all5mer	seed_29	5mers_A_RNA_sparse_seq_07	site_mean_as_read	Brier_modified	0.09001027093270171	0.03618502957145545	-0.05382524136124626	POSTHOC_ROBUSTNESS_ANALYSIS	CONTROLLED_ERROR_INJECTION
2026_all5mer	seed_29	5mers_A_RNA_sparse_seq_08	site_mean_as_read	Brier_observed	0.06171698757654715	0.025156465880382842	-0.036560521696164305	POSTHOC_ROBUSTNESS_ANALYSIS	CONTROLLED_ERROR_INJECTION
2026_all5mer	seed_29	5mers_A_RNA_sparse_seq_08	site_mean_as_read	Brier_equal_class	0.07573401112062461	0.03507478669935971	-0.0406592244212649	POSTHOC_ROBUSTNESS_ANALYSIS	CONTROLLED_ERROR_INJECTION
2026_all5mer	seed_29	5mers_A_RNA_sparse_seq_08	site_mean_as_read	Brier_control	0.09874403543312456	0.051356474638755444	-0.047387560794369114	POSTHOC_ROBUSTNESS_ANALYSIS	CONTROLLED_ERROR_INJECTION
2026_all5mer	seed_29	5mers_A_RNA_sparse_seq_08	site_mean_as_read	Brier_modified	0.05272398680812468	0.018793098759963985	-0.03393088804816069	POSTHOC_ROBUSTNESS_ANALYSIS	CONTROLLED_ERROR_INJECTION
2026_all5mer	seed_29	5mers_A_RNA_sparse_seq_09	site_mean_as_read	Brier_observed	0.07597105238172742	0.028555160554828242	-0.04741589182689918	POSTHOC_ROBUSTNESS_ANALYSIS	CONTROLLED_ERROR_INJECTION
2026_all5mer	seed_29	5mers_A_RNA_sparse_seq_09	site_mean_as_read	Brier_equal_class	0.07359451828974156	0.030988816854460047	-0.042605701435281515	POSTHOC_ROBUSTNESS_ANALYSIS	CONTROLLED_ERROR_INJECTION
2026_all5mer	seed_29	5mers_A_RNA_sparse_seq_09	site_mean_as_read	Brier_control	0.06936748136723707	0.03531745454155218	-0.034050026825684886	POSTHOC_ROBUSTNESS_ANALYSIS	CONTROLLED_ERROR_INJECTION
2026_all5mer	seed_29	5mers_A_RNA_sparse_seq_09	site_mean_as_read	Brier_modified	0.07782155521224607	0.026660179167367907	-0.051161376044878165	POSTHOC_ROBUSTNESS_ANALYSIS	CONTROLLED_ERROR_INJECTION
2026_all5mer	seed_29	5mers_A_RNA_sparse_seq_10	site_mean_as_read	Brier_observed	0.05780604187871369	0.01849345156035804	-0.03931259031835565	POSTHOC_ROBUSTNESS_ANALYSIS	CONTROLLED_ERROR_INJECTION
2026_all5mer	seed_29	5mers_A_RNA_sparse_seq_10	site_mean_as_read	Brier_equal_class	0.07085446612887704	0.031178547704292483	-0.03967591842458455	POSTHOC_ROBUSTNESS_ANALYSIS	CONTROLLED_ERROR_INJECTION
2026_all5mer	seed_29	5mers_A_RNA_sparse_seq_10	site_mean_as_read	Brier_control	0.09106766151276645	0.050828914821805474	-0.040238746690960975	POSTHOC_ROBUSTNESS_ANALYSIS	CONTROLLED_ERROR_INJECTION
2026_all5mer	seed_29	5mers_A_RNA_sparse_seq_10	site_mean_as_read	Brier_modified	0.05064127074498763	0.011528180586779492	-0.03911309015820814	POSTHOC_ROBUSTNESS_ANALYSIS	CONTROLLED_ERROR_INJECTION
2026_all5mer	seed_29	5mers_A_RNA_sparse_seq_11	site_mean_as_read	Brier_observed	0.06843906367590669	0.025074826026344994	-0.043364237649561696	POSTHOC_ROBUSTNESS_ANALYSIS	CONTROLLED_ERROR_INJECTION
2026_all5mer	seed_29	5mers_A_RNA_sparse_seq_11	site_mean_as_read	Brier_equal_class	0.07530821768663781	0.033749508078830315	-0.0415587096078075	POSTHOC_ROBUSTNESS_ANALYSIS	CONTROLLED_ERROR_INJECTION
2026_all5mer	seed_29	5mers_A_RNA_sparse_seq_11	site_mean_as_read	Brier_control	0.08834233777276401	0.05020959143180535	-0.03813274634095866	POSTHOC_ROBUSTNESS_ANALYSIS	CONTROLLED_ERROR_INJECTION
2026_all5mer	seed_29	5mers_A_RNA_sparse_seq_11	site_mean_as_read	Brier_modified	0.06227409760051162	0.01728942472585527	-0.04498467287465635	POSTHOC_ROBUSTNESS_ANALYSIS	CONTROLLED_ERROR_INJECTION
2026_all5mer	seed_29	5mers_A_RNA_sparse_seq_12	site_mean_as_read	Brier_observed	0.08041840646939141	0.035191430211013654	-0.04522697625837776	POSTHOC_ROBUSTNESS_ANALYSIS	CONTROLLED_ERROR_INJECTION
2026_all5mer	seed_29	5mers_A_RNA_sparse_seq_12	site_mean_as_read	Brier_equal_class	0.09277946640514709	0.04487610138416988	-0.04790336502097721	POSTHOC_ROBUSTNESS_ANALYSIS	CONTROLLED_ERROR_INJECTION
2026_all5mer	seed_29	5mers_A_RNA_sparse_seq_12	site_mean_as_read	Brier_control	0.11474179991201502	0.062083200072685724	-0.0526585998393293	POSTHOC_ROBUSTNESS_ANALYSIS	CONTROLLED_ERROR_INJECTION
2026_all5mer	seed_29	5mers_A_RNA_sparse_seq_12	site_mean_as_read	Brier_modified	0.07081713289827914	0.027669002695654032	-0.043148130202625104	POSTHOC_ROBUSTNESS_ANALYSIS	CONTROLLED_ERROR_INJECTION
2026_all5mer	seed_29	5mers_A_RNA_sparse_seq_13	site_mean_as_read	Brier_observed	0.07151806151093883	0.024809562966060548	-0.04670849854487828	POSTHOC_ROBUSTNESS_ANALYSIS	CONTROLLED_ERROR_INJECTION
2026_all5mer	seed_29	5mers_A_RNA_sparse_seq_13	site_mean_as_read	Brier_equal_class	0.08427230082723719	0.03765463475998834	-0.04661766606724885	POSTHOC_ROBUSTNESS_ANALYSIS	CONTROLLED_ERROR_INJECTION
2026_all5mer	seed_29	5mers_A_RNA_sparse_seq_13	site_mean_as_read	Brier_control	0.10418522508838508	0.057709373848554124	-0.04647585123983096	POSTHOC_ROBUSTNESS_ANALYSIS	CONTROLLED_ERROR_INJECTION
2026_all5mer	seed_29	5mers_A_RNA_sparse_seq_13	site_mean_as_read	Brier_modified	0.06435937656608931	0.017599895671422564	-0.04675948089466675	POSTHOC_ROBUSTNESS_ANALYSIS	CONTROLLED_ERROR_INJECTION
2026_all5mer	seed_29	5mers_A_RNA_sparse_seq_14	site_mean_as_read	Brier_observed	0.07258462393155662	0.027825063533487127	-0.0447595603980695	POSTHOC_ROBUSTNESS_ANALYSIS	CONTROLLED_ERROR_INJECTION
2026_all5mer	seed_29	5mers_A_RNA_sparse_seq_14	site_mean_as_read	Brier_equal_class	0.0838560474990256	0.03530353527331434	-0.04855251222571126	POSTHOC_ROBUSTNESS_ANALYSIS	CONTROLLED_ERROR_INJECTION
2026_all5mer	seed_29	5mers_A_RNA_sparse_seq_14	site_mean_as_read	Brier_control	0.10250804735266644	0.04767894224491453	-0.054829105107751915	POSTHOC_ROBUSTNESS_ANALYSIS	CONTROLLED_ERROR_INJECTION
2026_all5mer	seed_29	5mers_A_RNA_sparse_seq_14	site_mean_as_read	Brier_modified	0.06520404764538476	0.022928128301714146	-0.042275919343670615	POSTHOC_ROBUSTNESS_ANALYSIS	CONTROLLED_ERROR_INJECTION
2026_all5mer	seed_29	5mers_A_RNA_sparse_seq_15	site_mean_as_read	Brier_observed	0.09348172990102617	0.04123772058535025	-0.05224400931567592	POSTHOC_ROBUSTNESS_ANALYSIS	CONTROLLED_ERROR_INJECTION
2026_all5mer	seed_29	5mers_A_RNA_sparse_seq_15	site_mean_as_read	Brier_equal_class	0.09625425919148412	0.04712332128248159	-0.049130937909002526	POSTHOC_ROBUSTNESS_ANALYSIS	CONTROLLED_ERROR_INJECTION
2026_all5mer	seed_29	5mers_A_RNA_sparse_seq_15	site_mean_as_read	Brier_control	0.10212549768892445	0.05958694628817149	-0.042538551400752966	POSTHOC_ROBUSTNESS_ANALYSIS	CONTROLLED_ERROR_INJECTION
2026_all5mer	seed_29	5mers_A_RNA_sparse_seq_15	site_mean_as_read	Brier_modified	0.09038302069404376	0.0346596962767917	-0.055723324417252064	POSTHOC_ROBUSTNESS_ANALYSIS	CONTROLLED_ERROR_INJECTION
2026_all5mer	seed_29	5mers_A_RNA_sparse_seq_16	site_mean_as_read	Brier_observed	0.08133945051264715	0.03205714723905684	-0.04928230327359032	POSTHOC_ROBUSTNESS_ANALYSIS	CONTROLLED_ERROR_INJECTION
2026_all5mer	seed_29	5mers_A_RNA_sparse_seq_16	site_mean_as_read	Brier_equal_class	0.08144884176187582	0.03540279656101705	-0.04604604520085877	POSTHOC_ROBUSTNESS_ANALYSIS	CONTROLLED_ERROR_INJECTION
2026_all5mer	seed_29	5mers_A_RNA_sparse_seq_16	site_mean_as_read	Brier_control	0.0816997981571651	0.04307810971139635	-0.038621688445768756	POSTHOC_ROBUSTNESS_ANALYSIS	CONTROLLED_ERROR_INJECTION
2026_all5mer	seed_29	5mers_A_RNA_sparse_seq_16	site_mean_as_read	Brier_modified	0.08119788536658654	0.02772748341063775	-0.053470401955948786	POSTHOC_ROBUSTNESS_ANALYSIS	CONTROLLED_ERROR_INJECTION
2026_all5mer	seed_29	5mers_A_RNA_sparse_seq_17	site_mean_as_read	Brier_observed	0.0682448548697383	0.022634413756676637	-0.045610441113061666	POSTHOC_ROBUSTNESS_ANALYSIS	CONTROLLED_ERROR_INJECTION
2026_all5mer	seed_29	5mers_A_RNA_sparse_seq_17	site_mean_as_read	Brier_equal_class	0.07177601941710524	0.02830489245069768	-0.04347112696640756	POSTHOC_ROBUSTNESS_ANALYSIS	CONTROLLED_ERROR_INJECTION
2026_all5mer	seed_29	5mers_A_RNA_sparse_seq_17	site_mean_as_read	Brier_control	0.07817407003263148	0.038579126124022936	-0.03959494390860854	POSTHOC_ROBUSTNESS_ANALYSIS	CONTROLLED_ERROR_INJECTION
2026_all5mer	seed_29	5mers_A_RNA_sparse_seq_17	site_mean_as_read	Brier_modified	0.065377968801579	0.01803065877737242	-0.047347310024206585	POSTHOC_ROBUSTNESS_ANALYSIS	CONTROLLED_ERROR_INJECTION
2026_all5mer	seed_29	5mers_A_RNA_sparse_seq_18	site_mean_as_read	Brier_observed	0.06501594992244945	0.02320070431086214	-0.04181524561158731	POSTHOC_ROBUSTNESS_ANALYSIS	CONTROLLED_ERROR_INJECTION
2026_all5mer	seed_29	5mers_A_RNA_sparse_seq_18	site_mean_as_read	Brier_equal_class	0.0790997499124447	0.03487163777317002	-0.04422811213927468	POSTHOC_ROBUSTNESS_ANALYSIS	CONTROLLED_ERROR_INJECTION
2026_all5mer	seed_29	5mers_A_RNA_sparse_seq_18	site_mean_as_read	Brier_control	0.10317352137614771	0.054821039578029	-0.04835248179811871	POSTHOC_ROBUSTNESS_ANALYSIS	CONTROLLED_ERROR_INJECTION
2026_all5mer	seed_29	5mers_A_RNA_sparse_seq_18	site_mean_as_read	Brier_modified	0.05502597844874167	0.01492223596831103	-0.040103742480430644	POSTHOC_ROBUSTNESS_ANALYSIS	CONTROLLED_ERROR_INJECTION
2026_all5mer	seed_29	5mers_A_RNA_sparse_seq_19	site_mean_as_read	Brier_observed	0.07523877185707004	0.030691155358294753	-0.04454761649877528	POSTHOC_ROBUSTNESS_ANALYSIS	CONTROLLED_ERROR_INJECTION
2026_all5mer	seed_29	5mers_A_RNA_sparse_seq_19	site_mean_as_read	Brier_equal_class	0.08423261586947497	0.043789033030911674	-0.0404435828385633	POSTHOC_ROBUSTNESS_ANALYSIS	CONTROLLED_ERROR_INJECTION
2026_all5mer	seed_29	5mers_A_RNA_sparse_seq_19	site_mean_as_read	Brier_control	0.09756937770978778	0.06321157081256622	-0.034357806897221566	POSTHOC_ROBUSTNESS_ANALYSIS	CONTROLLED_ERROR_INJECTION
2026_all5mer	seed_29	5mers_A_RNA_sparse_seq_19	site_mean_as_read	Brier_modified	0.07089585402916218	0.024366495249257127	-0.04652935877990505	POSTHOC_ROBUSTNESS_ANALYSIS	CONTROLLED_ERROR_INJECTION
2026_all5mer	seed_29	5mers_A_RNA_sparse_seq_20	site_mean_as_read	Brier_observed	0.0900278799874442	0.0372581120933839	-0.0527697678940603	POSTHOC_ROBUSTNESS_ANALYSIS	CONTROLLED_ERROR_INJECTION
2026_all5mer	seed_29	5mers_A_RNA_sparse_seq_20	site_mean_as_read	Brier_equal_class	0.09827837292055022	0.04435755764269703	-0.05392081527785319	POSTHOC_ROBUSTNESS_ANALYSIS	CONTROLLED_ERROR_INJECTION
2026_all5mer	seed_29	5mers_A_RNA_sparse_seq_20	site_mean_as_read	Brier_control	0.11787796020507812	0.061222756345816476	-0.05665520385926165	POSTHOC_ROBUSTNESS_ANALYSIS	CONTROLLED_ERROR_INJECTION
2026_all5mer	seed_29	5mers_A_RNA_sparse_seq_20	site_mean_as_read	Brier_modified	0.07867878563602233	0.02749235893957759	-0.05118642669644474	POSTHOC_ROBUSTNESS_ANALYSIS	CONTROLLED_ERROR_INJECTION
2026_all5mer	seed_29	5mers_A_RNA_sparse_seq_21	site_mean_as_read	Brier_observed	0.05758595293308468	0.01946805400314739	-0.03811789892993729	POSTHOC_ROBUSTNESS_ANALYSIS	CONTROLLED_ERROR_INJECTION
2026_all5mer	seed_29	5mers_A_RNA_sparse_seq_21	site_mean_as_read	Brier_equal_class	0.07055959272513868	0.030177286608702267	-0.04038230611643641	POSTHOC_ROBUSTNESS_ANALYSIS	CONTROLLED_ERROR_INJECTION
2026_all5mer	seed_29	5mers_A_RNA_sparse_seq_21	site_mean_as_read	Brier_control	0.09491361829969618	0.050280582903340365	-0.04463303539635581	POSTHOC_ROBUSTNESS_ANALYSIS	CONTROLLED_ERROR_INJECTION
2026_all5mer	seed_29	5mers_A_RNA_sparse_seq_21	site_mean_as_read	Brier_modified	0.046205567150581175	0.010073990314064168	-0.03613157683651701	POSTHOC_ROBUSTNESS_ANALYSIS	CONTROLLED_ERROR_INJECTION
2026_all5mer	seed_29	5mers_A_RNA_sparse_seq_22	site_mean_as_read	Brier_observed	0.10859721363733563	0.05290429474058504	-0.055692918896750584	POSTHOC_ROBUSTNESS_ANALYSIS	CONTROLLED_ERROR_INJECTION
2026_all5mer	seed_29	5mers_A_RNA_sparse_seq_22	site_mean_as_read	Brier_equal_class	0.11147831222501481	0.056653454052433896	-0.05482485817258091	POSTHOC_ROBUSTNESS_ANALYSIS	CONTROLLED_ERROR_INJECTION
2026_all5mer	seed_29	5mers_A_RNA_sparse_seq_22	site_mean_as_read	Brier_control	0.11859843367237155	0.06591883280066886	-0.05267960087170269	POSTHOC_ROBUSTNESS_ANALYSIS	CONTROLLED_ERROR_INJECTION
2026_all5mer	seed_29	5mers_A_RNA_sparse_seq_22	site_mean_as_read	Brier_modified	0.10435819077765805	0.04738807530419894	-0.056970115473459114	POSTHOC_ROBUSTNESS_ANALYSIS	CONTROLLED_ERROR_INJECTION
2026_all5mer	seed_29	5mers_A_RNA_sparse_seq_23	site_mean_as_read	Brier_observed	0.09996145101384099	0.042814091998707844	-0.057147359015133146	POSTHOC_ROBUSTNESS_ANALYSIS	CONTROLLED_ERROR_INJECTION
2026_all5mer	seed_29	5mers_A_RNA_sparse_seq_23	site_mean_as_read	Brier_equal_class	0.1089888505006735	0.05316679770817291	-0.05582205279250059	POSTHOC_ROBUSTNESS_ANALYSIS	CONTROLLED_ERROR_INJECTION
2026_all5mer	seed_29	5mers_A_RNA_sparse_seq_23	site_mean_as_read	Brier_control	0.12632951442365603	0.07305323240769304	-0.05327628201596299	POSTHOC_ROBUSTNESS_ANALYSIS	CONTROLLED_ERROR_INJECTION
2026_all5mer	seed_29	5mers_A_RNA_sparse_seq_23	site_mean_as_read	Brier_modified	0.09164818657769097	0.03328036300865279	-0.058367823569038184	POSTHOC_ROBUSTNESS_ANALYSIS	CONTROLLED_ERROR_INJECTION
2026_all5mer	seed_29	5mers_A_RNA_sparse_seq_24	site_mean_as_read	Brier_observed	0.06975285165859034	0.029206672720241533	-0.040546178938348804	POSTHOC_ROBUSTNESS_ANALYSIS	CONTROLLED_ERROR_INJECTION
2026_all5mer	seed_29	5mers_A_RNA_sparse_seq_24	site_mean_as_read	Brier_equal_class	0.081477539390646	0.03924649466040729	-0.04223104473023871	POSTHOC_ROBUSTNESS_ANALYSIS	CONTROLLED_ERROR_INJECTION
2026_all5mer	seed_29	5mers_A_RNA_sparse_seq_24	site_mean_as_read	Brier_control	0.10709262150590138	0.06118062794369937	-0.045911993562202005	POSTHOC_ROBUSTNESS_ANALYSIS	CONTROLLED_ERROR_INJECTION
2026_all5mer	seed_29	5mers_A_RNA_sparse_seq_24	site_mean_as_read	Brier_modified	0.055862457275390624	0.01731236137711522	-0.038550095898275405	POSTHOC_ROBUSTNESS_ANALYSIS	CONTROLLED_ERROR_INJECTION
2026_all5mer	seed_29	5mers_A_RNA_sparse_seq_25	site_mean_as_read	Brier_observed	0.08399923476215188	0.03806953502532949	-0.045929699736822385	POSTHOC_ROBUSTNESS_ANALYSIS	CONTROLLED_ERROR_INJECTION
2026_all5mer	seed_29	5mers_A_RNA_sparse_seq_25	site_mean_as_read	Brier_equal_class	0.08451338270999056	0.040136231867025335	-0.04437715084296523	POSTHOC_ROBUSTNESS_ANALYSIS	CONTROLLED_ERROR_INJECTION
2026_all5mer	seed_29	5mers_A_RNA_sparse_seq_25	site_mean_as_read	Brier_control	0.08545500232327369	0.04392121688744914	-0.04153378543582455	POSTHOC_ROBUSTNESS_ANALYSIS	CONTROLLED_ERROR_INJECTION
2026_all5mer	seed_29	5mers_A_RNA_sparse_seq_25	site_mean_as_read	Brier_modified	0.08357176309670744	0.03635124684660153	-0.04722051625010591	POSTHOC_ROBUSTNESS_ANALYSIS	CONTROLLED_ERROR_INJECTION
2026_all5mer	seed_29	5mers_A_RNA_sparse_seq_26	site_mean_as_read	Brier_observed	0.07571301586516277	0.02948350420983736	-0.046229511655325406	POSTHOC_ROBUSTNESS_ANALYSIS	CONTROLLED_ERROR_INJECTION
2026_all5mer	seed_29	5mers_A_RNA_sparse_seq_26	site_mean_as_read	Brier_equal_class	0.08262409004450288	0.03696305643119533	-0.045661033613307554	POSTHOC_ROBUSTNESS_ANALYSIS	CONTROLLED_ERROR_INJECTION
2026_all5mer	seed_29	5mers_A_RNA_sparse_seq_26	site_mean_as_read	Brier_control	0.09593129562119306	0.051364860904476756	-0.0445664347167163	POSTHOC_ROBUSTNESS_ANALYSIS	CONTROLLED_ERROR_INJECTION
2026_all5mer	seed_29	5mers_A_RNA_sparse_seq_26	site_mean_as_read	Brier_modified	0.06931688446781271	0.022561251957913905	-0.04675563250989881	POSTHOC_ROBUSTNESS_ANALYSIS	CONTROLLED_ERROR_INJECTION
2026_all5mer	seed_29	5mers_A_RNA_sparse_seq_27	site_mean_as_read	Brier_observed	0.05679324144985587	0.01946944500780629	-0.037323796442049584	POSTHOC_ROBUSTNESS_ANALYSIS	CONTROLLED_ERROR_INJECTION
2026_all5mer	seed_29	5mers_A_RNA_sparse_seq_27	site_mean_as_read	Brier_equal_class	0.0772646630688123	0.03433980008000265	-0.04292486298880965	POSTHOC_ROBUSTNESS_ANALYSIS	CONTROLLED_ERROR_INJECTION
2026_all5mer	seed_29	5mers_A_RNA_sparse_seq_27	site_mean_as_read	Brier_control	0.11162871910781456	0.05930170670927301	-0.05232701239854155	POSTHOC_ROBUSTNESS_ANALYSIS	CONTROLLED_ERROR_INJECTION
2026_all5mer	seed_29	5mers_A_RNA_sparse_seq_27	site_mean_as_read	Brier_modified	0.04290060702981003	0.009377893450732278	-0.033522713579077754	POSTHOC_ROBUSTNESS_ANALYSIS	CONTROLLED_ERROR_INJECTION
2026_all5mer	seed_29	5mers_A_RNA_sparse_seq_28	site_mean_as_read	Brier_observed	0.07808242661915803	0.03147372645422182	-0.046608700164936206	POSTHOC_ROBUSTNESS_ANALYSIS	CONTROLLED_ERROR_INJECTION
2026_all5mer	seed_29	5mers_A_RNA_sparse_seq_28	site_mean_as_read	Brier_equal_class	0.07765897339013214	0.03290695788693315	-0.04475201550319899	POSTHOC_ROBUSTNESS_ANALYSIS	CONTROLLED_ERROR_INJECTION
2026_all5mer	seed_29	5mers_A_RNA_sparse_seq_28	site_mean_as_read	Brier_control	0.07699184882931592	0.035164926003731	-0.04182692282558492	POSTHOC_ROBUSTNESS_ANALYSIS	CONTROLLED_ERROR_INJECTION
2026_all5mer	seed_29	5mers_A_RNA_sparse_seq_28	site_mean_as_read	Brier_modified	0.07832609795094836	0.0306489897701353	-0.047677108180813055	POSTHOC_ROBUSTNESS_ANALYSIS	CONTROLLED_ERROR_INJECTION
2026_all5mer	seed_29	5mers_A_RNA_sparse_seq_29	site_mean_as_read	Brier_observed	0.05698097145164406	0.01866962624203984	-0.03831134520960422	POSTHOC_ROBUSTNESS_ANALYSIS	CONTROLLED_ERROR_INJECTION
2026_all5mer	seed_29	5mers_A_RNA_sparse_seq_29	site_mean_as_read	Brier_equal_class	0.07349038423921225	0.031758342956405006	-0.04173204128280725	POSTHOC_ROBUSTNESS_ANALYSIS	CONTROLLED_ERROR_INJECTION
2026_all5mer	seed_29	5mers_A_RNA_sparse_seq_29	site_mean_as_read	Brier_control	0.09772194171773976	0.05096920135974743	-0.04675274035799233	POSTHOC_ROBUSTNESS_ANALYSIS	CONTROLLED_ERROR_INJECTION
2026_all5mer	seed_29	5mers_A_RNA_sparse_seq_29	site_mean_as_read	Brier_modified	0.04925882676068474	0.012547484553062586	-0.03671134220762216	POSTHOC_ROBUSTNESS_ANALYSIS	CONTROLLED_ERROR_INJECTION
2026_all5mer	seed_29	5mers_A_RNA_sparse_seq_30	site_mean_as_read	Brier_observed	0.09355768716957674	0.04058527656906973	-0.05297241060050701	POSTHOC_ROBUSTNESS_ANALYSIS	CONTROLLED_ERROR_INJECTION
2026_all5mer	seed_29	5mers_A_RNA_sparse_seq_30	site_mean_as_read	Brier_equal_class	0.0849413620692828	0.03792869366449044	-0.04701266840479235	POSTHOC_ROBUSTNESS_ANALYSIS	CONTROLLED_ERROR_INJECTION
2026_all5mer	seed_29	5mers_A_RNA_sparse_seq_30	site_mean_as_read	Brier_control	0.06534807485491571	0.0318876969225704	-0.03346037793234531	POSTHOC_ROBUSTNESS_ANALYSIS	CONTROLLED_ERROR_INJECTION
2026_all5mer	seed_29	5mers_A_RNA_sparse_seq_30	site_mean_as_read	Brier_modified	0.10453464928364986	0.04396969040641048	-0.06056495887723938	POSTHOC_ROBUSTNESS_ANALYSIS	CONTROLLED_ERROR_INJECTION
2026_all5mer	seed_29	5mers_A_RNA_sparse_seq_31	site_mean_as_read	Brier_observed	0.0599393949866558	0.019575570859561683	-0.04036382412709412	POSTHOC_ROBUSTNESS_ANALYSIS	CONTROLLED_ERROR_INJECTION
2026_all5mer	seed_29	5mers_A_RNA_sparse_seq_31	site_mean_as_read	Brier_equal_class	0.06835764097556091	0.029786514566849116	-0.03857112640871179	POSTHOC_ROBUSTNESS_ANALYSIS	CONTROLLED_ERROR_INJECTION
2026_all5mer	seed_29	5mers_A_RNA_sparse_seq_31	site_mean_as_read	Brier_control	0.08119759192833534	0.04536078224160066	-0.03583680968673468	POSTHOC_ROBUSTNESS_ANALYSIS	CONTROLLED_ERROR_INJECTION
2026_all5mer	seed_29	5mers_A_RNA_sparse_seq_31	site_mean_as_read	Brier_modified	0.05551769002278646	0.014212246892097578	-0.04130544313068889	POSTHOC_ROBUSTNESS_ANALYSIS	CONTROLLED_ERROR_INJECTION
2026_all5mer	seed_29	5mers_A_RNA_sparse_seq_32	site_mean_as_read	Brier_observed	0.08562874981737513	0.03760518139763847	-0.04802356841973666	POSTHOC_ROBUSTNESS_ANALYSIS	CONTROLLED_ERROR_INJECTION
2026_all5mer	seed_29	5mers_A_RNA_sparse_seq_32	site_mean_as_read	Brier_equal_class	0.0915829875559902	0.04372245614108939	-0.04786053141490081	POSTHOC_ROBUSTNESS_ANALYSIS	CONTROLLED_ERROR_INJECTION
2026_all5mer	seed_29	5mers_A_RNA_sparse_seq_32	site_mean_as_read	Brier_control	0.10397951530687737	0.05645842159056917	-0.047521093716308194	POSTHOC_ROBUSTNESS_ANALYSIS	CONTROLLED_ERROR_INJECTION
2026_all5mer	seed_29	5mers_A_RNA_sparse_seq_32	site_mean_as_read	Brier_modified	0.07918645980510305	0.030986490691609605	-0.048199969113493446	POSTHOC_ROBUSTNESS_ANALYSIS	CONTROLLED_ERROR_INJECTION
2026_all5mer	seed_29	ALL	site_mean_as_read	Brier_observed	0.0753649333584289	0.02992724064759434	-0.04543769271083457	POSTHOC_ROBUSTNESS_ANALYSIS	CONTROLLED_ERROR_INJECTION
2026_all5mer	seed_29	ALL	site_mean_as_read	Brier_equal_class	0.08189268769066184	0.03707391943397918	-0.044818768256682656	POSTHOC_ROBUSTNESS_ANALYSIS	CONTROLLED_ERROR_INJECTION
2026_all5mer	seed_29	ALL	site_mean_as_read	Brier_control	0.0938754535103202	0.05019282280059471	-0.043682630709725494	POSTHOC_ROBUSTNESS_ANALYSIS	CONTROLLED_ERROR_INJECTION
2026_all5mer	seed_29	ALL	site_mean_as_read	Brier_modified	0.06990992187100348	0.023955016067363652	-0.045954905803639826	POSTHOC_ROBUSTNESS_ANALYSIS	CONTROLLED_ERROR_INJECTION
2026_all5mer	seed_47	5mers_A_RNA_sparse_seq_01	high_p_filter	Brier_observed	0.06755021672263788	0.00612625463048839	-0.06142396209214949	POSTHOC_ROBUSTNESS_ANALYSIS	CONTROLLED_ERROR_INJECTION
2026_all5mer	seed_47	5mers_A_RNA_sparse_seq_01	high_p_filter	Brier_equal_class	0.06845379270356278	0.4641967516266898	0.395742958923127	POSTHOC_ROBUSTNESS_ANALYSIS	CONTROLLED_ERROR_INJECTION
2026_all5mer	seed_47	5mers_A_RNA_sparse_seq_01	high_p_filter	Brier_control	0.07020779313712285	0.9274431864420573	0.8572353933049344	POSTHOC_ROBUSTNESS_ANALYSIS	CONTROLLED_ERROR_INJECTION
2026_all5mer	seed_47	5mers_A_RNA_sparse_seq_01	high_p_filter	Brier_modified	0.0666997922700027	0.0009503168113222729	-0.06574947545868043	POSTHOC_ROBUSTNESS_ANALYSIS	CONTROLLED_ERROR_INJECTION
2026_all5mer	seed_47	5mers_A_RNA_sparse_seq_02	high_p_filter	Brier_observed	0.08504958858838188	0.004589080810546875	-0.080460507777835	POSTHOC_ROBUSTNESS_ANALYSIS	CONTROLLED_ERROR_INJECTION
2026_all5mer	seed_47	5mers_A_RNA_sparse_seq_02	high_p_filter	Brier_equal_class	0.080376367882247	0.4529579409703552	0.3725815730881082	POSTHOC_ROBUSTNESS_ANALYSIS	CONTROLLED_ERROR_INJECTION
2026_all5mer	seed_47	5mers_A_RNA_sparse_seq_02	high_p_filter	Brier_control	0.07134147451705292	0.9049720764160156	0.8336306018989628	POSTHOC_ROBUSTNESS_ANALYSIS	CONTROLLED_ERROR_INJECTION
2026_all5mer	seed_47	5mers_A_RNA_sparse_seq_02	high_p_filter	Brier_modified	0.08941126124744109	0.0009438055246947748	-0.08846745572274631	POSTHOC_ROBUSTNESS_ANALYSIS	CONTROLLED_ERROR_INJECTION
2026_all5mer	seed_47	5mers_A_RNA_sparse_seq_03	high_p_filter	Brier_observed	0.05880694643035127	0.0024187360491071427	-0.05638821038124413	POSTHOC_ROBUSTNESS_ANALYSIS	CONTROLLED_ERROR_INJECTION
2026_all5mer	seed_47	5mers_A_RNA_sparse_seq_03	high_p_filter	Brier_equal_class	0.07590771035916674	0.46396140847521733	0.3880536981160506	POSTHOC_ROBUSTNESS_ANALYSIS	CONTROLLED_ERROR_INJECTION
2026_all5mer	seed_47	5mers_A_RNA_sparse_seq_03	high_p_filter	Brier_control	0.10502010144685445	0.9271583557128906	0.8221382542660362	POSTHOC_ROBUSTNESS_ANALYSIS	CONTROLLED_ERROR_INJECTION
2026_all5mer	seed_47	5mers_A_RNA_sparse_seq_03	high_p_filter	Brier_modified	0.04679531927147903	0.000764461237544024	-0.046030858033935	POSTHOC_ROBUSTNESS_ANALYSIS	CONTROLLED_ERROR_INJECTION
2026_all5mer	seed_47	5mers_A_RNA_sparse_seq_04	high_p_filter	Brier_observed	0.09284906604308091	0.015369195957692986	-0.07747987008538793	POSTHOC_ROBUSTNESS_ANALYSIS	CONTROLLED_ERROR_INJECTION
2026_all5mer	seed_47	5mers_A_RNA_sparse_seq_04	high_p_filter	Brier_equal_class	0.10503990781807018	0.43884814905473235	0.3338082412366622	POSTHOC_ROBUSTNESS_ANALYSIS	CONTROLLED_ERROR_INJECTION
2026_all5mer	seed_47	5mers_A_RNA_sparse_seq_04	high_p_filter	Brier_control	0.12824021082490547	0.8767127990722656	0.7484725882473602	POSTHOC_ROBUSTNESS_ANALYSIS	CONTROLLED_ERROR_INJECTION
2026_all5mer	seed_47	5mers_A_RNA_sparse_seq_04	high_p_filter	Brier_modified	0.08183960481123491	0.00098349903719908	-0.08085610577403583	POSTHOC_ROBUSTNESS_ANALYSIS	CONTROLLED_ERROR_INJECTION
2026_all5mer	seed_47	5mers_A_RNA_sparse_seq_05	high_p_filter	Brier_observed	0.062009039664918275	0.005129563869783849	-0.05687947579513443	POSTHOC_ROBUSTNESS_ANALYSIS	CONTROLLED_ERROR_INJECTION
2026_all5mer	seed_47	5mers_A_RNA_sparse_seq_05	high_p_filter	Brier_equal_class	0.07465665302579365	0.4276465054216056	0.35298985239581193	POSTHOC_ROBUSTNESS_ANALYSIS	CONTROLLED_ERROR_INJECTION
2026_all5mer	seed_47	5mers_A_RNA_sparse_seq_05	high_p_filter	Brier_control	0.09627999199761285	0.8545570373535156	0.7582770453559028	POSTHOC_ROBUSTNESS_ANALYSIS	CONTROLLED_ERROR_INJECTION
2026_all5mer	seed_47	5mers_A_RNA_sparse_seq_05	high_p_filter	Brier_modified	0.053033314053974455	0.0007359734896955819	-0.05229734056427887	POSTHOC_ROBUSTNESS_ANALYSIS	CONTROLLED_ERROR_INJECTION
2026_all5mer	seed_47	5mers_A_RNA_sparse_seq_06	high_p_filter	Brier_observed	0.08059464776528417	0.014341019051737507	-0.06625362871354668	POSTHOC_ROBUSTNESS_ANALYSIS	CONTROLLED_ERROR_INJECTION
2026_all5mer	seed_47	5mers_A_RNA_sparse_seq_06	high_p_filter	Brier_equal_class	0.08568106928809502	0.44671311259498525	0.3610320433068902	POSTHOC_ROBUSTNESS_ANALYSIS	CONTROLLED_ERROR_INJECTION
2026_all5mer	seed_47	5mers_A_RNA_sparse_seq_06	high_p_filter	Brier_control	0.09502407388949613	0.8925704956054688	0.7975464217159727	POSTHOC_ROBUSTNESS_ANALYSIS	CONTROLLED_ERROR_INJECTION
2026_all5mer	seed_47	5mers_A_RNA_sparse_seq_06	high_p_filter	Brier_modified	0.07633806468669391	0.0008557295845017095	-0.0754823351021922	POSTHOC_ROBUSTNESS_ANALYSIS	CONTROLLED_ERROR_INJECTION
2026_all5mer	seed_47	5mers_A_RNA_sparse_seq_07	high_p_filter	Brier_observed	0.09116480433928247	0.0076188198007160176	-0.08354598453856645	POSTHOC_ROBUSTNESS_ANALYSIS	CONTROLLED_ERROR_INJECTION
2026_all5mer	seed_47	5mers_A_RNA_sparse_seq_07	high_p_filter	Brier_equal_class	0.09153319725981568	0.4413729903721573	0.34983979311234165	POSTHOC_ROBUSTNESS_ANALYSIS	CONTROLLED_ERROR_INJECTION
2026_all5mer	seed_47	5mers_A_RNA_sparse_seq_07	high_p_filter	Brier_control	0.09216828779740767	0.8820533752441406	0.7898850874467329	POSTHOC_ROBUSTNESS_ANALYSIS	CONTROLLED_ERROR_INJECTION
2026_all5mer	seed_47	5mers_A_RNA_sparse_seq_07	high_p_filter	Brier_modified	0.09089810672222368	0.0006926055001740409	-0.09020550122204964	POSTHOC_ROBUSTNESS_ANALYSIS	CONTROLLED_ERROR_INJECTION
2026_all5mer	seed_47	5mers_A_RNA_sparse_seq_08	high_p_filter	Brier_observed	0.08901643331071972	0.008704878265888545	-0.08031155504483117	POSTHOC_ROBUSTNESS_ANALYSIS	CONTROLLED_ERROR_INJECTION
2026_all5mer	seed_47	5mers_A_RNA_sparse_seq_08	high_p_filter	Brier_equal_class	0.10242322180609208	0.4354556069445254	0.3330323851384333	POSTHOC_ROBUSTNESS_ANALYSIS	CONTROLLED_ERROR_INJECTION
2026_all5mer	seed_47	5mers_A_RNA_sparse_seq_08	high_p_filter	Brier_control	0.12331931973681037	0.8702430725097656	0.7469237527729553	POSTHOC_ROBUSTNESS_ANALYSIS	CONTROLLED_ERROR_INJECTION
2026_all5mer	seed_47	5mers_A_RNA_sparse_seq_08	high_p_filter	Brier_modified	0.08152712387537378	0.0006681413792852146	-0.08085898249608857	POSTHOC_ROBUSTNESS_ANALYSIS	CONTROLLED_ERROR_INJECTION
2026_all5mer	seed_47	5mers_A_RNA_sparse_seq_09	high_p_filter	Brier_observed	0.08439220693871487	0.0028755490142520113	-0.08151665792446286	POSTHOC_ROBUSTNESS_ANALYSIS	CONTROLLED_ERROR_INJECTION
2026_all5mer	seed_47	5mers_A_RNA_sparse_seq_09	high_p_filter	Brier_equal_class	0.08628434746267816	0.47543001931811135	0.3891456718554332	POSTHOC_ROBUSTNESS_ANALYSIS	CONTROLLED_ERROR_INJECTION
2026_all5mer	seed_47	5mers_A_RNA_sparse_seq_09	high_p_filter	Brier_control	0.08990687494692595	0.9498634338378906	0.8599565588909647	POSTHOC_ROBUSTNESS_ANALYSIS	CONTROLLED_ERROR_INJECTION
2026_all5mer	seed_47	5mers_A_RNA_sparse_seq_09	high_p_filter	Brier_modified	0.08266181997843036	0.0009966047983320933	-0.08166521518009827	POSTHOC_ROBUSTNESS_ANALYSIS	CONTROLLED_ERROR_INJECTION
2026_all5mer	seed_47	5mers_A_RNA_sparse_seq_10	high_p_filter	Brier_observed	0.05071479619146056	0.0052639589471332095	-0.04545083724432735	POSTHOC_ROBUSTNESS_ANALYSIS	CONTROLLED_ERROR_INJECTION
2026_all5mer	seed_47	5mers_A_RNA_sparse_seq_10	high_p_filter	Brier_equal_class	0.06800548358736948	0.45831944575572403	0.39031396216835457	POSTHOC_ROBUSTNESS_ANALYSIS	CONTROLLED_ERROR_INJECTION
2026_all5mer	seed_47	5mers_A_RNA_sparse_seq_10	high_p_filter	Brier_control	0.09695209060584642	0.9160296122233073	0.8190775216174608	POSTHOC_ROBUSTNESS_ANALYSIS	CONTROLLED_ERROR_INJECTION
2026_all5mer	seed_47	5mers_A_RNA_sparse_seq_10	high_p_filter	Brier_modified	0.039058876568892544	0.0006092792881408379	-0.03844959728075171	POSTHOC_ROBUSTNESS_ANALYSIS	CONTROLLED_ERROR_INJECTION
2026_all5mer	seed_47	5mers_A_RNA_sparse_seq_11	high_p_filter	Brier_observed	0.06416605815986277	0.00541755689869165	-0.05874850126117112	POSTHOC_ROBUSTNESS_ANALYSIS	CONTROLLED_ERROR_INJECTION
2026_all5mer	seed_47	5mers_A_RNA_sparse_seq_11	high_p_filter	Brier_equal_class	0.07161429436144919	0.4469032561052657	0.37528896174381654	POSTHOC_ROBUSTNESS_ANALYSIS	CONTROLLED_ERROR_INJECTION
2026_all5mer	seed_47	5mers_A_RNA_sparse_seq_11	high_p_filter	Brier_control	0.0860181980378638	0.8931617736816406	0.8071435756437768	POSTHOC_ROBUSTNESS_ANALYSIS	CONTROLLED_ERROR_INJECTION
2026_all5mer	seed_47	5mers_A_RNA_sparse_seq_11	high_p_filter	Brier_modified	0.05721039068503458	0.000644738528890849	-0.05656565215614373	POSTHOC_ROBUSTNESS_ANALYSIS	CONTROLLED_ERROR_INJECTION
2026_all5mer	seed_47	5mers_A_RNA_sparse_seq_12	high_p_filter	Brier_observed	0.07208130780388328	0.00711547042595621	-0.06496583737792706	POSTHOC_ROBUSTNESS_ANALYSIS	CONTROLLED_ERROR_INJECTION
2026_all5mer	seed_47	5mers_A_RNA_sparse_seq_12	high_p_filter	Brier_equal_class	0.08729793894893992	0.4335992929026567	0.34630135395371675	POSTHOC_ROBUSTNESS_ANALYSIS	CONTROLLED_ERROR_INJECTION
2026_all5mer	seed_47	5mers_A_RNA_sparse_seq_12	high_p_filter	Brier_control	0.11340353550055088	0.8664131164550781	0.7530095809545272	POSTHOC_ROBUSTNESS_ANALYSIS	CONTROLLED_ERROR_INJECTION
2026_all5mer	seed_47	5mers_A_RNA_sparse_seq_12	high_p_filter	Brier_modified	0.06119234239732897	0.0007854693502352383	-0.06040687304709373	POSTHOC_ROBUSTNESS_ANALYSIS	CONTROLLED_ERROR_INJECTION
2026_all5mer	seed_47	5mers_A_RNA_sparse_seq_13	high_p_filter	Brier_observed	0.058645985921223956	0.00211288347277035	-0.05653310244845361	POSTHOC_ROBUSTNESS_ANALYSIS	CONTROLLED_ERROR_INJECTION
2026_all5mer	seed_47	5mers_A_RNA_sparse_seq_13	high_p_filter	Brier_equal_class	0.06795556609695022	0.4198784688663975	0.35192290276944727	POSTHOC_ROBUSTNESS_ANALYSIS	CONTROLLED_ERROR_INJECTION
2026_all5mer	seed_47	5mers_A_RNA_sparse_seq_13	high_p_filter	Brier_control	0.0824014663696289	0.8390846252441406	0.7566831588745118	POSTHOC_ROBUSTNESS_ANALYSIS	CONTROLLED_ERROR_INJECTION
2026_all5mer	seed_47	5mers_A_RNA_sparse_seq_13	high_p_filter	Brier_modified	0.05350966582427154	0.0006723124886543944	-0.05283735333561714	POSTHOC_ROBUSTNESS_ANALYSIS	CONTROLLED_ERROR_INJECTION
2026_all5mer	seed_47	5mers_A_RNA_sparse_seq_14	high_p_filter	Brier_observed	0.06723944546041749	0.005941457001455061	-0.06129798845896243	POSTHOC_ROBUSTNESS_ANALYSIS	CONTROLLED_ERROR_INJECTION
2026_all5mer	seed_47	5mers_A_RNA_sparse_seq_14	high_p_filter	Brier_equal_class	0.0763726461475453	0.47311900212214547	0.3967463559746002	POSTHOC_ROBUSTNESS_ANALYSIS	CONTROLLED_ERROR_INJECTION
2026_all5mer	seed_47	5mers_A_RNA_sparse_seq_14	high_p_filter	Brier_control	0.09287467920724216	0.945458730061849	0.8525840508546069	POSTHOC_ROBUSTNESS_ANALYSIS	CONTROLLED_ERROR_INJECTION
2026_all5mer	seed_47	5mers_A_RNA_sparse_seq_14	high_p_filter	Brier_modified	0.059870613087848454	0.000779274182441907	-0.05909133890540655	POSTHOC_ROBUSTNESS_ANALYSIS	CONTROLLED_ERROR_INJECTION
2026_all5mer	seed_47	5mers_A_RNA_sparse_seq_15	high_p_filter	Brier_observed	0.10203698619659095	0.013616113801508088	-0.08842087239508287	POSTHOC_ROBUSTNESS_ANALYSIS	CONTROLLED_ERROR_INJECTION
2026_all5mer	seed_47	5mers_A_RNA_sparse_seq_15	high_p_filter	Brier_equal_class	0.10954230865535498	0.434747382055355	0.32520507340000004	POSTHOC_ROBUSTNESS_ANALYSIS	CONTROLLED_ERROR_INJECTION
2026_all5mer	seed_47	5mers_A_RNA_sparse_seq_15	high_p_filter	Brier_control	0.12524646386168056	0.8685035705566406	0.74325710669496	POSTHOC_ROBUSTNESS_ANALYSIS	CONTROLLED_ERROR_INJECTION
2026_all5mer	seed_47	5mers_A_RNA_sparse_seq_15	high_p_filter	Brier_modified	0.0938381534490294	0.0009911935540694225	-0.09284695989495999	POSTHOC_ROBUSTNESS_ANALYSIS	CONTROLLED_ERROR_INJECTION
2026_all5mer	seed_47	5mers_A_RNA_sparse_seq_16	high_p_filter	Brier_observed	0.07687632995244315	0.011600866550352515	-0.06527546340209063	POSTHOC_ROBUSTNESS_ANALYSIS	CONTROLLED_ERROR_INJECTION
2026_all5mer	seed_47	5mers_A_RNA_sparse_seq_16	high_p_filter	Brier_equal_class	0.07990661975748145	0.43435077117794335	0.35444415142046193	POSTHOC_ROBUSTNESS_ANALYSIS	CONTROLLED_ERROR_INJECTION
2026_all5mer	seed_47	5mers_A_RNA_sparse_seq_16	high_p_filter	Brier_control	0.08711956309623459	0.867669423421224	0.7805498603249894	POSTHOC_ROBUSTNESS_ANALYSIS	CONTROLLED_ERROR_INJECTION
2026_all5mer	seed_47	5mers_A_RNA_sparse_seq_16	high_p_filter	Brier_modified	0.0726936764187283	0.0010321189346627444	-0.07166155748406555	POSTHOC_ROBUSTNESS_ANALYSIS	CONTROLLED_ERROR_INJECTION
2026_all5mer	seed_47	5mers_A_RNA_sparse_seq_17	high_p_filter	Brier_observed	0.054004916629275763	0.003795073204433795	-0.05020984342484197	POSTHOC_ROBUSTNESS_ANALYSIS	CONTROLLED_ERROR_INJECTION
2026_all5mer	seed_47	5mers_A_RNA_sparse_seq_17	high_p_filter	Brier_equal_class	0.057632877883943195	0.46041770145810884	0.4027848235741657	POSTHOC_ROBUSTNESS_ANALYSIS	CONTROLLED_ERROR_INJECTION
2026_all5mer	seed_47	5mers_A_RNA_sparse_seq_17	high_p_filter	Brier_control	0.063723375453031	0.9202003479003906	0.8564769724473597	POSTHOC_ROBUSTNESS_ANALYSIS	CONTROLLED_ERROR_INJECTION
2026_all5mer	seed_47	5mers_A_RNA_sparse_seq_17	high_p_filter	Brier_modified	0.0515423803148554	0.0006350550158270474	-0.05090732529902835	POSTHOC_ROBUSTNESS_ANALYSIS	CONTROLLED_ERROR_INJECTION
2026_all5mer	seed_47	5mers_A_RNA_sparse_seq_18	high_p_filter	Brier_observed	0.07414259970437533	0.020246223046791818	-0.05389637665758351	POSTHOC_ROBUSTNESS_ANALYSIS	CONTROLLED_ERROR_INJECTION
2026_all5mer	seed_47	5mers_A_RNA_sparse_seq_18	high_p_filter	Brier_equal_class	0.10472322900314512	0.4418460853104296	0.3371228563072845	POSTHOC_ROBUSTNESS_ANALYSIS	CONTROLLED_ERROR_INJECTION
2026_all5mer	seed_47	5mers_A_RNA_sparse_seq_18	high_p_filter	Brier_control	0.16182299777194187	0.8829853351299579	0.721162337358016	POSTHOC_ROBUSTNESS_ANALYSIS	CONTROLLED_ERROR_INJECTION
2026_all5mer	seed_47	5mers_A_RNA_sparse_seq_18	high_p_filter	Brier_modified	0.04762346023434839	0.0007068354909012957	-0.04691662474344709	POSTHOC_ROBUSTNESS_ANALYSIS	CONTROLLED_ERROR_INJECTION
2026_all5mer	seed_47	5mers_A_RNA_sparse_seq_19	high_p_filter	Brier_observed	0.06998355885877966	0.0019541989130471447	-0.06802935994573252	POSTHOC_ROBUSTNESS_ANALYSIS	CONTROLLED_ERROR_INJECTION
2026_all5mer	seed_47	5mers_A_RNA_sparse_seq_19	high_p_filter	Brier_equal_class	0.06649178038786836	0.41268172478593346	0.3461899443980651	POSTHOC_ROBUSTNESS_ANALYSIS	CONTROLLED_ERROR_INJECTION
2026_all5mer	seed_47	5mers_A_RNA_sparse_seq_19	high_p_filter	Brier_control	0.06089175831187855	0.8248329162597656	0.7639411579478871	POSTHOC_ROBUSTNESS_ANALYSIS	CONTROLLED_ERROR_INJECTION
2026_all5mer	seed_47	5mers_A_RNA_sparse_seq_19	high_p_filter	Brier_modified	0.07209180246385818	0.0005305333121012651	-0.07156126915175692	POSTHOC_ROBUSTNESS_ANALYSIS	CONTROLLED_ERROR_INJECTION
2026_all5mer	seed_47	5mers_A_RNA_sparse_seq_20	high_p_filter	Brier_observed	0.0950749285415437	0.021574814495873357	-0.07350011404567035	POSTHOC_ROBUSTNESS_ANALYSIS	CONTROLLED_ERROR_INJECTION
2026_all5mer	seed_47	5mers_A_RNA_sparse_seq_20	high_p_filter	Brier_equal_class	0.11096300735155551	0.443545150250236	0.3325821428986805	POSTHOC_ROBUSTNESS_ANALYSIS	CONTROLLED_ERROR_INJECTION
2026_all5mer	seed_47	5mers_A_RNA_sparse_seq_20	high_p_filter	Brier_control	0.14616875026537024	0.8861834208170573	0.740014670551687	POSTHOC_ROBUSTNESS_ANALYSIS	CONTROLLED_ERROR_INJECTION
2026_all5mer	seed_47	5mers_A_RNA_sparse_seq_20	high_p_filter	Brier_modified	0.07575726443774079	0.0009068796834147784	-0.07485038475432601	POSTHOC_ROBUSTNESS_ANALYSIS	CONTROLLED_ERROR_INJECTION
2026_all5mer	seed_47	5mers_A_RNA_sparse_seq_21	high_p_filter	Brier_observed	0.07616815567016602	0.008468482541951424	-0.0676996731282146	POSTHOC_ROBUSTNESS_ANALYSIS	CONTROLLED_ERROR_INJECTION
2026_all5mer	seed_47	5mers_A_RNA_sparse_seq_21	high_p_filter	Brier_equal_class	0.08539599490707969	0.4228490109845396	0.3374530160774599	POSTHOC_ROBUSTNESS_ANALYSIS	CONTROLLED_ERROR_INJECTION
2026_all5mer	seed_47	5mers_A_RNA_sparse_seq_21	high_p_filter	Brier_control	0.10347502688144115	0.8448890686035156	0.7414140417220745	POSTHOC_ROBUSTNESS_ANALYSIS	CONTROLLED_ERROR_INJECTION
2026_all5mer	seed_47	5mers_A_RNA_sparse_seq_21	high_p_filter	Brier_modified	0.06731696293271822	0.000808953365563473	-0.06650800956715475	POSTHOC_ROBUSTNESS_ANALYSIS	CONTROLLED_ERROR_INJECTION
2026_all5mer	seed_47	5mers_A_RNA_sparse_seq_22	high_p_filter	Brier_observed	0.10848583438532139	0.01226727747859166	-0.09621855690672973	POSTHOC_ROBUSTNESS_ANALYSIS	CONTROLLED_ERROR_INJECTION
2026_all5mer	seed_47	5mers_A_RNA_sparse_seq_22	high_p_filter	Brier_equal_class	0.10964245604527528	0.4523390408219962	0.34269658477672094	POSTHOC_ROBUSTNESS_ANALYSIS	CONTROLLED_ERROR_INJECTION
2026_all5mer	seed_47	5mers_A_RNA_sparse_seq_22	high_p_filter	Brier_control	0.11225281318608862	0.9033851623535156	0.791132349167427	POSTHOC_ROBUSTNESS_ANALYSIS	CONTROLLED_ERROR_INJECTION
2026_all5mer	seed_47	5mers_A_RNA_sparse_seq_22	high_p_filter	Brier_modified	0.10703209890446193	0.0012929192904768318	-0.1057391796139851	POSTHOC_ROBUSTNESS_ANALYSIS	CONTROLLED_ERROR_INJECTION
2026_all5mer	seed_47	5mers_A_RNA_sparse_seq_23	high_p_filter	Brier_observed	0.08761688590303922	0.013200816766879193	-0.07441606913616003	POSTHOC_ROBUSTNESS_ANALYSIS	CONTROLLED_ERROR_INJECTION
2026_all5mer	seed_47	5mers_A_RNA_sparse_seq_23	high_p_filter	Brier_equal_class	0.1024079040514654	0.442099966761154	0.3396920627096886	POSTHOC_ROBUSTNESS_ANALYSIS	CONTROLLED_ERROR_INJECTION
2026_all5mer	seed_47	5mers_A_RNA_sparse_seq_23	high_p_filter	Brier_control	0.12940007335734818	0.8832784380231585	0.7538783646658104	POSTHOC_ROBUSTNESS_ANALYSIS	CONTROLLED_ERROR_INJECTION
2026_all5mer	seed_47	5mers_A_RNA_sparse_seq_23	high_p_filter	Brier_modified	0.07541573474558261	0.0009214954991494456	-0.07449423924643316	POSTHOC_ROBUSTNESS_ANALYSIS	CONTROLLED_ERROR_INJECTION
2026_all5mer	seed_47	5mers_A_RNA_sparse_seq_24	high_p_filter	Brier_observed	0.07531001274221637	0.009189830520095966	-0.0661201822221204	POSTHOC_ROBUSTNESS_ANALYSIS	CONTROLLED_ERROR_INJECTION
2026_all5mer	seed_47	5mers_A_RNA_sparse_seq_24	high_p_filter	Brier_equal_class	0.09164394745624038	0.44592830558691765	0.35428435813067727	POSTHOC_ROBUSTNESS_ANALYSIS	CONTROLLED_ERROR_INJECTION
2026_all5mer	seed_47	5mers_A_RNA_sparse_seq_24	high_p_filter	Brier_control	0.12654698689778646	0.8908607482910156	0.7643137613932292	POSTHOC_ROBUSTNESS_ANALYSIS	CONTROLLED_ERROR_INJECTION
2026_all5mer	seed_47	5mers_A_RNA_sparse_seq_24	high_p_filter	Brier_modified	0.056740908014694315	0.0009958628828197608	-0.05574504513187455	POSTHOC_ROBUSTNESS_ANALYSIS	CONTROLLED_ERROR_INJECTION
2026_all5mer	seed_47	5mers_A_RNA_sparse_seq_25	high_p_filter	Brier_observed	0.08699935188726499	0.0007515518753616899	-0.0862478000119033	POSTHOC_ROBUSTNESS_ANALYSIS	CONTROLLED_ERROR_INJECTION
2026_all5mer	seed_47	5mers_A_RNA_sparse_seq_25	high_p_filter	Brier_equal_class	0.09060745257544951			POSTHOC_ROBUSTNESS_ANALYSIS	CONTROLLED_ERROR_INJECTION
2026_all5mer	seed_47	5mers_A_RNA_sparse_seq_25	high_p_filter	Brier_control	0.09731810433523995			POSTHOC_ROBUSTNESS_ANALYSIS	CONTROLLED_ERROR_INJECTION
2026_all5mer	seed_47	5mers_A_RNA_sparse_seq_25	high_p_filter	Brier_modified	0.08389680081565908	0.0007515518753616899	-0.08314524894029739	POSTHOC_ROBUSTNESS_ANALYSIS	CONTROLLED_ERROR_INJECTION
2026_all5mer	seed_47	5mers_A_RNA_sparse_seq_26	high_p_filter	Brier_observed	0.08107622523996282	0.006329304255710042	-0.07474692098425277	POSTHOC_ROBUSTNESS_ANALYSIS	CONTROLLED_ERROR_INJECTION
2026_all5mer	seed_47	5mers_A_RNA_sparse_seq_26	high_p_filter	Brier_equal_class	0.08030596684004897	0.4398387080101188	0.35953274117006984	POSTHOC_ROBUSTNESS_ANALYSIS	CONTROLLED_ERROR_INJECTION
2026_all5mer	seed_47	5mers_A_RNA_sparse_seq_26	high_p_filter	Brier_control	0.0789547630803502	0.8786455790201823	0.799690815939832	POSTHOC_ROBUSTNESS_ANALYSIS	CONTROLLED_ERROR_INJECTION
2026_all5mer	seed_47	5mers_A_RNA_sparse_seq_26	high_p_filter	Brier_modified	0.08165717059974774	0.0010318370000553516	-0.08062533359969239	POSTHOC_ROBUSTNESS_ANALYSIS	CONTROLLED_ERROR_INJECTION
2026_all5mer	seed_47	5mers_A_RNA_sparse_seq_27	high_p_filter	Brier_observed	0.06146360591133648	0.011540995703803169	-0.049922610207533316	POSTHOC_ROBUSTNESS_ANALYSIS	CONTROLLED_ERROR_INJECTION
2026_all5mer	seed_47	5mers_A_RNA_sparse_seq_27	high_p_filter	Brier_equal_class	0.07863768069307034	0.44661191729124905	0.36797423659817874	POSTHOC_ROBUSTNESS_ANALYSIS	CONTROLLED_ERROR_INJECTION
2026_all5mer	seed_47	5mers_A_RNA_sparse_seq_27	high_p_filter	Brier_control	0.10637129022834006	0.8925209045410156	0.7861496143126756	POSTHOC_ROBUSTNESS_ANALYSIS	CONTROLLED_ERROR_INJECTION
2026_all5mer	seed_47	5mers_A_RNA_sparse_seq_27	high_p_filter	Brier_modified	0.05090407115780063	0.0007029300414824527	-0.050201141116318175	POSTHOC_ROBUSTNESS_ANALYSIS	CONTROLLED_ERROR_INJECTION
2026_all5mer	seed_47	5mers_A_RNA_sparse_seq_28	high_p_filter	Brier_observed	0.0671969268281581	0.0005689981285372888	-0.06662792869962081	POSTHOC_ROBUSTNESS_ANALYSIS	CONTROLLED_ERROR_INJECTION
2026_all5mer	seed_47	5mers_A_RNA_sparse_seq_28	high_p_filter	Brier_equal_class	0.06770197309571854			POSTHOC_ROBUSTNESS_ANALYSIS	CONTROLLED_ERROR_INJECTION
2026_all5mer	seed_47	5mers_A_RNA_sparse_seq_28	high_p_filter	Brier_control	0.0685981454201115			POSTHOC_ROBUSTNESS_ANALYSIS	CONTROLLED_ERROR_INJECTION
2026_all5mer	seed_47	5mers_A_RNA_sparse_seq_28	high_p_filter	Brier_modified	0.06680580077132559	0.0005689981285372888	-0.06623680264278829	POSTHOC_ROBUSTNESS_ANALYSIS	CONTROLLED_ERROR_INJECTION
2026_all5mer	seed_47	5mers_A_RNA_sparse_seq_29	high_p_filter	Brier_observed	0.050360666017500944	0.002180140882183196	-0.048180525135317745	POSTHOC_ROBUSTNESS_ANALYSIS	CONTROLLED_ERROR_INJECTION
2026_all5mer	seed_47	5mers_A_RNA_sparse_seq_29	high_p_filter	Brier_equal_class	0.06676119821887302	0.4601484700588877	0.39338727184001465	POSTHOC_ROBUSTNESS_ANALYSIS	CONTROLLED_ERROR_INJECTION
2026_all5mer	seed_47	5mers_A_RNA_sparse_seq_29	high_p_filter	Brier_control	0.09256583524037557	0.9196510314941406	0.8270851962537651	POSTHOC_ROBUSTNESS_ANALYSIS	CONTROLLED_ERROR_INJECTION
2026_all5mer	seed_47	5mers_A_RNA_sparse_seq_29	high_p_filter	Brier_modified	0.04095656119737049	0.0006459086236347721	-0.04031065257373572	POSTHOC_ROBUSTNESS_ANALYSIS	CONTROLLED_ERROR_INJECTION
2026_all5mer	seed_47	5mers_A_RNA_sparse_seq_30	high_p_filter	Brier_observed	0.08627373718198207	0.003119219530810107	-0.08315451765117196	POSTHOC_ROBUSTNESS_ANALYSIS	CONTROLLED_ERROR_INJECTION
2026_all5mer	seed_47	5mers_A_RNA_sparse_seq_30	high_p_filter	Brier_equal_class	0.07957578748640178	0.4201583948415235	0.34058260735512175	POSTHOC_ROBUSTNESS_ANALYSIS	CONTROLLED_ERROR_INJECTION
2026_all5mer	seed_47	5mers_A_RNA_sparse_seq_30	high_p_filter	Brier_control	0.0655524113263742	0.8390846252441406	0.7735322139177664	POSTHOC_ROBUSTNESS_ANALYSIS	CONTROLLED_ERROR_INJECTION
2026_all5mer	seed_47	5mers_A_RNA_sparse_seq_30	high_p_filter	Brier_modified	0.09359916364642935	0.0012321644389064264	-0.09236699920752292	POSTHOC_ROBUSTNESS_ANALYSIS	CONTROLLED_ERROR_INJECTION
2026_all5mer	seed_47	5mers_A_RNA_sparse_seq_31	high_p_filter	Brier_observed	0.059614783393012155	0.002194049561362036	-0.05742073383165012	POSTHOC_ROBUSTNESS_ANALYSIS	CONTROLLED_ERROR_INJECTION
2026_all5mer	seed_47	5mers_A_RNA_sparse_seq_31	high_p_filter	Brier_equal_class	0.0669870068124167	0.44900468041665575	0.38201767360423905	POSTHOC_ROBUSTNESS_ANALYSIS	CONTROLLED_ERROR_INJECTION
2026_all5mer	seed_47	5mers_A_RNA_sparse_seq_31	high_p_filter	Brier_control	0.07823277135049143	0.8973121643066406	0.8190793929561492	POSTHOC_ROBUSTNESS_ANALYSIS	CONTROLLED_ERROR_INJECTION
2026_all5mer	seed_47	5mers_A_RNA_sparse_seq_31	high_p_filter	Brier_modified	0.05574124227434197	0.0006971965266709344	-0.055044045747671036	POSTHOC_ROBUSTNESS_ANALYSIS	CONTROLLED_ERROR_INJECTION
2026_all5mer	seed_47	5mers_A_RNA_sparse_seq_32	high_p_filter	Brier_observed	0.08884729631061986	0.01543968915939331	-0.07340760715122654	POSTHOC_ROBUSTNESS_ANALYSIS	CONTROLLED_ERROR_INJECTION
2026_all5mer	seed_47	5mers_A_RNA_sparse_seq_32	high_p_filter	Brier_equal_class	0.09871624902543746	0.45458018590533544	0.355863936879898	POSTHOC_ROBUSTNESS_ANALYSIS	CONTROLLED_ERROR_INJECTION
2026_all5mer	seed_47	5mers_A_RNA_sparse_seq_32	high_p_filter	Brier_control	0.1199355405919692	0.9078865051269531	0.7879509645349839	POSTHOC_ROBUSTNESS_ANALYSIS	CONTROLLED_ERROR_INJECTION
2026_all5mer	seed_47	5mers_A_RNA_sparse_seq_32	high_p_filter	Brier_modified	0.07749695745890572	0.001273866683717758	-0.07622309077518796	POSTHOC_ROBUSTNESS_ANALYSIS	CONTROLLED_ERROR_INJECTION
2026_all5mer	seed_47	ALL	high_p_filter	Brier_observed	0.0761143281926322	0.007684976913042296	-0.0684293512795899	POSTHOC_ROBUSTNESS_ANALYSIS	CONTROLLED_ERROR_INJECTION
2026_all5mer	seed_47	ALL	high_p_filter	Brier_equal_class	0.08460671211873357	0.44357123762957706	0.3589645255108435	POSTHOC_ROBUSTNESS_ANALYSIS	CONTROLLED_ERROR_INJECTION
2026_all5mer	seed_47	ALL	high_p_filter	Brier_control	0.10018281006634201	0.8863194114283511	0.7861366013620091	POSTHOC_ROBUSTNESS_ANALYSIS	CONTROLLED_ERROR_INJECTION
2026_all5mer	seed_47	ALL	high_p_filter	Brier_modified	0.06903061417112512	0.0008230638308029489	-0.06820755034032217	POSTHOC_ROBUSTNESS_ANALYSIS	CONTROLLED_ERROR_INJECTION
2026_all5mer	seed_47	5mers_A_RNA_sparse_seq_01	missing_zero	Brier_observed	0.06755021672263788	0.04982784668712074	-0.01772237003551714	POSTHOC_ROBUSTNESS_ANALYSIS	CONTROLLED_ERROR_INJECTION
2026_all5mer	seed_47	5mers_A_RNA_sparse_seq_01	missing_zero	Brier_equal_class	0.06845379270356278	0.05001814024290036	-0.018435652460662415	POSTHOC_ROBUSTNESS_ANALYSIS	CONTROLLED_ERROR_INJECTION
2026_all5mer	seed_47	5mers_A_RNA_sparse_seq_01	missing_zero	Brier_control	0.07020779313712285	0.021892752698672715	-0.04831504043845013	POSTHOC_ROBUSTNESS_ANALYSIS	CONTROLLED_ERROR_INJECTION
2026_all5mer	seed_47	5mers_A_RNA_sparse_seq_01	missing_zero	Brier_modified	0.0666997922700027	0.078143527787128	0.011443735517125311	POSTHOC_ROBUSTNESS_ANALYSIS	CONTROLLED_ERROR_INJECTION
2026_all5mer	seed_47	5mers_A_RNA_sparse_seq_02	missing_zero	Brier_observed	0.08504958858838188	0.06029123712551064	-0.02475835146287124	POSTHOC_ROBUSTNESS_ANALYSIS	CONTROLLED_ERROR_INJECTION
2026_all5mer	seed_47	5mers_A_RNA_sparse_seq_02	missing_zero	Brier_equal_class	0.080376367882247	0.060216311788968815	-0.020160056093278186	POSTHOC_ROBUSTNESS_ANALYSIS	CONTROLLED_ERROR_INJECTION
2026_all5mer	seed_47	5mers_A_RNA_sparse_seq_02	missing_zero	Brier_control	0.07134147451705292	0.022578817732790683	-0.04876265678426223	POSTHOC_ROBUSTNESS_ANALYSIS	CONTROLLED_ERROR_INJECTION
2026_all5mer	seed_47	5mers_A_RNA_sparse_seq_02	missing_zero	Brier_modified	0.08941126124744109	0.09785380584514694	0.008442544597705853	POSTHOC_ROBUSTNESS_ANALYSIS	CONTROLLED_ERROR_INJECTION
2026_all5mer	seed_47	5mers_A_RNA_sparse_seq_03	missing_zero	Brier_observed	0.05880694643035127	0.03932467725649325	-0.019482269173858015	POSTHOC_ROBUSTNESS_ANALYSIS	CONTROLLED_ERROR_INJECTION
2026_all5mer	seed_47	5mers_A_RNA_sparse_seq_03	missing_zero	Brier_equal_class	0.07590771035916674	0.0394012386505348	-0.03650647170863194	POSTHOC_ROBUSTNESS_ANALYSIS	CONTROLLED_ERROR_INJECTION
2026_all5mer	seed_47	5mers_A_RNA_sparse_seq_03	missing_zero	Brier_control	0.10502010144685445	0.026819649563040785	-0.07820045188381367	POSTHOC_ROBUSTNESS_ANALYSIS	CONTROLLED_ERROR_INJECTION
2026_all5mer	seed_47	5mers_A_RNA_sparse_seq_03	missing_zero	Brier_modified	0.04679531927147903	0.05198282773802881	0.005187508466549778	POSTHOC_ROBUSTNESS_ANALYSIS	CONTROLLED_ERROR_INJECTION
2026_all5mer	seed_47	5mers_A_RNA_sparse_seq_04	missing_zero	Brier_observed	0.09284906604308091	0.06444270148401904	-0.02840636455906187	POSTHOC_ROBUSTNESS_ANALYSIS	CONTROLLED_ERROR_INJECTION
2026_all5mer	seed_47	5mers_A_RNA_sparse_seq_04	missing_zero	Brier_equal_class	0.10503990781807018	0.06500294364564817	-0.040036964172422015	POSTHOC_ROBUSTNESS_ANALYSIS	CONTROLLED_ERROR_INJECTION
2026_all5mer	seed_47	5mers_A_RNA_sparse_seq_04	missing_zero	Brier_control	0.12824021082490547	0.0378498735453562	-0.09039033727954927	POSTHOC_ROBUSTNESS_ANALYSIS	CONTROLLED_ERROR_INJECTION
2026_all5mer	seed_47	5mers_A_RNA_sparse_seq_04	missing_zero	Brier_modified	0.08183960481123491	0.09215601374594014	0.010316408934705229	POSTHOC_ROBUSTNESS_ANALYSIS	CONTROLLED_ERROR_INJECTION
2026_all5mer	seed_47	5mers_A_RNA_sparse_seq_05	missing_zero	Brier_observed	0.062009039664918275	0.042856796152526404	-0.01915224351239187	POSTHOC_ROBUSTNESS_ANALYSIS	CONTROLLED_ERROR_INJECTION
2026_all5mer	seed_47	5mers_A_RNA_sparse_seq_05	missing_zero	Brier_equal_class	0.07465665302579365	0.04257829113836963	-0.032078361887424016	POSTHOC_ROBUSTNESS_ANALYSIS	CONTROLLED_ERROR_INJECTION
2026_all5mer	seed_47	5mers_A_RNA_sparse_seq_05	missing_zero	Brier_control	0.09627999199761285	0.02590141089066215	-0.0703785811069507	POSTHOC_ROBUSTNESS_ANALYSIS	CONTROLLED_ERROR_INJECTION
2026_all5mer	seed_47	5mers_A_RNA_sparse_seq_05	missing_zero	Brier_modified	0.053033314053974455	0.05925517138607712	0.006221857332102662	POSTHOC_ROBUSTNESS_ANALYSIS	CONTROLLED_ERROR_INJECTION
2026_all5mer	seed_47	5mers_A_RNA_sparse_seq_06	missing_zero	Brier_observed	0.08059464776528417	0.05601137011409917	-0.024583277651185002	POSTHOC_ROBUSTNESS_ANALYSIS	CONTROLLED_ERROR_INJECTION
2026_all5mer	seed_47	5mers_A_RNA_sparse_seq_06	missing_zero	Brier_equal_class	0.08568106928809502	0.056203127810334014	-0.029477941477761005	POSTHOC_ROBUSTNESS_ANALYSIS	CONTROLLED_ERROR_INJECTION
2026_all5mer	seed_47	5mers_A_RNA_sparse_seq_06	missing_zero	Brier_control	0.09502407388949613	0.027401121835859996	-0.06762295205363614	POSTHOC_ROBUSTNESS_ANALYSIS	CONTROLLED_ERROR_INJECTION
2026_all5mer	seed_47	5mers_A_RNA_sparse_seq_06	missing_zero	Brier_modified	0.07633806468669391	0.08500513378480803	0.008667069098114127	POSTHOC_ROBUSTNESS_ANALYSIS	CONTROLLED_ERROR_INJECTION
2026_all5mer	seed_47	5mers_A_RNA_sparse_seq_07	missing_zero	Brier_observed	0.09116480433928247	0.06090623211386977	-0.030258572225412693	POSTHOC_ROBUSTNESS_ANALYSIS	CONTROLLED_ERROR_INJECTION
2026_all5mer	seed_47	5mers_A_RNA_sparse_seq_07	missing_zero	Brier_equal_class	0.09153319725981568	0.06110256942917912	-0.03043062783063656	POSTHOC_ROBUSTNESS_ANALYSIS	CONTROLLED_ERROR_INJECTION
2026_all5mer	seed_47	5mers_A_RNA_sparse_seq_07	missing_zero	Brier_control	0.09216828779740767	0.02404390116454113	-0.06812438663286655	POSTHOC_ROBUSTNESS_ANALYSIS	CONTROLLED_ERROR_INJECTION
2026_all5mer	seed_47	5mers_A_RNA_sparse_seq_07	missing_zero	Brier_modified	0.09089810672222368	0.0981612376938171	0.007263130971593423	POSTHOC_ROBUSTNESS_ANALYSIS	CONTROLLED_ERROR_INJECTION
2026_all5mer	seed_47	5mers_A_RNA_sparse_seq_08	missing_zero	Brier_observed	0.08901643331071972	0.060099116762740226	-0.028917316547979494	POSTHOC_ROBUSTNESS_ANALYSIS	CONTROLLED_ERROR_INJECTION
2026_all5mer	seed_47	5mers_A_RNA_sparse_seq_08	missing_zero	Brier_equal_class	0.10242322180609208	0.060461616357677286	-0.04196160544841479	POSTHOC_ROBUSTNESS_ANALYSIS	CONTROLLED_ERROR_INJECTION
2026_all5mer	seed_47	5mers_A_RNA_sparse_seq_08	missing_zero	Brier_control	0.12331931973681037	0.02597884238928905	-0.09734047734752133	POSTHOC_ROBUSTNESS_ANALYSIS	CONTROLLED_ERROR_INJECTION
2026_all5mer	seed_47	5mers_A_RNA_sparse_seq_08	missing_zero	Brier_modified	0.08152712387537378	0.09494439032606553	0.013417266450691745	POSTHOC_ROBUSTNESS_ANALYSIS	CONTROLLED_ERROR_INJECTION
2026_all5mer	seed_47	5mers_A_RNA_sparse_seq_09	missing_zero	Brier_observed	0.08439220693871487	0.05809407089695786	-0.026298136041757007	POSTHOC_ROBUSTNESS_ANALYSIS	CONTROLLED_ERROR_INJECTION
2026_all5mer	seed_47	5mers_A_RNA_sparse_seq_09	missing_zero	Brier_equal_class	0.08628434746267816	0.05827950931503859	-0.028004838147639564	POSTHOC_ROBUSTNESS_ANALYSIS	CONTROLLED_ERROR_INJECTION
2026_all5mer	seed_47	5mers_A_RNA_sparse_seq_09	missing_zero	Brier_control	0.08990687494692595	0.027682170331717496	-0.06222470461520846	POSTHOC_ROBUSTNESS_ANALYSIS	CONTROLLED_ERROR_INJECTION
2026_all5mer	seed_47	5mers_A_RNA_sparse_seq_09	missing_zero	Brier_modified	0.08266181997843036	0.08887684829835969	0.0062150283199293305	POSTHOC_ROBUSTNESS_ANALYSIS	CONTROLLED_ERROR_INJECTION
2026_all5mer	seed_47	5mers_A_RNA_sparse_seq_10	missing_zero	Brier_observed	0.05071479619146056	0.03376831256158655	-0.016946483629874012	POSTHOC_ROBUSTNESS_ANALYSIS	CONTROLLED_ERROR_INJECTION
2026_all5mer	seed_47	5mers_A_RNA_sparse_seq_10	missing_zero	Brier_equal_class	0.06800548358736948	0.03374890671465208	-0.034256576872717395	POSTHOC_ROBUSTNESS_ANALYSIS	CONTROLLED_ERROR_INJECTION
2026_all5mer	seed_47	5mers_A_RNA_sparse_seq_10	missing_zero	Brier_control	0.09695209060584642	0.024440568801752372	-0.07251152180409405	POSTHOC_ROBUSTNESS_ANALYSIS	CONTROLLED_ERROR_INJECTION
2026_all5mer	seed_47	5mers_A_RNA_sparse_seq_10	missing_zero	Brier_modified	0.039058876568892544	0.0430572446275518	0.003998368058659253	POSTHOC_ROBUSTNESS_ANALYSIS	CONTROLLED_ERROR_INJECTION
2026_all5mer	seed_47	5mers_A_RNA_sparse_seq_11	missing_zero	Brier_observed	0.06416605815986277	0.046725590592723784	-0.01744046756713899	POSTHOC_ROBUSTNESS_ANALYSIS	CONTROLLED_ERROR_INJECTION
2026_all5mer	seed_47	5mers_A_RNA_sparse_seq_11	missing_zero	Brier_equal_class	0.07161429436144919	0.04668602167651774	-0.024928272684931446	POSTHOC_ROBUSTNESS_ANALYSIS	CONTROLLED_ERROR_INJECTION
2026_all5mer	seed_47	5mers_A_RNA_sparse_seq_11	missing_zero	Brier_control	0.0860181980378638	0.02723130454187808	-0.05878689349598572	POSTHOC_ROBUSTNESS_ANALYSIS	CONTROLLED_ERROR_INJECTION
2026_all5mer	seed_47	5mers_A_RNA_sparse_seq_11	missing_zero	Brier_modified	0.05721039068503458	0.0661407388111574	0.008930348126122818	POSTHOC_ROBUSTNESS_ANALYSIS	CONTROLLED_ERROR_INJECTION
2026_all5mer	seed_47	5mers_A_RNA_sparse_seq_12	missing_zero	Brier_observed	0.07208130780388328	0.05208346083218766	-0.01999784697169562	POSTHOC_ROBUSTNESS_ANALYSIS	CONTROLLED_ERROR_INJECTION
2026_all5mer	seed_47	5mers_A_RNA_sparse_seq_12	missing_zero	Brier_equal_class	0.08729793894893992	0.0518777757520261	-0.035420163196913816	POSTHOC_ROBUSTNESS_ANALYSIS	CONTROLLED_ERROR_INJECTION
2026_all5mer	seed_47	5mers_A_RNA_sparse_seq_12	missing_zero	Brier_control	0.11340353550055088	0.030045773672020954	-0.08335776182852993	POSTHOC_ROBUSTNESS_ANALYSIS	CONTROLLED_ERROR_INJECTION
2026_all5mer	seed_47	5mers_A_RNA_sparse_seq_12	missing_zero	Brier_modified	0.06119234239732897	0.07370977783203125	0.012517435434702281	POSTHOC_ROBUSTNESS_ANALYSIS	CONTROLLED_ERROR_INJECTION
2026_all5mer	seed_47	5mers_A_RNA_sparse_seq_13	missing_zero	Brier_observed	0.058645985921223956	0.03934497143848833	-0.019301014482735628	POSTHOC_ROBUSTNESS_ANALYSIS	CONTROLLED_ERROR_INJECTION
2026_all5mer	seed_47	5mers_A_RNA_sparse_seq_13	missing_zero	Brier_equal_class	0.06795556609695022	0.03937408536520058	-0.02858148073174964	POSTHOC_ROBUSTNESS_ANALYSIS	CONTROLLED_ERROR_INJECTION
2026_all5mer	seed_47	5mers_A_RNA_sparse_seq_13	missing_zero	Brier_control	0.0824014663696289	0.01762598211115057	-0.06477548425847833	POSTHOC_ROBUSTNESS_ANALYSIS	CONTROLLED_ERROR_INJECTION
2026_all5mer	seed_47	5mers_A_RNA_sparse_seq_13	missing_zero	Brier_modified	0.05350966582427154	0.06112218861925059	0.007612522794979051	POSTHOC_ROBUSTNESS_ANALYSIS	CONTROLLED_ERROR_INJECTION
2026_all5mer	seed_47	5mers_A_RNA_sparse_seq_14	missing_zero	Brier_observed	0.06723944546041749	0.04470468107139699	-0.022534764389020502	POSTHOC_ROBUSTNESS_ANALYSIS	CONTROLLED_ERROR_INJECTION
2026_all5mer	seed_47	5mers_A_RNA_sparse_seq_14	missing_zero	Brier_equal_class	0.0763726461475453	0.04487974364953633	-0.03149290249800897	POSTHOC_ROBUSTNESS_ANALYSIS	CONTROLLED_ERROR_INJECTION
2026_all5mer	seed_47	5mers_A_RNA_sparse_seq_14	missing_zero	Brier_control	0.09287467920724216	0.026098029909159073	-0.06677664929808308	POSTHOC_ROBUSTNESS_ANALYSIS	CONTROLLED_ERROR_INJECTION
2026_all5mer	seed_47	5mers_A_RNA_sparse_seq_14	missing_zero	Brier_modified	0.059870613087848454	0.06366145738991358	0.0037908443020651245	POSTHOC_ROBUSTNESS_ANALYSIS	CONTROLLED_ERROR_INJECTION
2026_all5mer	seed_47	5mers_A_RNA_sparse_seq_15	missing_zero	Brier_observed	0.10203698619659095	0.0751667923714745	-0.026870193825116448	POSTHOC_ROBUSTNESS_ANALYSIS	CONTROLLED_ERROR_INJECTION
2026_all5mer	seed_47	5mers_A_RNA_sparse_seq_15	missing_zero	Brier_equal_class	0.10954230865535498	0.07475056075129644	-0.03479174790405855	POSTHOC_ROBUSTNESS_ANALYSIS	CONTROLLED_ERROR_INJECTION
2026_all5mer	seed_47	5mers_A_RNA_sparse_seq_15	missing_zero	Brier_control	0.12524646386168056	0.044960269078552	-0.08028619478312857	POSTHOC_ROBUSTNESS_ANALYSIS	CONTROLLED_ERROR_INJECTION
2026_all5mer	seed_47	5mers_A_RNA_sparse_seq_15	missing_zero	Brier_modified	0.0938381534490294	0.10454085242404086	0.010702698975011457	POSTHOC_ROBUSTNESS_ANALYSIS	CONTROLLED_ERROR_INJECTION
2026_all5mer	seed_47	5mers_A_RNA_sparse_seq_16	missing_zero	Brier_observed	0.07687632995244315	0.06333746418647447	-0.013538865765968675	POSTHOC_ROBUSTNESS_ANALYSIS	CONTROLLED_ERROR_INJECTION
2026_all5mer	seed_47	5mers_A_RNA_sparse_seq_16	missing_zero	Brier_equal_class	0.07990661975748145	0.06278691724849869	-0.01711970250898276	POSTHOC_ROBUSTNESS_ANALYSIS	CONTROLLED_ERROR_INJECTION
2026_all5mer	seed_47	5mers_A_RNA_sparse_seq_16	missing_zero	Brier_control	0.08711956309623459	0.03643407048405828	-0.05068549261217631	POSTHOC_ROBUSTNESS_ANALYSIS	CONTROLLED_ERROR_INJECTION
2026_all5mer	seed_47	5mers_A_RNA_sparse_seq_16	missing_zero	Brier_modified	0.0726936764187283	0.08913976401293912	0.016446087594210818	POSTHOC_ROBUSTNESS_ANALYSIS	CONTROLLED_ERROR_INJECTION
2026_all5mer	seed_47	5mers_A_RNA_sparse_seq_17	missing_zero	Brier_observed	0.054004916629275763	0.033844544635555605	-0.020160371993720158	POSTHOC_ROBUSTNESS_ANALYSIS	CONTROLLED_ERROR_INJECTION
2026_all5mer	seed_47	5mers_A_RNA_sparse_seq_17	missing_zero	Brier_equal_class	0.057632877883943195	0.03384454463555561	-0.023788333248387583	POSTHOC_ROBUSTNESS_ANALYSIS	CONTROLLED_ERROR_INJECTION
2026_all5mer	seed_47	5mers_A_RNA_sparse_seq_17	missing_zero	Brier_control	0.063723375453031	0.016146708956255824	-0.04757666649677518	POSTHOC_ROBUSTNESS_ANALYSIS	CONTROLLED_ERROR_INJECTION
2026_all5mer	seed_47	5mers_A_RNA_sparse_seq_17	missing_zero	Brier_modified	0.0515423803148554	0.0515423803148554	0.0	POSTHOC_ROBUSTNESS_ANALYSIS	CONTROLLED_ERROR_INJECTION
2026_all5mer	seed_47	5mers_A_RNA_sparse_seq_18	missing_zero	Brier_observed	0.07414259970437533	0.048112667548449006	-0.02602993215592632	POSTHOC_ROBUSTNESS_ANALYSIS	CONTROLLED_ERROR_INJECTION
2026_all5mer	seed_47	5mers_A_RNA_sparse_seq_18	missing_zero	Brier_equal_class	0.10472322900314512	0.04812541921770021	-0.056597809785444916	POSTHOC_ROBUSTNESS_ANALYSIS	CONTROLLED_ERROR_INJECTION
2026_all5mer	seed_47	5mers_A_RNA_sparse_seq_18	missing_zero	Brier_control	0.16182299777194187	0.047331627806813034	-0.11449136996512883	POSTHOC_ROBUSTNESS_ANALYSIS	CONTROLLED_ERROR_INJECTION
2026_all5mer	seed_47	5mers_A_RNA_sparse_seq_18	missing_zero	Brier_modified	0.04762346023434839	0.048919210628587374	0.001295750394238987	POSTHOC_ROBUSTNESS_ANALYSIS	CONTROLLED_ERROR_INJECTION
2026_all5mer	seed_47	5mers_A_RNA_sparse_seq_19	missing_zero	Brier_observed	0.06998355885877966	0.04457014377591473	-0.025413415082864932	POSTHOC_ROBUSTNESS_ANALYSIS	CONTROLLED_ERROR_INJECTION
2026_all5mer	seed_47	5mers_A_RNA_sparse_seq_19	missing_zero	Brier_equal_class	0.06649178038786836	0.04439085998437034	-0.022100920403498023	POSTHOC_ROBUSTNESS_ANALYSIS	CONTROLLED_ERROR_INJECTION
2026_all5mer	seed_47	5mers_A_RNA_sparse_seq_19	missing_zero	Brier_control	0.06089175831187855	0.014251262583631151	-0.0466404957282474	POSTHOC_ROBUSTNESS_ANALYSIS	CONTROLLED_ERROR_INJECTION
2026_all5mer	seed_47	5mers_A_RNA_sparse_seq_19	missing_zero	Brier_modified	0.07209180246385818	0.07453045738510954	0.0024386549212513514	POSTHOC_ROBUSTNESS_ANALYSIS	CONTROLLED_ERROR_INJECTION
2026_all5mer	seed_47	5mers_A_RNA_sparse_seq_20	missing_zero	Brier_observed	0.0950749285415437	0.0669659799145114	-0.028108948627032296	POSTHOC_ROBUSTNESS_ANALYSIS	CONTROLLED_ERROR_INJECTION
2026_all5mer	seed_47	5mers_A_RNA_sparse_seq_20	missing_zero	Brier_equal_class	0.11096300735155551	0.06714937553355858	-0.043813631817996926	POSTHOC_ROBUSTNESS_ANALYSIS	CONTROLLED_ERROR_INJECTION
2026_all5mer	seed_47	5mers_A_RNA_sparse_seq_20	missing_zero	Brier_control	0.14616875026537024	0.05350474147644853	-0.09266400878892171	POSTHOC_ROBUSTNESS_ANALYSIS	CONTROLLED_ERROR_INJECTION
2026_all5mer	seed_47	5mers_A_RNA_sparse_seq_20	missing_zero	Brier_modified	0.07575726443774079	0.08079400959066864	0.005036745152927846	POSTHOC_ROBUSTNESS_ANALYSIS	CONTROLLED_ERROR_INJECTION
2026_all5mer	seed_47	5mers_A_RNA_sparse_seq_21	missing_zero	Brier_observed	0.07616815567016602	0.052820439109776456	-0.023347716560389566	POSTHOC_ROBUSTNESS_ANALYSIS	CONTROLLED_ERROR_INJECTION
2026_all5mer	seed_47	5mers_A_RNA_sparse_seq_21	missing_zero	Brier_equal_class	0.08539599490707969	0.053085332642656455	-0.03231066226442324	POSTHOC_ROBUSTNESS_ANALYSIS	CONTROLLED_ERROR_INJECTION
2026_all5mer	seed_47	5mers_A_RNA_sparse_seq_21	missing_zero	Brier_control	0.10347502688144115	0.0324654623726818	-0.07100956450875935	POSTHOC_ROBUSTNESS_ANALYSIS	CONTROLLED_ERROR_INJECTION
2026_all5mer	seed_47	5mers_A_RNA_sparse_seq_21	missing_zero	Brier_modified	0.06731696293271822	0.07370520291263111	0.006388239979912891	POSTHOC_ROBUSTNESS_ANALYSIS	CONTROLLED_ERROR_INJECTION
2026_all5mer	seed_47	5mers_A_RNA_sparse_seq_22	missing_zero	Brier_observed	0.10848583438532139	0.07949866829337654	-0.02898716609194485	POSTHOC_ROBUSTNESS_ANALYSIS	CONTROLLED_ERROR_INJECTION
2026_all5mer	seed_47	5mers_A_RNA_sparse_seq_22	missing_zero	Brier_equal_class	0.10964245604527528	0.07997139486686844	-0.029671061178406843	POSTHOC_ROBUSTNESS_ANALYSIS	CONTROLLED_ERROR_INJECTION
2026_all5mer	seed_47	5mers_A_RNA_sparse_seq_22	missing_zero	Brier_control	0.11225281318608862	0.04173306758885791	-0.0705197455972307	POSTHOC_ROBUSTNESS_ANALYSIS	CONTROLLED_ERROR_INJECTION
2026_all5mer	seed_47	5mers_A_RNA_sparse_seq_22	missing_zero	Brier_modified	0.10703209890446193	0.11820972214487896	0.011177623240417031	POSTHOC_ROBUSTNESS_ANALYSIS	CONTROLLED_ERROR_INJECTION
2026_all5mer	seed_47	5mers_A_RNA_sparse_seq_23	missing_zero	Brier_observed	0.08761688590303922	0.059948768849116776	-0.027668117053922442	POSTHOC_ROBUSTNESS_ANALYSIS	CONTROLLED_ERROR_INJECTION
2026_all5mer	seed_47	5mers_A_RNA_sparse_seq_23	missing_zero	Brier_equal_class	0.1024079040514654	0.06005791545137261	-0.042349988600092786	POSTHOC_ROBUSTNESS_ANALYSIS	CONTROLLED_ERROR_INJECTION
2026_all5mer	seed_47	5mers_A_RNA_sparse_seq_23	missing_zero	Brier_control	0.12940007335734818	0.037121536605896906	-0.09227853675145128	POSTHOC_ROBUSTNESS_ANALYSIS	CONTROLLED_ERROR_INJECTION
2026_all5mer	seed_47	5mers_A_RNA_sparse_seq_23	missing_zero	Brier_modified	0.07541573474558261	0.08299429429684832	0.007578559551265712	POSTHOC_ROBUSTNESS_ANALYSIS	CONTROLLED_ERROR_INJECTION
2026_all5mer	seed_47	5mers_A_RNA_sparse_seq_24	missing_zero	Brier_observed	0.07531001274221637	0.053060463676351984	-0.022249549065864384	POSTHOC_ROBUSTNESS_ANALYSIS	CONTROLLED_ERROR_INJECTION
2026_all5mer	seed_47	5mers_A_RNA_sparse_seq_24	missing_zero	Brier_equal_class	0.09164394745624038	0.05316275948422834	-0.03848118797201204	POSTHOC_ROBUSTNESS_ANALYSIS	CONTROLLED_ERROR_INJECTION
2026_all5mer	seed_47	5mers_A_RNA_sparse_seq_24	missing_zero	Brier_control	0.12654698689778646	0.04454717922086355	-0.08199980767692291	POSTHOC_ROBUSTNESS_ANALYSIS	CONTROLLED_ERROR_INJECTION
2026_all5mer	seed_47	5mers_A_RNA_sparse_seq_24	missing_zero	Brier_modified	0.056740908014694315	0.06177833974759314	0.005037431732898827	POSTHOC_ROBUSTNESS_ANALYSIS	CONTROLLED_ERROR_INJECTION
2026_all5mer	seed_47	5mers_A_RNA_sparse_seq_25	missing_zero	Brier_observed	0.08699935188726499	0.06482503129830763	-0.022174320588957352	POSTHOC_ROBUSTNESS_ANALYSIS	CONTROLLED_ERROR_INJECTION
2026_all5mer	seed_47	5mers_A_RNA_sparse_seq_25	missing_zero	Brier_equal_class	0.09060745257544951	0.06447392125163347	-0.026133531323816045	POSTHOC_ROBUSTNESS_ANALYSIS	CONTROLLED_ERROR_INJECTION
2026_all5mer	seed_47	5mers_A_RNA_sparse_seq_25	missing_zero	Brier_control	0.09731810433523995	0.029339509247770863	-0.06797859508746909	POSTHOC_ROBUSTNESS_ANALYSIS	CONTROLLED_ERROR_INJECTION
2026_all5mer	seed_47	5mers_A_RNA_sparse_seq_25	missing_zero	Brier_modified	0.08389680081565908	0.09960833325549606	0.015711532439836987	POSTHOC_ROBUSTNESS_ANALYSIS	CONTROLLED_ERROR_INJECTION
2026_all5mer	seed_47	5mers_A_RNA_sparse_seq_26	missing_zero	Brier_observed	0.08107622523996282	0.05587860013617844	-0.025197625103784378	POSTHOC_ROBUSTNESS_ANALYSIS	CONTROLLED_ERROR_INJECTION
2026_all5mer	seed_47	5mers_A_RNA_sparse_seq_26	missing_zero	Brier_equal_class	0.08030596684004897	0.055511477557121505	-0.024794489282927462	POSTHOC_ROBUSTNESS_ANALYSIS	CONTROLLED_ERROR_INJECTION
2026_all5mer	seed_47	5mers_A_RNA_sparse_seq_26	missing_zero	Brier_control	0.0789547630803502	0.02191976157341214	-0.057035001506938056	POSTHOC_ROBUSTNESS_ANALYSIS	CONTROLLED_ERROR_INJECTION
2026_all5mer	seed_47	5mers_A_RNA_sparse_seq_26	missing_zero	Brier_modified	0.08165717059974774	0.08910319354083086	0.007446022941083125	POSTHOC_ROBUSTNESS_ANALYSIS	CONTROLLED_ERROR_INJECTION
2026_all5mer	seed_47	5mers_A_RNA_sparse_seq_27	missing_zero	Brier_observed	0.06146360591133648	0.041097678636249746	-0.020365927275086737	POSTHOC_ROBUSTNESS_ANALYSIS	CONTROLLED_ERROR_INJECTION
2026_all5mer	seed_47	5mers_A_RNA_sparse_seq_27	missing_zero	Brier_equal_class	0.07863768069307034	0.041055372419635944	-0.037582308273434395	POSTHOC_ROBUSTNESS_ANALYSIS	CONTROLLED_ERROR_INJECTION
2026_all5mer	seed_47	5mers_A_RNA_sparse_seq_27	missing_zero	Brier_control	0.10637129022834006	0.0249790101063912	-0.08139228012194887	POSTHOC_ROBUSTNESS_ANALYSIS	CONTROLLED_ERROR_INJECTION
2026_all5mer	seed_47	5mers_A_RNA_sparse_seq_27	missing_zero	Brier_modified	0.05090407115780063	0.05713173473288068	0.006227663575080054	POSTHOC_ROBUSTNESS_ANALYSIS	CONTROLLED_ERROR_INJECTION
2026_all5mer	seed_47	5mers_A_RNA_sparse_seq_28	missing_zero	Brier_observed	0.0671969268281581	0.05470066285718729	-0.012496263970970811	POSTHOC_ROBUSTNESS_ANALYSIS	CONTROLLED_ERROR_INJECTION
2026_all5mer	seed_47	5mers_A_RNA_sparse_seq_28	missing_zero	Brier_equal_class	0.06770197309571854	0.0545348680933789	-0.01316710500233964	POSTHOC_ROBUSTNESS_ANALYSIS	CONTROLLED_ERROR_INJECTION
2026_all5mer	seed_47	5mers_A_RNA_sparse_seq_28	missing_zero	Brier_control	0.0685981454201115	0.01884162394205729	-0.049756521478054205	POSTHOC_ROBUSTNESS_ANALYSIS	CONTROLLED_ERROR_INJECTION
2026_all5mer	seed_47	5mers_A_RNA_sparse_seq_28	missing_zero	Brier_modified	0.06680580077132559	0.09022811224470051	0.023422311473374924	POSTHOC_ROBUSTNESS_ANALYSIS	CONTROLLED_ERROR_INJECTION
2026_all5mer	seed_47	5mers_A_RNA_sparse_seq_29	missing_zero	Brier_observed	0.050360666017500944	0.03484121339284309	-0.015519452624657856	POSTHOC_ROBUSTNESS_ANALYSIS	CONTROLLED_ERROR_INJECTION
2026_all5mer	seed_47	5mers_A_RNA_sparse_seq_29	missing_zero	Brier_equal_class	0.06676119821887302	0.03471986703185538	-0.032041331187017644	POSTHOC_ROBUSTNESS_ANALYSIS	CONTROLLED_ERROR_INJECTION
2026_all5mer	seed_47	5mers_A_RNA_sparse_seq_29	missing_zero	Brier_control	0.09256583524037557	0.020821041531032987	-0.07174479370934259	POSTHOC_ROBUSTNESS_ANALYSIS	CONTROLLED_ERROR_INJECTION
2026_all5mer	seed_47	5mers_A_RNA_sparse_seq_29	missing_zero	Brier_modified	0.04095656119737049	0.04861869253267778	0.0076621313353072915	POSTHOC_ROBUSTNESS_ANALYSIS	CONTROLLED_ERROR_INJECTION
2026_all5mer	seed_47	5mers_A_RNA_sparse_seq_30	missing_zero	Brier_observed	0.08627373718198207	0.06165676937023909	-0.024616967811742982	POSTHOC_ROBUSTNESS_ANALYSIS	CONTROLLED_ERROR_INJECTION
2026_all5mer	seed_47	5mers_A_RNA_sparse_seq_30	missing_zero	Brier_equal_class	0.07957578748640178	0.061929069177477356	-0.01764671830892442	POSTHOC_ROBUSTNESS_ANALYSIS	CONTROLLED_ERROR_INJECTION
2026_all5mer	seed_47	5mers_A_RNA_sparse_seq_30	missing_zero	Brier_control	0.0655524113263742	0.0226634369737189	-0.0428889743526553	POSTHOC_ROBUSTNESS_ANALYSIS	CONTROLLED_ERROR_INJECTION
2026_all5mer	seed_47	5mers_A_RNA_sparse_seq_30	missing_zero	Brier_modified	0.09359916364642935	0.10119470138123582	0.007595537734806465	POSTHOC_ROBUSTNESS_ANALYSIS	CONTROLLED_ERROR_INJECTION
2026_all5mer	seed_47	5mers_A_RNA_sparse_seq_31	missing_zero	Brier_observed	0.059614783393012155	0.04417051362074946	-0.015444269772262695	POSTHOC_ROBUSTNESS_ANALYSIS	CONTROLLED_ERROR_INJECTION
2026_all5mer	seed_47	5mers_A_RNA_sparse_seq_31	missing_zero	Brier_equal_class	0.0669870068124167	0.0440411154979396	-0.022945891314477107	POSTHOC_ROBUSTNESS_ANALYSIS	CONTROLLED_ERROR_INJECTION
2026_all5mer	seed_47	5mers_A_RNA_sparse_seq_31	missing_zero	Brier_control	0.07823277135049143	0.016146577309355755	-0.062086194041135676	POSTHOC_ROBUSTNESS_ANALYSIS	CONTROLLED_ERROR_INJECTION
2026_all5mer	seed_47	5mers_A_RNA_sparse_seq_31	missing_zero	Brier_modified	0.05574124227434197	0.07193565368652344	0.01619441141218147	POSTHOC_ROBUSTNESS_ANALYSIS	CONTROLLED_ERROR_INJECTION
2026_all5mer	seed_47	5mers_A_RNA_sparse_seq_32	missing_zero	Brier_observed	0.08884729631061986	0.06295685095289734	-0.025890445357722516	POSTHOC_ROBUSTNESS_ANALYSIS	CONTROLLED_ERROR_INJECTION
2026_all5mer	seed_47	5mers_A_RNA_sparse_seq_32	missing_zero	Brier_equal_class	0.09871624902543746	0.06263791356220783	-0.03607833546322964	POSTHOC_ROBUSTNESS_ANALYSIS	CONTROLLED_ERROR_INJECTION
2026_all5mer	seed_47	5mers_A_RNA_sparse_seq_32	missing_zero	Brier_control	0.1199355405919692	0.04530898200141059	-0.07462655859055861	POSTHOC_ROBUSTNESS_ANALYSIS	CONTROLLED_ERROR_INJECTION
2026_all5mer	seed_47	5mers_A_RNA_sparse_seq_32	missing_zero	Brier_modified	0.07749695745890572	0.07996684512300505	0.002469887664099321	POSTHOC_ROBUSTNESS_ANALYSIS	CONTROLLED_ERROR_INJECTION
2026_all5mer	seed_47	ALL	missing_zero	Brier_observed	0.0761143281926322	0.05328620708043129	-0.022828121112200908	POSTHOC_ROBUSTNESS_ANALYSIS	CONTROLLED_ERROR_INJECTION
2026_all5mer	seed_47	ALL	missing_zero	Brier_equal_class	0.08460671211873357	0.053299895975535055	-0.03130681614319851	POSTHOC_ROBUSTNESS_ANALYSIS	CONTROLLED_ERROR_INJECTION
2026_all5mer	seed_47	ALL	missing_zero	Brier_control	0.10018281006634201	0.029186653752201513	-0.0709961563141405	POSTHOC_ROBUSTNESS_ANALYSIS	CONTROLLED_ERROR_INJECTION
2026_all5mer	seed_47	ALL	missing_zero	Brier_modified	0.06903061417112512	0.0774131381988686	0.008382524027743476	POSTHOC_ROBUSTNESS_ANALYSIS	CONTROLLED_ERROR_INJECTION
2026_all5mer	seed_47	5mers_A_RNA_sparse_seq_01	site_mean_as_read	Brier_observed	0.06755021672263788	0.024189967132399452	-0.043360249590238424	POSTHOC_ROBUSTNESS_ANALYSIS	CONTROLLED_ERROR_INJECTION
2026_all5mer	seed_47	5mers_A_RNA_sparse_seq_01	site_mean_as_read	Brier_equal_class	0.06845379270356278	0.027849504674300782	-0.040604288029262	POSTHOC_ROBUSTNESS_ANALYSIS	CONTROLLED_ERROR_INJECTION
2026_all5mer	seed_47	5mers_A_RNA_sparse_seq_01	site_mean_as_read	Brier_control	0.07020779313712285	0.03495331284387396	-0.03525448029324889	POSTHOC_ROBUSTNESS_ANALYSIS	CONTROLLED_ERROR_INJECTION
2026_all5mer	seed_47	5mers_A_RNA_sparse_seq_01	site_mean_as_read	Brier_modified	0.0666997922700027	0.020745696504727608	-0.04595409576527509	POSTHOC_ROBUSTNESS_ANALYSIS	CONTROLLED_ERROR_INJECTION
2026_all5mer	seed_47	5mers_A_RNA_sparse_seq_02	site_mean_as_read	Brier_observed	0.08504958858838188	0.03504648499707215	-0.05000310359130973	POSTHOC_ROBUSTNESS_ANALYSIS	CONTROLLED_ERROR_INJECTION
2026_all5mer	seed_47	5mers_A_RNA_sparse_seq_02	site_mean_as_read	Brier_equal_class	0.080376367882247	0.03523356661712916	-0.04514280126511784	POSTHOC_ROBUSTNESS_ANALYSIS	CONTROLLED_ERROR_INJECTION
2026_all5mer	seed_47	5mers_A_RNA_sparse_seq_02	site_mean_as_read	Brier_control	0.07134147451705292	0.03559525774923939	-0.035746216767813525	POSTHOC_ROBUSTNESS_ANALYSIS	CONTROLLED_ERROR_INJECTION
2026_all5mer	seed_47	5mers_A_RNA_sparse_seq_02	site_mean_as_read	Brier_modified	0.08941126124744109	0.03487187548501893	-0.054539385762422156	POSTHOC_ROBUSTNESS_ANALYSIS	CONTROLLED_ERROR_INJECTION
2026_all5mer	seed_47	5mers_A_RNA_sparse_seq_03	site_mean_as_read	Brier_observed	0.05880694643035127	0.022757249445649063	-0.0360496969847022	POSTHOC_ROBUSTNESS_ANALYSIS	CONTROLLED_ERROR_INJECTION
2026_all5mer	seed_47	5mers_A_RNA_sparse_seq_03	site_mean_as_read	Brier_equal_class	0.07590771035916674	0.03683834397025372	-0.03906936638891302	POSTHOC_ROBUSTNESS_ANALYSIS	CONTROLLED_ERROR_INJECTION
2026_all5mer	seed_47	5mers_A_RNA_sparse_seq_03	site_mean_as_read	Brier_control	0.10502010144685445	0.06081004093358254	-0.04421006051327191	POSTHOC_ROBUSTNESS_ANALYSIS	CONTROLLED_ERROR_INJECTION
2026_all5mer	seed_47	5mers_A_RNA_sparse_seq_03	site_mean_as_read	Brier_modified	0.04679531927147903	0.012866647006924902	-0.03392867226455413	POSTHOC_ROBUSTNESS_ANALYSIS	CONTROLLED_ERROR_INJECTION
2026_all5mer	seed_47	5mers_A_RNA_sparse_seq_04	site_mean_as_read	Brier_observed	0.09284906604308091	0.04030687904548231	-0.0525421869975986	POSTHOC_ROBUSTNESS_ANALYSIS	CONTROLLED_ERROR_INJECTION
2026_all5mer	seed_47	5mers_A_RNA_sparse_seq_04	site_mean_as_read	Brier_equal_class	0.10503990781807018	0.052520719600846824	-0.05251918821722336	POSTHOC_ROBUSTNESS_ANALYSIS	CONTROLLED_ERROR_INJECTION
2026_all5mer	seed_47	5mers_A_RNA_sparse_seq_04	site_mean_as_read	Brier_control	0.12824021082490547	0.07576479142064363	-0.05247541940426184	POSTHOC_ROBUSTNESS_ANALYSIS	CONTROLLED_ERROR_INJECTION
2026_all5mer	seed_47	5mers_A_RNA_sparse_seq_04	site_mean_as_read	Brier_modified	0.08183960481123491	0.029276647781050023	-0.05256295703018489	POSTHOC_ROBUSTNESS_ANALYSIS	CONTROLLED_ERROR_INJECTION
2026_all5mer	seed_47	5mers_A_RNA_sparse_seq_05	site_mean_as_read	Brier_observed	0.062009039664918275	0.024413709744017978	-0.0375953299209003	POSTHOC_ROBUSTNESS_ANALYSIS	CONTROLLED_ERROR_INJECTION
2026_all5mer	seed_47	5mers_A_RNA_sparse_seq_05	site_mean_as_read	Brier_equal_class	0.07465665302579365	0.036216897185310834	-0.038439755840482814	POSTHOC_ROBUSTNESS_ANALYSIS	CONTROLLED_ERROR_INJECTION
2026_all5mer	seed_47	5mers_A_RNA_sparse_seq_05	site_mean_as_read	Brier_control	0.09627999199761285	0.05639654023010185	-0.039883451767511	POSTHOC_ROBUSTNESS_ANALYSIS	CONTROLLED_ERROR_INJECTION
2026_all5mer	seed_47	5mers_A_RNA_sparse_seq_05	site_mean_as_read	Brier_modified	0.053033314053974455	0.01603725414051982	-0.036996059913454636	POSTHOC_ROBUSTNESS_ANALYSIS	CONTROLLED_ERROR_INJECTION
2026_all5mer	seed_47	5mers_A_RNA_sparse_seq_06	site_mean_as_read	Brier_observed	0.08059464776528417	0.02766549094215937	-0.05292915682312481	POSTHOC_ROBUSTNESS_ANALYSIS	CONTROLLED_ERROR_INJECTION
2026_all5mer	seed_47	5mers_A_RNA_sparse_seq_06	site_mean_as_read	Brier_equal_class	0.08568106928809502	0.03411574309445807	-0.05156532619363695	POSTHOC_ROBUSTNESS_ANALYSIS	CONTROLLED_ERROR_INJECTION
2026_all5mer	seed_47	5mers_A_RNA_sparse_seq_06	site_mean_as_read	Brier_control	0.09502407388949613	0.04596390299800867	-0.04906017089148746	POSTHOC_ROBUSTNESS_ANALYSIS	CONTROLLED_ERROR_INJECTION
2026_all5mer	seed_47	5mers_A_RNA_sparse_seq_06	site_mean_as_read	Brier_modified	0.07633806468669391	0.022267583190907478	-0.05407048149578643	POSTHOC_ROBUSTNESS_ANALYSIS	CONTROLLED_ERROR_INJECTION
2026_all5mer	seed_47	5mers_A_RNA_sparse_seq_07	site_mean_as_read	Brier_observed	0.09116480433928247	0.03811584636405922	-0.05304895797522324	POSTHOC_ROBUSTNESS_ANALYSIS	CONTROLLED_ERROR_INJECTION
2026_all5mer	seed_47	5mers_A_RNA_sparse_seq_07	site_mean_as_read	Brier_equal_class	0.09153319725981568	0.041610084736463125	-0.049923112523352554	POSTHOC_ROBUSTNESS_ANALYSIS	CONTROLLED_ERROR_INJECTION
2026_all5mer	seed_47	5mers_A_RNA_sparse_seq_07	site_mean_as_read	Brier_control	0.09216828779740767	0.04763397282636602	-0.04453431497104165	POSTHOC_ROBUSTNESS_ANALYSIS	CONTROLLED_ERROR_INJECTION
2026_all5mer	seed_47	5mers_A_RNA_sparse_seq_07	site_mean_as_read	Brier_modified	0.09089810672222368	0.03558619664656023	-0.05531191007566345	POSTHOC_ROBUSTNESS_ANALYSIS	CONTROLLED_ERROR_INJECTION
2026_all5mer	seed_47	5mers_A_RNA_sparse_seq_08	site_mean_as_read	Brier_observed	0.08901643331071972	0.03622272089532527	-0.05279371241539445	POSTHOC_ROBUSTNESS_ANALYSIS	CONTROLLED_ERROR_INJECTION
2026_all5mer	seed_47	5mers_A_RNA_sparse_seq_08	site_mean_as_read	Brier_equal_class	0.10242322180609208	0.04772275807299705	-0.05470046373309503	POSTHOC_ROBUSTNESS_ANALYSIS	CONTROLLED_ERROR_INJECTION
2026_all5mer	seed_47	5mers_A_RNA_sparse_seq_08	site_mean_as_read	Brier_control	0.12331931973681037	0.06564695394991996	-0.05767236578689042	POSTHOC_ROBUSTNESS_ANALYSIS	CONTROLLED_ERROR_INJECTION
2026_all5mer	seed_47	5mers_A_RNA_sparse_seq_08	site_mean_as_read	Brier_modified	0.08152712387537378	0.029798562196074144	-0.05172856167929964	POSTHOC_ROBUSTNESS_ANALYSIS	CONTROLLED_ERROR_INJECTION
2026_all5mer	seed_47	5mers_A_RNA_sparse_seq_09	site_mean_as_read	Brier_observed	0.08439220693871487	0.030930636124455176	-0.05346157081425969	POSTHOC_ROBUSTNESS_ANALYSIS	CONTROLLED_ERROR_INJECTION
2026_all5mer	seed_47	5mers_A_RNA_sparse_seq_09	site_mean_as_read	Brier_equal_class	0.08628434746267816	0.03457168034719575	-0.051712667115482405	POSTHOC_ROBUSTNESS_ANALYSIS	CONTROLLED_ERROR_INJECTION
2026_all5mer	seed_47	5mers_A_RNA_sparse_seq_09	site_mean_as_read	Brier_control	0.08990687494692595	0.041542506562899865	-0.04836436838402609	POSTHOC_ROBUSTNESS_ANALYSIS	CONTROLLED_ERROR_INJECTION
2026_all5mer	seed_47	5mers_A_RNA_sparse_seq_09	site_mean_as_read	Brier_modified	0.08266181997843036	0.02760085413149163	-0.05506096584693873	POSTHOC_ROBUSTNESS_ANALYSIS	CONTROLLED_ERROR_INJECTION
2026_all5mer	seed_47	5mers_A_RNA_sparse_seq_10	site_mean_as_read	Brier_observed	0.05071479619146056	0.01874694412669434	-0.031967852064766225	POSTHOC_ROBUSTNESS_ANALYSIS	CONTROLLED_ERROR_INJECTION
2026_all5mer	seed_47	5mers_A_RNA_sparse_seq_10	site_mean_as_read	Brier_equal_class	0.06800548358736948	0.03284335061816911	-0.035162132969200365	POSTHOC_ROBUSTNESS_ANALYSIS	CONTROLLED_ERROR_INJECTION
2026_all5mer	seed_47	5mers_A_RNA_sparse_seq_10	site_mean_as_read	Brier_control	0.09695209060584642	0.0564423626029658	-0.04050972800288062	POSTHOC_ROBUSTNESS_ANALYSIS	CONTROLLED_ERROR_INJECTION
2026_all5mer	seed_47	5mers_A_RNA_sparse_seq_10	site_mean_as_read	Brier_modified	0.039058876568892544	0.009244338633372429	-0.029814537935520115	POSTHOC_ROBUSTNESS_ANALYSIS	CONTROLLED_ERROR_INJECTION
2026_all5mer	seed_47	5mers_A_RNA_sparse_seq_11	site_mean_as_read	Brier_observed	0.06416605815986277	0.022638722405177076	-0.0415273357546857	POSTHOC_ROBUSTNESS_ANALYSIS	CONTROLLED_ERROR_INJECTION
2026_all5mer	seed_47	5mers_A_RNA_sparse_seq_11	site_mean_as_read	Brier_equal_class	0.07161429436144919	0.03137598714600526	-0.04023830721544393	POSTHOC_ROBUSTNESS_ANALYSIS	CONTROLLED_ERROR_INJECTION
2026_all5mer	seed_47	5mers_A_RNA_sparse_seq_11	site_mean_as_read	Brier_control	0.0860181980378638	0.048272701524560764	-0.037745496513303035	POSTHOC_ROBUSTNESS_ANALYSIS	CONTROLLED_ERROR_INJECTION
2026_all5mer	seed_47	5mers_A_RNA_sparse_seq_11	site_mean_as_read	Brier_modified	0.05721039068503458	0.014479272767449756	-0.04273111791758482	POSTHOC_ROBUSTNESS_ANALYSIS	CONTROLLED_ERROR_INJECTION
2026_all5mer	seed_47	5mers_A_RNA_sparse_seq_12	site_mean_as_read	Brier_observed	0.07208130780388328	0.027665060938912533	-0.04441624686497074	POSTHOC_ROBUSTNESS_ANALYSIS	CONTROLLED_ERROR_INJECTION
2026_all5mer	seed_47	5mers_A_RNA_sparse_seq_12	site_mean_as_read	Brier_equal_class	0.08729793894893992	0.04010518496650486	-0.04719275398243506	POSTHOC_ROBUSTNESS_ANALYSIS	CONTROLLED_ERROR_INJECTION
2026_all5mer	seed_47	5mers_A_RNA_sparse_seq_12	site_mean_as_read	Brier_control	0.11340353550055088	0.061447416096410946	-0.05195611940413993	POSTHOC_ROBUSTNESS_ANALYSIS	CONTROLLED_ERROR_INJECTION
2026_all5mer	seed_47	5mers_A_RNA_sparse_seq_12	site_mean_as_read	Brier_modified	0.06119234239732897	0.018762953836598765	-0.04242938856073021	POSTHOC_ROBUSTNESS_ANALYSIS	CONTROLLED_ERROR_INJECTION
2026_all5mer	seed_47	5mers_A_RNA_sparse_seq_13	site_mean_as_read	Brier_observed	0.058645985921223956	0.019976079379745482	-0.03866990654147848	POSTHOC_ROBUSTNESS_ANALYSIS	CONTROLLED_ERROR_INJECTION
2026_all5mer	seed_47	5mers_A_RNA_sparse_seq_13	site_mean_as_read	Brier_equal_class	0.06795556609695022	0.031190501866693962	-0.03676506423025626	POSTHOC_ROBUSTNESS_ANALYSIS	CONTROLLED_ERROR_INJECTION
2026_all5mer	seed_47	5mers_A_RNA_sparse_seq_13	site_mean_as_read	Brier_control	0.0824014663696289	0.0485921919326485	-0.033809274436980404	POSTHOC_ROBUSTNESS_ANALYSIS	CONTROLLED_ERROR_INJECTION
2026_all5mer	seed_47	5mers_A_RNA_sparse_seq_13	site_mean_as_read	Brier_modified	0.05350966582427154	0.013788811800739426	-0.039720854023532114	POSTHOC_ROBUSTNESS_ANALYSIS	CONTROLLED_ERROR_INJECTION
2026_all5mer	seed_47	5mers_A_RNA_sparse_seq_14	site_mean_as_read	Brier_observed	0.06723944546041749	0.025597850394729633	-0.04164159506568786	POSTHOC_ROBUSTNESS_ANALYSIS	CONTROLLED_ERROR_INJECTION
2026_all5mer	seed_47	5mers_A_RNA_sparse_seq_14	site_mean_as_read	Brier_equal_class	0.0763726461475453	0.031094257699452343	-0.045278388448092954	POSTHOC_ROBUSTNESS_ANALYSIS	CONTROLLED_ERROR_INJECTION
2026_all5mer	seed_47	5mers_A_RNA_sparse_seq_14	site_mean_as_read	Brier_control	0.09287467920724216	0.04102526635230361	-0.05184941285493855	POSTHOC_ROBUSTNESS_ANALYSIS	CONTROLLED_ERROR_INJECTION
2026_all5mer	seed_47	5mers_A_RNA_sparse_seq_14	site_mean_as_read	Brier_modified	0.059870613087848454	0.021163249046601083	-0.038707364041247375	POSTHOC_ROBUSTNESS_ANALYSIS	CONTROLLED_ERROR_INJECTION
2026_all5mer	seed_47	5mers_A_RNA_sparse_seq_15	site_mean_as_read	Brier_observed	0.10203698619659095	0.04590871913564426	-0.05612826706094669	POSTHOC_ROBUSTNESS_ANALYSIS	CONTROLLED_ERROR_INJECTION
2026_all5mer	seed_47	5mers_A_RNA_sparse_seq_15	site_mean_as_read	Brier_equal_class	0.10954230865535498	0.05323077810495647	-0.05631153055039852	POSTHOC_ROBUSTNESS_ANALYSIS	CONTROLLED_ERROR_INJECTION
2026_all5mer	seed_47	5mers_A_RNA_sparse_seq_15	site_mean_as_read	Brier_control	0.12524646386168056	0.06855147233437975	-0.056694991527300814	POSTHOC_ROBUSTNESS_ANALYSIS	CONTROLLED_ERROR_INJECTION
2026_all5mer	seed_47	5mers_A_RNA_sparse_seq_15	site_mean_as_read	Brier_modified	0.0938381534490294	0.03791008387553319	-0.05592806957349621	POSTHOC_ROBUSTNESS_ANALYSIS	CONTROLLED_ERROR_INJECTION
2026_all5mer	seed_47	5mers_A_RNA_sparse_seq_16	site_mean_as_read	Brier_observed	0.07687632995244315	0.03181412005566942	-0.045062209896773724	POSTHOC_ROBUSTNESS_ANALYSIS	CONTROLLED_ERROR_INJECTION
2026_all5mer	seed_47	5mers_A_RNA_sparse_seq_16	site_mean_as_read	Brier_equal_class	0.07990661975748145	0.03559222420638318	-0.04431439555109827	POSTHOC_ROBUSTNESS_ANALYSIS	CONTROLLED_ERROR_INJECTION
2026_all5mer	seed_47	5mers_A_RNA_sparse_seq_16	site_mean_as_read	Brier_control	0.08711956309623459	0.04458517633977226	-0.042534386756462324	POSTHOC_ROBUSTNESS_ANALYSIS	CONTROLLED_ERROR_INJECTION
2026_all5mer	seed_47	5mers_A_RNA_sparse_seq_16	site_mean_as_read	Brier_modified	0.0726936764187283	0.026599272072994094	-0.04609440434573421	POSTHOC_ROBUSTNESS_ANALYSIS	CONTROLLED_ERROR_INJECTION
2026_all5mer	seed_47	5mers_A_RNA_sparse_seq_17	site_mean_as_read	Brier_observed	0.054004916629275763	0.016294089355447742	-0.03771082727382802	POSTHOC_ROBUSTNESS_ANALYSIS	CONTROLLED_ERROR_INJECTION
2026_all5mer	seed_47	5mers_A_RNA_sparse_seq_17	site_mean_as_read	Brier_equal_class	0.057632877883943195	0.020674185770888344	-0.03695869211305485	POSTHOC_ROBUSTNESS_ANALYSIS	CONTROLLED_ERROR_INJECTION
2026_all5mer	seed_47	5mers_A_RNA_sparse_seq_17	site_mean_as_read	Brier_control	0.063723375453031	0.028027342185194253	-0.03569603326783675	POSTHOC_ROBUSTNESS_ANALYSIS	CONTROLLED_ERROR_INJECTION
2026_all5mer	seed_47	5mers_A_RNA_sparse_seq_17	site_mean_as_read	Brier_modified	0.0515423803148554	0.013321029356582432	-0.03822135095827296	POSTHOC_ROBUSTNESS_ANALYSIS	CONTROLLED_ERROR_INJECTION
2026_all5mer	seed_47	5mers_A_RNA_sparse_seq_18	site_mean_as_read	Brier_observed	0.07414259970437533	0.029675636309730954	-0.04446696339464437	POSTHOC_ROBUSTNESS_ANALYSIS	CONTROLLED_ERROR_INJECTION
2026_all5mer	seed_47	5mers_A_RNA_sparse_seq_18	site_mean_as_read	Brier_equal_class	0.10472322900314512	0.051049596717036294	-0.05367363228610883	POSTHOC_ROBUSTNESS_ANALYSIS	CONTROLLED_ERROR_INJECTION
2026_all5mer	seed_47	5mers_A_RNA_sparse_seq_18	site_mean_as_read	Brier_control	0.16182299777194187	0.09095878841505174	-0.07086420935689013	POSTHOC_ROBUSTNESS_ANALYSIS	CONTROLLED_ERROR_INJECTION
2026_all5mer	seed_47	5mers_A_RNA_sparse_seq_18	site_mean_as_read	Brier_modified	0.04762346023434839	0.011140405019020852	-0.036483055215327534	POSTHOC_ROBUSTNESS_ANALYSIS	CONTROLLED_ERROR_INJECTION
2026_all5mer	seed_47	5mers_A_RNA_sparse_seq_19	site_mean_as_read	Brier_observed	0.06998355885877966	0.03167958479303488	-0.03830397406574478	POSTHOC_ROBUSTNESS_ANALYSIS	CONTROLLED_ERROR_INJECTION
2026_all5mer	seed_47	5mers_A_RNA_sparse_seq_19	site_mean_as_read	Brier_equal_class	0.06649178038786836	0.032452668471362967	-0.034039111916505396	POSTHOC_ROBUSTNESS_ANALYSIS	CONTROLLED_ERROR_INJECTION
2026_all5mer	seed_47	5mers_A_RNA_sparse_seq_19	site_mean_as_read	Brier_control	0.06089175831187855	0.03369251965358727	-0.027199238658291276	POSTHOC_ROBUSTNESS_ANALYSIS	CONTROLLED_ERROR_INJECTION
2026_all5mer	seed_47	5mers_A_RNA_sparse_seq_19	site_mean_as_read	Brier_modified	0.07209180246385818	0.031212817289138668	-0.040878985174719516	POSTHOC_ROBUSTNESS_ANALYSIS	CONTROLLED_ERROR_INJECTION
2026_all5mer	seed_47	5mers_A_RNA_sparse_seq_20	site_mean_as_read	Brier_observed	0.0950749285415437	0.04339852901341256	-0.05167639952813114	POSTHOC_ROBUSTNESS_ANALYSIS	CONTROLLED_ERROR_INJECTION
2026_all5mer	seed_47	5mers_A_RNA_sparse_seq_20	site_mean_as_read	Brier_equal_class	0.11096300735155551	0.05598640902891264	-0.05497659832264287	POSTHOC_ROBUSTNESS_ANALYSIS	CONTROLLED_ERROR_INJECTION
2026_all5mer	seed_47	5mers_A_RNA_sparse_seq_20	site_mean_as_read	Brier_control	0.14616875026537024	0.08387937664035111	-0.06228937362501913	POSTHOC_ROBUSTNESS_ANALYSIS	CONTROLLED_ERROR_INJECTION
2026_all5mer	seed_47	5mers_A_RNA_sparse_seq_20	site_mean_as_read	Brier_modified	0.07575726443774079	0.02809344141747416	-0.04766382302026663	POSTHOC_ROBUSTNESS_ANALYSIS	CONTROLLED_ERROR_INJECTION
2026_all5mer	seed_47	5mers_A_RNA_sparse_seq_21	site_mean_as_read	Brier_observed	0.07616815567016602	0.026361237366205322	-0.049806918303960696	POSTHOC_ROBUSTNESS_ANALYSIS	CONTROLLED_ERROR_INJECTION
2026_all5mer	seed_47	5mers_A_RNA_sparse_seq_21	site_mean_as_read	Brier_equal_class	0.08539599490707969	0.03531126243152892	-0.05008473247555077	POSTHOC_ROBUSTNESS_ANALYSIS	CONTROLLED_ERROR_INJECTION
2026_all5mer	seed_47	5mers_A_RNA_sparse_seq_21	site_mean_as_read	Brier_control	0.10347502688144115	0.0528460054166527	-0.050629021464788454	POSTHOC_ROBUSTNESS_ANALYSIS	CONTROLLED_ERROR_INJECTION
2026_all5mer	seed_47	5mers_A_RNA_sparse_seq_21	site_mean_as_read	Brier_modified	0.06731696293271822	0.017776519446405136	-0.04954044348631308	POSTHOC_ROBUSTNESS_ANALYSIS	CONTROLLED_ERROR_INJECTION
2026_all5mer	seed_47	5mers_A_RNA_sparse_seq_22	site_mean_as_read	Brier_observed	0.10848583438532139	0.049894707199893785	-0.058591127185427604	POSTHOC_ROBUSTNESS_ANALYSIS	CONTROLLED_ERROR_INJECTION
2026_all5mer	seed_47	5mers_A_RNA_sparse_seq_22	site_mean_as_read	Brier_equal_class	0.10964245604527528	0.052950764931612444	-0.05669169111366284	POSTHOC_ROBUSTNESS_ANALYSIS	CONTROLLED_ERROR_INJECTION
2026_all5mer	seed_47	5mers_A_RNA_sparse_seq_22	site_mean_as_read	Brier_control	0.11225281318608862	0.0598479227481518	-0.05240489043793682	POSTHOC_ROBUSTNESS_ANALYSIS	CONTROLLED_ERROR_INJECTION
2026_all5mer	seed_47	5mers_A_RNA_sparse_seq_22	site_mean_as_read	Brier_modified	0.10703209890446193	0.046053607115073086	-0.06097849178938884	POSTHOC_ROBUSTNESS_ANALYSIS	CONTROLLED_ERROR_INJECTION
2026_all5mer	seed_47	5mers_A_RNA_sparse_seq_23	site_mean_as_read	Brier_observed	0.08761688590303922	0.03761304890241344	-0.05000383700062578	POSTHOC_ROBUSTNESS_ANALYSIS	CONTROLLED_ERROR_INJECTION
2026_all5mer	seed_47	5mers_A_RNA_sparse_seq_23	site_mean_as_read	Brier_equal_class	0.1024079040514654	0.049118484668602094	-0.0532894193828633	POSTHOC_ROBUSTNESS_ANALYSIS	CONTROLLED_ERROR_INJECTION
2026_all5mer	seed_47	5mers_A_RNA_sparse_seq_23	site_mean_as_read	Brier_control	0.12940007335734818	0.07011478573608255	-0.05928528762126563	POSTHOC_ROBUSTNESS_ANALYSIS	CONTROLLED_ERROR_INJECTION
2026_all5mer	seed_47	5mers_A_RNA_sparse_seq_23	site_mean_as_read	Brier_modified	0.07541573474558261	0.028122183601121634	-0.047293551144460974	POSTHOC_ROBUSTNESS_ANALYSIS	CONTROLLED_ERROR_INJECTION
2026_all5mer	seed_47	5mers_A_RNA_sparse_seq_24	site_mean_as_read	Brier_observed	0.07531001274221637	0.03407064559632984	-0.041239367145886524	POSTHOC_ROBUSTNESS_ANALYSIS	CONTROLLED_ERROR_INJECTION
2026_all5mer	seed_47	5mers_A_RNA_sparse_seq_24	site_mean_as_read	Brier_equal_class	0.09164394745624038	0.04791739937143816	-0.043726548084802225	POSTHOC_ROBUSTNESS_ANALYSIS	CONTROLLED_ERROR_INJECTION
2026_all5mer	seed_47	5mers_A_RNA_sparse_seq_24	site_mean_as_read	Brier_control	0.12654698689778646	0.0775057258593012	-0.04904126103848526	POSTHOC_ROBUSTNESS_ANALYSIS	CONTROLLED_ERROR_INJECTION
2026_all5mer	seed_47	5mers_A_RNA_sparse_seq_24	site_mean_as_read	Brier_modified	0.056740908014694315	0.01832907288357512	-0.03841183513111919	POSTHOC_ROBUSTNESS_ANALYSIS	CONTROLLED_ERROR_INJECTION
2026_all5mer	seed_47	5mers_A_RNA_sparse_seq_25	site_mean_as_read	Brier_observed	0.08699935188726499	0.03758216378863215	-0.04941718809863284	POSTHOC_ROBUSTNESS_ANALYSIS	CONTROLLED_ERROR_INJECTION
2026_all5mer	seed_47	5mers_A_RNA_sparse_seq_25	site_mean_as_read	Brier_equal_class	0.09060745257544951	0.04261464535239759	-0.04799280722305192	POSTHOC_ROBUSTNESS_ANALYSIS	CONTROLLED_ERROR_INJECTION
2026_all5mer	seed_47	5mers_A_RNA_sparse_seq_25	site_mean_as_read	Brier_control	0.09731810433523995	0.05197448150458323	-0.04534362283065672	POSTHOC_ROBUSTNESS_ANALYSIS	CONTROLLED_ERROR_INJECTION
2026_all5mer	seed_47	5mers_A_RNA_sparse_seq_25	site_mean_as_read	Brier_modified	0.08389680081565908	0.033254809200211954	-0.05064199161544712	POSTHOC_ROBUSTNESS_ANALYSIS	CONTROLLED_ERROR_INJECTION
2026_all5mer	seed_47	5mers_A_RNA_sparse_seq_26	site_mean_as_read	Brier_observed	0.08107622523996282	0.031612125549085636	-0.04946409969087718	POSTHOC_ROBUSTNESS_ANALYSIS	CONTROLLED_ERROR_INJECTION
2026_all5mer	seed_47	5mers_A_RNA_sparse_seq_26	site_mean_as_read	Brier_equal_class	0.08030596684004897	0.03512123490920261	-0.04518473193084636	POSTHOC_ROBUSTNESS_ANALYSIS	CONTROLLED_ERROR_INJECTION
2026_all5mer	seed_47	5mers_A_RNA_sparse_seq_26	site_mean_as_read	Brier_control	0.0789547630803502	0.04127698960284121	-0.03767777347750899	POSTHOC_ROBUSTNESS_ANALYSIS	CONTROLLED_ERROR_INJECTION
2026_all5mer	seed_47	5mers_A_RNA_sparse_seq_26	site_mean_as_read	Brier_modified	0.08165717059974774	0.028965480215564016	-0.052691690384183726	POSTHOC_ROBUSTNESS_ANALYSIS	CONTROLLED_ERROR_INJECTION
2026_all5mer	seed_47	5mers_A_RNA_sparse_seq_27	site_mean_as_read	Brier_observed	0.06146360591133648	0.02061797081662913	-0.04084563509470735	POSTHOC_ROBUSTNESS_ANALYSIS	CONTROLLED_ERROR_INJECTION
2026_all5mer	seed_47	5mers_A_RNA_sparse_seq_27	site_mean_as_read	Brier_equal_class	0.07863768069307034	0.0340832243004887	-0.04455445639258164	POSTHOC_ROBUSTNESS_ANALYSIS	CONTROLLED_ERROR_INJECTION
2026_all5mer	seed_47	5mers_A_RNA_sparse_seq_27	site_mean_as_read	Brier_control	0.10637129022834006	0.05582763191259354	-0.050543658315746524	POSTHOC_ROBUSTNESS_ANALYSIS	CONTROLLED_ERROR_INJECTION
2026_all5mer	seed_47	5mers_A_RNA_sparse_seq_27	site_mean_as_read	Brier_modified	0.05090407115780063	0.012338816688383866	-0.03856525446941676	POSTHOC_ROBUSTNESS_ANALYSIS	CONTROLLED_ERROR_INJECTION
2026_all5mer	seed_47	5mers_A_RNA_sparse_seq_28	site_mean_as_read	Brier_observed	0.0671969268281581	0.0287349554055147	-0.038461971422643404	POSTHOC_ROBUSTNESS_ANALYSIS	CONTROLLED_ERROR_INJECTION
2026_all5mer	seed_47	5mers_A_RNA_sparse_seq_28	site_mean_as_read	Brier_equal_class	0.06770197309571854	0.030189325205349882	-0.037512647890368664	POSTHOC_ROBUSTNESS_ANALYSIS	CONTROLLED_ERROR_INJECTION
2026_all5mer	seed_47	5mers_A_RNA_sparse_seq_28	site_mean_as_read	Brier_control	0.0685981454201115	0.03277001146671156	-0.03582813395339994	POSTHOC_ROBUSTNESS_ANALYSIS	CONTROLLED_ERROR_INJECTION
2026_all5mer	seed_47	5mers_A_RNA_sparse_seq_28	site_mean_as_read	Brier_modified	0.06680580077132559	0.027608638943988205	-0.03919716182733738	POSTHOC_ROBUSTNESS_ANALYSIS	CONTROLLED_ERROR_INJECTION
2026_all5mer	seed_47	5mers_A_RNA_sparse_seq_29	site_mean_as_read	Brier_observed	0.050360666017500944	0.01793137837990473	-0.03242928763759621	POSTHOC_ROBUSTNESS_ANALYSIS	CONTROLLED_ERROR_INJECTION
2026_all5mer	seed_47	5mers_A_RNA_sparse_seq_29	site_mean_as_read	Brier_equal_class	0.06676119821887302	0.031190160645157318	-0.03557103757371571	POSTHOC_ROBUSTNESS_ANALYSIS	CONTROLLED_ERROR_INJECTION
2026_all5mer	seed_47	5mers_A_RNA_sparse_seq_29	site_mean_as_read	Brier_control	0.09256583524037557	0.052051560720537474	-0.04051427451983809	POSTHOC_ROBUSTNESS_ANALYSIS	CONTROLLED_ERROR_INJECTION
2026_all5mer	seed_47	5mers_A_RNA_sparse_seq_29	site_mean_as_read	Brier_modified	0.04095656119737049	0.010328760569777164	-0.030627800627593328	POSTHOC_ROBUSTNESS_ANALYSIS	CONTROLLED_ERROR_INJECTION
2026_all5mer	seed_47	5mers_A_RNA_sparse_seq_30	site_mean_as_read	Brier_observed	0.08627373718198207	0.0370760122104422	-0.049197724971539875	POSTHOC_ROBUSTNESS_ANALYSIS	CONTROLLED_ERROR_INJECTION
2026_all5mer	seed_47	5mers_A_RNA_sparse_seq_30	site_mean_as_read	Brier_equal_class	0.07957578748640178	0.0350536699479095	-0.04452211753849227	POSTHOC_ROBUSTNESS_ANALYSIS	CONTROLLED_ERROR_INJECTION
2026_all5mer	seed_47	5mers_A_RNA_sparse_seq_30	site_mean_as_read	Brier_control	0.0655524113263742	0.030819528522432558	-0.03473288280394164	POSTHOC_ROBUSTNESS_ANALYSIS	CONTROLLED_ERROR_INJECTION
2026_all5mer	seed_47	5mers_A_RNA_sparse_seq_30	site_mean_as_read	Brier_modified	0.09359916364642935	0.039287811373386446	-0.05431135227304291	POSTHOC_ROBUSTNESS_ANALYSIS	CONTROLLED_ERROR_INJECTION
2026_all5mer	seed_47	5mers_A_RNA_sparse_seq_31	site_mean_as_read	Brier_observed	0.059614783393012155	0.01854475028413581	-0.041070033108876344	POSTHOC_ROBUSTNESS_ANALYSIS	CONTROLLED_ERROR_INJECTION
2026_all5mer	seed_47	5mers_A_RNA_sparse_seq_31	site_mean_as_read	Brier_equal_class	0.0669870068124167	0.027867168980164843	-0.03911983783225186	POSTHOC_ROBUSTNESS_ANALYSIS	CONTROLLED_ERROR_INJECTION
2026_all5mer	seed_47	5mers_A_RNA_sparse_seq_31	site_mean_as_read	Brier_control	0.07823277135049143	0.04208780766902268	-0.03614496368146875	POSTHOC_ROBUSTNESS_ANALYSIS	CONTROLLED_ERROR_INJECTION
2026_all5mer	seed_47	5mers_A_RNA_sparse_seq_31	site_mean_as_read	Brier_modified	0.05574124227434197	0.013646530291307	-0.042094711983034966	POSTHOC_ROBUSTNESS_ANALYSIS	CONTROLLED_ERROR_INJECTION
2026_all5mer	seed_47	5mers_A_RNA_sparse_seq_32	site_mean_as_read	Brier_observed	0.08884729631061986	0.038712106141805286	-0.05013519016881457	POSTHOC_ROBUSTNESS_ANALYSIS	CONTROLLED_ERROR_INJECTION
2026_all5mer	seed_47	5mers_A_RNA_sparse_seq_32	site_mean_as_read	Brier_equal_class	0.09871624902543746	0.048001001491639585	-0.05071524753379788	POSTHOC_ROBUSTNESS_ANALYSIS	CONTROLLED_ERROR_INJECTION
2026_all5mer	seed_47	5mers_A_RNA_sparse_seq_32	site_mean_as_read	Brier_control	0.1199355405919692	0.06797310840661101	-0.05196243218535819	POSTHOC_ROBUSTNESS_ANALYSIS	CONTROLLED_ERROR_INJECTION
2026_all5mer	seed_47	5mers_A_RNA_sparse_seq_32	site_mean_as_read	Brier_modified	0.07749695745890572	0.028028894576668156	-0.04946806288223757	POSTHOC_ROBUSTNESS_ANALYSIS	CONTROLLED_ERROR_INJECTION
2026_all5mer	seed_47	ALL	site_mean_as_read	Brier_observed	0.0761143281926322	0.030556239019126425	-0.045558089173505775	POSTHOC_ROBUSTNESS_ANALYSIS	CONTROLLED_ERROR_INJECTION
2026_all5mer	seed_47	ALL	site_mean_as_read	Brier_equal_class	0.08460671211873357	0.03881021401807043	-0.045796498100663136	POSTHOC_ROBUSTNESS_ANALYSIS	CONTROLLED_ERROR_INJECTION
2026_all5mer	seed_47	ALL	site_mean_as_read	Brier_control	0.10018281006634201	0.05394904007202675	-0.04623376999431526	POSTHOC_ROBUSTNESS_ANALYSIS	CONTROLLED_ERROR_INJECTION
2026_all5mer	seed_47	ALL	site_mean_as_read	Brier_modified	0.06903061417112512	0.023671387964114107	-0.04535922620701101	POSTHOC_ROBUSTNESS_ANALYSIS	CONTROLLED_ERROR_INJECTION
2026_all5mer	seed_71	5mers_A_RNA_sparse_seq_01	high_p_filter	Brier_observed	0.0641762847272457	0.008880290155825407	-0.05529599457142029	POSTHOC_ROBUSTNESS_ANALYSIS	CONTROLLED_ERROR_INJECTION
2026_all5mer	seed_71	5mers_A_RNA_sparse_seq_01	high_p_filter	Brier_equal_class	0.07285787799413954	0.4563385679010759	0.3834806899069364	POSTHOC_ROBUSTNESS_ANALYSIS	CONTROLLED_ERROR_INJECTION
2026_all5mer	seed_71	5mers_A_RNA_sparse_seq_01	high_p_filter	Brier_control	0.09051166179209102	0.9117164611816406	0.8212047993895496	POSTHOC_ROBUSTNESS_ANALYSIS	CONTROLLED_ERROR_INJECTION
2026_all5mer	seed_71	5mers_A_RNA_sparse_seq_01	high_p_filter	Brier_modified	0.05520409419618804	0.0009606746205112391	-0.0542434195756768	POSTHOC_ROBUSTNESS_ANALYSIS	CONTROLLED_ERROR_INJECTION
2026_all5mer	seed_71	5mers_A_RNA_sparse_seq_02	high_p_filter	Brier_observed	0.08413270759002778	0.00479099326980804	-0.07934171432021973	POSTHOC_ROBUSTNESS_ANALYSIS	CONTROLLED_ERROR_INJECTION
2026_all5mer	seed_71	5mers_A_RNA_sparse_seq_02	high_p_filter	Brier_equal_class	0.08429054120081303	0.4773481823877247	0.39305764118691167	POSTHOC_ROBUSTNESS_ANALYSIS	CONTROLLED_ERROR_INJECTION
2026_all5mer	seed_71	5mers_A_RNA_sparse_seq_02	high_p_filter	Brier_control	0.0845806376139323	0.9537086486816406	0.8691280110677083	POSTHOC_ROBUSTNESS_ANALYSIS	CONTROLLED_ERROR_INJECTION
2026_all5mer	seed_71	5mers_A_RNA_sparse_seq_02	high_p_filter	Brier_modified	0.08400044478769378	0.0009877160938087113	-0.08301272869388507	POSTHOC_ROBUSTNESS_ANALYSIS	CONTROLLED_ERROR_INJECTION
2026_all5mer	seed_71	5mers_A_RNA_sparse_seq_03	high_p_filter	Brier_observed	0.06731003219588647	0.008596794884484093	-0.05871323731140237	POSTHOC_ROBUSTNESS_ANALYSIS	CONTROLLED_ERROR_INJECTION
2026_all5mer	seed_71	5mers_A_RNA_sparse_seq_03	high_p_filter	Brier_equal_class	0.07815338589634677	0.43203481500799	0.3538814291116432	POSTHOC_ROBUSTNESS_ANALYSIS	CONTROLLED_ERROR_INJECTION
2026_all5mer	seed_71	5mers_A_RNA_sparse_seq_03	high_p_filter	Brier_control	0.09850845336914063	0.8632423400878906	0.76473388671875	POSTHOC_ROBUSTNESS_ANALYSIS	CONTROLLED_ERROR_INJECTION
2026_all5mer	seed_71	5mers_A_RNA_sparse_seq_03	high_p_filter	Brier_modified	0.05779831842355289	0.0008272899280894887	-0.0569710284954634	POSTHOC_ROBUSTNESS_ANALYSIS	CONTROLLED_ERROR_INJECTION
2026_all5mer	seed_71	5mers_A_RNA_sparse_seq_04	high_p_filter	Brier_observed	0.0822413674295584	0.011367304184857537	-0.07087406324470086	POSTHOC_ROBUSTNESS_ANALYSIS	CONTROLLED_ERROR_INJECTION
2026_all5mer	seed_71	5mers_A_RNA_sparse_seq_04	high_p_filter	Brier_equal_class	0.09694406399969151	0.45008144681415857	0.35313738281446705	POSTHOC_ROBUSTNESS_ANALYSIS	CONTROLLED_ERROR_INJECTION
2026_all5mer	seed_71	5mers_A_RNA_sparse_seq_04	high_p_filter	Brier_control	0.12532087342928996	0.8993670145670573	0.7740461411377673	POSTHOC_ROBUSTNESS_ANALYSIS	CONTROLLED_ERROR_INJECTION
2026_all5mer	seed_71	5mers_A_RNA_sparse_seq_04	high_p_filter	Brier_modified	0.06856725457009305	0.0007958790612599206	-0.06777137550883312	POSTHOC_ROBUSTNESS_ANALYSIS	CONTROLLED_ERROR_INJECTION
2026_all5mer	seed_71	5mers_A_RNA_sparse_seq_05	high_p_filter	Brier_observed	0.06948535452412151	0.007226272177907218	-0.062259082346214294	POSTHOC_ROBUSTNESS_ANALYSIS	CONTROLLED_ERROR_INJECTION
2026_all5mer	seed_71	5mers_A_RNA_sparse_seq_05	high_p_filter	Brier_equal_class	0.08393006920098703	0.4476794822543275	0.3637494130533405	POSTHOC_ROBUSTNESS_ANALYSIS	CONTROLLED_ERROR_INJECTION
2026_all5mer	seed_71	5mers_A_RNA_sparse_seq_05	high_p_filter	Brier_control	0.10882750468038434	0.8944587707519531	0.7856312660715687	POSTHOC_ROBUSTNESS_ANALYSIS	CONTROLLED_ERROR_INJECTION
2026_all5mer	seed_71	5mers_A_RNA_sparse_seq_05	high_p_filter	Brier_modified	0.059032633721589726	0.0009001937567018995	-0.05813243996488783	POSTHOC_ROBUSTNESS_ANALYSIS	CONTROLLED_ERROR_INJECTION
2026_all5mer	seed_71	5mers_A_RNA_sparse_seq_06	high_p_filter	Brier_observed	0.08504746339031469	0.004247880519780898	-0.08079958287053379	POSTHOC_ROBUSTNESS_ANALYSIS	CONTROLLED_ERROR_INJECTION
2026_all5mer	seed_71	5mers_A_RNA_sparse_seq_06	high_p_filter	Brier_equal_class	0.08533169077842512	0.4463359760788252	0.3610042853004001	POSTHOC_ROBUSTNESS_ANALYSIS	CONTROLLED_ERROR_INJECTION
2026_all5mer	seed_71	5mers_A_RNA_sparse_seq_06	high_p_filter	Brier_control	0.08584521981172784	0.8917732238769531	0.8059280040652252	POSTHOC_ROBUSTNESS_ANALYSIS	CONTROLLED_ERROR_INJECTION
2026_all5mer	seed_71	5mers_A_RNA_sparse_seq_06	high_p_filter	Brier_modified	0.08481816174512241	0.0008987282806972288	-0.08391943346442518	POSTHOC_ROBUSTNESS_ANALYSIS	CONTROLLED_ERROR_INJECTION
2026_all5mer	seed_71	5mers_A_RNA_sparse_seq_07	high_p_filter	Brier_observed	0.08368066393373384	0.0023892720540364585	-0.08129139187969739	POSTHOC_ROBUSTNESS_ANALYSIS	CONTROLLED_ERROR_INJECTION
2026_all5mer	seed_71	5mers_A_RNA_sparse_seq_07	high_p_filter	Brier_equal_class	0.0839020440125364	0.4092794399817013	0.32537739596916493	POSTHOC_ROBUSTNESS_ANALYSIS	CONTROLLED_ERROR_INJECTION
2026_all5mer	seed_71	5mers_A_RNA_sparse_seq_07	high_p_filter	Brier_control	0.08430876555266203	0.8177528381347656	0.7334440725821036	POSTHOC_ROBUSTNESS_ANALYSIS	CONTROLLED_ERROR_INJECTION
2026_all5mer	seed_71	5mers_A_RNA_sparse_seq_07	high_p_filter	Brier_modified	0.08349532247241077	0.0008060418286369842	-0.08268928064377379	POSTHOC_ROBUSTNESS_ANALYSIS	CONTROLLED_ERROR_INJECTION
2026_all5mer	seed_71	5mers_A_RNA_sparse_seq_08	high_p_filter	Brier_observed	0.07649314532828176	0.007080743321320341	-0.06941240200696142	POSTHOC_ROBUSTNESS_ANALYSIS	CONTROLLED_ERROR_INJECTION
2026_all5mer	seed_71	5mers_A_RNA_sparse_seq_08	high_p_filter	Brier_equal_class	0.08862883305064276	0.4475588918159512	0.3589300587653085	POSTHOC_ROBUSTNESS_ANALYSIS	CONTROLLED_ERROR_INJECTION
2026_all5mer	seed_71	5mers_A_RNA_sparse_seq_08	high_p_filter	Brier_control	0.10875312096434213	0.8943977355957031	0.785644614631361	POSTHOC_ROBUSTNESS_ANALYSIS	CONTROLLED_ERROR_INJECTION
2026_all5mer	seed_71	5mers_A_RNA_sparse_seq_08	high_p_filter	Brier_modified	0.0685045451369434	0.0007200480361993168	-0.06778449710074408	POSTHOC_ROBUSTNESS_ANALYSIS	CONTROLLED_ERROR_INJECTION
2026_all5mer	seed_71	5mers_A_RNA_sparse_seq_09	high_p_filter	Brier_observed	0.0879151159975709	0.004613764145795037	-0.08330135185177587	POSTHOC_ROBUSTNESS_ANALYSIS	CONTROLLED_ERROR_INJECTION
2026_all5mer	seed_71	5mers_A_RNA_sparse_seq_09	high_p_filter	Brier_equal_class	0.08392747945862639	0.4830228249857745	0.3990953455271481	POSTHOC_ROBUSTNESS_ANALYSIS	CONTROLLED_ERROR_INJECTION
2026_all5mer	seed_71	5mers_A_RNA_sparse_seq_09	high_p_filter	Brier_control	0.07679170880998884	0.9652137756347656	0.8884220668247768	POSTHOC_ROBUSTNESS_ANALYSIS	CONTROLLED_ERROR_INJECTION
2026_all5mer	seed_71	5mers_A_RNA_sparse_seq_09	high_p_filter	Brier_modified	0.09106325010726395	0.0008318743367833416	-0.0902313757704806	POSTHOC_ROBUSTNESS_ANALYSIS	CONTROLLED_ERROR_INJECTION
2026_all5mer	seed_71	5mers_A_RNA_sparse_seq_10	high_p_filter	Brier_observed	0.0606040458099961	0.010217211848900412	-0.05038683396109569	POSTHOC_ROBUSTNESS_ANALYSIS	CONTROLLED_ERROR_INJECTION
2026_all5mer	seed_71	5mers_A_RNA_sparse_seq_10	high_p_filter	Brier_equal_class	0.07694142983560746	0.4518737610009648	0.37493233116535735	POSTHOC_ROBUSTNESS_ANALYSIS	CONTROLLED_ERROR_INJECTION
2026_all5mer	seed_71	5mers_A_RNA_sparse_seq_10	high_p_filter	Brier_control	0.10579788208007812	0.9031664530436198	0.7973685709635416	POSTHOC_ROBUSTNESS_ANALYSIS	CONTROLLED_ERROR_INJECTION
2026_all5mer	seed_71	5mers_A_RNA_sparse_seq_10	high_p_filter	Brier_modified	0.048084977591136814	0.0005810689583099146	-0.0475039086328269	POSTHOC_ROBUSTNESS_ANALYSIS	CONTROLLED_ERROR_INJECTION
2026_all5mer	seed_71	5mers_A_RNA_sparse_seq_11	high_p_filter	Brier_observed	0.06824238467428315	0.004135172274424415	-0.06410721239985873	POSTHOC_ROBUSTNESS_ANALYSIS	CONTROLLED_ERROR_INJECTION
2026_all5mer	seed_71	5mers_A_RNA_sparse_seq_11	high_p_filter	Brier_equal_class	0.07261887896287578	0.44933007964005706	0.3767112006771813	POSTHOC_ROBUSTNESS_ANALYSIS	CONTROLLED_ERROR_INJECTION
2026_all5mer	seed_71	5mers_A_RNA_sparse_seq_11	high_p_filter	Brier_control	0.08172234654879842	0.8976936340332031	0.8159712874844047	POSTHOC_ROBUSTNESS_ANALYSIS	CONTROLLED_ERROR_INJECTION
2026_all5mer	seed_71	5mers_A_RNA_sparse_seq_11	high_p_filter	Brier_modified	0.06351541137695313	0.000966525246911015	-0.06254888613004211	POSTHOC_ROBUSTNESS_ANALYSIS	CONTROLLED_ERROR_INJECTION
2026_all5mer	seed_71	5mers_A_RNA_sparse_seq_12	high_p_filter	Brier_observed	0.07521004484464155	0.008792485228372277	-0.06641755961626927	POSTHOC_ROBUSTNESS_ANALYSIS	CONTROLLED_ERROR_INJECTION
2026_all5mer	seed_71	5mers_A_RNA_sparse_seq_12	high_p_filter	Brier_equal_class	0.09498437601450464	0.43669362951208046	0.3417092534975758	POSTHOC_ROBUSTNESS_ANALYSIS	CONTROLLED_ERROR_INJECTION
2026_all5mer	seed_71	5mers_A_RNA_sparse_seq_12	high_p_filter	Brier_control	0.12860787775098664	0.8725929260253906	0.7439850482744039	POSTHOC_ROBUSTNESS_ANALYSIS	CONTROLLED_ERROR_INJECTION
2026_all5mer	seed_71	5mers_A_RNA_sparse_seq_12	high_p_filter	Brier_modified	0.06136087427802264	0.0007943329987702547	-0.06056654127925239	POSTHOC_ROBUSTNESS_ANALYSIS	CONTROLLED_ERROR_INJECTION
2026_all5mer	seed_71	5mers_A_RNA_sparse_seq_13	high_p_filter	Brier_observed	0.06987082549880223	0.00472633284751815	-0.06514449265128408	POSTHOC_ROBUSTNESS_ANALYSIS	CONTROLLED_ERROR_INJECTION
2026_all5mer	seed_71	5mers_A_RNA_sparse_seq_13	high_p_filter	Brier_equal_class	0.08463624493758501	0.4138772193147043	0.3292409743771193	POSTHOC_ROBUSTNESS_ANALYSIS	CONTROLLED_ERROR_INJECTION
2026_all5mer	seed_71	5mers_A_RNA_sparse_seq_13	high_p_filter	Brier_control	0.10854090431522083	0.827203114827474	0.7186622105122532	POSTHOC_ROBUSTNESS_ANALYSIS	CONTROLLED_ERROR_INJECTION
2026_all5mer	seed_71	5mers_A_RNA_sparse_seq_13	high_p_filter	Brier_modified	0.060731585559949196	0.0005513238019346183	-0.06018026175801458	POSTHOC_ROBUSTNESS_ANALYSIS	CONTROLLED_ERROR_INJECTION
2026_all5mer	seed_71	5mers_A_RNA_sparse_seq_14	high_p_filter	Brier_observed	0.058550472076708514	0.00708968797211863	-0.05146078410458988	POSTHOC_ROBUSTNESS_ANALYSIS	CONTROLLED_ERROR_INJECTION
2026_all5mer	seed_71	5mers_A_RNA_sparse_seq_14	high_p_filter	Brier_equal_class	0.0714083738707113	0.46226690191971626	0.39085852804900495	POSTHOC_ROBUSTNESS_ANALYSIS	CONTROLLED_ERROR_INJECTION
2026_all5mer	seed_71	5mers_A_RNA_sparse_seq_14	high_p_filter	Brier_control	0.09348071351343272	0.9238777160644531	0.8303970025510204	POSTHOC_ROBUSTNESS_ANALYSIS	CONTROLLED_ERROR_INJECTION
2026_all5mer	seed_71	5mers_A_RNA_sparse_seq_14	high_p_filter	Brier_modified	0.049336034227989885	0.0006560877749794408	-0.04867994645301044	POSTHOC_ROBUSTNESS_ANALYSIS	CONTROLLED_ERROR_INJECTION
2026_all5mer	seed_71	5mers_A_RNA_sparse_seq_15	high_p_filter	Brier_observed	0.10725854132632782	0.007160850193189538	-0.10009769113313828	POSTHOC_ROBUSTNESS_ANALYSIS	CONTROLLED_ERROR_INJECTION
2026_all5mer	seed_71	5mers_A_RNA_sparse_seq_15	high_p_filter	Brier_equal_class	0.10434049647305108	0.46684320506868704	0.36250270859563594	POSTHOC_ROBUSTNESS_ANALYSIS	CONTROLLED_ERROR_INJECTION
2026_all5mer	seed_71	5mers_A_RNA_sparse_seq_15	high_p_filter	Brier_control	0.09826172960831431	0.9326006571451823	0.834338927536868	POSTHOC_ROBUSTNESS_ANALYSIS	CONTROLLED_ERROR_INJECTION
2026_all5mer	seed_71	5mers_A_RNA_sparse_seq_15	high_p_filter	Brier_modified	0.11041926333778783	0.0010857529921917738	-0.10933351034559606	POSTHOC_ROBUSTNESS_ANALYSIS	CONTROLLED_ERROR_INJECTION
2026_all5mer	seed_71	5mers_A_RNA_sparse_seq_16	high_p_filter	Brier_observed	0.07711763618406185	0.009902194361016935	-0.06721544182304492	POSTHOC_ROBUSTNESS_ANALYSIS	CONTROLLED_ERROR_INJECTION
2026_all5mer	seed_71	5mers_A_RNA_sparse_seq_16	high_p_filter	Brier_equal_class	0.0786897881997477	0.4316901255462129	0.3530003373464652	POSTHOC_ROBUSTNESS_ANALYSIS	CONTROLLED_ERROR_INJECTION
2026_all5mer	seed_71	5mers_A_RNA_sparse_seq_16	high_p_filter	Brier_control	0.08219633923934194	0.8625099182128906	0.7803135789735487	POSTHOC_ROBUSTNESS_ANALYSIS	CONTROLLED_ERROR_INJECTION
2026_all5mer	seed_71	5mers_A_RNA_sparse_seq_16	high_p_filter	Brier_modified	0.07518323716015346	0.0008703328795352225	-0.07431290428061824	POSTHOC_ROBUSTNESS_ANALYSIS	CONTROLLED_ERROR_INJECTION
2026_all5mer	seed_71	5mers_A_RNA_sparse_seq_17	high_p_filter	Brier_observed	0.05546747390305279	0.00405476480031821	-0.05141270910273458	POSTHOC_ROBUSTNESS_ANALYSIS	CONTROLLED_ERROR_INJECTION
2026_all5mer	seed_71	5mers_A_RNA_sparse_seq_17	high_p_filter	Brier_equal_class	0.06931702176860824	0.47526713390043257	0.4059501121318243	POSTHOC_ROBUSTNESS_ANALYSIS	CONTROLLED_ERROR_INJECTION
2026_all5mer	seed_71	5mers_A_RNA_sparse_seq_17	high_p_filter	Brier_control	0.09314248916950632	0.9498634338378906	0.8567209446683843	POSTHOC_ROBUSTNESS_ANALYSIS	CONTROLLED_ERROR_INJECTION
2026_all5mer	seed_71	5mers_A_RNA_sparse_seq_17	high_p_filter	Brier_modified	0.045491554367710164	0.0006708339629744801	-0.044820720404735684	POSTHOC_ROBUSTNESS_ANALYSIS	CONTROLLED_ERROR_INJECTION
2026_all5mer	seed_71	5mers_A_RNA_sparse_seq_18	high_p_filter	Brier_observed	0.06045391944146925	0.008531167473591549	-0.051922751967877705	POSTHOC_ROBUSTNESS_ANALYSIS	CONTROLLED_ERROR_INJECTION
2026_all5mer	seed_71	5mers_A_RNA_sparse_seq_18	high_p_filter	Brier_equal_class	0.08246886681486466	0.44344596659523133	0.3609770997803667	POSTHOC_ROBUSTNESS_ANALYSIS	CONTROLLED_ERROR_INJECTION
2026_all5mer	seed_71	5mers_A_RNA_sparse_seq_18	high_p_filter	Brier_control	0.12154119707680688	0.8861549377441407	0.7646137406673338	POSTHOC_ROBUSTNESS_ANALYSIS	CONTROLLED_ERROR_INJECTION
2026_all5mer	seed_71	5mers_A_RNA_sparse_seq_18	high_p_filter	Brier_modified	0.043396536552922436	0.0007369954463220193	-0.04265954110660042	POSTHOC_ROBUSTNESS_ANALYSIS	CONTROLLED_ERROR_INJECTION
2026_all5mer	seed_71	5mers_A_RNA_sparse_seq_19	high_p_filter	Brier_observed	0.06626722452064669	0.003606021193649238	-0.06266120332699746	POSTHOC_ROBUSTNESS_ANALYSIS	CONTROLLED_ERROR_INJECTION
2026_all5mer	seed_71	5mers_A_RNA_sparse_seq_19	high_p_filter	Brier_equal_class	0.06751877608100829	0.4163364924437611	0.3488177163627528	POSTHOC_ROBUSTNESS_ANALYSIS	CONTROLLED_ERROR_INJECTION
2026_all5mer	seed_71	5mers_A_RNA_sparse_seq_19	high_p_filter	Brier_control	0.06944390573809224	0.8320045471191406	0.7625606413810484	POSTHOC_ROBUSTNESS_ANALYSIS	CONTROLLED_ERROR_INJECTION
2026_all5mer	seed_71	5mers_A_RNA_sparse_seq_19	high_p_filter	Brier_modified	0.06559364642392432	0.0006684377683815381	-0.06492520865554278	POSTHOC_ROBUSTNESS_ANALYSIS	CONTROLLED_ERROR_INJECTION
2026_all5mer	seed_71	5mers_A_RNA_sparse_seq_20	high_p_filter	Brier_observed	0.09669544254064323	0.02051705522499537	-0.07617838731564786	POSTHOC_ROBUSTNESS_ANALYSIS	CONTROLLED_ERROR_INJECTION
2026_all5mer	seed_71	5mers_A_RNA_sparse_seq_20	high_p_filter	Brier_equal_class	0.10676799683338395	0.45122593581074416	0.3444579389773602	POSTHOC_ROBUSTNESS_ANALYSIS	CONTROLLED_ERROR_INJECTION
2026_all5mer	seed_71	5mers_A_RNA_sparse_seq_20	high_p_filter	Brier_control	0.1290604411691859	0.9015124927867543	0.7724520516175684	POSTHOC_ROBUSTNESS_ANALYSIS	CONTROLLED_ERROR_INJECTION
2026_all5mer	seed_71	5mers_A_RNA_sparse_seq_20	high_p_filter	Brier_modified	0.08447555249758197	0.0009393788347340594	-0.0835361736628479	POSTHOC_ROBUSTNESS_ANALYSIS	CONTROLLED_ERROR_INJECTION
2026_all5mer	seed_71	5mers_A_RNA_sparse_seq_21	high_p_filter	Brier_observed	0.06874898850853518	0.006916946929767861	-0.06183204157876732	POSTHOC_ROBUSTNESS_ANALYSIS	CONTROLLED_ERROR_INJECTION
2026_all5mer	seed_71	5mers_A_RNA_sparse_seq_21	high_p_filter	Brier_equal_class	0.07986458052632507	0.43907812994879647	0.3592135494224714	POSTHOC_ROBUSTNESS_ANALYSIS	CONTROLLED_ERROR_INJECTION
2026_all5mer	seed_71	5mers_A_RNA_sparse_seq_21	high_p_filter	Brier_control	0.09934313213405897	0.8775138854980469	0.7781707533639879	POSTHOC_ROBUSTNESS_ANALYSIS	CONTROLLED_ERROR_INJECTION
2026_all5mer	seed_71	5mers_A_RNA_sparse_seq_21	high_p_filter	Brier_modified	0.06038602891859118	0.0006423743995460304	-0.05974365451904515	POSTHOC_ROBUSTNESS_ANALYSIS	CONTROLLED_ERROR_INJECTION
2026_all5mer	seed_71	5mers_A_RNA_sparse_seq_22	high_p_filter	Brier_observed	0.11503833134969076	0.01109604278168121	-0.10394228856800955	POSTHOC_ROBUSTNESS_ANALYSIS	CONTROLLED_ERROR_INJECTION
2026_all5mer	seed_71	5mers_A_RNA_sparse_seq_22	high_p_filter	Brier_equal_class	0.1133785053568048	0.46727779718834583	0.353899291831541	POSTHOC_ROBUSTNESS_ANALYSIS	CONTROLLED_ERROR_INJECTION
2026_all5mer	seed_71	5mers_A_RNA_sparse_seq_22	high_p_filter	Brier_control	0.10937490497195423	0.9331398010253906	0.8237648960534364	POSTHOC_ROBUSTNESS_ANALYSIS	CONTROLLED_ERROR_INJECTION
2026_all5mer	seed_71	5mers_A_RNA_sparse_seq_22	high_p_filter	Brier_modified	0.11738210574165535	0.0014157933513010582	-0.11596631239035429	POSTHOC_ROBUSTNESS_ANALYSIS	CONTROLLED_ERROR_INJECTION
2026_all5mer	seed_71	5mers_A_RNA_sparse_seq_23	high_p_filter	Brier_observed	0.09427129078206632	0.006711874896215524	-0.0875594158858508	POSTHOC_ROBUSTNESS_ANALYSIS	CONTROLLED_ERROR_INJECTION
2026_all5mer	seed_71	5mers_A_RNA_sparse_seq_23	high_p_filter	Brier_equal_class	0.11403251593258218	0.472974791465288	0.3589422755327058	POSTHOC_ROBUSTNESS_ANALYSIS	CONTROLLED_ERROR_INJECTION
2026_all5mer	seed_71	5mers_A_RNA_sparse_seq_23	high_p_filter	Brier_control	0.15092775132921007	0.944970448811849	0.7940426974826389	POSTHOC_ROBUSTNESS_ANALYSIS	CONTROLLED_ERROR_INJECTION
2026_all5mer	seed_71	5mers_A_RNA_sparse_seq_23	high_p_filter	Brier_modified	0.0771372805359543	0.0009791341187269285	-0.07615814641722737	POSTHOC_ROBUSTNESS_ANALYSIS	CONTROLLED_ERROR_INJECTION
2026_all5mer	seed_71	5mers_A_RNA_sparse_seq_24	high_p_filter	Brier_observed	0.08004573656833183	0.012317393883176134	-0.06772834268515569	POSTHOC_ROBUSTNESS_ANALYSIS	CONTROLLED_ERROR_INJECTION
2026_all5mer	seed_71	5mers_A_RNA_sparse_seq_24	high_p_filter	Brier_equal_class	0.09023250335026449	0.4272935940465243	0.3370610906962598	POSTHOC_ROBUSTNESS_ANALYSIS	CONTROLLED_ERROR_INJECTION
2026_all5mer	seed_71	5mers_A_RNA_sparse_seq_24	high_p_filter	Brier_control	0.11108912069966474	0.8537287030901227	0.742639582390458	POSTHOC_ROBUSTNESS_ANALYSIS	CONTROLLED_ERROR_INJECTION
2026_all5mer	seed_71	5mers_A_RNA_sparse_seq_24	high_p_filter	Brier_modified	0.06937588600086424	0.0008584850029258877	-0.06851740099793835	POSTHOC_ROBUSTNESS_ANALYSIS	CONTROLLED_ERROR_INJECTION
2026_all5mer	seed_71	5mers_A_RNA_sparse_seq_25	high_p_filter	Brier_observed	0.08686494681150847	0.00898927525902833	-0.07787567155248014	POSTHOC_ROBUSTNESS_ANALYSIS	CONTROLLED_ERROR_INJECTION
2026_all5mer	seed_71	5mers_A_RNA_sparse_seq_25	high_p_filter	Brier_equal_class	0.09076539952850686	0.453144285879729	0.3623788863512221	POSTHOC_ROBUSTNESS_ANALYSIS	CONTROLLED_ERROR_INJECTION
2026_all5mer	seed_71	5mers_A_RNA_sparse_seq_25	high_p_filter	Brier_control	0.09841779073079428	0.9055091857910156	0.8070913950602213	POSTHOC_ROBUSTNESS_ANALYSIS	CONTROLLED_ERROR_INJECTION
2026_all5mer	seed_71	5mers_A_RNA_sparse_seq_25	high_p_filter	Brier_modified	0.08311300832621944	0.0007793859684423649	-0.08233362235777708	POSTHOC_ROBUSTNESS_ANALYSIS	CONTROLLED_ERROR_INJECTION
2026_all5mer	seed_71	5mers_A_RNA_sparse_seq_26	high_p_filter	Brier_observed	0.08122297883765098	0.006390163991105093	-0.07483281484654589	POSTHOC_ROBUSTNESS_ANALYSIS	CONTROLLED_ERROR_INJECTION
2026_all5mer	seed_71	5mers_A_RNA_sparse_seq_26	high_p_filter	Brier_equal_class	0.08199760099692457	0.45309474929370014	0.37109714829677554	POSTHOC_ROBUSTNESS_ANALYSIS	CONTROLLED_ERROR_INJECTION
2026_all5mer	seed_71	5mers_A_RNA_sparse_seq_26	high_p_filter	Brier_control	0.08352498098033098	0.9053484598795573	0.8218234788992262	POSTHOC_ROBUSTNESS_ANALYSIS	CONTROLLED_ERROR_INJECTION
2026_all5mer	seed_71	5mers_A_RNA_sparse_seq_26	high_p_filter	Brier_modified	0.08047022101351817	0.0008410387078430427	-0.07962918230567513	POSTHOC_ROBUSTNESS_ANALYSIS	CONTROLLED_ERROR_INJECTION
2026_all5mer	seed_71	5mers_A_RNA_sparse_seq_27	high_p_filter	Brier_observed	0.06233938753478875	0.005125673067987661	-0.05721371446680109	POSTHOC_ROBUSTNESS_ANALYSIS	CONTROLLED_ERROR_INJECTION
2026_all5mer	seed_71	5mers_A_RNA_sparse_seq_27	high_p_filter	Brier_equal_class	0.06994112445376302	0.4494340030405612	0.37949287858679814	POSTHOC_ROBUSTNESS_ANALYSIS	CONTROLLED_ERROR_INJECTION
2026_all5mer	seed_71	5mers_A_RNA_sparse_seq_27	high_p_filter	Brier_control	0.08251322781975894	0.8982378641764323	0.8157246363566734	POSTHOC_ROBUSTNESS_ANALYSIS	CONTROLLED_ERROR_INJECTION
2026_all5mer	seed_71	5mers_A_RNA_sparse_seq_27	high_p_filter	Brier_modified	0.057369021087767105	0.0006301419046901216	-0.05673887918307698	POSTHOC_ROBUSTNESS_ANALYSIS	CONTROLLED_ERROR_INJECTION
2026_all5mer	seed_71	5mers_A_RNA_sparse_seq_28	high_p_filter	Brier_observed	0.07544368987387799	0.0054954449473468645	-0.06994824492653112	POSTHOC_ROBUSTNESS_ANALYSIS	CONTROLLED_ERROR_INJECTION
2026_all5mer	seed_71	5mers_A_RNA_sparse_seq_28	high_p_filter	Brier_equal_class	0.07546692623632908	0.46662024255413626	0.39115331631780714	POSTHOC_ROBUSTNESS_ANALYSIS	CONTROLLED_ERROR_INJECTION
2026_all5mer	seed_71	5mers_A_RNA_sparse_seq_28	high_p_filter	Brier_control	0.07550707730379971	0.9325904846191406	0.8570834073153409	POSTHOC_ROBUSTNESS_ANALYSIS	CONTROLLED_ERROR_INJECTION
2026_all5mer	seed_71	5mers_A_RNA_sparse_seq_28	high_p_filter	Brier_modified	0.07542677516885844	0.0006500004891319142	-0.07477677467972653	POSTHOC_ROBUSTNESS_ANALYSIS	CONTROLLED_ERROR_INJECTION
2026_all5mer	seed_71	5mers_A_RNA_sparse_seq_29	high_p_filter	Brier_observed	0.05577077450959579	0.008073307523791422	-0.04769746698580437	POSTHOC_ROBUSTNESS_ANALYSIS	CONTROLLED_ERROR_INJECTION
2026_all5mer	seed_71	5mers_A_RNA_sparse_seq_29	high_p_filter	Brier_equal_class	0.07102380329560253	0.4516756770977918	0.38065187380218923	POSTHOC_ROBUSTNESS_ANALYSIS	CONTROLLED_ERROR_INJECTION
2026_all5mer	seed_71	5mers_A_RNA_sparse_seq_29	high_p_filter	Brier_control	0.09626262790554173	0.9028480529785157	0.8065854250729739	POSTHOC_ROBUSTNESS_ANALYSIS	CONTROLLED_ERROR_INJECTION
2026_all5mer	seed_71	5mers_A_RNA_sparse_seq_29	high_p_filter	Brier_modified	0.04578497868566332	0.000503301217067867	-0.04528167746859545	POSTHOC_ROBUSTNESS_ANALYSIS	CONTROLLED_ERROR_INJECTION
2026_all5mer	seed_71	5mers_A_RNA_sparse_seq_30	high_p_filter	Brier_observed	0.08718788235220122	0.0010317053893065288	-0.0861561769628947	POSTHOC_ROBUSTNESS_ANALYSIS	CONTROLLED_ERROR_INJECTION
2026_all5mer	seed_71	5mers_A_RNA_sparse_seq_30	high_p_filter	Brier_equal_class	0.08220360073378477			POSTHOC_ROBUSTNESS_ANALYSIS	CONTROLLED_ERROR_INJECTION
2026_all5mer	seed_71	5mers_A_RNA_sparse_seq_30	high_p_filter	Brier_control	0.07247043478077855			POSTHOC_ROBUSTNESS_ANALYSIS	CONTROLLED_ERROR_INJECTION
2026_all5mer	seed_71	5mers_A_RNA_sparse_seq_30	high_p_filter	Brier_modified	0.091936766686791	0.0010317053893065288	-0.09090506129748448	POSTHOC_ROBUSTNESS_ANALYSIS	CONTROLLED_ERROR_INJECTION
2026_all5mer	seed_71	5mers_A_RNA_sparse_seq_31	high_p_filter	Brier_observed	0.045948356154274804	0.004941073330965909	-0.04100728282330889	POSTHOC_ROBUSTNESS_ANALYSIS	CONTROLLED_ERROR_INJECTION
2026_all5mer	seed_71	5mers_A_RNA_sparse_seq_31	high_p_filter	Brier_equal_class	0.066317415466016	0.4465135446769378	0.38019612921092183	POSTHOC_ROBUSTNESS_ANALYSIS	CONTROLLED_ERROR_INJECTION
2026_all5mer	seed_71	5mers_A_RNA_sparse_seq_31	high_p_filter	Brier_control	0.0961134774344308	0.8924293518066406	0.7963158743722099	POSTHOC_ROBUSTNESS_ANALYSIS	CONTROLLED_ERROR_INJECTION
2026_all5mer	seed_71	5mers_A_RNA_sparse_seq_31	high_p_filter	Brier_modified	0.036521353497601196	0.0005977375472350378	-0.03592361595036616	POSTHOC_ROBUSTNESS_ANALYSIS	CONTROLLED_ERROR_INJECTION
2026_all5mer	seed_71	5mers_A_RNA_sparse_seq_32	high_p_filter	Brier_observed	0.08893633478602038	0.013475549761830467	-0.07546078502418992	POSTHOC_ROBUSTNESS_ANALYSIS	CONTROLLED_ERROR_INJECTION
2026_all5mer	seed_71	5mers_A_RNA_sparse_seq_32	high_p_filter	Brier_equal_class	0.09575479639140516	0.4453124520438058	0.34955765565240066	POSTHOC_ROBUSTNESS_ANALYSIS	CONTROLLED_ERROR_INJECTION
2026_all5mer	seed_71	5mers_A_RNA_sparse_seq_32	high_p_filter	Brier_control	0.11178657077006157	0.8894124712262835	0.7776259004562219	POSTHOC_ROBUSTNESS_ANALYSIS	CONTROLLED_ERROR_INJECTION
2026_all5mer	seed_71	5mers_A_RNA_sparse_seq_32	high_p_filter	Brier_modified	0.07972302201274876	0.001212432861328125	-0.07851058915142065	POSTHOC_ROBUSTNESS_ANALYSIS	CONTROLLED_ERROR_INJECTION
2026_all5mer	seed_71	ALL	high_p_filter	Brier_observed	0.07656397337355753	0.0073893410818917414	-0.06917463229166579	POSTHOC_ROBUSTNESS_ANALYSIS	CONTROLLED_ERROR_INJECTION
2026_all5mer	seed_71	ALL	high_p_filter	Brier_equal_class	0.0845464367684787	0.4482170374094914	0.36367060064101275	POSTHOC_ROBUSTNESS_ANALYSIS	CONTROLLED_ERROR_INJECTION
2026_all5mer	seed_71	ALL	high_p_filter	Brier_control	0.09930608942328753	0.895624251592727	0.7963181621694394	POSTHOC_ROBUSTNESS_ANALYSIS	CONTROLLED_ERROR_INJECTION
2026_all5mer	seed_71	ALL	high_p_filter	Brier_modified	0.06978678411366988	0.0008098232262559248	-0.06897696088741397	POSTHOC_ROBUSTNESS_ANALYSIS	CONTROLLED_ERROR_INJECTION
2026_all5mer	seed_71	5mers_A_RNA_sparse_seq_01	missing_zero	Brier_observed	0.0641762847272457	0.05062414288440753	-0.013552141842838164	POSTHOC_ROBUSTNESS_ANALYSIS	CONTROLLED_ERROR_INJECTION
2026_all5mer	seed_71	5mers_A_RNA_sparse_seq_01	missing_zero	Brier_equal_class	0.07285787799413954	0.0508078280169373	-0.022050049977202238	POSTHOC_ROBUSTNESS_ANALYSIS	CONTROLLED_ERROR_INJECTION
2026_all5mer	seed_71	5mers_A_RNA_sparse_seq_01	missing_zero	Brier_control	0.09051166179209102	0.029768815529489328	-0.060742846262601694	POSTHOC_ROBUSTNESS_ANALYSIS	CONTROLLED_ERROR_INJECTION
2026_all5mer	seed_71	5mers_A_RNA_sparse_seq_01	missing_zero	Brier_modified	0.05520409419618804	0.07184684050438526	0.016642746308197225	POSTHOC_ROBUSTNESS_ANALYSIS	CONTROLLED_ERROR_INJECTION
2026_all5mer	seed_71	5mers_A_RNA_sparse_seq_02	missing_zero	Brier_observed	0.08413270759002778	0.05850486185273387	-0.02562784573729391	POSTHOC_ROBUSTNESS_ANALYSIS	CONTROLLED_ERROR_INJECTION
2026_all5mer	seed_71	5mers_A_RNA_sparse_seq_02	missing_zero	Brier_equal_class	0.08429054120081303	0.05852683177501738	-0.02576370942579565	POSTHOC_ROBUSTNESS_ANALYSIS	CONTROLLED_ERROR_INJECTION
2026_all5mer	seed_71	5mers_A_RNA_sparse_seq_02	missing_zero	Brier_control	0.0845806376139323	0.0247151213806945	-0.0598655162332378	POSTHOC_ROBUSTNESS_ANALYSIS	CONTROLLED_ERROR_INJECTION
2026_all5mer	seed_71	5mers_A_RNA_sparse_seq_02	missing_zero	Brier_modified	0.08400044478769378	0.09233854216934026	0.008338097381646481	POSTHOC_ROBUSTNESS_ANALYSIS	CONTROLLED_ERROR_INJECTION
2026_all5mer	seed_71	5mers_A_RNA_sparse_seq_03	missing_zero	Brier_observed	0.06731003219588647	0.0468383339977769	-0.020471698198109567	POSTHOC_ROBUSTNESS_ANALYSIS	CONTROLLED_ERROR_INJECTION
2026_all5mer	seed_71	5mers_A_RNA_sparse_seq_03	missing_zero	Brier_equal_class	0.07815338589634677	0.04712830876470894	-0.031025077131637824	POSTHOC_ROBUSTNESS_ANALYSIS	CONTROLLED_ERROR_INJECTION
2026_all5mer	seed_71	5mers_A_RNA_sparse_seq_03	missing_zero	Brier_control	0.09850845336914063	0.028859898447990417	-0.06964855492115021	POSTHOC_ROBUSTNESS_ANALYSIS	CONTROLLED_ERROR_INJECTION
2026_all5mer	seed_71	5mers_A_RNA_sparse_seq_03	missing_zero	Brier_modified	0.05779831842355289	0.06539671908142747	0.007598400657874579	POSTHOC_ROBUSTNESS_ANALYSIS	CONTROLLED_ERROR_INJECTION
2026_all5mer	seed_71	5mers_A_RNA_sparse_seq_04	missing_zero	Brier_observed	0.0822413674295584	0.06136310595570169	-0.020878261473856706	POSTHOC_ROBUSTNESS_ANALYSIS	CONTROLLED_ERROR_INJECTION
2026_all5mer	seed_71	5mers_A_RNA_sparse_seq_04	missing_zero	Brier_equal_class	0.09694406399969151	0.061668353485627936	-0.03527571051406357	POSTHOC_ROBUSTNESS_ANALYSIS	CONTROLLED_ERROR_INJECTION
2026_all5mer	seed_71	5mers_A_RNA_sparse_seq_04	missing_zero	Brier_control	0.12532087342928996	0.03806789972448862	-0.08725297370480134	POSTHOC_ROBUSTNESS_ANALYSIS	CONTROLLED_ERROR_INJECTION
2026_all5mer	seed_71	5mers_A_RNA_sparse_seq_04	missing_zero	Brier_modified	0.06856725457009305	0.08526880724676725	0.016701552676674197	POSTHOC_ROBUSTNESS_ANALYSIS	CONTROLLED_ERROR_INJECTION
2026_all5mer	seed_71	5mers_A_RNA_sparse_seq_05	missing_zero	Brier_observed	0.06948535452412151	0.04795136406553937	-0.02153399045858214	POSTHOC_ROBUSTNESS_ANALYSIS	CONTROLLED_ERROR_INJECTION
2026_all5mer	seed_71	5mers_A_RNA_sparse_seq_05	missing_zero	Brier_equal_class	0.08393006920098703	0.04759250136590279	-0.03633756783508424	POSTHOC_ROBUSTNESS_ANALYSIS	CONTROLLED_ERROR_INJECTION
2026_all5mer	seed_71	5mers_A_RNA_sparse_seq_05	missing_zero	Brier_control	0.10882750468038434	0.0299125323638073	-0.07891497231657704	POSTHOC_ROBUSTNESS_ANALYSIS	CONTROLLED_ERROR_INJECTION
2026_all5mer	seed_71	5mers_A_RNA_sparse_seq_05	missing_zero	Brier_modified	0.059032633721589726	0.06527247036799828	0.006239836646408557	POSTHOC_ROBUSTNESS_ANALYSIS	CONTROLLED_ERROR_INJECTION
2026_all5mer	seed_71	5mers_A_RNA_sparse_seq_06	missing_zero	Brier_observed	0.08504746339031469	0.05644993832770814	-0.028597525062606544	POSTHOC_ROBUSTNESS_ANALYSIS	CONTROLLED_ERROR_INJECTION
2026_all5mer	seed_71	5mers_A_RNA_sparse_seq_06	missing_zero	Brier_equal_class	0.08533169077842512	0.056492466981492906	-0.028839223796932212	POSTHOC_ROBUSTNESS_ANALYSIS	CONTROLLED_ERROR_INJECTION
2026_all5mer	seed_71	5mers_A_RNA_sparse_seq_06	missing_zero	Brier_control	0.08584521981172784	0.024510919335353896	-0.06133430047637394	POSTHOC_ROBUSTNESS_ANALYSIS	CONTROLLED_ERROR_INJECTION
2026_all5mer	seed_71	5mers_A_RNA_sparse_seq_06	missing_zero	Brier_modified	0.08481816174512241	0.08847401462763191	0.003655852882509497	POSTHOC_ROBUSTNESS_ANALYSIS	CONTROLLED_ERROR_INJECTION
2026_all5mer	seed_71	5mers_A_RNA_sparse_seq_07	missing_zero	Brier_observed	0.08368066393373384	0.06267725542138185	-0.021003408512351995	POSTHOC_ROBUSTNESS_ANALYSIS	CONTROLLED_ERROR_INJECTION
2026_all5mer	seed_71	5mers_A_RNA_sparse_seq_07	missing_zero	Brier_equal_class	0.0839020440125364	0.06296184614023824	-0.020940197872298158	POSTHOC_ROBUSTNESS_ANALYSIS	CONTROLLED_ERROR_INJECTION
2026_all5mer	seed_71	5mers_A_RNA_sparse_seq_07	missing_zero	Brier_control	0.08430876555266203	0.02402466142397757	-0.060284104128684464	POSTHOC_ROBUSTNESS_ANALYSIS	CONTROLLED_ERROR_INJECTION
2026_all5mer	seed_71	5mers_A_RNA_sparse_seq_07	missing_zero	Brier_modified	0.08349532247241077	0.10189903085649892	0.01840370838408814	POSTHOC_ROBUSTNESS_ANALYSIS	CONTROLLED_ERROR_INJECTION
2026_all5mer	seed_71	5mers_A_RNA_sparse_seq_08	missing_zero	Brier_observed	0.07649314532828176	0.05238911725472713	-0.024104028073554634	POSTHOC_ROBUSTNESS_ANALYSIS	CONTROLLED_ERROR_INJECTION
2026_all5mer	seed_71	5mers_A_RNA_sparse_seq_08	missing_zero	Brier_equal_class	0.08862883305064276	0.05277944955323105	-0.03584938349741171	POSTHOC_ROBUSTNESS_ANALYSIS	CONTROLLED_ERROR_INJECTION
2026_all5mer	seed_71	5mers_A_RNA_sparse_seq_08	missing_zero	Brier_control	0.10875312096434213	0.02584652095646053	-0.0829066000078816	POSTHOC_ROBUSTNESS_ANALYSIS	CONTROLLED_ERROR_INJECTION
2026_all5mer	seed_71	5mers_A_RNA_sparse_seq_08	missing_zero	Brier_modified	0.0685045451369434	0.07971237815000157	0.011207833013058166	POSTHOC_ROBUSTNESS_ANALYSIS	CONTROLLED_ERROR_INJECTION
2026_all5mer	seed_71	5mers_A_RNA_sparse_seq_09	missing_zero	Brier_observed	0.0879151159975709	0.059656592129039114	-0.02825852386853179	POSTHOC_ROBUSTNESS_ANALYSIS	CONTROLLED_ERROR_INJECTION
2026_all5mer	seed_71	5mers_A_RNA_sparse_seq_09	missing_zero	Brier_equal_class	0.08392747945862639	0.059105371896704985	-0.0248221075619214	POSTHOC_ROBUSTNESS_ANALYSIS	CONTROLLED_ERROR_INJECTION
2026_all5mer	seed_71	5mers_A_RNA_sparse_seq_09	missing_zero	Brier_control	0.07679170880998884	0.02227383819074262	-0.05451787061924622	POSTHOC_ROBUSTNESS_ANALYSIS	CONTROLLED_ERROR_INJECTION
2026_all5mer	seed_71	5mers_A_RNA_sparse_seq_09	missing_zero	Brier_modified	0.09106325010726395	0.09593690560266735	0.004873655495403403	POSTHOC_ROBUSTNESS_ANALYSIS	CONTROLLED_ERROR_INJECTION
2026_all5mer	seed_71	5mers_A_RNA_sparse_seq_10	missing_zero	Brier_observed	0.0606040458099961	0.04035430448034024	-0.02024974132965586	POSTHOC_ROBUSTNESS_ANALYSIS	CONTROLLED_ERROR_INJECTION
2026_all5mer	seed_71	5mers_A_RNA_sparse_seq_10	missing_zero	Brier_equal_class	0.07694142983560746	0.04042584854465762	-0.036515581290949846	POSTHOC_ROBUSTNESS_ANALYSIS	CONTROLLED_ERROR_INJECTION
2026_all5mer	seed_71	5mers_A_RNA_sparse_seq_10	missing_zero	Brier_control	0.10579788208007812	0.028827760784762433	-0.07697012129531569	POSTHOC_ROBUSTNESS_ANALYSIS	CONTROLLED_ERROR_INJECTION
2026_all5mer	seed_71	5mers_A_RNA_sparse_seq_10	missing_zero	Brier_modified	0.048084977591136814	0.0520239363045528	0.003938958713415985	POSTHOC_ROBUSTNESS_ANALYSIS	CONTROLLED_ERROR_INJECTION
2026_all5mer	seed_71	5mers_A_RNA_sparse_seq_11	missing_zero	Brier_observed	0.06824238467428315	0.046981199256967525	-0.02126118541731562	POSTHOC_ROBUSTNESS_ANALYSIS	CONTROLLED_ERROR_INJECTION
2026_all5mer	seed_71	5mers_A_RNA_sparse_seq_11	missing_zero	Brier_equal_class	0.07261887896287578	0.04710603431353998	-0.0255128446493358	POSTHOC_ROBUSTNESS_ANALYSIS	CONTROLLED_ERROR_INJECTION
2026_all5mer	seed_71	5mers_A_RNA_sparse_seq_11	missing_zero	Brier_control	0.08172234654879842	0.028206006748469795	-0.05351633980032863	POSTHOC_ROBUSTNESS_ANALYSIS	CONTROLLED_ERROR_INJECTION
2026_all5mer	seed_71	5mers_A_RNA_sparse_seq_11	missing_zero	Brier_modified	0.06351541137695313	0.06600606187861016	0.0024906505016570324	POSTHOC_ROBUSTNESS_ANALYSIS	CONTROLLED_ERROR_INJECTION
2026_all5mer	seed_71	5mers_A_RNA_sparse_seq_12	missing_zero	Brier_observed	0.07521004484464155	0.05451642767609733	-0.020693617168544225	POSTHOC_ROBUSTNESS_ANALYSIS	CONTROLLED_ERROR_INJECTION
2026_all5mer	seed_71	5mers_A_RNA_sparse_seq_12	missing_zero	Brier_equal_class	0.09498437601450464	0.054078835192439056	-0.040905540822065586	POSTHOC_ROBUSTNESS_ANALYSIS	CONTROLLED_ERROR_INJECTION
2026_all5mer	seed_71	5mers_A_RNA_sparse_seq_12	missing_zero	Brier_control	0.12860787775098664	0.03441369418440194	-0.09419418356658471	POSTHOC_ROBUSTNESS_ANALYSIS	CONTROLLED_ERROR_INJECTION
2026_all5mer	seed_71	5mers_A_RNA_sparse_seq_12	missing_zero	Brier_modified	0.06136087427802264	0.07374397620047617	0.012383101922453524	POSTHOC_ROBUSTNESS_ANALYSIS	CONTROLLED_ERROR_INJECTION
2026_all5mer	seed_71	5mers_A_RNA_sparse_seq_13	missing_zero	Brier_observed	0.06987082549880223	0.04887219017348851	-0.020998635325313722	POSTHOC_ROBUSTNESS_ANALYSIS	CONTROLLED_ERROR_INJECTION
2026_all5mer	seed_71	5mers_A_RNA_sparse_seq_13	missing_zero	Brier_equal_class	0.08463624493758501	0.04880904902347367	-0.03582719591411134	POSTHOC_ROBUSTNESS_ANALYSIS	CONTROLLED_ERROR_INJECTION
2026_all5mer	seed_71	5mers_A_RNA_sparse_seq_13	missing_zero	Brier_control	0.10854090431522083	0.02547839409298942	-0.0830625102222314	POSTHOC_ROBUSTNESS_ANALYSIS	CONTROLLED_ERROR_INJECTION
2026_all5mer	seed_71	5mers_A_RNA_sparse_seq_13	missing_zero	Brier_modified	0.060731585559949196	0.07213970395395791	0.011408118394008716	POSTHOC_ROBUSTNESS_ANALYSIS	CONTROLLED_ERROR_INJECTION
2026_all5mer	seed_71	5mers_A_RNA_sparse_seq_14	missing_zero	Brier_observed	0.058550472076708514	0.041707876344390264	-0.01684259573231825	POSTHOC_ROBUSTNESS_ANALYSIS	CONTROLLED_ERROR_INJECTION
2026_all5mer	seed_71	5mers_A_RNA_sparse_seq_14	missing_zero	Brier_equal_class	0.0714083738707113	0.041801447205880235	-0.02960692666483107	POSTHOC_ROBUSTNESS_ANALYSIS	CONTROLLED_ERROR_INJECTION
2026_all5mer	seed_71	5mers_A_RNA_sparse_seq_14	missing_zero	Brier_control	0.09348071351343272	0.024139947099647976	-0.06934076641378474	POSTHOC_ROBUSTNESS_ANALYSIS	CONTROLLED_ERROR_INJECTION
2026_all5mer	seed_71	5mers_A_RNA_sparse_seq_14	missing_zero	Brier_modified	0.049336034227989885	0.0594629473121125	0.010126913084122613	POSTHOC_ROBUSTNESS_ANALYSIS	CONTROLLED_ERROR_INJECTION
2026_all5mer	seed_71	5mers_A_RNA_sparse_seq_15	missing_zero	Brier_observed	0.10725854132632782	0.0795955390395048	-0.02766300228682303	POSTHOC_ROBUSTNESS_ANALYSIS	CONTROLLED_ERROR_INJECTION
2026_all5mer	seed_71	5mers_A_RNA_sparse_seq_15	missing_zero	Brier_equal_class	0.10434049647305108	0.07843439025270008	-0.025906106220351	POSTHOC_ROBUSTNESS_ANALYSIS	CONTROLLED_ERROR_INJECTION
2026_all5mer	seed_71	5mers_A_RNA_sparse_seq_15	missing_zero	Brier_control	0.09826172960831431	0.036038299183269125	-0.06222343042504518	POSTHOC_ROBUSTNESS_ANALYSIS	CONTROLLED_ERROR_INJECTION
2026_all5mer	seed_71	5mers_A_RNA_sparse_seq_15	missing_zero	Brier_modified	0.11041926333778783	0.12083048132213102	0.01041121798434319	POSTHOC_ROBUSTNESS_ANALYSIS	CONTROLLED_ERROR_INJECTION
2026_all5mer	seed_71	5mers_A_RNA_sparse_seq_16	missing_zero	Brier_observed	0.07711763618406185	0.0624731802039714	-0.014644455980090454	POSTHOC_ROBUSTNESS_ANALYSIS	CONTROLLED_ERROR_INJECTION
2026_all5mer	seed_71	5mers_A_RNA_sparse_seq_16	missing_zero	Brier_equal_class	0.0786897881997477	0.06193710514228699	-0.016752683057460714	POSTHOC_ROBUSTNESS_ANALYSIS	CONTROLLED_ERROR_INJECTION
2026_all5mer	seed_71	5mers_A_RNA_sparse_seq_16	missing_zero	Brier_control	0.08219633923934194	0.03185257268055776	-0.050343766558784184	POSTHOC_ROBUSTNESS_ANALYSIS	CONTROLLED_ERROR_INJECTION
2026_all5mer	seed_71	5mers_A_RNA_sparse_seq_16	missing_zero	Brier_modified	0.07518323716015346	0.09202163760401622	0.016838400443862755	POSTHOC_ROBUSTNESS_ANALYSIS	CONTROLLED_ERROR_INJECTION
2026_all5mer	seed_71	5mers_A_RNA_sparse_seq_17	missing_zero	Brier_observed	0.05546747390305279	0.0359790219200982	-0.01948845198295459	POSTHOC_ROBUSTNESS_ANALYSIS	CONTROLLED_ERROR_INJECTION
2026_all5mer	seed_71	5mers_A_RNA_sparse_seq_17	missing_zero	Brier_equal_class	0.06931702176860824	0.036113019018412254	-0.033204002750195985	POSTHOC_ROBUSTNESS_ANALYSIS	CONTROLLED_ERROR_INJECTION
2026_all5mer	seed_71	5mers_A_RNA_sparse_seq_17	missing_zero	Brier_control	0.09314248916950632	0.024053280170147236	-0.06908920899935908	POSTHOC_ROBUSTNESS_ANALYSIS	CONTROLLED_ERROR_INJECTION
2026_all5mer	seed_71	5mers_A_RNA_sparse_seq_17	missing_zero	Brier_modified	0.045491554367710164	0.048172757866677275	0.0026812034989671107	POSTHOC_ROBUSTNESS_ANALYSIS	CONTROLLED_ERROR_INJECTION
2026_all5mer	seed_71	5mers_A_RNA_sparse_seq_18	missing_zero	Brier_observed	0.06045391944146925	0.04055363305088647	-0.019900286390582785	POSTHOC_ROBUSTNESS_ANALYSIS	CONTROLLED_ERROR_INJECTION
2026_all5mer	seed_71	5mers_A_RNA_sparse_seq_18	missing_zero	Brier_equal_class	0.08246886681486466	0.04067682940559193	-0.04179203740927273	POSTHOC_ROBUSTNESS_ANALYSIS	CONTROLLED_ERROR_INJECTION
2026_all5mer	seed_71	5mers_A_RNA_sparse_seq_18	missing_zero	Brier_control	0.12154119707680688	0.032722629982217234	-0.08881856709458966	POSTHOC_ROBUSTNESS_ANALYSIS	CONTROLLED_ERROR_INJECTION
2026_all5mer	seed_71	5mers_A_RNA_sparse_seq_18	missing_zero	Brier_modified	0.043396536552922436	0.04863102882896663	0.005234492276044195	POSTHOC_ROBUSTNESS_ANALYSIS	CONTROLLED_ERROR_INJECTION
2026_all5mer	seed_71	5mers_A_RNA_sparse_seq_19	missing_zero	Brier_observed	0.06626722452064669	0.04522899045782574	-0.021038234062820953	POSTHOC_ROBUSTNESS_ANALYSIS	CONTROLLED_ERROR_INJECTION
2026_all5mer	seed_71	5mers_A_RNA_sparse_seq_19	missing_zero	Brier_equal_class	0.06751877608100829	0.04516687086065173	-0.022351905220356558	POSTHOC_ROBUSTNESS_ANALYSIS	CONTROLLED_ERROR_INJECTION
2026_all5mer	seed_71	5mers_A_RNA_sparse_seq_19	missing_zero	Brier_control	0.06944390573809224	0.01462473558342975	-0.05481917015466249	POSTHOC_ROBUSTNESS_ANALYSIS	CONTROLLED_ERROR_INJECTION
2026_all5mer	seed_71	5mers_A_RNA_sparse_seq_19	missing_zero	Brier_modified	0.06559364642392432	0.07570900613787371	0.01011535971394939	POSTHOC_ROBUSTNESS_ANALYSIS	CONTROLLED_ERROR_INJECTION
2026_all5mer	seed_71	5mers_A_RNA_sparse_seq_20	missing_zero	Brier_observed	0.09669544254064323	0.06909913812729127	-0.027596304413351966	POSTHOC_ROBUSTNESS_ANALYSIS	CONTROLLED_ERROR_INJECTION
2026_all5mer	seed_71	5mers_A_RNA_sparse_seq_20	missing_zero	Brier_equal_class	0.10676799683338395	0.06943000482298117	-0.037337992010402776	POSTHOC_ROBUSTNESS_ANALYSIS	CONTROLLED_ERROR_INJECTION
2026_all5mer	seed_71	5mers_A_RNA_sparse_seq_20	missing_zero	Brier_control	0.1290604411691859	0.046931069516067604	-0.08212937165311832	POSTHOC_ROBUSTNESS_ANALYSIS	CONTROLLED_ERROR_INJECTION
2026_all5mer	seed_71	5mers_A_RNA_sparse_seq_20	missing_zero	Brier_modified	0.08447555249758197	0.09192894012989473	0.0074533876323127635	POSTHOC_ROBUSTNESS_ANALYSIS	CONTROLLED_ERROR_INJECTION
2026_all5mer	seed_71	5mers_A_RNA_sparse_seq_21	missing_zero	Brier_observed	0.06874898850853518	0.04560963794438526	-0.023139350564149924	POSTHOC_ROBUSTNESS_ANALYSIS	CONTROLLED_ERROR_INJECTION
2026_all5mer	seed_71	5mers_A_RNA_sparse_seq_21	missing_zero	Brier_equal_class	0.07986458052632507	0.04588727988629551	-0.03397730064002956	POSTHOC_ROBUSTNESS_ANALYSIS	CONTROLLED_ERROR_INJECTION
2026_all5mer	seed_71	5mers_A_RNA_sparse_seq_21	missing_zero	Brier_control	0.09934313213405897	0.026254028279784507	-0.07308910385427447	POSTHOC_ROBUSTNESS_ANALYSIS	CONTROLLED_ERROR_INJECTION
2026_all5mer	seed_71	5mers_A_RNA_sparse_seq_21	missing_zero	Brier_modified	0.06038602891859118	0.06552053149280652	0.005134502574215348	POSTHOC_ROBUSTNESS_ANALYSIS	CONTROLLED_ERROR_INJECTION
2026_all5mer	seed_71	5mers_A_RNA_sparse_seq_22	missing_zero	Brier_observed	0.11503833134969076	0.08771804062636582	-0.02732029072332494	POSTHOC_ROBUSTNESS_ANALYSIS	CONTROLLED_ERROR_INJECTION
2026_all5mer	seed_71	5mers_A_RNA_sparse_seq_22	missing_zero	Brier_equal_class	0.1133785053568048	0.08910874339246971	-0.024269761964335085	POSTHOC_ROBUSTNESS_ANALYSIS	CONTROLLED_ERROR_INJECTION
2026_all5mer	seed_71	5mers_A_RNA_sparse_seq_22	missing_zero	Brier_control	0.10937490497195423	0.04175862540369448	-0.06761627956825975	POSTHOC_ROBUSTNESS_ANALYSIS	CONTROLLED_ERROR_INJECTION
2026_all5mer	seed_71	5mers_A_RNA_sparse_seq_22	missing_zero	Brier_modified	0.11738210574165535	0.13645886138124494	0.01907675563958959	POSTHOC_ROBUSTNESS_ANALYSIS	CONTROLLED_ERROR_INJECTION
2026_all5mer	seed_71	5mers_A_RNA_sparse_seq_23	missing_zero	Brier_observed	0.09427129078206632	0.06382120533321436	-0.030450085448851957	POSTHOC_ROBUSTNESS_ANALYSIS	CONTROLLED_ERROR_INJECTION
2026_all5mer	seed_71	5mers_A_RNA_sparse_seq_23	missing_zero	Brier_equal_class	0.11403251593258218	0.06379673995793389	-0.05023577597464829	POSTHOC_ROBUSTNESS_ANALYSIS	CONTROLLED_ERROR_INJECTION
2026_all5mer	seed_71	5mers_A_RNA_sparse_seq_23	missing_zero	Brier_control	0.15092775132921007	0.045521104623421266	-0.10540664670578881	POSTHOC_ROBUSTNESS_ANALYSIS	CONTROLLED_ERROR_INJECTION
2026_all5mer	seed_71	5mers_A_RNA_sparse_seq_23	missing_zero	Brier_modified	0.0771372805359543	0.08207237529244653	0.004935094756492231	POSTHOC_ROBUSTNESS_ANALYSIS	CONTROLLED_ERROR_INJECTION
2026_all5mer	seed_71	5mers_A_RNA_sparse_seq_24	missing_zero	Brier_observed	0.08004573656833183	0.0565498101822982	-0.02349592638603363	POSTHOC_ROBUSTNESS_ANALYSIS	CONTROLLED_ERROR_INJECTION
2026_all5mer	seed_71	5mers_A_RNA_sparse_seq_24	missing_zero	Brier_equal_class	0.09023250335026449	0.05662613126283051	-0.03360637208743398	POSTHOC_ROBUSTNESS_ANALYSIS	CONTROLLED_ERROR_INJECTION
2026_all5mer	seed_71	5mers_A_RNA_sparse_seq_24	missing_zero	Brier_control	0.11108912069966474	0.03762218221028646	-0.07346693848937828	POSTHOC_ROBUSTNESS_ANALYSIS	CONTROLLED_ERROR_INJECTION
2026_all5mer	seed_71	5mers_A_RNA_sparse_seq_24	missing_zero	Brier_modified	0.06937588600086424	0.07563008031537456	0.006254194314510325	POSTHOC_ROBUSTNESS_ANALYSIS	CONTROLLED_ERROR_INJECTION
2026_all5mer	seed_71	5mers_A_RNA_sparse_seq_25	missing_zero	Brier_observed	0.08686494681150847	0.06727692194247935	-0.019588024869029122	POSTHOC_ROBUSTNESS_ANALYSIS	CONTROLLED_ERROR_INJECTION
2026_all5mer	seed_71	5mers_A_RNA_sparse_seq_25	missing_zero	Brier_equal_class	0.09076539952850686	0.06678878591292042	-0.023976613615586437	POSTHOC_ROBUSTNESS_ANALYSIS	CONTROLLED_ERROR_INJECTION
2026_all5mer	seed_71	5mers_A_RNA_sparse_seq_25	missing_zero	Brier_control	0.09841779073079428	0.032224106105580665	-0.0661936846252136	POSTHOC_ROBUSTNESS_ANALYSIS	CONTROLLED_ERROR_INJECTION
2026_all5mer	seed_71	5mers_A_RNA_sparse_seq_25	missing_zero	Brier_modified	0.08311300832621944	0.10135346572026017	0.018240457394040732	POSTHOC_ROBUSTNESS_ANALYSIS	CONTROLLED_ERROR_INJECTION
2026_all5mer	seed_71	5mers_A_RNA_sparse_seq_26	missing_zero	Brier_observed	0.08122297883765098	0.05900073263018611	-0.022222246207464866	POSTHOC_ROBUSTNESS_ANALYSIS	CONTROLLED_ERROR_INJECTION
2026_all5mer	seed_71	5mers_A_RNA_sparse_seq_26	missing_zero	Brier_equal_class	0.08199760099692457	0.05852030093843444	-0.023477300058490136	POSTHOC_ROBUSTNESS_ANALYSIS	CONTROLLED_ERROR_INJECTION
2026_all5mer	seed_71	5mers_A_RNA_sparse_seq_26	missing_zero	Brier_control	0.08352498098033098	0.027918891007295096	-0.055606089973035885	POSTHOC_ROBUSTNESS_ANALYSIS	CONTROLLED_ERROR_INJECTION
2026_all5mer	seed_71	5mers_A_RNA_sparse_seq_26	missing_zero	Brier_modified	0.08047022101351817	0.08912171086957378	0.008651489856055614	POSTHOC_ROBUSTNESS_ANALYSIS	CONTROLLED_ERROR_INJECTION
2026_all5mer	seed_71	5mers_A_RNA_sparse_seq_27	missing_zero	Brier_observed	0.06233938753478875	0.04274543461046721	-0.01959395292432154	POSTHOC_ROBUSTNESS_ANALYSIS	CONTROLLED_ERROR_INJECTION
2026_all5mer	seed_71	5mers_A_RNA_sparse_seq_27	missing_zero	Brier_equal_class	0.06994112445376302	0.0425996281824829	-0.027341496271280123	POSTHOC_ROBUSTNESS_ANALYSIS	CONTROLLED_ERROR_INJECTION
2026_all5mer	seed_71	5mers_A_RNA_sparse_seq_27	missing_zero	Brier_control	0.08251322781975894	0.020437051128867446	-0.062076176690891494	POSTHOC_ROBUSTNESS_ANALYSIS	CONTROLLED_ERROR_INJECTION
2026_all5mer	seed_71	5mers_A_RNA_sparse_seq_27	missing_zero	Brier_modified	0.057369021087767105	0.06476220523609835	0.007393184148331247	POSTHOC_ROBUSTNESS_ANALYSIS	CONTROLLED_ERROR_INJECTION
2026_all5mer	seed_71	5mers_A_RNA_sparse_seq_28	missing_zero	Brier_observed	0.07544368987387799	0.0569364270917464	-0.018507262782131592	POSTHOC_ROBUSTNESS_ANALYSIS	CONTROLLED_ERROR_INJECTION
2026_all5mer	seed_71	5mers_A_RNA_sparse_seq_28	missing_zero	Brier_equal_class	0.07546692623632908	0.056814050690521124	-0.01865287554580796	POSTHOC_ROBUSTNESS_ANALYSIS	CONTROLLED_ERROR_INJECTION
2026_all5mer	seed_71	5mers_A_RNA_sparse_seq_28	missing_zero	Brier_control	0.07550707730379971	0.0198808528007345	-0.055626224503065216	POSTHOC_ROBUSTNESS_ANALYSIS	CONTROLLED_ERROR_INJECTION
2026_all5mer	seed_71	5mers_A_RNA_sparse_seq_28	missing_zero	Brier_modified	0.07542677516885844	0.09374724858030775	0.01832047341144931	POSTHOC_ROBUSTNESS_ANALYSIS	CONTROLLED_ERROR_INJECTION
2026_all5mer	seed_71	5mers_A_RNA_sparse_seq_29	missing_zero	Brier_observed	0.05577077450959579	0.03707045076999204	-0.01870032373960375	POSTHOC_ROBUSTNESS_ANALYSIS	CONTROLLED_ERROR_INJECTION
2026_all5mer	seed_71	5mers_A_RNA_sparse_seq_29	missing_zero	Brier_equal_class	0.07102380329560253	0.0371443630057418	-0.03387944028986072	POSTHOC_ROBUSTNESS_ANALYSIS	CONTROLLED_ERROR_INJECTION
2026_all5mer	seed_71	5mers_A_RNA_sparse_seq_29	missing_zero	Brier_control	0.09626262790554173	0.02335973103841146	-0.07290289686713027	POSTHOC_ROBUSTNESS_ANALYSIS	CONTROLLED_ERROR_INJECTION
2026_all5mer	seed_71	5mers_A_RNA_sparse_seq_29	missing_zero	Brier_modified	0.04578497868566332	0.05092899497307214	0.00514401628740882	POSTHOC_ROBUSTNESS_ANALYSIS	CONTROLLED_ERROR_INJECTION
2026_all5mer	seed_71	5mers_A_RNA_sparse_seq_30	missing_zero	Brier_observed	0.08718788235220122	0.0602743939784628	-0.02691348837373842	POSTHOC_ROBUSTNESS_ANALYSIS	CONTROLLED_ERROR_INJECTION
2026_all5mer	seed_71	5mers_A_RNA_sparse_seq_30	missing_zero	Brier_equal_class	0.08220360073378477	0.06017234603496753	-0.02203125469881724	POSTHOC_ROBUSTNESS_ANALYSIS	CONTROLLED_ERROR_INJECTION
2026_all5mer	seed_71	5mers_A_RNA_sparse_seq_30	missing_zero	Brier_control	0.07247043478077855	0.023384062404924372	-0.049086372375854184	POSTHOC_ROBUSTNESS_ANALYSIS	CONTROLLED_ERROR_INJECTION
2026_all5mer	seed_71	5mers_A_RNA_sparse_seq_30	missing_zero	Brier_modified	0.091936766686791	0.09696062966501069	0.00502386297821969	POSTHOC_ROBUSTNESS_ANALYSIS	CONTROLLED_ERROR_INJECTION
2026_all5mer	seed_71	5mers_A_RNA_sparse_seq_31	missing_zero	Brier_observed	0.045948356154274804	0.03496965152492244	-0.01097870462935236	POSTHOC_ROBUSTNESS_ANALYSIS	CONTROLLED_ERROR_INJECTION
2026_all5mer	seed_71	5mers_A_RNA_sparse_seq_31	missing_zero	Brier_equal_class	0.066317415466016	0.03487979939516884	-0.031437616070847156	POSTHOC_ROBUSTNESS_ANALYSIS	CONTROLLED_ERROR_INJECTION
2026_all5mer	seed_71	5mers_A_RNA_sparse_seq_31	missing_zero	Brier_control	0.0961134774344308	0.017965135969052488	-0.07814834146537832	POSTHOC_ROBUSTNESS_ANALYSIS	CONTROLLED_ERROR_INJECTION
2026_all5mer	seed_71	5mers_A_RNA_sparse_seq_31	missing_zero	Brier_modified	0.036521353497601196	0.05179446282128519	0.015273109323683996	POSTHOC_ROBUSTNESS_ANALYSIS	CONTROLLED_ERROR_INJECTION
2026_all5mer	seed_71	5mers_A_RNA_sparse_seq_32	missing_zero	Brier_observed	0.08893633478602038	0.06711562315304437	-0.02182071163297601	POSTHOC_ROBUSTNESS_ANALYSIS	CONTROLLED_ERROR_INJECTION
2026_all5mer	seed_71	5mers_A_RNA_sparse_seq_32	missing_zero	Brier_equal_class	0.09575479639140516	0.06690177212076485	-0.028853024270640307	POSTHOC_ROBUSTNESS_ANALYSIS	CONTROLLED_ERROR_INJECTION
2026_all5mer	seed_71	5mers_A_RNA_sparse_seq_32	missing_zero	Brier_control	0.11178657077006157	0.04555943909926936	-0.06622713167079222	POSTHOC_ROBUSTNESS_ANALYSIS	CONTROLLED_ERROR_INJECTION
2026_all5mer	seed_71	5mers_A_RNA_sparse_seq_32	missing_zero	Brier_modified	0.07972302201274876	0.08824410514226036	0.008521083129511595	POSTHOC_ROBUSTNESS_ANALYSIS	CONTROLLED_ERROR_INJECTION
2026_all5mer	seed_71	ALL	missing_zero	Brier_observed	0.07656397337355753	0.05435737812853797	-0.022206595245019556	POSTHOC_ROBUSTNESS_ANALYSIS	CONTROLLED_ERROR_INJECTION
2026_all5mer	seed_71	ALL	missing_zero	Brier_equal_class	0.0845464367684787	0.054363183152940454	-0.030183253615538246	POSTHOC_ROBUSTNESS_ANALYSIS	CONTROLLED_ERROR_INJECTION
2026_all5mer	seed_71	ALL	missing_zero	Brier_control	0.09930608942328753	0.02927228449692246	-0.07003380492636507	POSTHOC_ROBUSTNESS_ANALYSIS	CONTROLLED_ERROR_INJECTION
2026_all5mer	seed_71	ALL	missing_zero	Brier_modified	0.06978678411366988	0.07945408180895845	0.009667297695288568	POSTHOC_ROBUSTNESS_ANALYSIS	CONTROLLED_ERROR_INJECTION
2026_all5mer	seed_71	5mers_A_RNA_sparse_seq_01	site_mean_as_read	Brier_observed	0.0641762847272457	0.022487844893425767	-0.041688439833819924	POSTHOC_ROBUSTNESS_ANALYSIS	CONTROLLED_ERROR_INJECTION
2026_all5mer	seed_71	5mers_A_RNA_sparse_seq_01	site_mean_as_read	Brier_equal_class	0.07285787799413954	0.030206164488177138	-0.0426517135059624	POSTHOC_ROBUSTNESS_ANALYSIS	CONTROLLED_ERROR_INJECTION
2026_all5mer	seed_71	5mers_A_RNA_sparse_seq_01	site_mean_as_read	Brier_control	0.09051166179209102	0.045901157471646456	-0.04461050432044457	POSTHOC_ROBUSTNESS_ANALYSIS	CONTROLLED_ERROR_INJECTION
2026_all5mer	seed_71	5mers_A_RNA_sparse_seq_01	site_mean_as_read	Brier_modified	0.05520409419618804	0.01451117150470782	-0.04069292269148022	POSTHOC_ROBUSTNESS_ANALYSIS	CONTROLLED_ERROR_INJECTION
2026_all5mer	seed_71	5mers_A_RNA_sparse_seq_02	site_mean_as_read	Brier_observed	0.08413270759002778	0.03537861129806904	-0.04875409629195874	POSTHOC_ROBUSTNESS_ANALYSIS	CONTROLLED_ERROR_INJECTION
2026_all5mer	seed_71	5mers_A_RNA_sparse_seq_02	site_mean_as_read	Brier_equal_class	0.08429054120081303	0.03681748016076017	-0.04747306104005286	POSTHOC_ROBUSTNESS_ANALYSIS	CONTROLLED_ERROR_INJECTION
2026_all5mer	seed_71	5mers_A_RNA_sparse_seq_02	site_mean_as_read	Brier_control	0.0845806376139323	0.03946210505363941	-0.045118532560292884	POSTHOC_ROBUSTNESS_ANALYSIS	CONTROLLED_ERROR_INJECTION
2026_all5mer	seed_71	5mers_A_RNA_sparse_seq_02	site_mean_as_read	Brier_modified	0.08400044478769378	0.034172855267880935	-0.049827589519812844	POSTHOC_ROBUSTNESS_ANALYSIS	CONTROLLED_ERROR_INJECTION
2026_all5mer	seed_71	5mers_A_RNA_sparse_seq_03	site_mean_as_read	Brier_observed	0.06731003219588647	0.024496836085722718	-0.04281319611016375	POSTHOC_ROBUSTNESS_ANALYSIS	CONTROLLED_ERROR_INJECTION
2026_all5mer	seed_71	5mers_A_RNA_sparse_seq_03	site_mean_as_read	Brier_equal_class	0.07815338589634677	0.03491128097561588	-0.043242104920730884	POSTHOC_ROBUSTNESS_ANALYSIS	CONTROLLED_ERROR_INJECTION
2026_all5mer	seed_71	5mers_A_RNA_sparse_seq_03	site_mean_as_read	Brier_control	0.09850845336914063	0.054461203839099546	-0.044047249530041084	POSTHOC_ROBUSTNESS_ANALYSIS	CONTROLLED_ERROR_INJECTION
2026_all5mer	seed_71	5mers_A_RNA_sparse_seq_03	site_mean_as_read	Brier_modified	0.05779831842355289	0.01536135811213222	-0.04243696031142067	POSTHOC_ROBUSTNESS_ANALYSIS	CONTROLLED_ERROR_INJECTION
2026_all5mer	seed_71	5mers_A_RNA_sparse_seq_04	site_mean_as_read	Brier_observed	0.0822413674295584	0.03437247757660743	-0.04786888985295097	POSTHOC_ROBUSTNESS_ANALYSIS	CONTROLLED_ERROR_INJECTION
2026_all5mer	seed_71	5mers_A_RNA_sparse_seq_04	site_mean_as_read	Brier_equal_class	0.09694406399969151	0.04834905300504403	-0.048595010994647476	POSTHOC_ROBUSTNESS_ANALYSIS	CONTROLLED_ERROR_INJECTION
2026_all5mer	seed_71	5mers_A_RNA_sparse_seq_04	site_mean_as_read	Brier_control	0.12532087342928996	0.07532441874963977	-0.04999645467965019	POSTHOC_ROBUSTNESS_ANALYSIS	CONTROLLED_ERROR_INJECTION
2026_all5mer	seed_71	5mers_A_RNA_sparse_seq_04	site_mean_as_read	Brier_modified	0.06856725457009305	0.021373687260448287	-0.04719356730964476	POSTHOC_ROBUSTNESS_ANALYSIS	CONTROLLED_ERROR_INJECTION
2026_all5mer	seed_71	5mers_A_RNA_sparse_seq_05	site_mean_as_read	Brier_observed	0.06948535452412151	0.027564297833988206	-0.0419210566901333	POSTHOC_ROBUSTNESS_ANALYSIS	CONTROLLED_ERROR_INJECTION
2026_all5mer	seed_71	5mers_A_RNA_sparse_seq_05	site_mean_as_read	Brier_equal_class	0.08393006920098703	0.03881609080805484	-0.045113978392932186	POSTHOC_ROBUSTNESS_ANALYSIS	CONTROLLED_ERROR_INJECTION
2026_all5mer	seed_71	5mers_A_RNA_sparse_seq_05	site_mean_as_read	Brier_control	0.10882750468038434	0.05821009033426425	-0.05061741434612009	POSTHOC_ROBUSTNESS_ANALYSIS	CONTROLLED_ERROR_INJECTION
2026_all5mer	seed_71	5mers_A_RNA_sparse_seq_05	site_mean_as_read	Brier_modified	0.059032633721589726	0.01942209128184544	-0.03961054243974429	POSTHOC_ROBUSTNESS_ANALYSIS	CONTROLLED_ERROR_INJECTION
2026_all5mer	seed_71	5mers_A_RNA_sparse_seq_06	site_mean_as_read	Brier_observed	0.08504746339031469	0.03134313643144818	-0.053704326958866504	POSTHOC_ROBUSTNESS_ANALYSIS	CONTROLLED_ERROR_INJECTION
2026_all5mer	seed_71	5mers_A_RNA_sparse_seq_06	site_mean_as_read	Brier_equal_class	0.08533169077842512	0.03619673850234161	-0.049134952276083506	POSTHOC_ROBUSTNESS_ANALYSIS	CONTROLLED_ERROR_INJECTION
2026_all5mer	seed_71	5mers_A_RNA_sparse_seq_06	site_mean_as_read	Brier_control	0.08584521981172784	0.04496600453286763	-0.04087921527886021	POSTHOC_ROBUSTNESS_ANALYSIS	CONTROLLED_ERROR_INJECTION
2026_all5mer	seed_71	5mers_A_RNA_sparse_seq_06	site_mean_as_read	Brier_modified	0.08481816174512241	0.02742747247181559	-0.057390689273306816	POSTHOC_ROBUSTNESS_ANALYSIS	CONTROLLED_ERROR_INJECTION
2026_all5mer	seed_71	5mers_A_RNA_sparse_seq_07	site_mean_as_read	Brier_observed	0.08368066393373384	0.03415584425409914	-0.0495248196796347	POSTHOC_ROBUSTNESS_ANALYSIS	CONTROLLED_ERROR_INJECTION
2026_all5mer	seed_71	5mers_A_RNA_sparse_seq_07	site_mean_as_read	Brier_equal_class	0.0839020440125364	0.03852865434413001	-0.045373389668406386	POSTHOC_ROBUSTNESS_ANALYSIS	CONTROLLED_ERROR_INJECTION
2026_all5mer	seed_71	5mers_A_RNA_sparse_seq_07	site_mean_as_read	Brier_control	0.08430876555266203	0.0465624217188379	-0.037746343833824136	POSTHOC_ROBUSTNESS_ANALYSIS	CONTROLLED_ERROR_INJECTION
2026_all5mer	seed_71	5mers_A_RNA_sparse_seq_07	site_mean_as_read	Brier_modified	0.08349532247241077	0.03049488696942213	-0.05300043550298864	POSTHOC_ROBUSTNESS_ANALYSIS	CONTROLLED_ERROR_INJECTION
2026_all5mer	seed_71	5mers_A_RNA_sparse_seq_08	site_mean_as_read	Brier_observed	0.07649314532828176	0.031212365597441595	-0.045280779730840166	POSTHOC_ROBUSTNESS_ANALYSIS	CONTROLLED_ERROR_INJECTION
2026_all5mer	seed_71	5mers_A_RNA_sparse_seq_08	site_mean_as_read	Brier_equal_class	0.08862883305064276	0.04158823410634091	-0.04704059894430185	POSTHOC_ROBUSTNESS_ANALYSIS	CONTROLLED_ERROR_INJECTION
2026_all5mer	seed_71	5mers_A_RNA_sparse_seq_08	site_mean_as_read	Brier_control	0.10875312096434213	0.05879426066246532	-0.04995886030187681	POSTHOC_ROBUSTNESS_ANALYSIS	CONTROLLED_ERROR_INJECTION
2026_all5mer	seed_71	5mers_A_RNA_sparse_seq_08	site_mean_as_read	Brier_modified	0.0685045451369434	0.024382207550216504	-0.0441223375867269	POSTHOC_ROBUSTNESS_ANALYSIS	CONTROLLED_ERROR_INJECTION
2026_all5mer	seed_71	5mers_A_RNA_sparse_seq_09	site_mean_as_read	Brier_observed	0.0879151159975709	0.03517372000097969	-0.052741395996591216	POSTHOC_ROBUSTNESS_ANALYSIS	CONTROLLED_ERROR_INJECTION
2026_all5mer	seed_71	5mers_A_RNA_sparse_seq_09	site_mean_as_read	Brier_equal_class	0.08392747945862639	0.03565924212780333	-0.048268237330823055	POSTHOC_ROBUSTNESS_ANALYSIS	CONTROLLED_ERROR_INJECTION
2026_all5mer	seed_71	5mers_A_RNA_sparse_seq_09	site_mean_as_read	Brier_control	0.07679170880998884	0.03652807119685615	-0.04026363761313269	POSTHOC_ROBUSTNESS_ANALYSIS	CONTROLLED_ERROR_INJECTION
2026_all5mer	seed_71	5mers_A_RNA_sparse_seq_09	site_mean_as_read	Brier_modified	0.09106325010726395	0.034790413058750504	-0.05627283704851344	POSTHOC_ROBUSTNESS_ANALYSIS	CONTROLLED_ERROR_INJECTION
2026_all5mer	seed_71	5mers_A_RNA_sparse_seq_10	site_mean_as_read	Brier_observed	0.0606040458099961	0.023207070267793384	-0.03739697554220271	POSTHOC_ROBUSTNESS_ANALYSIS	CONTROLLED_ERROR_INJECTION
2026_all5mer	seed_71	5mers_A_RNA_sparse_seq_10	site_mean_as_read	Brier_equal_class	0.07694142983560746	0.03528920927004204	-0.041652220565565425	POSTHOC_ROBUSTNESS_ANALYSIS	CONTROLLED_ERROR_INJECTION
2026_all5mer	seed_71	5mers_A_RNA_sparse_seq_10	site_mean_as_read	Brier_control	0.10579788208007812	0.05662969233531647	-0.04916818974476165	POSTHOC_ROBUSTNESS_ANALYSIS	CONTROLLED_ERROR_INJECTION
2026_all5mer	seed_71	5mers_A_RNA_sparse_seq_10	site_mean_as_read	Brier_modified	0.048084977591136814	0.013948726204767602	-0.034136251386369214	POSTHOC_ROBUSTNESS_ANALYSIS	CONTROLLED_ERROR_INJECTION
2026_all5mer	seed_71	5mers_A_RNA_sparse_seq_11	site_mean_as_read	Brier_observed	0.06824238467428315	0.02463043895118562	-0.043611945723097525	POSTHOC_ROBUSTNESS_ANALYSIS	CONTROLLED_ERROR_INJECTION
2026_all5mer	seed_71	5mers_A_RNA_sparse_seq_11	site_mean_as_read	Brier_equal_class	0.07261887896287578	0.029501484155336075	-0.043117394807539705	POSTHOC_ROBUSTNESS_ANALYSIS	CONTROLLED_ERROR_INJECTION
2026_all5mer	seed_71	5mers_A_RNA_sparse_seq_11	site_mean_as_read	Brier_control	0.08172234654879842	0.039633658265817405	-0.04208868828298102	POSTHOC_ROBUSTNESS_ANALYSIS	CONTROLLED_ERROR_INJECTION
2026_all5mer	seed_71	5mers_A_RNA_sparse_seq_11	site_mean_as_read	Brier_modified	0.06351541137695313	0.019369310044854746	-0.044146101332098384	POSTHOC_ROBUSTNESS_ANALYSIS	CONTROLLED_ERROR_INJECTION
2026_all5mer	seed_71	5mers_A_RNA_sparse_seq_12	site_mean_as_read	Brier_observed	0.07521004484464155	0.03176677272343154	-0.04344327212121001	POSTHOC_ROBUSTNESS_ANALYSIS	CONTROLLED_ERROR_INJECTION
2026_all5mer	seed_71	5mers_A_RNA_sparse_seq_12	site_mean_as_read	Brier_equal_class	0.09498437601450464	0.046995413952483425	-0.04798896206202122	POSTHOC_ROBUSTNESS_ANALYSIS	CONTROLLED_ERROR_INJECTION
2026_all5mer	seed_71	5mers_A_RNA_sparse_seq_12	site_mean_as_read	Brier_control	0.12860787775098664	0.07288960174628645	-0.055718276004700196	POSTHOC_ROBUSTNESS_ANALYSIS	CONTROLLED_ERROR_INJECTION
2026_all5mer	seed_71	5mers_A_RNA_sparse_seq_12	site_mean_as_read	Brier_modified	0.06136087427802264	0.021101226158680406	-0.04025964811934224	POSTHOC_ROBUSTNESS_ANALYSIS	CONTROLLED_ERROR_INJECTION
2026_all5mer	seed_71	5mers_A_RNA_sparse_seq_13	site_mean_as_read	Brier_observed	0.06987082549880223	0.02380150793857831	-0.04606931756022392	POSTHOC_ROBUSTNESS_ANALYSIS	CONTROLLED_ERROR_INJECTION
2026_all5mer	seed_71	5mers_A_RNA_sparse_seq_13	site_mean_as_read	Brier_equal_class	0.08463624493758501	0.03812605550496588	-0.04651018943261913	POSTHOC_ROBUSTNESS_ANALYSIS	CONTROLLED_ERROR_INJECTION
2026_all5mer	seed_71	5mers_A_RNA_sparse_seq_13	site_mean_as_read	Brier_control	0.10854090431522083	0.06131695988346454	-0.04722394443175629	POSTHOC_ROBUSTNESS_ANALYSIS	CONTROLLED_ERROR_INJECTION
2026_all5mer	seed_71	5mers_A_RNA_sparse_seq_13	site_mean_as_read	Brier_modified	0.060731585559949196	0.014935151126467214	-0.04579643443348198	POSTHOC_ROBUSTNESS_ANALYSIS	CONTROLLED_ERROR_INJECTION
2026_all5mer	seed_71	5mers_A_RNA_sparse_seq_14	site_mean_as_read	Brier_observed	0.058550472076708514	0.021698678478827556	-0.03685179359788096	POSTHOC_ROBUSTNESS_ANALYSIS	CONTROLLED_ERROR_INJECTION
2026_all5mer	seed_71	5mers_A_RNA_sparse_seq_14	site_mean_as_read	Brier_equal_class	0.0714083738707113	0.0301475757312019	-0.041260798139509405	POSTHOC_ROBUSTNESS_ANALYSIS	CONTROLLED_ERROR_INJECTION
2026_all5mer	seed_71	5mers_A_RNA_sparse_seq_14	site_mean_as_read	Brier_control	0.09348071351343272	0.044651258583084	-0.04882945493034872	POSTHOC_ROBUSTNESS_ANALYSIS	CONTROLLED_ERROR_INJECTION
2026_all5mer	seed_71	5mers_A_RNA_sparse_seq_14	site_mean_as_read	Brier_modified	0.049336034227989885	0.0156438928793198	-0.03369214134867009	POSTHOC_ROBUSTNESS_ANALYSIS	CONTROLLED_ERROR_INJECTION
2026_all5mer	seed_71	5mers_A_RNA_sparse_seq_15	site_mean_as_read	Brier_observed	0.10725854132632782	0.051125042105224165	-0.05613349922110366	POSTHOC_ROBUSTNESS_ANALYSIS	CONTROLLED_ERROR_INJECTION
2026_all5mer	seed_71	5mers_A_RNA_sparse_seq_15	site_mean_as_read	Brier_equal_class	0.10434049647305108	0.05280221293861055	-0.051538283534440524	POSTHOC_ROBUSTNESS_ANALYSIS	CONTROLLED_ERROR_INJECTION
2026_all5mer	seed_71	5mers_A_RNA_sparse_seq_15	site_mean_as_read	Brier_control	0.09826172960831431	0.05629603534406251	-0.0419656942642518	POSTHOC_ROBUSTNESS_ANALYSIS	CONTROLLED_ERROR_INJECTION
2026_all5mer	seed_71	5mers_A_RNA_sparse_seq_15	site_mean_as_read	Brier_modified	0.11041926333778783	0.04930839053315859	-0.06111087280462924	POSTHOC_ROBUSTNESS_ANALYSIS	CONTROLLED_ERROR_INJECTION
2026_all5mer	seed_71	5mers_A_RNA_sparse_seq_16	site_mean_as_read	Brier_observed	0.07711763618406185	0.030370493907924578	-0.04674714227613727	POSTHOC_ROBUSTNESS_ANALYSIS	CONTROLLED_ERROR_INJECTION
2026_all5mer	seed_71	5mers_A_RNA_sparse_seq_16	site_mean_as_read	Brier_equal_class	0.0786897881997477	0.03397891029247731	-0.044710877907270394	POSTHOC_ROBUSTNESS_ANALYSIS	CONTROLLED_ERROR_INJECTION
2026_all5mer	seed_71	5mers_A_RNA_sparse_seq_16	site_mean_as_read	Brier_control	0.08219633923934194	0.042027175408253896	-0.040169163831088046	POSTHOC_ROBUSTNESS_ANALYSIS	CONTROLLED_ERROR_INJECTION
2026_all5mer	seed_71	5mers_A_RNA_sparse_seq_16	site_mean_as_read	Brier_modified	0.07518323716015346	0.025930645176700715	-0.04925259198345275	POSTHOC_ROBUSTNESS_ANALYSIS	CONTROLLED_ERROR_INJECTION
2026_all5mer	seed_71	5mers_A_RNA_sparse_seq_17	site_mean_as_read	Brier_observed	0.05546747390305279	0.018770707678125293	-0.0366967662249275	POSTHOC_ROBUSTNESS_ANALYSIS	CONTROLLED_ERROR_INJECTION
2026_all5mer	seed_71	5mers_A_RNA_sparse_seq_17	site_mean_as_read	Brier_equal_class	0.06931702176860824	0.028542626881952065	-0.04077439488665617	POSTHOC_ROBUSTNESS_ANALYSIS	CONTROLLED_ERROR_INJECTION
2026_all5mer	seed_71	5mers_A_RNA_sparse_seq_17	site_mean_as_read	Brier_control	0.09314248916950632	0.04535332313681115	-0.047789166032695174	POSTHOC_ROBUSTNESS_ANALYSIS	CONTROLLED_ERROR_INJECTION
2026_all5mer	seed_71	5mers_A_RNA_sparse_seq_17	site_mean_as_read	Brier_modified	0.045491554367710164	0.011731930627092981	-0.03375962374061718	POSTHOC_ROBUSTNESS_ANALYSIS	CONTROLLED_ERROR_INJECTION
2026_all5mer	seed_71	5mers_A_RNA_sparse_seq_18	site_mean_as_read	Brier_observed	0.06045391944146925	0.0229492624417772	-0.03750465699969205	POSTHOC_ROBUSTNESS_ANALYSIS	CONTROLLED_ERROR_INJECTION
2026_all5mer	seed_71	5mers_A_RNA_sparse_seq_18	site_mean_as_read	Brier_equal_class	0.08246886681486466	0.03829502997925361	-0.044173836835611054	POSTHOC_ROBUSTNESS_ANALYSIS	CONTROLLED_ERROR_INJECTION
2026_all5mer	seed_71	5mers_A_RNA_sparse_seq_18	site_mean_as_read	Brier_control	0.12154119707680688	0.06553083877668311	-0.05601035830012377	POSTHOC_ROBUSTNESS_ANALYSIS	CONTROLLED_ERROR_INJECTION
2026_all5mer	seed_71	5mers_A_RNA_sparse_seq_18	site_mean_as_read	Brier_modified	0.043396536552922436	0.011059221181824104	-0.03233731537109833	POSTHOC_ROBUSTNESS_ANALYSIS	CONTROLLED_ERROR_INJECTION
2026_all5mer	seed_71	5mers_A_RNA_sparse_seq_19	site_mean_as_read	Brier_observed	0.06626722452064669	0.025422305548104426	-0.04084491897254226	POSTHOC_ROBUSTNESS_ANALYSIS	CONTROLLED_ERROR_INJECTION
2026_all5mer	seed_71	5mers_A_RNA_sparse_seq_19	site_mean_as_read	Brier_equal_class	0.06751877608100829	0.02907817445569026	-0.038440601625318024	POSTHOC_ROBUSTNESS_ANALYSIS	CONTROLLED_ERROR_INJECTION
2026_all5mer	seed_71	5mers_A_RNA_sparse_seq_19	site_mean_as_read	Brier_control	0.06944390573809224	0.03470161169895598	-0.034742294039136264	POSTHOC_ROBUSTNESS_ANALYSIS	CONTROLLED_ERROR_INJECTION
2026_all5mer	seed_71	5mers_A_RNA_sparse_seq_19	site_mean_as_read	Brier_modified	0.06559364642392432	0.02345473721242455	-0.042138909211499764	POSTHOC_ROBUSTNESS_ANALYSIS	CONTROLLED_ERROR_INJECTION
2026_all5mer	seed_71	5mers_A_RNA_sparse_seq_20	site_mean_as_read	Brier_observed	0.09669544254064323	0.042762732124104884	-0.05393271041653835	POSTHOC_ROBUSTNESS_ANALYSIS	CONTROLLED_ERROR_INJECTION
2026_all5mer	seed_71	5mers_A_RNA_sparse_seq_20	site_mean_as_read	Brier_equal_class	0.10676799683338395	0.05357203085152328	-0.05319596598186067	POSTHOC_ROBUSTNESS_ANALYSIS	CONTROLLED_ERROR_INJECTION
2026_all5mer	seed_71	5mers_A_RNA_sparse_seq_20	site_mean_as_read	Brier_control	0.1290604411691859	0.07749502825484268	-0.05156541291434323	POSTHOC_ROBUSTNESS_ANALYSIS	CONTROLLED_ERROR_INJECTION
2026_all5mer	seed_71	5mers_A_RNA_sparse_seq_20	site_mean_as_read	Brier_modified	0.08447555249758197	0.029649033448203882	-0.05482651904937809	POSTHOC_ROBUSTNESS_ANALYSIS	CONTROLLED_ERROR_INJECTION
2026_all5mer	seed_71	5mers_A_RNA_sparse_seq_21	site_mean_as_read	Brier_observed	0.06874898850853518	0.022157021650589047	-0.046591966857946136	POSTHOC_ROBUSTNESS_ANALYSIS	CONTROLLED_ERROR_INJECTION
2026_all5mer	seed_71	5mers_A_RNA_sparse_seq_21	site_mean_as_read	Brier_equal_class	0.07986458052632507	0.03312915471848609	-0.04673542580783898	POSTHOC_ROBUSTNESS_ANALYSIS	CONTROLLED_ERROR_INJECTION
2026_all5mer	seed_71	5mers_A_RNA_sparse_seq_21	site_mean_as_read	Brier_control	0.09934313213405897	0.052356314177731005	-0.04698681795632797	POSTHOC_ROBUSTNESS_ANALYSIS	CONTROLLED_ERROR_INJECTION
2026_all5mer	seed_71	5mers_A_RNA_sparse_seq_21	site_mean_as_read	Brier_modified	0.06038602891859118	0.013901995259241177	-0.04648403365935	POSTHOC_ROBUSTNESS_ANALYSIS	CONTROLLED_ERROR_INJECTION
2026_all5mer	seed_71	5mers_A_RNA_sparse_seq_22	site_mean_as_read	Brier_observed	0.11503833134969076	0.05453632782033104	-0.060502003529359714	POSTHOC_ROBUSTNESS_ANALYSIS	CONTROLLED_ERROR_INJECTION
2026_all5mer	seed_71	5mers_A_RNA_sparse_seq_22	site_mean_as_read	Brier_equal_class	0.1133785053568048	0.05663760179996025	-0.05674090355684455	POSTHOC_ROBUSTNESS_ANALYSIS	CONTROLLED_ERROR_INJECTION
2026_all5mer	seed_71	5mers_A_RNA_sparse_seq_22	site_mean_as_read	Brier_control	0.10937490497195423	0.06170600134881459	-0.04766890362313964	POSTHOC_ROBUSTNESS_ANALYSIS	CONTROLLED_ERROR_INJECTION
2026_all5mer	seed_71	5mers_A_RNA_sparse_seq_22	site_mean_as_read	Brier_modified	0.11738210574165535	0.051569202251105895	-0.06581290349054945	POSTHOC_ROBUSTNESS_ANALYSIS	CONTROLLED_ERROR_INJECTION
2026_all5mer	seed_71	5mers_A_RNA_sparse_seq_23	site_mean_as_read	Brier_observed	0.09427129078206632	0.041523352964178056	-0.052747937817888266	POSTHOC_ROBUSTNESS_ANALYSIS	CONTROLLED_ERROR_INJECTION
2026_all5mer	seed_71	5mers_A_RNA_sparse_seq_23	site_mean_as_read	Brier_equal_class	0.11403251593258218	0.05652474532563881	-0.05750777060694337	POSTHOC_ROBUSTNESS_ANALYSIS	CONTROLLED_ERROR_INJECTION
2026_all5mer	seed_71	5mers_A_RNA_sparse_seq_23	site_mean_as_read	Brier_control	0.15092775132921007	0.08453312528374184	-0.06639462604546824	POSTHOC_ROBUSTNESS_ANALYSIS	CONTROLLED_ERROR_INJECTION
2026_all5mer	seed_71	5mers_A_RNA_sparse_seq_23	site_mean_as_read	Brier_modified	0.0771372805359543	0.028516365367535778	-0.048620915168418516	POSTHOC_ROBUSTNESS_ANALYSIS	CONTROLLED_ERROR_INJECTION
2026_all5mer	seed_71	5mers_A_RNA_sparse_seq_24	site_mean_as_read	Brier_observed	0.08004573656833183	0.03429126608867786	-0.045754470479653975	POSTHOC_ROBUSTNESS_ANALYSIS	CONTROLLED_ERROR_INJECTION
2026_all5mer	seed_71	5mers_A_RNA_sparse_seq_24	site_mean_as_read	Brier_equal_class	0.09023250335026449	0.04330298188301204	-0.04692952146725245	POSTHOC_ROBUSTNESS_ANALYSIS	CONTROLLED_ERROR_INJECTION
2026_all5mer	seed_71	5mers_A_RNA_sparse_seq_24	site_mean_as_read	Brier_control	0.11108912069966474	0.06175377318976223	-0.04933534750990251	POSTHOC_ROBUSTNESS_ANALYSIS	CONTROLLED_ERROR_INJECTION
2026_all5mer	seed_71	5mers_A_RNA_sparse_seq_24	site_mean_as_read	Brier_modified	0.06937588600086424	0.02485219057626185	-0.04452369542460238	POSTHOC_ROBUSTNESS_ANALYSIS	CONTROLLED_ERROR_INJECTION
2026_all5mer	seed_71	5mers_A_RNA_sparse_seq_25	site_mean_as_read	Brier_observed	0.08686494681150847	0.040760244358498385	-0.046104702453010085	POSTHOC_ROBUSTNESS_ANALYSIS	CONTROLLED_ERROR_INJECTION
2026_all5mer	seed_71	5mers_A_RNA_sparse_seq_25	site_mean_as_read	Brier_equal_class	0.09076539952850686	0.04496130643568265	-0.04580409309282421	POSTHOC_ROBUSTNESS_ANALYSIS	CONTROLLED_ERROR_INJECTION
2026_all5mer	seed_71	5mers_A_RNA_sparse_seq_25	site_mean_as_read	Brier_control	0.09841779073079428	0.053203470310559185	-0.04521432042023509	POSTHOC_ROBUSTNESS_ANALYSIS	CONTROLLED_ERROR_INJECTION
2026_all5mer	seed_71	5mers_A_RNA_sparse_seq_25	site_mean_as_read	Brier_modified	0.08311300832621944	0.03671914256080611	-0.04639386576541333	POSTHOC_ROBUSTNESS_ANALYSIS	CONTROLLED_ERROR_INJECTION
2026_all5mer	seed_71	5mers_A_RNA_sparse_seq_26	site_mean_as_read	Brier_observed	0.08122297883765098	0.03475613551924174	-0.04646684331840924	POSTHOC_ROBUSTNESS_ANALYSIS	CONTROLLED_ERROR_INJECTION
2026_all5mer	seed_71	5mers_A_RNA_sparse_seq_26	site_mean_as_read	Brier_equal_class	0.08199760099692457	0.03760212198200075	-0.04439547901492383	POSTHOC_ROBUSTNESS_ANALYSIS	CONTROLLED_ERROR_INJECTION
2026_all5mer	seed_71	5mers_A_RNA_sparse_seq_26	site_mean_as_read	Brier_control	0.08352498098033098	0.04321376464445701	-0.04031121633587397	POSTHOC_ROBUSTNESS_ANALYSIS	CONTROLLED_ERROR_INJECTION
2026_all5mer	seed_71	5mers_A_RNA_sparse_seq_26	site_mean_as_read	Brier_modified	0.08047022101351817	0.03199047931954449	-0.04847974169397368	POSTHOC_ROBUSTNESS_ANALYSIS	CONTROLLED_ERROR_INJECTION
2026_all5mer	seed_71	5mers_A_RNA_sparse_seq_27	site_mean_as_read	Brier_observed	0.06233938753478875	0.01762034365144233	-0.044719043883346424	POSTHOC_ROBUSTNESS_ANALYSIS	CONTROLLED_ERROR_INJECTION
2026_all5mer	seed_71	5mers_A_RNA_sparse_seq_27	site_mean_as_read	Brier_equal_class	0.06994112445376302	0.02732345165258382	-0.0426176728011792	POSTHOC_ROBUSTNESS_ANALYSIS	CONTROLLED_ERROR_INJECTION
2026_all5mer	seed_71	5mers_A_RNA_sparse_seq_27	site_mean_as_read	Brier_control	0.08251322781975894	0.04337089950062552	-0.03914232831913342	POSTHOC_ROBUSTNESS_ANALYSIS	CONTROLLED_ERROR_INJECTION
2026_all5mer	seed_71	5mers_A_RNA_sparse_seq_27	site_mean_as_read	Brier_modified	0.057369021087767105	0.011276003804542124	-0.046093017283224985	POSTHOC_ROBUSTNESS_ANALYSIS	CONTROLLED_ERROR_INJECTION
2026_all5mer	seed_71	5mers_A_RNA_sparse_seq_28	site_mean_as_read	Brier_observed	0.07544368987387799	0.030836674675763204	-0.04460701519811479	POSTHOC_ROBUSTNESS_ANALYSIS	CONTROLLED_ERROR_INJECTION
2026_all5mer	seed_71	5mers_A_RNA_sparse_seq_28	site_mean_as_read	Brier_equal_class	0.07546692623632908	0.03202693172330731	-0.043439994513021774	POSTHOC_ROBUSTNESS_ANALYSIS	CONTROLLED_ERROR_INJECTION
2026_all5mer	seed_71	5mers_A_RNA_sparse_seq_28	site_mean_as_read	Brier_control	0.07550707730379971	0.034083625886343095	-0.04142345141745662	POSTHOC_ROBUSTNESS_ANALYSIS	CONTROLLED_ERROR_INJECTION
2026_all5mer	seed_71	5mers_A_RNA_sparse_seq_28	site_mean_as_read	Brier_modified	0.07542677516885844	0.029970237560271534	-0.04545653760858691	POSTHOC_ROBUSTNESS_ANALYSIS	CONTROLLED_ERROR_INJECTION
2026_all5mer	seed_71	5mers_A_RNA_sparse_seq_29	site_mean_as_read	Brier_observed	0.05577077450959579	0.0188217912542189	-0.03694898325537689	POSTHOC_ROBUSTNESS_ANALYSIS	CONTROLLED_ERROR_INJECTION
2026_all5mer	seed_71	5mers_A_RNA_sparse_seq_29	site_mean_as_read	Brier_equal_class	0.07102380329560253	0.03194434754622566	-0.039079455749376865	POSTHOC_ROBUSTNESS_ANALYSIS	CONTROLLED_ERROR_INJECTION
2026_all5mer	seed_71	5mers_A_RNA_sparse_seq_29	site_mean_as_read	Brier_control	0.09626262790554173	0.05365792989990591	-0.04260469800563582	POSTHOC_ROBUSTNESS_ANALYSIS	CONTROLLED_ERROR_INJECTION
2026_all5mer	seed_71	5mers_A_RNA_sparse_seq_29	site_mean_as_read	Brier_modified	0.04578497868566332	0.010230765192545408	-0.035554213493117916	POSTHOC_ROBUSTNESS_ANALYSIS	CONTROLLED_ERROR_INJECTION
2026_all5mer	seed_71	5mers_A_RNA_sparse_seq_30	site_mean_as_read	Brier_observed	0.08718788235220122	0.03854465580705896	-0.04864322654514226	POSTHOC_ROBUSTNESS_ANALYSIS	CONTROLLED_ERROR_INJECTION
2026_all5mer	seed_71	5mers_A_RNA_sparse_seq_30	site_mean_as_read	Brier_equal_class	0.08220360073378477	0.03737100711957348	-0.04483259361421129	POSTHOC_ROBUSTNESS_ANALYSIS	CONTROLLED_ERROR_INJECTION
2026_all5mer	seed_71	5mers_A_RNA_sparse_seq_30	site_mean_as_read	Brier_control	0.07247043478077855	0.03507913873805666	-0.03739129604272189	POSTHOC_ROBUSTNESS_ANALYSIS	CONTROLLED_ERROR_INJECTION
2026_all5mer	seed_71	5mers_A_RNA_sparse_seq_30	site_mean_as_read	Brier_modified	0.091936766686791	0.0396628755010903	-0.0522738911857007	POSTHOC_ROBUSTNESS_ANALYSIS	CONTROLLED_ERROR_INJECTION
2026_all5mer	seed_71	5mers_A_RNA_sparse_seq_31	site_mean_as_read	Brier_observed	0.045948356154274804	0.014075954035115947	-0.03187240211915886	POSTHOC_ROBUSTNESS_ANALYSIS	CONTROLLED_ERROR_INJECTION
2026_all5mer	seed_71	5mers_A_RNA_sparse_seq_31	site_mean_as_read	Brier_equal_class	0.066317415466016	0.027741062976716486	-0.03857635248929951	POSTHOC_ROBUSTNESS_ANALYSIS	CONTROLLED_ERROR_INJECTION
2026_all5mer	seed_71	5mers_A_RNA_sparse_seq_31	site_mean_as_read	Brier_control	0.0961134774344308	0.047730519858231325	-0.048382957576199474	POSTHOC_ROBUSTNESS_ANALYSIS	CONTROLLED_ERROR_INJECTION
2026_all5mer	seed_71	5mers_A_RNA_sparse_seq_31	site_mean_as_read	Brier_modified	0.036521353497601196	0.007751606095201646	-0.02876974740239955	POSTHOC_ROBUSTNESS_ANALYSIS	CONTROLLED_ERROR_INJECTION
2026_all5mer	seed_71	5mers_A_RNA_sparse_seq_32	site_mean_as_read	Brier_observed	0.08893633478602038	0.03708437211685107	-0.05185196266916931	POSTHOC_ROBUSTNESS_ANALYSIS	CONTROLLED_ERROR_INJECTION
2026_all5mer	seed_71	5mers_A_RNA_sparse_seq_32	site_mean_as_read	Brier_equal_class	0.09575479639140516	0.04322963767272417	-0.05252515871868099	POSTHOC_ROBUSTNESS_ANALYSIS	CONTROLLED_ERROR_INJECTION
2026_all5mer	seed_71	5mers_A_RNA_sparse_seq_32	site_mean_as_read	Brier_control	0.11178657077006157	0.05767857301774126	-0.054107997752320315	POSTHOC_ROBUSTNESS_ANALYSIS	CONTROLLED_ERROR_INJECTION
2026_all5mer	seed_71	5mers_A_RNA_sparse_seq_32	site_mean_as_read	Brier_modified	0.07972302201274876	0.028780702327707082	-0.05094231968504168	POSTHOC_ROBUSTNESS_ANALYSIS	CONTROLLED_ERROR_INJECTION
2026_all5mer	seed_71	ALL	site_mean_as_read	Brier_observed	0.07656397337355753	0.030776648610619142	-0.04578732476293838	POSTHOC_ROBUSTNESS_ANALYSIS	CONTROLLED_ERROR_INJECTION
2026_all5mer	seed_71	ALL	site_mean_as_read	Brier_equal_class	0.0845464367684787	0.03859533798702894	-0.04595109878144976	POSTHOC_ROBUSTNESS_ANALYSIS	CONTROLLED_ERROR_INJECTION
2026_all5mer	seed_71	ALL	site_mean_as_read	Brier_control	0.09930608942328753	0.053052170884637484	-0.046253918538650046	POSTHOC_ROBUSTNESS_ANALYSIS	CONTROLLED_ERROR_INJECTION
2026_all5mer	seed_71	ALL	site_mean_as_read	Brier_modified	0.06978678411366988	0.024138505089420396	-0.04564827902424949	POSTHOC_ROBUSTNESS_ANALYSIS	CONTROLLED_ERROR_INJECTION
