claim_id,section,claim_text,evidence_status,analysis_set,metric_or_outcome,estimate,printed_value,uncertainty,test_and_correction,source_file,source_commit_or_version,source_sha256_when_frozen,source_row_number,field_selector,figure_or_table,citation_keys,verification_status,construct,threshold,truth_unit,metric_unit,score_definition,N_class_0,O_class_0,S_class_0,N_class_1,O_class_1,S_class_1
T1_equal_class_Brier:DRACH_oligo_0:0.5:Brier_equal_class,T1_equal_class_Brier,"Existing Brier_equal_class at symmetric midpoint threshold 0.5, DRACH_oligo_0",REUSED_PRIOR_RESULT,2025_DRACH; all saved explicit O; symmetric midpoint selection,Brier_equal_class,0.07987184107518738,0.080,NOT_APPLICABLE_DESCRIPTIVE; ML interval sensitivity is reported separately,NONE; no significance test or independent-replication claim,run_001/results/FILTER_CURVES.tsv,RMT-METHODS-TARGETED-001 frozen run_001,441bdb5accc32aa4dfb2f2d0f5bbed97a03ea28896000e4ed6dee49a944c4411,8,"{""field"":""Brier_equal_class"",""where"":{""construct"":""DRACH_oligo_0"",""policy"":""symmetric_confidence"",""release"":""2025_DRACH"",""threshold"":""0.5""}}",T1_equal_class_Brier,FROZEN_LOCAL_RESULT_ONLY,PASS,DRACH_oligo_0,0.5,provider construct-condition label,read-site,ML midpoint p=(m+0.5)/256; explicit O,39081,3655,3655,39140,38849,38849
T1_equal_class_Brier:DRACH_oligo_0:0.6:Brier_equal_class,T1_equal_class_Brier,"Existing Brier_equal_class at symmetric midpoint threshold 0.6, DRACH_oligo_0",REUSED_PRIOR_RESULT,2025_DRACH; all saved explicit O; symmetric midpoint selection,Brier_equal_class,0.07070248708231018,0.071,NOT_APPLICABLE_DESCRIPTIVE; ML interval sensitivity is reported separately,NONE; no significance test or independent-replication claim,run_001/results/FILTER_CURVES.tsv,RMT-METHODS-TARGETED-001 frozen run_001,441bdb5accc32aa4dfb2f2d0f5bbed97a03ea28896000e4ed6dee49a944c4411,14,"{""field"":""Brier_equal_class"",""where"":{""construct"":""DRACH_oligo_0"",""policy"":""symmetric_confidence"",""release"":""2025_DRACH"",""threshold"":""0.6""}}",T1_equal_class_Brier,FROZEN_LOCAL_RESULT_ONLY,PASS,DRACH_oligo_0,0.6,provider construct-condition label,read-site,ML midpoint p=(m+0.5)/256; explicit O,39081,3655,3302,39140,38849,37807
T1_equal_class_Brier:DRACH_oligo_0:0.7:Brier_equal_class,T1_equal_class_Brier,"Existing Brier_equal_class at symmetric midpoint threshold 0.7, DRACH_oligo_0",REUSED_PRIOR_RESULT,2025_DRACH; all saved explicit O; symmetric midpoint selection,Brier_equal_class,0.06046907438472782,0.060,NOT_APPLICABLE_DESCRIPTIVE; ML interval sensitivity is reported separately,NONE; no significance test or independent-replication claim,run_001/results/FILTER_CURVES.tsv,RMT-METHODS-TARGETED-001 frozen run_001,441bdb5accc32aa4dfb2f2d0f5bbed97a03ea28896000e4ed6dee49a944c4411,20,"{""field"":""Brier_equal_class"",""where"":{""construct"":""DRACH_oligo_0"",""policy"":""symmetric_confidence"",""release"":""2025_DRACH"",""threshold"":""0.7""}}",T1_equal_class_Brier,FROZEN_LOCAL_RESULT_ONLY,PASS,DRACH_oligo_0,0.7,provider construct-condition label,read-site,ML midpoint p=(m+0.5)/256; explicit O,39081,3655,2861,39140,38849,36698
T1_equal_class_Brier:DRACH_oligo_0:0.8:Brier_equal_class,T1_equal_class_Brier,"Existing Brier_equal_class at symmetric midpoint threshold 0.8, DRACH_oligo_0",REUSED_PRIOR_RESULT,2025_DRACH; all saved explicit O; symmetric midpoint selection,Brier_equal_class,0.05368090256003388,0.054,NOT_APPLICABLE_DESCRIPTIVE; ML interval sensitivity is reported separately,NONE; no significance test or independent-replication claim,run_001/results/FILTER_CURVES.tsv,RMT-METHODS-TARGETED-001 frozen run_001,441bdb5accc32aa4dfb2f2d0f5bbed97a03ea28896000e4ed6dee49a944c4411,26,"{""field"":""Brier_equal_class"",""where"":{""construct"":""DRACH_oligo_0"",""policy"":""symmetric_confidence"",""release"":""2025_DRACH"",""threshold"":""0.8""}}",T1_equal_class_Brier,FROZEN_LOCAL_RESULT_ONLY,PASS,DRACH_oligo_0,0.8,provider construct-condition label,read-site,ML midpoint p=(m+0.5)/256; explicit O,39081,3655,2311,39140,38849,35358
T1_equal_class_Brier:DRACH_oligo_0:0.9:Brier_equal_class,T1_equal_class_Brier,"Existing Brier_equal_class at symmetric midpoint threshold 0.9, DRACH_oligo_0",REUSED_PRIOR_RESULT,2025_DRACH; all saved explicit O; symmetric midpoint selection,Brier_equal_class,0.049723047290210654,0.050,NOT_APPLICABLE_DESCRIPTIVE; ML interval sensitivity is reported separately,NONE; no significance test or independent-replication claim,run_001/results/FILTER_CURVES.tsv,RMT-METHODS-TARGETED-001 frozen run_001,441bdb5accc32aa4dfb2f2d0f5bbed97a03ea28896000e4ed6dee49a944c4411,32,"{""field"":""Brier_equal_class"",""where"":{""construct"":""DRACH_oligo_0"",""policy"":""symmetric_confidence"",""release"":""2025_DRACH"",""threshold"":""0.9""}}",T1_equal_class_Brier,FROZEN_LOCAL_RESULT_ONLY,PASS,DRACH_oligo_0,0.9,provider construct-condition label,read-site,ML midpoint p=(m+0.5)/256; explicit O,39081,3655,1435,39140,38849,33446
T1_equal_class_Brier:DRACH_oligo_0:0.95:Brier_equal_class,T1_equal_class_Brier,"Existing Brier_equal_class at symmetric midpoint threshold 0.95, DRACH_oligo_0",REUSED_PRIOR_RESULT,2025_DRACH; all saved explicit O; symmetric midpoint selection,Brier_equal_class,0.10080241239227508,0.101,NOT_APPLICABLE_DESCRIPTIVE; ML interval sensitivity is reported separately,NONE; no significance test or independent-replication claim,run_001/results/FILTER_CURVES.tsv,RMT-METHODS-TARGETED-001 frozen run_001,441bdb5accc32aa4dfb2f2d0f5bbed97a03ea28896000e4ed6dee49a944c4411,38,"{""field"":""Brier_equal_class"",""where"":{""construct"":""DRACH_oligo_0"",""policy"":""symmetric_confidence"",""release"":""2025_DRACH"",""threshold"":""0.95""}}",T1_equal_class_Brier,FROZEN_LOCAL_RESULT_ONLY,PASS,DRACH_oligo_0,0.95,provider construct-condition label,read-site,ML midpoint p=(m+0.5)/256; explicit O,39081,3655,514,39140,38849,31496
T1_equal_class_Brier:DRACH_oligo_0:0.99:Brier_equal_class,T1_equal_class_Brier,"Existing Brier_equal_class at symmetric midpoint threshold 0.99, DRACH_oligo_0",REUSED_PRIOR_RESULT,2025_DRACH; all saved explicit O; symmetric midpoint selection,Brier_equal_class,0.19473063839102925,0.195,NOT_APPLICABLE_DESCRIPTIVE; ML interval sensitivity is reported separately,NONE; no significance test or independent-replication claim,run_001/results/FILTER_CURVES.tsv,RMT-METHODS-TARGETED-001 frozen run_001,441bdb5accc32aa4dfb2f2d0f5bbed97a03ea28896000e4ed6dee49a944c4411,44,"{""field"":""Brier_equal_class"",""where"":{""construct"":""DRACH_oligo_0"",""policy"":""symmetric_confidence"",""release"":""2025_DRACH"",""threshold"":""0.99""}}",T1_equal_class_Brier,FROZEN_LOCAL_RESULT_ONLY,PASS,DRACH_oligo_0,0.99,provider construct-condition label,read-site,ML midpoint p=(m+0.5)/256; explicit O,39081,3655,171,39140,38849,26818
T1_equal_class_Brier:DRACH_oligo_1:0.5:Brier_equal_class,T1_equal_class_Brier,"Existing Brier_equal_class at symmetric midpoint threshold 0.5, DRACH_oligo_1",REUSED_PRIOR_RESULT,2025_DRACH; all saved explicit O; symmetric midpoint selection,Brier_equal_class,0.0727480960577689,0.073,NOT_APPLICABLE_DESCRIPTIVE; ML interval sensitivity is reported separately,NONE; no significance test or independent-replication claim,run_001/results/FILTER_CURVES.tsv,RMT-METHODS-TARGETED-001 frozen run_001,441bdb5accc32aa4dfb2f2d0f5bbed97a03ea28896000e4ed6dee49a944c4411,9,"{""field"":""Brier_equal_class"",""where"":{""construct"":""DRACH_oligo_1"",""policy"":""symmetric_confidence"",""release"":""2025_DRACH"",""threshold"":""0.5""}}",T1_equal_class_Brier,FROZEN_LOCAL_RESULT_ONLY,PASS,DRACH_oligo_1,0.5,provider construct-condition label,read-site,ML midpoint p=(m+0.5)/256; explicit O,38816,3535,3535,38623,38411,38411
T1_equal_class_Brier:DRACH_oligo_1:0.6:Brier_equal_class,T1_equal_class_Brier,"Existing Brier_equal_class at symmetric midpoint threshold 0.6, DRACH_oligo_1",REUSED_PRIOR_RESULT,2025_DRACH; all saved explicit O; symmetric midpoint selection,Brier_equal_class,0.06367396936182775,0.064,NOT_APPLICABLE_DESCRIPTIVE; ML interval sensitivity is reported separately,NONE; no significance test or independent-replication claim,run_001/results/FILTER_CURVES.tsv,RMT-METHODS-TARGETED-001 frozen run_001,441bdb5accc32aa4dfb2f2d0f5bbed97a03ea28896000e4ed6dee49a944c4411,15,"{""field"":""Brier_equal_class"",""where"":{""construct"":""DRACH_oligo_1"",""policy"":""symmetric_confidence"",""release"":""2025_DRACH"",""threshold"":""0.6""}}",T1_equal_class_Brier,FROZEN_LOCAL_RESULT_ONLY,PASS,DRACH_oligo_1,0.6,provider construct-condition label,read-site,ML midpoint p=(m+0.5)/256; explicit O,38816,3535,3205,38623,38411,37573
T1_equal_class_Brier:DRACH_oligo_1:0.7:Brier_equal_class,T1_equal_class_Brier,"Existing Brier_equal_class at symmetric midpoint threshold 0.7, DRACH_oligo_1",REUSED_PRIOR_RESULT,2025_DRACH; all saved explicit O; symmetric midpoint selection,Brier_equal_class,0.055499059461037746,0.055,NOT_APPLICABLE_DESCRIPTIVE; ML interval sensitivity is reported separately,NONE; no significance test or independent-replication claim,run_001/results/FILTER_CURVES.tsv,RMT-METHODS-TARGETED-001 frozen run_001,441bdb5accc32aa4dfb2f2d0f5bbed97a03ea28896000e4ed6dee49a944c4411,21,"{""field"":""Brier_equal_class"",""where"":{""construct"":""DRACH_oligo_1"",""policy"":""symmetric_confidence"",""release"":""2025_DRACH"",""threshold"":""0.7""}}",T1_equal_class_Brier,FROZEN_LOCAL_RESULT_ONLY,PASS,DRACH_oligo_1,0.7,provider construct-condition label,read-site,ML midpoint p=(m+0.5)/256; explicit O,38816,3535,2844,38623,38411,36773
T1_equal_class_Brier:DRACH_oligo_1:0.8:Brier_equal_class,T1_equal_class_Brier,"Existing Brier_equal_class at symmetric midpoint threshold 0.8, DRACH_oligo_1",REUSED_PRIOR_RESULT,2025_DRACH; all saved explicit O; symmetric midpoint selection,Brier_equal_class,0.04619816848650679,0.046,NOT_APPLICABLE_DESCRIPTIVE; ML interval sensitivity is reported separately,NONE; no significance test or independent-replication claim,run_001/results/FILTER_CURVES.tsv,RMT-METHODS-TARGETED-001 frozen run_001,441bdb5accc32aa4dfb2f2d0f5bbed97a03ea28896000e4ed6dee49a944c4411,27,"{""field"":""Brier_equal_class"",""where"":{""construct"":""DRACH_oligo_1"",""policy"":""symmetric_confidence"",""release"":""2025_DRACH"",""threshold"":""0.8""}}",T1_equal_class_Brier,FROZEN_LOCAL_RESULT_ONLY,PASS,DRACH_oligo_1,0.8,provider construct-condition label,read-site,ML midpoint p=(m+0.5)/256; explicit O,38816,3535,2286,38623,38411,35638
T1_equal_class_Brier:DRACH_oligo_1:0.9:Brier_equal_class,T1_equal_class_Brier,"Existing Brier_equal_class at symmetric midpoint threshold 0.9, DRACH_oligo_1",REUSED_PRIOR_RESULT,2025_DRACH; all saved explicit O; symmetric midpoint selection,Brier_equal_class,0.04240027685714755,0.042,NOT_APPLICABLE_DESCRIPTIVE; ML interval sensitivity is reported separately,NONE; no significance test or independent-replication claim,run_001/results/FILTER_CURVES.tsv,RMT-METHODS-TARGETED-001 frozen run_001,441bdb5accc32aa4dfb2f2d0f5bbed97a03ea28896000e4ed6dee49a944c4411,33,"{""field"":""Brier_equal_class"",""where"":{""construct"":""DRACH_oligo_1"",""policy"":""symmetric_confidence"",""release"":""2025_DRACH"",""threshold"":""0.9""}}",T1_equal_class_Brier,FROZEN_LOCAL_RESULT_ONLY,PASS,DRACH_oligo_1,0.9,provider construct-condition label,read-site,ML midpoint p=(m+0.5)/256; explicit O,38816,3535,1494,38623,38411,34057
T1_equal_class_Brier:DRACH_oligo_1:0.95:Brier_equal_class,T1_equal_class_Brier,"Existing Brier_equal_class at symmetric midpoint threshold 0.95, DRACH_oligo_1",REUSED_PRIOR_RESULT,2025_DRACH; all saved explicit O; symmetric midpoint selection,Brier_equal_class,0.06658205256438571,0.067,NOT_APPLICABLE_DESCRIPTIVE; ML interval sensitivity is reported separately,NONE; no significance test or independent-replication claim,run_001/results/FILTER_CURVES.tsv,RMT-METHODS-TARGETED-001 frozen run_001,441bdb5accc32aa4dfb2f2d0f5bbed97a03ea28896000e4ed6dee49a944c4411,39,"{""field"":""Brier_equal_class"",""where"":{""construct"":""DRACH_oligo_1"",""policy"":""symmetric_confidence"",""release"":""2025_DRACH"",""threshold"":""0.95""}}",T1_equal_class_Brier,FROZEN_LOCAL_RESULT_ONLY,PASS,DRACH_oligo_1,0.95,provider construct-condition label,read-site,ML midpoint p=(m+0.5)/256; explicit O,38816,3535,558,38623,38411,32443
T1_equal_class_Brier:DRACH_oligo_1:0.99:Brier_equal_class,T1_equal_class_Brier,"Existing Brier_equal_class at symmetric midpoint threshold 0.99, DRACH_oligo_1",REUSED_PRIOR_RESULT,2025_DRACH; all saved explicit O; symmetric midpoint selection,Brier_equal_class,0.08443420672452788,0.084,NOT_APPLICABLE_DESCRIPTIVE; ML interval sensitivity is reported separately,NONE; no significance test or independent-replication claim,run_001/results/FILTER_CURVES.tsv,RMT-METHODS-TARGETED-001 frozen run_001,441bdb5accc32aa4dfb2f2d0f5bbed97a03ea28896000e4ed6dee49a944c4411,45,"{""field"":""Brier_equal_class"",""where"":{""construct"":""DRACH_oligo_1"",""policy"":""symmetric_confidence"",""release"":""2025_DRACH"",""threshold"":""0.99""}}",T1_equal_class_Brier,FROZEN_LOCAL_RESULT_ONLY,PASS,DRACH_oligo_1,0.99,provider construct-condition label,read-site,ML midpoint p=(m+0.5)/256; explicit O,38816,3535,194,38623,38411,28432
T1_equal_class_Brier:DRACH_oligo_2:0.5:Brier_equal_class,T1_equal_class_Brier,"Existing Brier_equal_class at symmetric midpoint threshold 0.5, DRACH_oligo_2",REUSED_PRIOR_RESULT,2025_DRACH; all saved explicit O; symmetric midpoint selection,Brier_equal_class,0.07933199666837987,0.079,NOT_APPLICABLE_DESCRIPTIVE; ML interval sensitivity is reported separately,NONE; no significance test or independent-replication claim,run_001/results/FILTER_CURVES.tsv,RMT-METHODS-TARGETED-001 frozen run_001,441bdb5accc32aa4dfb2f2d0f5bbed97a03ea28896000e4ed6dee49a944c4411,10,"{""field"":""Brier_equal_class"",""where"":{""construct"":""DRACH_oligo_2"",""policy"":""symmetric_confidence"",""release"":""2025_DRACH"",""threshold"":""0.5""}}",T1_equal_class_Brier,FROZEN_LOCAL_RESULT_ONLY,PASS,DRACH_oligo_2,0.5,provider construct-condition label,read-site,ML midpoint p=(m+0.5)/256; explicit O,39238,6944,6944,38495,38253,38253
T1_equal_class_Brier:DRACH_oligo_2:0.6:Brier_equal_class,T1_equal_class_Brier,"Existing Brier_equal_class at symmetric midpoint threshold 0.6, DRACH_oligo_2",REUSED_PRIOR_RESULT,2025_DRACH; all saved explicit O; symmetric midpoint selection,Brier_equal_class,0.06826171927661141,0.068,NOT_APPLICABLE_DESCRIPTIVE; ML interval sensitivity is reported separately,NONE; no significance test or independent-replication claim,run_001/results/FILTER_CURVES.tsv,RMT-METHODS-TARGETED-001 frozen run_001,441bdb5accc32aa4dfb2f2d0f5bbed97a03ea28896000e4ed6dee49a944c4411,16,"{""field"":""Brier_equal_class"",""where"":{""construct"":""DRACH_oligo_2"",""policy"":""symmetric_confidence"",""release"":""2025_DRACH"",""threshold"":""0.6""}}",T1_equal_class_Brier,FROZEN_LOCAL_RESULT_ONLY,PASS,DRACH_oligo_2,0.6,provider construct-condition label,read-site,ML midpoint p=(m+0.5)/256; explicit O,39238,6944,6207,38495,38253,36997
T1_equal_class_Brier:DRACH_oligo_2:0.7:Brier_equal_class,T1_equal_class_Brier,"Existing Brier_equal_class at symmetric midpoint threshold 0.7, DRACH_oligo_2",REUSED_PRIOR_RESULT,2025_DRACH; all saved explicit O; symmetric midpoint selection,Brier_equal_class,0.05706953607948512,0.057,NOT_APPLICABLE_DESCRIPTIVE; ML interval sensitivity is reported separately,NONE; no significance test or independent-replication claim,run_001/results/FILTER_CURVES.tsv,RMT-METHODS-TARGETED-001 frozen run_001,441bdb5accc32aa4dfb2f2d0f5bbed97a03ea28896000e4ed6dee49a944c4411,22,"{""field"":""Brier_equal_class"",""where"":{""construct"":""DRACH_oligo_2"",""policy"":""symmetric_confidence"",""release"":""2025_DRACH"",""threshold"":""0.7""}}",T1_equal_class_Brier,FROZEN_LOCAL_RESULT_ONLY,PASS,DRACH_oligo_2,0.7,provider construct-condition label,read-site,ML midpoint p=(m+0.5)/256; explicit O,39238,6944,5431,38495,38253,35679
T1_equal_class_Brier:DRACH_oligo_2:0.8:Brier_equal_class,T1_equal_class_Brier,"Existing Brier_equal_class at symmetric midpoint threshold 0.8, DRACH_oligo_2",REUSED_PRIOR_RESULT,2025_DRACH; all saved explicit O; symmetric midpoint selection,Brier_equal_class,0.04626203676761711,0.046,NOT_APPLICABLE_DESCRIPTIVE; ML interval sensitivity is reported separately,NONE; no significance test or independent-replication claim,run_001/results/FILTER_CURVES.tsv,RMT-METHODS-TARGETED-001 frozen run_001,441bdb5accc32aa4dfb2f2d0f5bbed97a03ea28896000e4ed6dee49a944c4411,28,"{""field"":""Brier_equal_class"",""where"":{""construct"":""DRACH_oligo_2"",""policy"":""symmetric_confidence"",""release"":""2025_DRACH"",""threshold"":""0.8""}}",T1_equal_class_Brier,FROZEN_LOCAL_RESULT_ONLY,PASS,DRACH_oligo_2,0.8,provider construct-condition label,read-site,ML midpoint p=(m+0.5)/256; explicit O,39238,6944,4423,38495,38253,34227
T1_equal_class_Brier:DRACH_oligo_2:0.9:Brier_equal_class,T1_equal_class_Brier,"Existing Brier_equal_class at symmetric midpoint threshold 0.9, DRACH_oligo_2",REUSED_PRIOR_RESULT,2025_DRACH; all saved explicit O; symmetric midpoint selection,Brier_equal_class,0.0381171958785354,0.038,NOT_APPLICABLE_DESCRIPTIVE; ML interval sensitivity is reported separately,NONE; no significance test or independent-replication claim,run_001/results/FILTER_CURVES.tsv,RMT-METHODS-TARGETED-001 frozen run_001,441bdb5accc32aa4dfb2f2d0f5bbed97a03ea28896000e4ed6dee49a944c4411,34,"{""field"":""Brier_equal_class"",""where"":{""construct"":""DRACH_oligo_2"",""policy"":""symmetric_confidence"",""release"":""2025_DRACH"",""threshold"":""0.9""}}",T1_equal_class_Brier,FROZEN_LOCAL_RESULT_ONLY,PASS,DRACH_oligo_2,0.9,provider construct-condition label,read-site,ML midpoint p=(m+0.5)/256; explicit O,39238,6944,2787,38495,38253,32150
T1_equal_class_Brier:DRACH_oligo_2:0.95:Brier_equal_class,T1_equal_class_Brier,"Existing Brier_equal_class at symmetric midpoint threshold 0.95, DRACH_oligo_2",REUSED_PRIOR_RESULT,2025_DRACH; all saved explicit O; symmetric midpoint selection,Brier_equal_class,0.06684431882265711,0.067,NOT_APPLICABLE_DESCRIPTIVE; ML interval sensitivity is reported separately,NONE; no significance test or independent-replication claim,run_001/results/FILTER_CURVES.tsv,RMT-METHODS-TARGETED-001 frozen run_001,441bdb5accc32aa4dfb2f2d0f5bbed97a03ea28896000e4ed6dee49a944c4411,40,"{""field"":""Brier_equal_class"",""where"":{""construct"":""DRACH_oligo_2"",""policy"":""symmetric_confidence"",""release"":""2025_DRACH"",""threshold"":""0.95""}}",T1_equal_class_Brier,FROZEN_LOCAL_RESULT_ONLY,PASS,DRACH_oligo_2,0.95,provider construct-condition label,read-site,ML midpoint p=(m+0.5)/256; explicit O,39238,6944,876,38495,38253,30002
T1_equal_class_Brier:DRACH_oligo_2:0.99:Brier_equal_class,T1_equal_class_Brier,"Existing Brier_equal_class at symmetric midpoint threshold 0.99, DRACH_oligo_2",REUSED_PRIOR_RESULT,2025_DRACH; all saved explicit O; symmetric midpoint selection,Brier_equal_class,0.0977413609467156,0.098,NOT_APPLICABLE_DESCRIPTIVE; ML interval sensitivity is reported separately,NONE; no significance test or independent-replication claim,run_001/results/FILTER_CURVES.tsv,RMT-METHODS-TARGETED-001 frozen run_001,441bdb5accc32aa4dfb2f2d0f5bbed97a03ea28896000e4ed6dee49a944c4411,46,"{""field"":""Brier_equal_class"",""where"":{""construct"":""DRACH_oligo_2"",""policy"":""symmetric_confidence"",""release"":""2025_DRACH"",""threshold"":""0.99""}}",T1_equal_class_Brier,FROZEN_LOCAL_RESULT_ONLY,PASS,DRACH_oligo_2,0.99,provider construct-condition label,read-site,ML midpoint p=(m+0.5)/256; explicit O,39238,6944,254,38495,38253,24692
T1_equal_class_Brier:DRACH_oligo_3:0.5:Brier_equal_class,T1_equal_class_Brier,"Existing Brier_equal_class at symmetric midpoint threshold 0.5, DRACH_oligo_3",REUSED_PRIOR_RESULT,2025_DRACH; all saved explicit O; symmetric midpoint selection,Brier_equal_class,0.08566106236224635,0.086,NOT_APPLICABLE_DESCRIPTIVE; ML interval sensitivity is reported separately,NONE; no significance test or independent-replication claim,run_001/results/FILTER_CURVES.tsv,RMT-METHODS-TARGETED-001 frozen run_001,441bdb5accc32aa4dfb2f2d0f5bbed97a03ea28896000e4ed6dee49a944c4411,11,"{""field"":""Brier_equal_class"",""where"":{""construct"":""DRACH_oligo_3"",""policy"":""symmetric_confidence"",""release"":""2025_DRACH"",""threshold"":""0.5""}}",T1_equal_class_Brier,FROZEN_LOCAL_RESULT_ONLY,PASS,DRACH_oligo_3,0.5,provider construct-condition label,read-site,ML midpoint p=(m+0.5)/256; explicit O,39295,3732,3732,38668,38487,38487
T1_equal_class_Brier:DRACH_oligo_3:0.6:Brier_equal_class,T1_equal_class_Brier,"Existing Brier_equal_class at symmetric midpoint threshold 0.6, DRACH_oligo_3",REUSED_PRIOR_RESULT,2025_DRACH; all saved explicit O; symmetric midpoint selection,Brier_equal_class,0.07931762093340677,0.079,NOT_APPLICABLE_DESCRIPTIVE; ML interval sensitivity is reported separately,NONE; no significance test or independent-replication claim,run_001/results/FILTER_CURVES.tsv,RMT-METHODS-TARGETED-001 frozen run_001,441bdb5accc32aa4dfb2f2d0f5bbed97a03ea28896000e4ed6dee49a944c4411,17,"{""field"":""Brier_equal_class"",""where"":{""construct"":""DRACH_oligo_3"",""policy"":""symmetric_confidence"",""release"":""2025_DRACH"",""threshold"":""0.6""}}",T1_equal_class_Brier,FROZEN_LOCAL_RESULT_ONLY,PASS,DRACH_oligo_3,0.6,provider construct-condition label,read-site,ML midpoint p=(m+0.5)/256; explicit O,39295,3732,3390,38668,38487,37921
T1_equal_class_Brier:DRACH_oligo_3:0.7:Brier_equal_class,T1_equal_class_Brier,"Existing Brier_equal_class at symmetric midpoint threshold 0.7, DRACH_oligo_3",REUSED_PRIOR_RESULT,2025_DRACH; all saved explicit O; symmetric midpoint selection,Brier_equal_class,0.07333053680448325,0.073,NOT_APPLICABLE_DESCRIPTIVE; ML interval sensitivity is reported separately,NONE; no significance test or independent-replication claim,run_001/results/FILTER_CURVES.tsv,RMT-METHODS-TARGETED-001 frozen run_001,441bdb5accc32aa4dfb2f2d0f5bbed97a03ea28896000e4ed6dee49a944c4411,23,"{""field"":""Brier_equal_class"",""where"":{""construct"":""DRACH_oligo_3"",""policy"":""symmetric_confidence"",""release"":""2025_DRACH"",""threshold"":""0.7""}}",T1_equal_class_Brier,FROZEN_LOCAL_RESULT_ONLY,PASS,DRACH_oligo_3,0.7,provider construct-condition label,read-site,ML midpoint p=(m+0.5)/256; explicit O,39295,3732,2941,38668,38487,37300
T1_equal_class_Brier:DRACH_oligo_3:0.8:Brier_equal_class,T1_equal_class_Brier,"Existing Brier_equal_class at symmetric midpoint threshold 0.8, DRACH_oligo_3",REUSED_PRIOR_RESULT,2025_DRACH; all saved explicit O; symmetric midpoint selection,Brier_equal_class,0.06982525901831664,0.070,NOT_APPLICABLE_DESCRIPTIVE; ML interval sensitivity is reported separately,NONE; no significance test or independent-replication claim,run_001/results/FILTER_CURVES.tsv,RMT-METHODS-TARGETED-001 frozen run_001,441bdb5accc32aa4dfb2f2d0f5bbed97a03ea28896000e4ed6dee49a944c4411,29,"{""field"":""Brier_equal_class"",""where"":{""construct"":""DRACH_oligo_3"",""policy"":""symmetric_confidence"",""release"":""2025_DRACH"",""threshold"":""0.8""}}",T1_equal_class_Brier,FROZEN_LOCAL_RESULT_ONLY,PASS,DRACH_oligo_3,0.8,provider construct-condition label,read-site,ML midpoint p=(m+0.5)/256; explicit O,39295,3732,2274,38668,38487,36460
T1_equal_class_Brier:DRACH_oligo_3:0.9:Brier_equal_class,T1_equal_class_Brier,"Existing Brier_equal_class at symmetric midpoint threshold 0.9, DRACH_oligo_3",REUSED_PRIOR_RESULT,2025_DRACH; all saved explicit O; symmetric midpoint selection,Brier_equal_class,0.08389633192070847,0.084,NOT_APPLICABLE_DESCRIPTIVE; ML interval sensitivity is reported separately,NONE; no significance test or independent-replication claim,run_001/results/FILTER_CURVES.tsv,RMT-METHODS-TARGETED-001 frozen run_001,441bdb5accc32aa4dfb2f2d0f5bbed97a03ea28896000e4ed6dee49a944c4411,35,"{""field"":""Brier_equal_class"",""where"":{""construct"":""DRACH_oligo_3"",""policy"":""symmetric_confidence"",""release"":""2025_DRACH"",""threshold"":""0.9""}}",T1_equal_class_Brier,FROZEN_LOCAL_RESULT_ONLY,PASS,DRACH_oligo_3,0.9,provider construct-condition label,read-site,ML midpoint p=(m+0.5)/256; explicit O,39295,3732,1374,38668,38487,35451
T1_equal_class_Brier:DRACH_oligo_3:0.95:Brier_equal_class,T1_equal_class_Brier,"Existing Brier_equal_class at symmetric midpoint threshold 0.95, DRACH_oligo_3",REUSED_PRIOR_RESULT,2025_DRACH; all saved explicit O; symmetric midpoint selection,Brier_equal_class,0.2300606953723338,0.230,NOT_APPLICABLE_DESCRIPTIVE; ML interval sensitivity is reported separately,NONE; no significance test or independent-replication claim,run_001/results/FILTER_CURVES.tsv,RMT-METHODS-TARGETED-001 frozen run_001,441bdb5accc32aa4dfb2f2d0f5bbed97a03ea28896000e4ed6dee49a944c4411,41,"{""field"":""Brier_equal_class"",""where"":{""construct"":""DRACH_oligo_3"",""policy"":""symmetric_confidence"",""release"":""2025_DRACH"",""threshold"":""0.95""}}",T1_equal_class_Brier,FROZEN_LOCAL_RESULT_ONLY,PASS,DRACH_oligo_3,0.95,provider construct-condition label,read-site,ML midpoint p=(m+0.5)/256; explicit O,39295,3732,394,38668,38487,34543
T1_equal_class_Brier:DRACH_oligo_3:0.99:Brier_equal_class,T1_equal_class_Brier,"Existing Brier_equal_class at symmetric midpoint threshold 0.99, DRACH_oligo_3",REUSED_PRIOR_RESULT,2025_DRACH; all saved explicit O; symmetric midpoint selection,Brier_equal_class,0.38136687029324584,0.381,NOT_APPLICABLE_DESCRIPTIVE; ML interval sensitivity is reported separately,NONE; no significance test or independent-replication claim,run_001/results/FILTER_CURVES.tsv,RMT-METHODS-TARGETED-001 frozen run_001,441bdb5accc32aa4dfb2f2d0f5bbed97a03ea28896000e4ed6dee49a944c4411,47,"{""field"":""Brier_equal_class"",""where"":{""construct"":""DRACH_oligo_3"",""policy"":""symmetric_confidence"",""release"":""2025_DRACH"",""threshold"":""0.99""}}",T1_equal_class_Brier,FROZEN_LOCAL_RESULT_ONLY,PASS,DRACH_oligo_3,0.99,provider construct-condition label,read-site,ML midpoint p=(m+0.5)/256; explicit O,39295,3732,163,38668,38487,32079
T1_equal_class_Brier:DRACH_oligo_4:0.5:Brier_equal_class,T1_equal_class_Brier,"Existing Brier_equal_class at symmetric midpoint threshold 0.5, DRACH_oligo_4",REUSED_PRIOR_RESULT,2025_DRACH; all saved explicit O; symmetric midpoint selection,Brier_equal_class,0.06649231081665674,0.066,NOT_APPLICABLE_DESCRIPTIVE; ML interval sensitivity is reported separately,NONE; no significance test or independent-replication claim,run_001/results/FILTER_CURVES.tsv,RMT-METHODS-TARGETED-001 frozen run_001,441bdb5accc32aa4dfb2f2d0f5bbed97a03ea28896000e4ed6dee49a944c4411,12,"{""field"":""Brier_equal_class"",""where"":{""construct"":""DRACH_oligo_4"",""policy"":""symmetric_confidence"",""release"":""2025_DRACH"",""threshold"":""0.5""}}",T1_equal_class_Brier,FROZEN_LOCAL_RESULT_ONLY,PASS,DRACH_oligo_4,0.5,provider construct-condition label,read-site,ML midpoint p=(m+0.5)/256; explicit O,39107,3011,3011,38664,38495,38495
T1_equal_class_Brier:DRACH_oligo_4:0.6:Brier_equal_class,T1_equal_class_Brier,"Existing Brier_equal_class at symmetric midpoint threshold 0.6, DRACH_oligo_4",REUSED_PRIOR_RESULT,2025_DRACH; all saved explicit O; symmetric midpoint selection,Brier_equal_class,0.05651250984079348,0.057,NOT_APPLICABLE_DESCRIPTIVE; ML interval sensitivity is reported separately,NONE; no significance test or independent-replication claim,run_001/results/FILTER_CURVES.tsv,RMT-METHODS-TARGETED-001 frozen run_001,441bdb5accc32aa4dfb2f2d0f5bbed97a03ea28896000e4ed6dee49a944c4411,18,"{""field"":""Brier_equal_class"",""where"":{""construct"":""DRACH_oligo_4"",""policy"":""symmetric_confidence"",""release"":""2025_DRACH"",""threshold"":""0.6""}}",T1_equal_class_Brier,FROZEN_LOCAL_RESULT_ONLY,PASS,DRACH_oligo_4,0.6,provider construct-condition label,read-site,ML midpoint p=(m+0.5)/256; explicit O,39107,3011,2667,38664,38495,37888
T1_equal_class_Brier:DRACH_oligo_4:0.7:Brier_equal_class,T1_equal_class_Brier,"Existing Brier_equal_class at symmetric midpoint threshold 0.7, DRACH_oligo_4",REUSED_PRIOR_RESULT,2025_DRACH; all saved explicit O; symmetric midpoint selection,Brier_equal_class,0.04595453387163445,0.046,NOT_APPLICABLE_DESCRIPTIVE; ML interval sensitivity is reported separately,NONE; no significance test or independent-replication claim,run_001/results/FILTER_CURVES.tsv,RMT-METHODS-TARGETED-001 frozen run_001,441bdb5accc32aa4dfb2f2d0f5bbed97a03ea28896000e4ed6dee49a944c4411,24,"{""field"":""Brier_equal_class"",""where"":{""construct"":""DRACH_oligo_4"",""policy"":""symmetric_confidence"",""release"":""2025_DRACH"",""threshold"":""0.7""}}",T1_equal_class_Brier,FROZEN_LOCAL_RESULT_ONLY,PASS,DRACH_oligo_4,0.7,provider construct-condition label,read-site,ML midpoint p=(m+0.5)/256; explicit O,39107,3011,2282,38664,38495,37182
T1_equal_class_Brier:DRACH_oligo_4:0.8:Brier_equal_class,T1_equal_class_Brier,"Existing Brier_equal_class at symmetric midpoint threshold 0.8, DRACH_oligo_4",REUSED_PRIOR_RESULT,2025_DRACH; all saved explicit O; symmetric midpoint selection,Brier_equal_class,0.03813721191804936,0.038,NOT_APPLICABLE_DESCRIPTIVE; ML interval sensitivity is reported separately,NONE; no significance test or independent-replication claim,run_001/results/FILTER_CURVES.tsv,RMT-METHODS-TARGETED-001 frozen run_001,441bdb5accc32aa4dfb2f2d0f5bbed97a03ea28896000e4ed6dee49a944c4411,30,"{""field"":""Brier_equal_class"",""where"":{""construct"":""DRACH_oligo_4"",""policy"":""symmetric_confidence"",""release"":""2025_DRACH"",""threshold"":""0.8""}}",T1_equal_class_Brier,FROZEN_LOCAL_RESULT_ONLY,PASS,DRACH_oligo_4,0.8,provider construct-condition label,read-site,ML midpoint p=(m+0.5)/256; explicit O,39107,3011,1810,38664,38495,36444
T1_equal_class_Brier:DRACH_oligo_4:0.9:Brier_equal_class,T1_equal_class_Brier,"Existing Brier_equal_class at symmetric midpoint threshold 0.9, DRACH_oligo_4",REUSED_PRIOR_RESULT,2025_DRACH; all saved explicit O; symmetric midpoint selection,Brier_equal_class,0.02975856806789544,0.030,NOT_APPLICABLE_DESCRIPTIVE; ML interval sensitivity is reported separately,NONE; no significance test or independent-replication claim,run_001/results/FILTER_CURVES.tsv,RMT-METHODS-TARGETED-001 frozen run_001,441bdb5accc32aa4dfb2f2d0f5bbed97a03ea28896000e4ed6dee49a944c4411,36,"{""field"":""Brier_equal_class"",""where"":{""construct"":""DRACH_oligo_4"",""policy"":""symmetric_confidence"",""release"":""2025_DRACH"",""threshold"":""0.9""}}",T1_equal_class_Brier,FROZEN_LOCAL_RESULT_ONLY,PASS,DRACH_oligo_4,0.9,provider construct-condition label,read-site,ML midpoint p=(m+0.5)/256; explicit O,39107,3011,1074,38664,38495,35435
T1_equal_class_Brier:DRACH_oligo_4:0.95:Brier_equal_class,T1_equal_class_Brier,"Existing Brier_equal_class at symmetric midpoint threshold 0.95, DRACH_oligo_4",REUSED_PRIOR_RESULT,2025_DRACH; all saved explicit O; symmetric midpoint selection,Brier_equal_class,0.044406351583562584,0.044,NOT_APPLICABLE_DESCRIPTIVE; ML interval sensitivity is reported separately,NONE; no significance test or independent-replication claim,run_001/results/FILTER_CURVES.tsv,RMT-METHODS-TARGETED-001 frozen run_001,441bdb5accc32aa4dfb2f2d0f5bbed97a03ea28896000e4ed6dee49a944c4411,42,"{""field"":""Brier_equal_class"",""where"":{""construct"":""DRACH_oligo_4"",""policy"":""symmetric_confidence"",""release"":""2025_DRACH"",""threshold"":""0.95""}}",T1_equal_class_Brier,FROZEN_LOCAL_RESULT_ONLY,PASS,DRACH_oligo_4,0.95,provider construct-condition label,read-site,ML midpoint p=(m+0.5)/256; explicit O,39107,3011,399,38664,38495,34482
T1_equal_class_Brier:DRACH_oligo_4:0.99:Brier_equal_class,T1_equal_class_Brier,"Existing Brier_equal_class at symmetric midpoint threshold 0.99, DRACH_oligo_4",REUSED_PRIOR_RESULT,2025_DRACH; all saved explicit O; symmetric midpoint selection,Brier_equal_class,0.07026647227994935,0.070,NOT_APPLICABLE_DESCRIPTIVE; ML interval sensitivity is reported separately,NONE; no significance test or independent-replication claim,run_001/results/FILTER_CURVES.tsv,RMT-METHODS-TARGETED-001 frozen run_001,441bdb5accc32aa4dfb2f2d0f5bbed97a03ea28896000e4ed6dee49a944c4411,48,"{""field"":""Brier_equal_class"",""where"":{""construct"":""DRACH_oligo_4"",""policy"":""symmetric_confidence"",""release"":""2025_DRACH"",""threshold"":""0.99""}}",T1_equal_class_Brier,FROZEN_LOCAL_RESULT_ONLY,PASS,DRACH_oligo_4,0.99,provider construct-condition label,read-site,ML midpoint p=(m+0.5)/256; explicit O,39107,3011,99,38664,38495,32062
T2_retained_control:DRACH_oligo_0:0.5:S_class_0,T2_retained_control,"Existing S_class_0 at symmetric midpoint threshold 0.5, DRACH_oligo_0",REUSED_PRIOR_RESULT,2025_DRACH; all saved explicit O; symmetric midpoint selection,S_class_0,3655,"3,655",NOT_APPLICABLE_DESCRIPTIVE; ML interval sensitivity is reported separately,NONE; no significance test or independent-replication claim,run_001/results/FILTER_CURVES.tsv,RMT-METHODS-TARGETED-001 frozen run_001,441bdb5accc32aa4dfb2f2d0f5bbed97a03ea28896000e4ed6dee49a944c4411,8,"{""field"":""S_class_0"",""where"":{""construct"":""DRACH_oligo_0"",""policy"":""symmetric_confidence"",""release"":""2025_DRACH"",""threshold"":""0.5""}}",T2_retained_control,FROZEN_LOCAL_RESULT_ONLY,PASS,DRACH_oligo_0,0.5,provider construct-condition label,read-site,ML midpoint p=(m+0.5)/256; explicit O,39081,3655,3655,39140,38849,38849
T2_retained_control:DRACH_oligo_0:0.6:S_class_0,T2_retained_control,"Existing S_class_0 at symmetric midpoint threshold 0.6, DRACH_oligo_0",REUSED_PRIOR_RESULT,2025_DRACH; all saved explicit O; symmetric midpoint selection,S_class_0,3302,"3,302",NOT_APPLICABLE_DESCRIPTIVE; ML interval sensitivity is reported separately,NONE; no significance test or independent-replication claim,run_001/results/FILTER_CURVES.tsv,RMT-METHODS-TARGETED-001 frozen run_001,441bdb5accc32aa4dfb2f2d0f5bbed97a03ea28896000e4ed6dee49a944c4411,14,"{""field"":""S_class_0"",""where"":{""construct"":""DRACH_oligo_0"",""policy"":""symmetric_confidence"",""release"":""2025_DRACH"",""threshold"":""0.6""}}",T2_retained_control,FROZEN_LOCAL_RESULT_ONLY,PASS,DRACH_oligo_0,0.6,provider construct-condition label,read-site,ML midpoint p=(m+0.5)/256; explicit O,39081,3655,3302,39140,38849,37807
T2_retained_control:DRACH_oligo_0:0.7:S_class_0,T2_retained_control,"Existing S_class_0 at symmetric midpoint threshold 0.7, DRACH_oligo_0",REUSED_PRIOR_RESULT,2025_DRACH; all saved explicit O; symmetric midpoint selection,S_class_0,2861,"2,861",NOT_APPLICABLE_DESCRIPTIVE; ML interval sensitivity is reported separately,NONE; no significance test or independent-replication claim,run_001/results/FILTER_CURVES.tsv,RMT-METHODS-TARGETED-001 frozen run_001,441bdb5accc32aa4dfb2f2d0f5bbed97a03ea28896000e4ed6dee49a944c4411,20,"{""field"":""S_class_0"",""where"":{""construct"":""DRACH_oligo_0"",""policy"":""symmetric_confidence"",""release"":""2025_DRACH"",""threshold"":""0.7""}}",T2_retained_control,FROZEN_LOCAL_RESULT_ONLY,PASS,DRACH_oligo_0,0.7,provider construct-condition label,read-site,ML midpoint p=(m+0.5)/256; explicit O,39081,3655,2861,39140,38849,36698
T2_retained_control:DRACH_oligo_0:0.8:S_class_0,T2_retained_control,"Existing S_class_0 at symmetric midpoint threshold 0.8, DRACH_oligo_0",REUSED_PRIOR_RESULT,2025_DRACH; all saved explicit O; symmetric midpoint selection,S_class_0,2311,"2,311",NOT_APPLICABLE_DESCRIPTIVE; ML interval sensitivity is reported separately,NONE; no significance test or independent-replication claim,run_001/results/FILTER_CURVES.tsv,RMT-METHODS-TARGETED-001 frozen run_001,441bdb5accc32aa4dfb2f2d0f5bbed97a03ea28896000e4ed6dee49a944c4411,26,"{""field"":""S_class_0"",""where"":{""construct"":""DRACH_oligo_0"",""policy"":""symmetric_confidence"",""release"":""2025_DRACH"",""threshold"":""0.8""}}",T2_retained_control,FROZEN_LOCAL_RESULT_ONLY,PASS,DRACH_oligo_0,0.8,provider construct-condition label,read-site,ML midpoint p=(m+0.5)/256; explicit O,39081,3655,2311,39140,38849,35358
T2_retained_control:DRACH_oligo_0:0.9:S_class_0,T2_retained_control,"Existing S_class_0 at symmetric midpoint threshold 0.9, DRACH_oligo_0",REUSED_PRIOR_RESULT,2025_DRACH; all saved explicit O; symmetric midpoint selection,S_class_0,1435,"1,435",NOT_APPLICABLE_DESCRIPTIVE; ML interval sensitivity is reported separately,NONE; no significance test or independent-replication claim,run_001/results/FILTER_CURVES.tsv,RMT-METHODS-TARGETED-001 frozen run_001,441bdb5accc32aa4dfb2f2d0f5bbed97a03ea28896000e4ed6dee49a944c4411,32,"{""field"":""S_class_0"",""where"":{""construct"":""DRACH_oligo_0"",""policy"":""symmetric_confidence"",""release"":""2025_DRACH"",""threshold"":""0.9""}}",T2_retained_control,FROZEN_LOCAL_RESULT_ONLY,PASS,DRACH_oligo_0,0.9,provider construct-condition label,read-site,ML midpoint p=(m+0.5)/256; explicit O,39081,3655,1435,39140,38849,33446
T2_retained_control:DRACH_oligo_0:0.95:S_class_0,T2_retained_control,"Existing S_class_0 at symmetric midpoint threshold 0.95, DRACH_oligo_0",REUSED_PRIOR_RESULT,2025_DRACH; all saved explicit O; symmetric midpoint selection,S_class_0,514,514,NOT_APPLICABLE_DESCRIPTIVE; ML interval sensitivity is reported separately,NONE; no significance test or independent-replication claim,run_001/results/FILTER_CURVES.tsv,RMT-METHODS-TARGETED-001 frozen run_001,441bdb5accc32aa4dfb2f2d0f5bbed97a03ea28896000e4ed6dee49a944c4411,38,"{""field"":""S_class_0"",""where"":{""construct"":""DRACH_oligo_0"",""policy"":""symmetric_confidence"",""release"":""2025_DRACH"",""threshold"":""0.95""}}",T2_retained_control,FROZEN_LOCAL_RESULT_ONLY,PASS,DRACH_oligo_0,0.95,provider construct-condition label,read-site,ML midpoint p=(m+0.5)/256; explicit O,39081,3655,514,39140,38849,31496
T2_retained_control:DRACH_oligo_0:0.99:S_class_0,T2_retained_control,"Existing S_class_0 at symmetric midpoint threshold 0.99, DRACH_oligo_0",REUSED_PRIOR_RESULT,2025_DRACH; all saved explicit O; symmetric midpoint selection,S_class_0,171,171,NOT_APPLICABLE_DESCRIPTIVE; ML interval sensitivity is reported separately,NONE; no significance test or independent-replication claim,run_001/results/FILTER_CURVES.tsv,RMT-METHODS-TARGETED-001 frozen run_001,441bdb5accc32aa4dfb2f2d0f5bbed97a03ea28896000e4ed6dee49a944c4411,44,"{""field"":""S_class_0"",""where"":{""construct"":""DRACH_oligo_0"",""policy"":""symmetric_confidence"",""release"":""2025_DRACH"",""threshold"":""0.99""}}",T2_retained_control,FROZEN_LOCAL_RESULT_ONLY,PASS,DRACH_oligo_0,0.99,provider construct-condition label,read-site,ML midpoint p=(m+0.5)/256; explicit O,39081,3655,171,39140,38849,26818
T2_retained_control:DRACH_oligo_1:0.5:S_class_0,T2_retained_control,"Existing S_class_0 at symmetric midpoint threshold 0.5, DRACH_oligo_1",REUSED_PRIOR_RESULT,2025_DRACH; all saved explicit O; symmetric midpoint selection,S_class_0,3535,"3,535",NOT_APPLICABLE_DESCRIPTIVE; ML interval sensitivity is reported separately,NONE; no significance test or independent-replication claim,run_001/results/FILTER_CURVES.tsv,RMT-METHODS-TARGETED-001 frozen run_001,441bdb5accc32aa4dfb2f2d0f5bbed97a03ea28896000e4ed6dee49a944c4411,9,"{""field"":""S_class_0"",""where"":{""construct"":""DRACH_oligo_1"",""policy"":""symmetric_confidence"",""release"":""2025_DRACH"",""threshold"":""0.5""}}",T2_retained_control,FROZEN_LOCAL_RESULT_ONLY,PASS,DRACH_oligo_1,0.5,provider construct-condition label,read-site,ML midpoint p=(m+0.5)/256; explicit O,38816,3535,3535,38623,38411,38411
T2_retained_control:DRACH_oligo_1:0.6:S_class_0,T2_retained_control,"Existing S_class_0 at symmetric midpoint threshold 0.6, DRACH_oligo_1",REUSED_PRIOR_RESULT,2025_DRACH; all saved explicit O; symmetric midpoint selection,S_class_0,3205,"3,205",NOT_APPLICABLE_DESCRIPTIVE; ML interval sensitivity is reported separately,NONE; no significance test or independent-replication claim,run_001/results/FILTER_CURVES.tsv,RMT-METHODS-TARGETED-001 frozen run_001,441bdb5accc32aa4dfb2f2d0f5bbed97a03ea28896000e4ed6dee49a944c4411,15,"{""field"":""S_class_0"",""where"":{""construct"":""DRACH_oligo_1"",""policy"":""symmetric_confidence"",""release"":""2025_DRACH"",""threshold"":""0.6""}}",T2_retained_control,FROZEN_LOCAL_RESULT_ONLY,PASS,DRACH_oligo_1,0.6,provider construct-condition label,read-site,ML midpoint p=(m+0.5)/256; explicit O,38816,3535,3205,38623,38411,37573
T2_retained_control:DRACH_oligo_1:0.7:S_class_0,T2_retained_control,"Existing S_class_0 at symmetric midpoint threshold 0.7, DRACH_oligo_1",REUSED_PRIOR_RESULT,2025_DRACH; all saved explicit O; symmetric midpoint selection,S_class_0,2844,"2,844",NOT_APPLICABLE_DESCRIPTIVE; ML interval sensitivity is reported separately,NONE; no significance test or independent-replication claim,run_001/results/FILTER_CURVES.tsv,RMT-METHODS-TARGETED-001 frozen run_001,441bdb5accc32aa4dfb2f2d0f5bbed97a03ea28896000e4ed6dee49a944c4411,21,"{""field"":""S_class_0"",""where"":{""construct"":""DRACH_oligo_1"",""policy"":""symmetric_confidence"",""release"":""2025_DRACH"",""threshold"":""0.7""}}",T2_retained_control,FROZEN_LOCAL_RESULT_ONLY,PASS,DRACH_oligo_1,0.7,provider construct-condition label,read-site,ML midpoint p=(m+0.5)/256; explicit O,38816,3535,2844,38623,38411,36773
T2_retained_control:DRACH_oligo_1:0.8:S_class_0,T2_retained_control,"Existing S_class_0 at symmetric midpoint threshold 0.8, DRACH_oligo_1",REUSED_PRIOR_RESULT,2025_DRACH; all saved explicit O; symmetric midpoint selection,S_class_0,2286,"2,286",NOT_APPLICABLE_DESCRIPTIVE; ML interval sensitivity is reported separately,NONE; no significance test or independent-replication claim,run_001/results/FILTER_CURVES.tsv,RMT-METHODS-TARGETED-001 frozen run_001,441bdb5accc32aa4dfb2f2d0f5bbed97a03ea28896000e4ed6dee49a944c4411,27,"{""field"":""S_class_0"",""where"":{""construct"":""DRACH_oligo_1"",""policy"":""symmetric_confidence"",""release"":""2025_DRACH"",""threshold"":""0.8""}}",T2_retained_control,FROZEN_LOCAL_RESULT_ONLY,PASS,DRACH_oligo_1,0.8,provider construct-condition label,read-site,ML midpoint p=(m+0.5)/256; explicit O,38816,3535,2286,38623,38411,35638
T2_retained_control:DRACH_oligo_1:0.9:S_class_0,T2_retained_control,"Existing S_class_0 at symmetric midpoint threshold 0.9, DRACH_oligo_1",REUSED_PRIOR_RESULT,2025_DRACH; all saved explicit O; symmetric midpoint selection,S_class_0,1494,"1,494",NOT_APPLICABLE_DESCRIPTIVE; ML interval sensitivity is reported separately,NONE; no significance test or independent-replication claim,run_001/results/FILTER_CURVES.tsv,RMT-METHODS-TARGETED-001 frozen run_001,441bdb5accc32aa4dfb2f2d0f5bbed97a03ea28896000e4ed6dee49a944c4411,33,"{""field"":""S_class_0"",""where"":{""construct"":""DRACH_oligo_1"",""policy"":""symmetric_confidence"",""release"":""2025_DRACH"",""threshold"":""0.9""}}",T2_retained_control,FROZEN_LOCAL_RESULT_ONLY,PASS,DRACH_oligo_1,0.9,provider construct-condition label,read-site,ML midpoint p=(m+0.5)/256; explicit O,38816,3535,1494,38623,38411,34057
T2_retained_control:DRACH_oligo_1:0.95:S_class_0,T2_retained_control,"Existing S_class_0 at symmetric midpoint threshold 0.95, DRACH_oligo_1",REUSED_PRIOR_RESULT,2025_DRACH; all saved explicit O; symmetric midpoint selection,S_class_0,558,558,NOT_APPLICABLE_DESCRIPTIVE; ML interval sensitivity is reported separately,NONE; no significance test or independent-replication claim,run_001/results/FILTER_CURVES.tsv,RMT-METHODS-TARGETED-001 frozen run_001,441bdb5accc32aa4dfb2f2d0f5bbed97a03ea28896000e4ed6dee49a944c4411,39,"{""field"":""S_class_0"",""where"":{""construct"":""DRACH_oligo_1"",""policy"":""symmetric_confidence"",""release"":""2025_DRACH"",""threshold"":""0.95""}}",T2_retained_control,FROZEN_LOCAL_RESULT_ONLY,PASS,DRACH_oligo_1,0.95,provider construct-condition label,read-site,ML midpoint p=(m+0.5)/256; explicit O,38816,3535,558,38623,38411,32443
T2_retained_control:DRACH_oligo_1:0.99:S_class_0,T2_retained_control,"Existing S_class_0 at symmetric midpoint threshold 0.99, DRACH_oligo_1",REUSED_PRIOR_RESULT,2025_DRACH; all saved explicit O; symmetric midpoint selection,S_class_0,194,194,NOT_APPLICABLE_DESCRIPTIVE; ML interval sensitivity is reported separately,NONE; no significance test or independent-replication claim,run_001/results/FILTER_CURVES.tsv,RMT-METHODS-TARGETED-001 frozen run_001,441bdb5accc32aa4dfb2f2d0f5bbed97a03ea28896000e4ed6dee49a944c4411,45,"{""field"":""S_class_0"",""where"":{""construct"":""DRACH_oligo_1"",""policy"":""symmetric_confidence"",""release"":""2025_DRACH"",""threshold"":""0.99""}}",T2_retained_control,FROZEN_LOCAL_RESULT_ONLY,PASS,DRACH_oligo_1,0.99,provider construct-condition label,read-site,ML midpoint p=(m+0.5)/256; explicit O,38816,3535,194,38623,38411,28432
T2_retained_control:DRACH_oligo_2:0.5:S_class_0,T2_retained_control,"Existing S_class_0 at symmetric midpoint threshold 0.5, DRACH_oligo_2",REUSED_PRIOR_RESULT,2025_DRACH; all saved explicit O; symmetric midpoint selection,S_class_0,6944,"6,944",NOT_APPLICABLE_DESCRIPTIVE; ML interval sensitivity is reported separately,NONE; no significance test or independent-replication claim,run_001/results/FILTER_CURVES.tsv,RMT-METHODS-TARGETED-001 frozen run_001,441bdb5accc32aa4dfb2f2d0f5bbed97a03ea28896000e4ed6dee49a944c4411,10,"{""field"":""S_class_0"",""where"":{""construct"":""DRACH_oligo_2"",""policy"":""symmetric_confidence"",""release"":""2025_DRACH"",""threshold"":""0.5""}}",T2_retained_control,FROZEN_LOCAL_RESULT_ONLY,PASS,DRACH_oligo_2,0.5,provider construct-condition label,read-site,ML midpoint p=(m+0.5)/256; explicit O,39238,6944,6944,38495,38253,38253
T2_retained_control:DRACH_oligo_2:0.6:S_class_0,T2_retained_control,"Existing S_class_0 at symmetric midpoint threshold 0.6, DRACH_oligo_2",REUSED_PRIOR_RESULT,2025_DRACH; all saved explicit O; symmetric midpoint selection,S_class_0,6207,"6,207",NOT_APPLICABLE_DESCRIPTIVE; ML interval sensitivity is reported separately,NONE; no significance test or independent-replication claim,run_001/results/FILTER_CURVES.tsv,RMT-METHODS-TARGETED-001 frozen run_001,441bdb5accc32aa4dfb2f2d0f5bbed97a03ea28896000e4ed6dee49a944c4411,16,"{""field"":""S_class_0"",""where"":{""construct"":""DRACH_oligo_2"",""policy"":""symmetric_confidence"",""release"":""2025_DRACH"",""threshold"":""0.6""}}",T2_retained_control,FROZEN_LOCAL_RESULT_ONLY,PASS,DRACH_oligo_2,0.6,provider construct-condition label,read-site,ML midpoint p=(m+0.5)/256; explicit O,39238,6944,6207,38495,38253,36997
T2_retained_control:DRACH_oligo_2:0.7:S_class_0,T2_retained_control,"Existing S_class_0 at symmetric midpoint threshold 0.7, DRACH_oligo_2",REUSED_PRIOR_RESULT,2025_DRACH; all saved explicit O; symmetric midpoint selection,S_class_0,5431,"5,431",NOT_APPLICABLE_DESCRIPTIVE; ML interval sensitivity is reported separately,NONE; no significance test or independent-replication claim,run_001/results/FILTER_CURVES.tsv,RMT-METHODS-TARGETED-001 frozen run_001,441bdb5accc32aa4dfb2f2d0f5bbed97a03ea28896000e4ed6dee49a944c4411,22,"{""field"":""S_class_0"",""where"":{""construct"":""DRACH_oligo_2"",""policy"":""symmetric_confidence"",""release"":""2025_DRACH"",""threshold"":""0.7""}}",T2_retained_control,FROZEN_LOCAL_RESULT_ONLY,PASS,DRACH_oligo_2,0.7,provider construct-condition label,read-site,ML midpoint p=(m+0.5)/256; explicit O,39238,6944,5431,38495,38253,35679
T2_retained_control:DRACH_oligo_2:0.8:S_class_0,T2_retained_control,"Existing S_class_0 at symmetric midpoint threshold 0.8, DRACH_oligo_2",REUSED_PRIOR_RESULT,2025_DRACH; all saved explicit O; symmetric midpoint selection,S_class_0,4423,"4,423",NOT_APPLICABLE_DESCRIPTIVE; ML interval sensitivity is reported separately,NONE; no significance test or independent-replication claim,run_001/results/FILTER_CURVES.tsv,RMT-METHODS-TARGETED-001 frozen run_001,441bdb5accc32aa4dfb2f2d0f5bbed97a03ea28896000e4ed6dee49a944c4411,28,"{""field"":""S_class_0"",""where"":{""construct"":""DRACH_oligo_2"",""policy"":""symmetric_confidence"",""release"":""2025_DRACH"",""threshold"":""0.8""}}",T2_retained_control,FROZEN_LOCAL_RESULT_ONLY,PASS,DRACH_oligo_2,0.8,provider construct-condition label,read-site,ML midpoint p=(m+0.5)/256; explicit O,39238,6944,4423,38495,38253,34227
T2_retained_control:DRACH_oligo_2:0.9:S_class_0,T2_retained_control,"Existing S_class_0 at symmetric midpoint threshold 0.9, DRACH_oligo_2",REUSED_PRIOR_RESULT,2025_DRACH; all saved explicit O; symmetric midpoint selection,S_class_0,2787,"2,787",NOT_APPLICABLE_DESCRIPTIVE; ML interval sensitivity is reported separately,NONE; no significance test or independent-replication claim,run_001/results/FILTER_CURVES.tsv,RMT-METHODS-TARGETED-001 frozen run_001,441bdb5accc32aa4dfb2f2d0f5bbed97a03ea28896000e4ed6dee49a944c4411,34,"{""field"":""S_class_0"",""where"":{""construct"":""DRACH_oligo_2"",""policy"":""symmetric_confidence"",""release"":""2025_DRACH"",""threshold"":""0.9""}}",T2_retained_control,FROZEN_LOCAL_RESULT_ONLY,PASS,DRACH_oligo_2,0.9,provider construct-condition label,read-site,ML midpoint p=(m+0.5)/256; explicit O,39238,6944,2787,38495,38253,32150
T2_retained_control:DRACH_oligo_2:0.95:S_class_0,T2_retained_control,"Existing S_class_0 at symmetric midpoint threshold 0.95, DRACH_oligo_2",REUSED_PRIOR_RESULT,2025_DRACH; all saved explicit O; symmetric midpoint selection,S_class_0,876,876,NOT_APPLICABLE_DESCRIPTIVE; ML interval sensitivity is reported separately,NONE; no significance test or independent-replication claim,run_001/results/FILTER_CURVES.tsv,RMT-METHODS-TARGETED-001 frozen run_001,441bdb5accc32aa4dfb2f2d0f5bbed97a03ea28896000e4ed6dee49a944c4411,40,"{""field"":""S_class_0"",""where"":{""construct"":""DRACH_oligo_2"",""policy"":""symmetric_confidence"",""release"":""2025_DRACH"",""threshold"":""0.95""}}",T2_retained_control,FROZEN_LOCAL_RESULT_ONLY,PASS,DRACH_oligo_2,0.95,provider construct-condition label,read-site,ML midpoint p=(m+0.5)/256; explicit O,39238,6944,876,38495,38253,30002
T2_retained_control:DRACH_oligo_2:0.99:S_class_0,T2_retained_control,"Existing S_class_0 at symmetric midpoint threshold 0.99, DRACH_oligo_2",REUSED_PRIOR_RESULT,2025_DRACH; all saved explicit O; symmetric midpoint selection,S_class_0,254,254,NOT_APPLICABLE_DESCRIPTIVE; ML interval sensitivity is reported separately,NONE; no significance test or independent-replication claim,run_001/results/FILTER_CURVES.tsv,RMT-METHODS-TARGETED-001 frozen run_001,441bdb5accc32aa4dfb2f2d0f5bbed97a03ea28896000e4ed6dee49a944c4411,46,"{""field"":""S_class_0"",""where"":{""construct"":""DRACH_oligo_2"",""policy"":""symmetric_confidence"",""release"":""2025_DRACH"",""threshold"":""0.99""}}",T2_retained_control,FROZEN_LOCAL_RESULT_ONLY,PASS,DRACH_oligo_2,0.99,provider construct-condition label,read-site,ML midpoint p=(m+0.5)/256; explicit O,39238,6944,254,38495,38253,24692
T2_retained_control:DRACH_oligo_3:0.5:S_class_0,T2_retained_control,"Existing S_class_0 at symmetric midpoint threshold 0.5, DRACH_oligo_3",REUSED_PRIOR_RESULT,2025_DRACH; all saved explicit O; symmetric midpoint selection,S_class_0,3732,"3,732",NOT_APPLICABLE_DESCRIPTIVE; ML interval sensitivity is reported separately,NONE; no significance test or independent-replication claim,run_001/results/FILTER_CURVES.tsv,RMT-METHODS-TARGETED-001 frozen run_001,441bdb5accc32aa4dfb2f2d0f5bbed97a03ea28896000e4ed6dee49a944c4411,11,"{""field"":""S_class_0"",""where"":{""construct"":""DRACH_oligo_3"",""policy"":""symmetric_confidence"",""release"":""2025_DRACH"",""threshold"":""0.5""}}",T2_retained_control,FROZEN_LOCAL_RESULT_ONLY,PASS,DRACH_oligo_3,0.5,provider construct-condition label,read-site,ML midpoint p=(m+0.5)/256; explicit O,39295,3732,3732,38668,38487,38487
T2_retained_control:DRACH_oligo_3:0.6:S_class_0,T2_retained_control,"Existing S_class_0 at symmetric midpoint threshold 0.6, DRACH_oligo_3",REUSED_PRIOR_RESULT,2025_DRACH; all saved explicit O; symmetric midpoint selection,S_class_0,3390,"3,390",NOT_APPLICABLE_DESCRIPTIVE; ML interval sensitivity is reported separately,NONE; no significance test or independent-replication claim,run_001/results/FILTER_CURVES.tsv,RMT-METHODS-TARGETED-001 frozen run_001,441bdb5accc32aa4dfb2f2d0f5bbed97a03ea28896000e4ed6dee49a944c4411,17,"{""field"":""S_class_0"",""where"":{""construct"":""DRACH_oligo_3"",""policy"":""symmetric_confidence"",""release"":""2025_DRACH"",""threshold"":""0.6""}}",T2_retained_control,FROZEN_LOCAL_RESULT_ONLY,PASS,DRACH_oligo_3,0.6,provider construct-condition label,read-site,ML midpoint p=(m+0.5)/256; explicit O,39295,3732,3390,38668,38487,37921
T2_retained_control:DRACH_oligo_3:0.7:S_class_0,T2_retained_control,"Existing S_class_0 at symmetric midpoint threshold 0.7, DRACH_oligo_3",REUSED_PRIOR_RESULT,2025_DRACH; all saved explicit O; symmetric midpoint selection,S_class_0,2941,"2,941",NOT_APPLICABLE_DESCRIPTIVE; ML interval sensitivity is reported separately,NONE; no significance test or independent-replication claim,run_001/results/FILTER_CURVES.tsv,RMT-METHODS-TARGETED-001 frozen run_001,441bdb5accc32aa4dfb2f2d0f5bbed97a03ea28896000e4ed6dee49a944c4411,23,"{""field"":""S_class_0"",""where"":{""construct"":""DRACH_oligo_3"",""policy"":""symmetric_confidence"",""release"":""2025_DRACH"",""threshold"":""0.7""}}",T2_retained_control,FROZEN_LOCAL_RESULT_ONLY,PASS,DRACH_oligo_3,0.7,provider construct-condition label,read-site,ML midpoint p=(m+0.5)/256; explicit O,39295,3732,2941,38668,38487,37300
T2_retained_control:DRACH_oligo_3:0.8:S_class_0,T2_retained_control,"Existing S_class_0 at symmetric midpoint threshold 0.8, DRACH_oligo_3",REUSED_PRIOR_RESULT,2025_DRACH; all saved explicit O; symmetric midpoint selection,S_class_0,2274,"2,274",NOT_APPLICABLE_DESCRIPTIVE; ML interval sensitivity is reported separately,NONE; no significance test or independent-replication claim,run_001/results/FILTER_CURVES.tsv,RMT-METHODS-TARGETED-001 frozen run_001,441bdb5accc32aa4dfb2f2d0f5bbed97a03ea28896000e4ed6dee49a944c4411,29,"{""field"":""S_class_0"",""where"":{""construct"":""DRACH_oligo_3"",""policy"":""symmetric_confidence"",""release"":""2025_DRACH"",""threshold"":""0.8""}}",T2_retained_control,FROZEN_LOCAL_RESULT_ONLY,PASS,DRACH_oligo_3,0.8,provider construct-condition label,read-site,ML midpoint p=(m+0.5)/256; explicit O,39295,3732,2274,38668,38487,36460
T2_retained_control:DRACH_oligo_3:0.9:S_class_0,T2_retained_control,"Existing S_class_0 at symmetric midpoint threshold 0.9, DRACH_oligo_3",REUSED_PRIOR_RESULT,2025_DRACH; all saved explicit O; symmetric midpoint selection,S_class_0,1374,"1,374",NOT_APPLICABLE_DESCRIPTIVE; ML interval sensitivity is reported separately,NONE; no significance test or independent-replication claim,run_001/results/FILTER_CURVES.tsv,RMT-METHODS-TARGETED-001 frozen run_001,441bdb5accc32aa4dfb2f2d0f5bbed97a03ea28896000e4ed6dee49a944c4411,35,"{""field"":""S_class_0"",""where"":{""construct"":""DRACH_oligo_3"",""policy"":""symmetric_confidence"",""release"":""2025_DRACH"",""threshold"":""0.9""}}",T2_retained_control,FROZEN_LOCAL_RESULT_ONLY,PASS,DRACH_oligo_3,0.9,provider construct-condition label,read-site,ML midpoint p=(m+0.5)/256; explicit O,39295,3732,1374,38668,38487,35451
T2_retained_control:DRACH_oligo_3:0.95:S_class_0,T2_retained_control,"Existing S_class_0 at symmetric midpoint threshold 0.95, DRACH_oligo_3",REUSED_PRIOR_RESULT,2025_DRACH; all saved explicit O; symmetric midpoint selection,S_class_0,394,394,NOT_APPLICABLE_DESCRIPTIVE; ML interval sensitivity is reported separately,NONE; no significance test or independent-replication claim,run_001/results/FILTER_CURVES.tsv,RMT-METHODS-TARGETED-001 frozen run_001,441bdb5accc32aa4dfb2f2d0f5bbed97a03ea28896000e4ed6dee49a944c4411,41,"{""field"":""S_class_0"",""where"":{""construct"":""DRACH_oligo_3"",""policy"":""symmetric_confidence"",""release"":""2025_DRACH"",""threshold"":""0.95""}}",T2_retained_control,FROZEN_LOCAL_RESULT_ONLY,PASS,DRACH_oligo_3,0.95,provider construct-condition label,read-site,ML midpoint p=(m+0.5)/256; explicit O,39295,3732,394,38668,38487,34543
T2_retained_control:DRACH_oligo_3:0.99:S_class_0,T2_retained_control,"Existing S_class_0 at symmetric midpoint threshold 0.99, DRACH_oligo_3",REUSED_PRIOR_RESULT,2025_DRACH; all saved explicit O; symmetric midpoint selection,S_class_0,163,163,NOT_APPLICABLE_DESCRIPTIVE; ML interval sensitivity is reported separately,NONE; no significance test or independent-replication claim,run_001/results/FILTER_CURVES.tsv,RMT-METHODS-TARGETED-001 frozen run_001,441bdb5accc32aa4dfb2f2d0f5bbed97a03ea28896000e4ed6dee49a944c4411,47,"{""field"":""S_class_0"",""where"":{""construct"":""DRACH_oligo_3"",""policy"":""symmetric_confidence"",""release"":""2025_DRACH"",""threshold"":""0.99""}}",T2_retained_control,FROZEN_LOCAL_RESULT_ONLY,PASS,DRACH_oligo_3,0.99,provider construct-condition label,read-site,ML midpoint p=(m+0.5)/256; explicit O,39295,3732,163,38668,38487,32079
T2_retained_control:DRACH_oligo_4:0.5:S_class_0,T2_retained_control,"Existing S_class_0 at symmetric midpoint threshold 0.5, DRACH_oligo_4",REUSED_PRIOR_RESULT,2025_DRACH; all saved explicit O; symmetric midpoint selection,S_class_0,3011,"3,011",NOT_APPLICABLE_DESCRIPTIVE; ML interval sensitivity is reported separately,NONE; no significance test or independent-replication claim,run_001/results/FILTER_CURVES.tsv,RMT-METHODS-TARGETED-001 frozen run_001,441bdb5accc32aa4dfb2f2d0f5bbed97a03ea28896000e4ed6dee49a944c4411,12,"{""field"":""S_class_0"",""where"":{""construct"":""DRACH_oligo_4"",""policy"":""symmetric_confidence"",""release"":""2025_DRACH"",""threshold"":""0.5""}}",T2_retained_control,FROZEN_LOCAL_RESULT_ONLY,PASS,DRACH_oligo_4,0.5,provider construct-condition label,read-site,ML midpoint p=(m+0.5)/256; explicit O,39107,3011,3011,38664,38495,38495
T2_retained_control:DRACH_oligo_4:0.6:S_class_0,T2_retained_control,"Existing S_class_0 at symmetric midpoint threshold 0.6, DRACH_oligo_4",REUSED_PRIOR_RESULT,2025_DRACH; all saved explicit O; symmetric midpoint selection,S_class_0,2667,"2,667",NOT_APPLICABLE_DESCRIPTIVE; ML interval sensitivity is reported separately,NONE; no significance test or independent-replication claim,run_001/results/FILTER_CURVES.tsv,RMT-METHODS-TARGETED-001 frozen run_001,441bdb5accc32aa4dfb2f2d0f5bbed97a03ea28896000e4ed6dee49a944c4411,18,"{""field"":""S_class_0"",""where"":{""construct"":""DRACH_oligo_4"",""policy"":""symmetric_confidence"",""release"":""2025_DRACH"",""threshold"":""0.6""}}",T2_retained_control,FROZEN_LOCAL_RESULT_ONLY,PASS,DRACH_oligo_4,0.6,provider construct-condition label,read-site,ML midpoint p=(m+0.5)/256; explicit O,39107,3011,2667,38664,38495,37888
T2_retained_control:DRACH_oligo_4:0.7:S_class_0,T2_retained_control,"Existing S_class_0 at symmetric midpoint threshold 0.7, DRACH_oligo_4",REUSED_PRIOR_RESULT,2025_DRACH; all saved explicit O; symmetric midpoint selection,S_class_0,2282,"2,282",NOT_APPLICABLE_DESCRIPTIVE; ML interval sensitivity is reported separately,NONE; no significance test or independent-replication claim,run_001/results/FILTER_CURVES.tsv,RMT-METHODS-TARGETED-001 frozen run_001,441bdb5accc32aa4dfb2f2d0f5bbed97a03ea28896000e4ed6dee49a944c4411,24,"{""field"":""S_class_0"",""where"":{""construct"":""DRACH_oligo_4"",""policy"":""symmetric_confidence"",""release"":""2025_DRACH"",""threshold"":""0.7""}}",T2_retained_control,FROZEN_LOCAL_RESULT_ONLY,PASS,DRACH_oligo_4,0.7,provider construct-condition label,read-site,ML midpoint p=(m+0.5)/256; explicit O,39107,3011,2282,38664,38495,37182
T2_retained_control:DRACH_oligo_4:0.8:S_class_0,T2_retained_control,"Existing S_class_0 at symmetric midpoint threshold 0.8, DRACH_oligo_4",REUSED_PRIOR_RESULT,2025_DRACH; all saved explicit O; symmetric midpoint selection,S_class_0,1810,"1,810",NOT_APPLICABLE_DESCRIPTIVE; ML interval sensitivity is reported separately,NONE; no significance test or independent-replication claim,run_001/results/FILTER_CURVES.tsv,RMT-METHODS-TARGETED-001 frozen run_001,441bdb5accc32aa4dfb2f2d0f5bbed97a03ea28896000e4ed6dee49a944c4411,30,"{""field"":""S_class_0"",""where"":{""construct"":""DRACH_oligo_4"",""policy"":""symmetric_confidence"",""release"":""2025_DRACH"",""threshold"":""0.8""}}",T2_retained_control,FROZEN_LOCAL_RESULT_ONLY,PASS,DRACH_oligo_4,0.8,provider construct-condition label,read-site,ML midpoint p=(m+0.5)/256; explicit O,39107,3011,1810,38664,38495,36444
T2_retained_control:DRACH_oligo_4:0.9:S_class_0,T2_retained_control,"Existing S_class_0 at symmetric midpoint threshold 0.9, DRACH_oligo_4",REUSED_PRIOR_RESULT,2025_DRACH; all saved explicit O; symmetric midpoint selection,S_class_0,1074,"1,074",NOT_APPLICABLE_DESCRIPTIVE; ML interval sensitivity is reported separately,NONE; no significance test or independent-replication claim,run_001/results/FILTER_CURVES.tsv,RMT-METHODS-TARGETED-001 frozen run_001,441bdb5accc32aa4dfb2f2d0f5bbed97a03ea28896000e4ed6dee49a944c4411,36,"{""field"":""S_class_0"",""where"":{""construct"":""DRACH_oligo_4"",""policy"":""symmetric_confidence"",""release"":""2025_DRACH"",""threshold"":""0.9""}}",T2_retained_control,FROZEN_LOCAL_RESULT_ONLY,PASS,DRACH_oligo_4,0.9,provider construct-condition label,read-site,ML midpoint p=(m+0.5)/256; explicit O,39107,3011,1074,38664,38495,35435
T2_retained_control:DRACH_oligo_4:0.95:S_class_0,T2_retained_control,"Existing S_class_0 at symmetric midpoint threshold 0.95, DRACH_oligo_4",REUSED_PRIOR_RESULT,2025_DRACH; all saved explicit O; symmetric midpoint selection,S_class_0,399,399,NOT_APPLICABLE_DESCRIPTIVE; ML interval sensitivity is reported separately,NONE; no significance test or independent-replication claim,run_001/results/FILTER_CURVES.tsv,RMT-METHODS-TARGETED-001 frozen run_001,441bdb5accc32aa4dfb2f2d0f5bbed97a03ea28896000e4ed6dee49a944c4411,42,"{""field"":""S_class_0"",""where"":{""construct"":""DRACH_oligo_4"",""policy"":""symmetric_confidence"",""release"":""2025_DRACH"",""threshold"":""0.95""}}",T2_retained_control,FROZEN_LOCAL_RESULT_ONLY,PASS,DRACH_oligo_4,0.95,provider construct-condition label,read-site,ML midpoint p=(m+0.5)/256; explicit O,39107,3011,399,38664,38495,34482
T2_retained_control:DRACH_oligo_4:0.99:S_class_0,T2_retained_control,"Existing S_class_0 at symmetric midpoint threshold 0.99, DRACH_oligo_4",REUSED_PRIOR_RESULT,2025_DRACH; all saved explicit O; symmetric midpoint selection,S_class_0,99,99,NOT_APPLICABLE_DESCRIPTIVE; ML interval sensitivity is reported separately,NONE; no significance test or independent-replication claim,run_001/results/FILTER_CURVES.tsv,RMT-METHODS-TARGETED-001 frozen run_001,441bdb5accc32aa4dfb2f2d0f5bbed97a03ea28896000e4ed6dee49a944c4411,48,"{""field"":""S_class_0"",""where"":{""construct"":""DRACH_oligo_4"",""policy"":""symmetric_confidence"",""release"":""2025_DRACH"",""threshold"":""0.99""}}",T2_retained_control,FROZEN_LOCAL_RESULT_ONLY,PASS,DRACH_oligo_4,0.99,provider construct-condition label,read-site,ML midpoint p=(m+0.5)/256; explicit O,39107,3011,99,38664,38495,32062
T3_retained_modified:DRACH_oligo_0:0.5:S_class_1,T3_retained_modified,"Existing S_class_1 at symmetric midpoint threshold 0.5, DRACH_oligo_0",REUSED_PRIOR_RESULT,2025_DRACH; all saved explicit O; symmetric midpoint selection,S_class_1,38849,"38,849",NOT_APPLICABLE_DESCRIPTIVE; ML interval sensitivity is reported separately,NONE; no significance test or independent-replication claim,run_001/results/FILTER_CURVES.tsv,RMT-METHODS-TARGETED-001 frozen run_001,441bdb5accc32aa4dfb2f2d0f5bbed97a03ea28896000e4ed6dee49a944c4411,8,"{""field"":""S_class_1"",""where"":{""construct"":""DRACH_oligo_0"",""policy"":""symmetric_confidence"",""release"":""2025_DRACH"",""threshold"":""0.5""}}",T3_retained_modified,FROZEN_LOCAL_RESULT_ONLY,PASS,DRACH_oligo_0,0.5,provider construct-condition label,read-site,ML midpoint p=(m+0.5)/256; explicit O,39081,3655,3655,39140,38849,38849
T3_retained_modified:DRACH_oligo_0:0.6:S_class_1,T3_retained_modified,"Existing S_class_1 at symmetric midpoint threshold 0.6, DRACH_oligo_0",REUSED_PRIOR_RESULT,2025_DRACH; all saved explicit O; symmetric midpoint selection,S_class_1,37807,"37,807",NOT_APPLICABLE_DESCRIPTIVE; ML interval sensitivity is reported separately,NONE; no significance test or independent-replication claim,run_001/results/FILTER_CURVES.tsv,RMT-METHODS-TARGETED-001 frozen run_001,441bdb5accc32aa4dfb2f2d0f5bbed97a03ea28896000e4ed6dee49a944c4411,14,"{""field"":""S_class_1"",""where"":{""construct"":""DRACH_oligo_0"",""policy"":""symmetric_confidence"",""release"":""2025_DRACH"",""threshold"":""0.6""}}",T3_retained_modified,FROZEN_LOCAL_RESULT_ONLY,PASS,DRACH_oligo_0,0.6,provider construct-condition label,read-site,ML midpoint p=(m+0.5)/256; explicit O,39081,3655,3302,39140,38849,37807
T3_retained_modified:DRACH_oligo_0:0.7:S_class_1,T3_retained_modified,"Existing S_class_1 at symmetric midpoint threshold 0.7, DRACH_oligo_0",REUSED_PRIOR_RESULT,2025_DRACH; all saved explicit O; symmetric midpoint selection,S_class_1,36698,"36,698",NOT_APPLICABLE_DESCRIPTIVE; ML interval sensitivity is reported separately,NONE; no significance test or independent-replication claim,run_001/results/FILTER_CURVES.tsv,RMT-METHODS-TARGETED-001 frozen run_001,441bdb5accc32aa4dfb2f2d0f5bbed97a03ea28896000e4ed6dee49a944c4411,20,"{""field"":""S_class_1"",""where"":{""construct"":""DRACH_oligo_0"",""policy"":""symmetric_confidence"",""release"":""2025_DRACH"",""threshold"":""0.7""}}",T3_retained_modified,FROZEN_LOCAL_RESULT_ONLY,PASS,DRACH_oligo_0,0.7,provider construct-condition label,read-site,ML midpoint p=(m+0.5)/256; explicit O,39081,3655,2861,39140,38849,36698
T3_retained_modified:DRACH_oligo_0:0.8:S_class_1,T3_retained_modified,"Existing S_class_1 at symmetric midpoint threshold 0.8, DRACH_oligo_0",REUSED_PRIOR_RESULT,2025_DRACH; all saved explicit O; symmetric midpoint selection,S_class_1,35358,"35,358",NOT_APPLICABLE_DESCRIPTIVE; ML interval sensitivity is reported separately,NONE; no significance test or independent-replication claim,run_001/results/FILTER_CURVES.tsv,RMT-METHODS-TARGETED-001 frozen run_001,441bdb5accc32aa4dfb2f2d0f5bbed97a03ea28896000e4ed6dee49a944c4411,26,"{""field"":""S_class_1"",""where"":{""construct"":""DRACH_oligo_0"",""policy"":""symmetric_confidence"",""release"":""2025_DRACH"",""threshold"":""0.8""}}",T3_retained_modified,FROZEN_LOCAL_RESULT_ONLY,PASS,DRACH_oligo_0,0.8,provider construct-condition label,read-site,ML midpoint p=(m+0.5)/256; explicit O,39081,3655,2311,39140,38849,35358
T3_retained_modified:DRACH_oligo_0:0.9:S_class_1,T3_retained_modified,"Existing S_class_1 at symmetric midpoint threshold 0.9, DRACH_oligo_0",REUSED_PRIOR_RESULT,2025_DRACH; all saved explicit O; symmetric midpoint selection,S_class_1,33446,"33,446",NOT_APPLICABLE_DESCRIPTIVE; ML interval sensitivity is reported separately,NONE; no significance test or independent-replication claim,run_001/results/FILTER_CURVES.tsv,RMT-METHODS-TARGETED-001 frozen run_001,441bdb5accc32aa4dfb2f2d0f5bbed97a03ea28896000e4ed6dee49a944c4411,32,"{""field"":""S_class_1"",""where"":{""construct"":""DRACH_oligo_0"",""policy"":""symmetric_confidence"",""release"":""2025_DRACH"",""threshold"":""0.9""}}",T3_retained_modified,FROZEN_LOCAL_RESULT_ONLY,PASS,DRACH_oligo_0,0.9,provider construct-condition label,read-site,ML midpoint p=(m+0.5)/256; explicit O,39081,3655,1435,39140,38849,33446
T3_retained_modified:DRACH_oligo_0:0.95:S_class_1,T3_retained_modified,"Existing S_class_1 at symmetric midpoint threshold 0.95, DRACH_oligo_0",REUSED_PRIOR_RESULT,2025_DRACH; all saved explicit O; symmetric midpoint selection,S_class_1,31496,"31,496",NOT_APPLICABLE_DESCRIPTIVE; ML interval sensitivity is reported separately,NONE; no significance test or independent-replication claim,run_001/results/FILTER_CURVES.tsv,RMT-METHODS-TARGETED-001 frozen run_001,441bdb5accc32aa4dfb2f2d0f5bbed97a03ea28896000e4ed6dee49a944c4411,38,"{""field"":""S_class_1"",""where"":{""construct"":""DRACH_oligo_0"",""policy"":""symmetric_confidence"",""release"":""2025_DRACH"",""threshold"":""0.95""}}",T3_retained_modified,FROZEN_LOCAL_RESULT_ONLY,PASS,DRACH_oligo_0,0.95,provider construct-condition label,read-site,ML midpoint p=(m+0.5)/256; explicit O,39081,3655,514,39140,38849,31496
T3_retained_modified:DRACH_oligo_0:0.99:S_class_1,T3_retained_modified,"Existing S_class_1 at symmetric midpoint threshold 0.99, DRACH_oligo_0",REUSED_PRIOR_RESULT,2025_DRACH; all saved explicit O; symmetric midpoint selection,S_class_1,26818,"26,818",NOT_APPLICABLE_DESCRIPTIVE; ML interval sensitivity is reported separately,NONE; no significance test or independent-replication claim,run_001/results/FILTER_CURVES.tsv,RMT-METHODS-TARGETED-001 frozen run_001,441bdb5accc32aa4dfb2f2d0f5bbed97a03ea28896000e4ed6dee49a944c4411,44,"{""field"":""S_class_1"",""where"":{""construct"":""DRACH_oligo_0"",""policy"":""symmetric_confidence"",""release"":""2025_DRACH"",""threshold"":""0.99""}}",T3_retained_modified,FROZEN_LOCAL_RESULT_ONLY,PASS,DRACH_oligo_0,0.99,provider construct-condition label,read-site,ML midpoint p=(m+0.5)/256; explicit O,39081,3655,171,39140,38849,26818
T3_retained_modified:DRACH_oligo_1:0.5:S_class_1,T3_retained_modified,"Existing S_class_1 at symmetric midpoint threshold 0.5, DRACH_oligo_1",REUSED_PRIOR_RESULT,2025_DRACH; all saved explicit O; symmetric midpoint selection,S_class_1,38411,"38,411",NOT_APPLICABLE_DESCRIPTIVE; ML interval sensitivity is reported separately,NONE; no significance test or independent-replication claim,run_001/results/FILTER_CURVES.tsv,RMT-METHODS-TARGETED-001 frozen run_001,441bdb5accc32aa4dfb2f2d0f5bbed97a03ea28896000e4ed6dee49a944c4411,9,"{""field"":""S_class_1"",""where"":{""construct"":""DRACH_oligo_1"",""policy"":""symmetric_confidence"",""release"":""2025_DRACH"",""threshold"":""0.5""}}",T3_retained_modified,FROZEN_LOCAL_RESULT_ONLY,PASS,DRACH_oligo_1,0.5,provider construct-condition label,read-site,ML midpoint p=(m+0.5)/256; explicit O,38816,3535,3535,38623,38411,38411
T3_retained_modified:DRACH_oligo_1:0.6:S_class_1,T3_retained_modified,"Existing S_class_1 at symmetric midpoint threshold 0.6, DRACH_oligo_1",REUSED_PRIOR_RESULT,2025_DRACH; all saved explicit O; symmetric midpoint selection,S_class_1,37573,"37,573",NOT_APPLICABLE_DESCRIPTIVE; ML interval sensitivity is reported separately,NONE; no significance test or independent-replication claim,run_001/results/FILTER_CURVES.tsv,RMT-METHODS-TARGETED-001 frozen run_001,441bdb5accc32aa4dfb2f2d0f5bbed97a03ea28896000e4ed6dee49a944c4411,15,"{""field"":""S_class_1"",""where"":{""construct"":""DRACH_oligo_1"",""policy"":""symmetric_confidence"",""release"":""2025_DRACH"",""threshold"":""0.6""}}",T3_retained_modified,FROZEN_LOCAL_RESULT_ONLY,PASS,DRACH_oligo_1,0.6,provider construct-condition label,read-site,ML midpoint p=(m+0.5)/256; explicit O,38816,3535,3205,38623,38411,37573
T3_retained_modified:DRACH_oligo_1:0.7:S_class_1,T3_retained_modified,"Existing S_class_1 at symmetric midpoint threshold 0.7, DRACH_oligo_1",REUSED_PRIOR_RESULT,2025_DRACH; all saved explicit O; symmetric midpoint selection,S_class_1,36773,"36,773",NOT_APPLICABLE_DESCRIPTIVE; ML interval sensitivity is reported separately,NONE; no significance test or independent-replication claim,run_001/results/FILTER_CURVES.tsv,RMT-METHODS-TARGETED-001 frozen run_001,441bdb5accc32aa4dfb2f2d0f5bbed97a03ea28896000e4ed6dee49a944c4411,21,"{""field"":""S_class_1"",""where"":{""construct"":""DRACH_oligo_1"",""policy"":""symmetric_confidence"",""release"":""2025_DRACH"",""threshold"":""0.7""}}",T3_retained_modified,FROZEN_LOCAL_RESULT_ONLY,PASS,DRACH_oligo_1,0.7,provider construct-condition label,read-site,ML midpoint p=(m+0.5)/256; explicit O,38816,3535,2844,38623,38411,36773
T3_retained_modified:DRACH_oligo_1:0.8:S_class_1,T3_retained_modified,"Existing S_class_1 at symmetric midpoint threshold 0.8, DRACH_oligo_1",REUSED_PRIOR_RESULT,2025_DRACH; all saved explicit O; symmetric midpoint selection,S_class_1,35638,"35,638",NOT_APPLICABLE_DESCRIPTIVE; ML interval sensitivity is reported separately,NONE; no significance test or independent-replication claim,run_001/results/FILTER_CURVES.tsv,RMT-METHODS-TARGETED-001 frozen run_001,441bdb5accc32aa4dfb2f2d0f5bbed97a03ea28896000e4ed6dee49a944c4411,27,"{""field"":""S_class_1"",""where"":{""construct"":""DRACH_oligo_1"",""policy"":""symmetric_confidence"",""release"":""2025_DRACH"",""threshold"":""0.8""}}",T3_retained_modified,FROZEN_LOCAL_RESULT_ONLY,PASS,DRACH_oligo_1,0.8,provider construct-condition label,read-site,ML midpoint p=(m+0.5)/256; explicit O,38816,3535,2286,38623,38411,35638
T3_retained_modified:DRACH_oligo_1:0.9:S_class_1,T3_retained_modified,"Existing S_class_1 at symmetric midpoint threshold 0.9, DRACH_oligo_1",REUSED_PRIOR_RESULT,2025_DRACH; all saved explicit O; symmetric midpoint selection,S_class_1,34057,"34,057",NOT_APPLICABLE_DESCRIPTIVE; ML interval sensitivity is reported separately,NONE; no significance test or independent-replication claim,run_001/results/FILTER_CURVES.tsv,RMT-METHODS-TARGETED-001 frozen run_001,441bdb5accc32aa4dfb2f2d0f5bbed97a03ea28896000e4ed6dee49a944c4411,33,"{""field"":""S_class_1"",""where"":{""construct"":""DRACH_oligo_1"",""policy"":""symmetric_confidence"",""release"":""2025_DRACH"",""threshold"":""0.9""}}",T3_retained_modified,FROZEN_LOCAL_RESULT_ONLY,PASS,DRACH_oligo_1,0.9,provider construct-condition label,read-site,ML midpoint p=(m+0.5)/256; explicit O,38816,3535,1494,38623,38411,34057
T3_retained_modified:DRACH_oligo_1:0.95:S_class_1,T3_retained_modified,"Existing S_class_1 at symmetric midpoint threshold 0.95, DRACH_oligo_1",REUSED_PRIOR_RESULT,2025_DRACH; all saved explicit O; symmetric midpoint selection,S_class_1,32443,"32,443",NOT_APPLICABLE_DESCRIPTIVE; ML interval sensitivity is reported separately,NONE; no significance test or independent-replication claim,run_001/results/FILTER_CURVES.tsv,RMT-METHODS-TARGETED-001 frozen run_001,441bdb5accc32aa4dfb2f2d0f5bbed97a03ea28896000e4ed6dee49a944c4411,39,"{""field"":""S_class_1"",""where"":{""construct"":""DRACH_oligo_1"",""policy"":""symmetric_confidence"",""release"":""2025_DRACH"",""threshold"":""0.95""}}",T3_retained_modified,FROZEN_LOCAL_RESULT_ONLY,PASS,DRACH_oligo_1,0.95,provider construct-condition label,read-site,ML midpoint p=(m+0.5)/256; explicit O,38816,3535,558,38623,38411,32443
T3_retained_modified:DRACH_oligo_1:0.99:S_class_1,T3_retained_modified,"Existing S_class_1 at symmetric midpoint threshold 0.99, DRACH_oligo_1",REUSED_PRIOR_RESULT,2025_DRACH; all saved explicit O; symmetric midpoint selection,S_class_1,28432,"28,432",NOT_APPLICABLE_DESCRIPTIVE; ML interval sensitivity is reported separately,NONE; no significance test or independent-replication claim,run_001/results/FILTER_CURVES.tsv,RMT-METHODS-TARGETED-001 frozen run_001,441bdb5accc32aa4dfb2f2d0f5bbed97a03ea28896000e4ed6dee49a944c4411,45,"{""field"":""S_class_1"",""where"":{""construct"":""DRACH_oligo_1"",""policy"":""symmetric_confidence"",""release"":""2025_DRACH"",""threshold"":""0.99""}}",T3_retained_modified,FROZEN_LOCAL_RESULT_ONLY,PASS,DRACH_oligo_1,0.99,provider construct-condition label,read-site,ML midpoint p=(m+0.5)/256; explicit O,38816,3535,194,38623,38411,28432
T3_retained_modified:DRACH_oligo_2:0.5:S_class_1,T3_retained_modified,"Existing S_class_1 at symmetric midpoint threshold 0.5, DRACH_oligo_2",REUSED_PRIOR_RESULT,2025_DRACH; all saved explicit O; symmetric midpoint selection,S_class_1,38253,"38,253",NOT_APPLICABLE_DESCRIPTIVE; ML interval sensitivity is reported separately,NONE; no significance test or independent-replication claim,run_001/results/FILTER_CURVES.tsv,RMT-METHODS-TARGETED-001 frozen run_001,441bdb5accc32aa4dfb2f2d0f5bbed97a03ea28896000e4ed6dee49a944c4411,10,"{""field"":""S_class_1"",""where"":{""construct"":""DRACH_oligo_2"",""policy"":""symmetric_confidence"",""release"":""2025_DRACH"",""threshold"":""0.5""}}",T3_retained_modified,FROZEN_LOCAL_RESULT_ONLY,PASS,DRACH_oligo_2,0.5,provider construct-condition label,read-site,ML midpoint p=(m+0.5)/256; explicit O,39238,6944,6944,38495,38253,38253
T3_retained_modified:DRACH_oligo_2:0.6:S_class_1,T3_retained_modified,"Existing S_class_1 at symmetric midpoint threshold 0.6, DRACH_oligo_2",REUSED_PRIOR_RESULT,2025_DRACH; all saved explicit O; symmetric midpoint selection,S_class_1,36997,"36,997",NOT_APPLICABLE_DESCRIPTIVE; ML interval sensitivity is reported separately,NONE; no significance test or independent-replication claim,run_001/results/FILTER_CURVES.tsv,RMT-METHODS-TARGETED-001 frozen run_001,441bdb5accc32aa4dfb2f2d0f5bbed97a03ea28896000e4ed6dee49a944c4411,16,"{""field"":""S_class_1"",""where"":{""construct"":""DRACH_oligo_2"",""policy"":""symmetric_confidence"",""release"":""2025_DRACH"",""threshold"":""0.6""}}",T3_retained_modified,FROZEN_LOCAL_RESULT_ONLY,PASS,DRACH_oligo_2,0.6,provider construct-condition label,read-site,ML midpoint p=(m+0.5)/256; explicit O,39238,6944,6207,38495,38253,36997
T3_retained_modified:DRACH_oligo_2:0.7:S_class_1,T3_retained_modified,"Existing S_class_1 at symmetric midpoint threshold 0.7, DRACH_oligo_2",REUSED_PRIOR_RESULT,2025_DRACH; all saved explicit O; symmetric midpoint selection,S_class_1,35679,"35,679",NOT_APPLICABLE_DESCRIPTIVE; ML interval sensitivity is reported separately,NONE; no significance test or independent-replication claim,run_001/results/FILTER_CURVES.tsv,RMT-METHODS-TARGETED-001 frozen run_001,441bdb5accc32aa4dfb2f2d0f5bbed97a03ea28896000e4ed6dee49a944c4411,22,"{""field"":""S_class_1"",""where"":{""construct"":""DRACH_oligo_2"",""policy"":""symmetric_confidence"",""release"":""2025_DRACH"",""threshold"":""0.7""}}",T3_retained_modified,FROZEN_LOCAL_RESULT_ONLY,PASS,DRACH_oligo_2,0.7,provider construct-condition label,read-site,ML midpoint p=(m+0.5)/256; explicit O,39238,6944,5431,38495,38253,35679
T3_retained_modified:DRACH_oligo_2:0.8:S_class_1,T3_retained_modified,"Existing S_class_1 at symmetric midpoint threshold 0.8, DRACH_oligo_2",REUSED_PRIOR_RESULT,2025_DRACH; all saved explicit O; symmetric midpoint selection,S_class_1,34227,"34,227",NOT_APPLICABLE_DESCRIPTIVE; ML interval sensitivity is reported separately,NONE; no significance test or independent-replication claim,run_001/results/FILTER_CURVES.tsv,RMT-METHODS-TARGETED-001 frozen run_001,441bdb5accc32aa4dfb2f2d0f5bbed97a03ea28896000e4ed6dee49a944c4411,28,"{""field"":""S_class_1"",""where"":{""construct"":""DRACH_oligo_2"",""policy"":""symmetric_confidence"",""release"":""2025_DRACH"",""threshold"":""0.8""}}",T3_retained_modified,FROZEN_LOCAL_RESULT_ONLY,PASS,DRACH_oligo_2,0.8,provider construct-condition label,read-site,ML midpoint p=(m+0.5)/256; explicit O,39238,6944,4423,38495,38253,34227
T3_retained_modified:DRACH_oligo_2:0.9:S_class_1,T3_retained_modified,"Existing S_class_1 at symmetric midpoint threshold 0.9, DRACH_oligo_2",REUSED_PRIOR_RESULT,2025_DRACH; all saved explicit O; symmetric midpoint selection,S_class_1,32150,"32,150",NOT_APPLICABLE_DESCRIPTIVE; ML interval sensitivity is reported separately,NONE; no significance test or independent-replication claim,run_001/results/FILTER_CURVES.tsv,RMT-METHODS-TARGETED-001 frozen run_001,441bdb5accc32aa4dfb2f2d0f5bbed97a03ea28896000e4ed6dee49a944c4411,34,"{""field"":""S_class_1"",""where"":{""construct"":""DRACH_oligo_2"",""policy"":""symmetric_confidence"",""release"":""2025_DRACH"",""threshold"":""0.9""}}",T3_retained_modified,FROZEN_LOCAL_RESULT_ONLY,PASS,DRACH_oligo_2,0.9,provider construct-condition label,read-site,ML midpoint p=(m+0.5)/256; explicit O,39238,6944,2787,38495,38253,32150
T3_retained_modified:DRACH_oligo_2:0.95:S_class_1,T3_retained_modified,"Existing S_class_1 at symmetric midpoint threshold 0.95, DRACH_oligo_2",REUSED_PRIOR_RESULT,2025_DRACH; all saved explicit O; symmetric midpoint selection,S_class_1,30002,"30,002",NOT_APPLICABLE_DESCRIPTIVE; ML interval sensitivity is reported separately,NONE; no significance test or independent-replication claim,run_001/results/FILTER_CURVES.tsv,RMT-METHODS-TARGETED-001 frozen run_001,441bdb5accc32aa4dfb2f2d0f5bbed97a03ea28896000e4ed6dee49a944c4411,40,"{""field"":""S_class_1"",""where"":{""construct"":""DRACH_oligo_2"",""policy"":""symmetric_confidence"",""release"":""2025_DRACH"",""threshold"":""0.95""}}",T3_retained_modified,FROZEN_LOCAL_RESULT_ONLY,PASS,DRACH_oligo_2,0.95,provider construct-condition label,read-site,ML midpoint p=(m+0.5)/256; explicit O,39238,6944,876,38495,38253,30002
T3_retained_modified:DRACH_oligo_2:0.99:S_class_1,T3_retained_modified,"Existing S_class_1 at symmetric midpoint threshold 0.99, DRACH_oligo_2",REUSED_PRIOR_RESULT,2025_DRACH; all saved explicit O; symmetric midpoint selection,S_class_1,24692,"24,692",NOT_APPLICABLE_DESCRIPTIVE; ML interval sensitivity is reported separately,NONE; no significance test or independent-replication claim,run_001/results/FILTER_CURVES.tsv,RMT-METHODS-TARGETED-001 frozen run_001,441bdb5accc32aa4dfb2f2d0f5bbed97a03ea28896000e4ed6dee49a944c4411,46,"{""field"":""S_class_1"",""where"":{""construct"":""DRACH_oligo_2"",""policy"":""symmetric_confidence"",""release"":""2025_DRACH"",""threshold"":""0.99""}}",T3_retained_modified,FROZEN_LOCAL_RESULT_ONLY,PASS,DRACH_oligo_2,0.99,provider construct-condition label,read-site,ML midpoint p=(m+0.5)/256; explicit O,39238,6944,254,38495,38253,24692
T3_retained_modified:DRACH_oligo_3:0.5:S_class_1,T3_retained_modified,"Existing S_class_1 at symmetric midpoint threshold 0.5, DRACH_oligo_3",REUSED_PRIOR_RESULT,2025_DRACH; all saved explicit O; symmetric midpoint selection,S_class_1,38487,"38,487",NOT_APPLICABLE_DESCRIPTIVE; ML interval sensitivity is reported separately,NONE; no significance test or independent-replication claim,run_001/results/FILTER_CURVES.tsv,RMT-METHODS-TARGETED-001 frozen run_001,441bdb5accc32aa4dfb2f2d0f5bbed97a03ea28896000e4ed6dee49a944c4411,11,"{""field"":""S_class_1"",""where"":{""construct"":""DRACH_oligo_3"",""policy"":""symmetric_confidence"",""release"":""2025_DRACH"",""threshold"":""0.5""}}",T3_retained_modified,FROZEN_LOCAL_RESULT_ONLY,PASS,DRACH_oligo_3,0.5,provider construct-condition label,read-site,ML midpoint p=(m+0.5)/256; explicit O,39295,3732,3732,38668,38487,38487
T3_retained_modified:DRACH_oligo_3:0.6:S_class_1,T3_retained_modified,"Existing S_class_1 at symmetric midpoint threshold 0.6, DRACH_oligo_3",REUSED_PRIOR_RESULT,2025_DRACH; all saved explicit O; symmetric midpoint selection,S_class_1,37921,"37,921",NOT_APPLICABLE_DESCRIPTIVE; ML interval sensitivity is reported separately,NONE; no significance test or independent-replication claim,run_001/results/FILTER_CURVES.tsv,RMT-METHODS-TARGETED-001 frozen run_001,441bdb5accc32aa4dfb2f2d0f5bbed97a03ea28896000e4ed6dee49a944c4411,17,"{""field"":""S_class_1"",""where"":{""construct"":""DRACH_oligo_3"",""policy"":""symmetric_confidence"",""release"":""2025_DRACH"",""threshold"":""0.6""}}",T3_retained_modified,FROZEN_LOCAL_RESULT_ONLY,PASS,DRACH_oligo_3,0.6,provider construct-condition label,read-site,ML midpoint p=(m+0.5)/256; explicit O,39295,3732,3390,38668,38487,37921
T3_retained_modified:DRACH_oligo_3:0.7:S_class_1,T3_retained_modified,"Existing S_class_1 at symmetric midpoint threshold 0.7, DRACH_oligo_3",REUSED_PRIOR_RESULT,2025_DRACH; all saved explicit O; symmetric midpoint selection,S_class_1,37300,"37,300",NOT_APPLICABLE_DESCRIPTIVE; ML interval sensitivity is reported separately,NONE; no significance test or independent-replication claim,run_001/results/FILTER_CURVES.tsv,RMT-METHODS-TARGETED-001 frozen run_001,441bdb5accc32aa4dfb2f2d0f5bbed97a03ea28896000e4ed6dee49a944c4411,23,"{""field"":""S_class_1"",""where"":{""construct"":""DRACH_oligo_3"",""policy"":""symmetric_confidence"",""release"":""2025_DRACH"",""threshold"":""0.7""}}",T3_retained_modified,FROZEN_LOCAL_RESULT_ONLY,PASS,DRACH_oligo_3,0.7,provider construct-condition label,read-site,ML midpoint p=(m+0.5)/256; explicit O,39295,3732,2941,38668,38487,37300
T3_retained_modified:DRACH_oligo_3:0.8:S_class_1,T3_retained_modified,"Existing S_class_1 at symmetric midpoint threshold 0.8, DRACH_oligo_3",REUSED_PRIOR_RESULT,2025_DRACH; all saved explicit O; symmetric midpoint selection,S_class_1,36460,"36,460",NOT_APPLICABLE_DESCRIPTIVE; ML interval sensitivity is reported separately,NONE; no significance test or independent-replication claim,run_001/results/FILTER_CURVES.tsv,RMT-METHODS-TARGETED-001 frozen run_001,441bdb5accc32aa4dfb2f2d0f5bbed97a03ea28896000e4ed6dee49a944c4411,29,"{""field"":""S_class_1"",""where"":{""construct"":""DRACH_oligo_3"",""policy"":""symmetric_confidence"",""release"":""2025_DRACH"",""threshold"":""0.8""}}",T3_retained_modified,FROZEN_LOCAL_RESULT_ONLY,PASS,DRACH_oligo_3,0.8,provider construct-condition label,read-site,ML midpoint p=(m+0.5)/256; explicit O,39295,3732,2274,38668,38487,36460
T3_retained_modified:DRACH_oligo_3:0.9:S_class_1,T3_retained_modified,"Existing S_class_1 at symmetric midpoint threshold 0.9, DRACH_oligo_3",REUSED_PRIOR_RESULT,2025_DRACH; all saved explicit O; symmetric midpoint selection,S_class_1,35451,"35,451",NOT_APPLICABLE_DESCRIPTIVE; ML interval sensitivity is reported separately,NONE; no significance test or independent-replication claim,run_001/results/FILTER_CURVES.tsv,RMT-METHODS-TARGETED-001 frozen run_001,441bdb5accc32aa4dfb2f2d0f5bbed97a03ea28896000e4ed6dee49a944c4411,35,"{""field"":""S_class_1"",""where"":{""construct"":""DRACH_oligo_3"",""policy"":""symmetric_confidence"",""release"":""2025_DRACH"",""threshold"":""0.9""}}",T3_retained_modified,FROZEN_LOCAL_RESULT_ONLY,PASS,DRACH_oligo_3,0.9,provider construct-condition label,read-site,ML midpoint p=(m+0.5)/256; explicit O,39295,3732,1374,38668,38487,35451
T3_retained_modified:DRACH_oligo_3:0.95:S_class_1,T3_retained_modified,"Existing S_class_1 at symmetric midpoint threshold 0.95, DRACH_oligo_3",REUSED_PRIOR_RESULT,2025_DRACH; all saved explicit O; symmetric midpoint selection,S_class_1,34543,"34,543",NOT_APPLICABLE_DESCRIPTIVE; ML interval sensitivity is reported separately,NONE; no significance test or independent-replication claim,run_001/results/FILTER_CURVES.tsv,RMT-METHODS-TARGETED-001 frozen run_001,441bdb5accc32aa4dfb2f2d0f5bbed97a03ea28896000e4ed6dee49a944c4411,41,"{""field"":""S_class_1"",""where"":{""construct"":""DRACH_oligo_3"",""policy"":""symmetric_confidence"",""release"":""2025_DRACH"",""threshold"":""0.95""}}",T3_retained_modified,FROZEN_LOCAL_RESULT_ONLY,PASS,DRACH_oligo_3,0.95,provider construct-condition label,read-site,ML midpoint p=(m+0.5)/256; explicit O,39295,3732,394,38668,38487,34543
T3_retained_modified:DRACH_oligo_3:0.99:S_class_1,T3_retained_modified,"Existing S_class_1 at symmetric midpoint threshold 0.99, DRACH_oligo_3",REUSED_PRIOR_RESULT,2025_DRACH; all saved explicit O; symmetric midpoint selection,S_class_1,32079,"32,079",NOT_APPLICABLE_DESCRIPTIVE; ML interval sensitivity is reported separately,NONE; no significance test or independent-replication claim,run_001/results/FILTER_CURVES.tsv,RMT-METHODS-TARGETED-001 frozen run_001,441bdb5accc32aa4dfb2f2d0f5bbed97a03ea28896000e4ed6dee49a944c4411,47,"{""field"":""S_class_1"",""where"":{""construct"":""DRACH_oligo_3"",""policy"":""symmetric_confidence"",""release"":""2025_DRACH"",""threshold"":""0.99""}}",T3_retained_modified,FROZEN_LOCAL_RESULT_ONLY,PASS,DRACH_oligo_3,0.99,provider construct-condition label,read-site,ML midpoint p=(m+0.5)/256; explicit O,39295,3732,163,38668,38487,32079
T3_retained_modified:DRACH_oligo_4:0.5:S_class_1,T3_retained_modified,"Existing S_class_1 at symmetric midpoint threshold 0.5, DRACH_oligo_4",REUSED_PRIOR_RESULT,2025_DRACH; all saved explicit O; symmetric midpoint selection,S_class_1,38495,"38,495",NOT_APPLICABLE_DESCRIPTIVE; ML interval sensitivity is reported separately,NONE; no significance test or independent-replication claim,run_001/results/FILTER_CURVES.tsv,RMT-METHODS-TARGETED-001 frozen run_001,441bdb5accc32aa4dfb2f2d0f5bbed97a03ea28896000e4ed6dee49a944c4411,12,"{""field"":""S_class_1"",""where"":{""construct"":""DRACH_oligo_4"",""policy"":""symmetric_confidence"",""release"":""2025_DRACH"",""threshold"":""0.5""}}",T3_retained_modified,FROZEN_LOCAL_RESULT_ONLY,PASS,DRACH_oligo_4,0.5,provider construct-condition label,read-site,ML midpoint p=(m+0.5)/256; explicit O,39107,3011,3011,38664,38495,38495
T3_retained_modified:DRACH_oligo_4:0.6:S_class_1,T3_retained_modified,"Existing S_class_1 at symmetric midpoint threshold 0.6, DRACH_oligo_4",REUSED_PRIOR_RESULT,2025_DRACH; all saved explicit O; symmetric midpoint selection,S_class_1,37888,"37,888",NOT_APPLICABLE_DESCRIPTIVE; ML interval sensitivity is reported separately,NONE; no significance test or independent-replication claim,run_001/results/FILTER_CURVES.tsv,RMT-METHODS-TARGETED-001 frozen run_001,441bdb5accc32aa4dfb2f2d0f5bbed97a03ea28896000e4ed6dee49a944c4411,18,"{""field"":""S_class_1"",""where"":{""construct"":""DRACH_oligo_4"",""policy"":""symmetric_confidence"",""release"":""2025_DRACH"",""threshold"":""0.6""}}",T3_retained_modified,FROZEN_LOCAL_RESULT_ONLY,PASS,DRACH_oligo_4,0.6,provider construct-condition label,read-site,ML midpoint p=(m+0.5)/256; explicit O,39107,3011,2667,38664,38495,37888
T3_retained_modified:DRACH_oligo_4:0.7:S_class_1,T3_retained_modified,"Existing S_class_1 at symmetric midpoint threshold 0.7, DRACH_oligo_4",REUSED_PRIOR_RESULT,2025_DRACH; all saved explicit O; symmetric midpoint selection,S_class_1,37182,"37,182",NOT_APPLICABLE_DESCRIPTIVE; ML interval sensitivity is reported separately,NONE; no significance test or independent-replication claim,run_001/results/FILTER_CURVES.tsv,RMT-METHODS-TARGETED-001 frozen run_001,441bdb5accc32aa4dfb2f2d0f5bbed97a03ea28896000e4ed6dee49a944c4411,24,"{""field"":""S_class_1"",""where"":{""construct"":""DRACH_oligo_4"",""policy"":""symmetric_confidence"",""release"":""2025_DRACH"",""threshold"":""0.7""}}",T3_retained_modified,FROZEN_LOCAL_RESULT_ONLY,PASS,DRACH_oligo_4,0.7,provider construct-condition label,read-site,ML midpoint p=(m+0.5)/256; explicit O,39107,3011,2282,38664,38495,37182
T3_retained_modified:DRACH_oligo_4:0.8:S_class_1,T3_retained_modified,"Existing S_class_1 at symmetric midpoint threshold 0.8, DRACH_oligo_4",REUSED_PRIOR_RESULT,2025_DRACH; all saved explicit O; symmetric midpoint selection,S_class_1,36444,"36,444",NOT_APPLICABLE_DESCRIPTIVE; ML interval sensitivity is reported separately,NONE; no significance test or independent-replication claim,run_001/results/FILTER_CURVES.tsv,RMT-METHODS-TARGETED-001 frozen run_001,441bdb5accc32aa4dfb2f2d0f5bbed97a03ea28896000e4ed6dee49a944c4411,30,"{""field"":""S_class_1"",""where"":{""construct"":""DRACH_oligo_4"",""policy"":""symmetric_confidence"",""release"":""2025_DRACH"",""threshold"":""0.8""}}",T3_retained_modified,FROZEN_LOCAL_RESULT_ONLY,PASS,DRACH_oligo_4,0.8,provider construct-condition label,read-site,ML midpoint p=(m+0.5)/256; explicit O,39107,3011,1810,38664,38495,36444
T3_retained_modified:DRACH_oligo_4:0.9:S_class_1,T3_retained_modified,"Existing S_class_1 at symmetric midpoint threshold 0.9, DRACH_oligo_4",REUSED_PRIOR_RESULT,2025_DRACH; all saved explicit O; symmetric midpoint selection,S_class_1,35435,"35,435",NOT_APPLICABLE_DESCRIPTIVE; ML interval sensitivity is reported separately,NONE; no significance test or independent-replication claim,run_001/results/FILTER_CURVES.tsv,RMT-METHODS-TARGETED-001 frozen run_001,441bdb5accc32aa4dfb2f2d0f5bbed97a03ea28896000e4ed6dee49a944c4411,36,"{""field"":""S_class_1"",""where"":{""construct"":""DRACH_oligo_4"",""policy"":""symmetric_confidence"",""release"":""2025_DRACH"",""threshold"":""0.9""}}",T3_retained_modified,FROZEN_LOCAL_RESULT_ONLY,PASS,DRACH_oligo_4,0.9,provider construct-condition label,read-site,ML midpoint p=(m+0.5)/256; explicit O,39107,3011,1074,38664,38495,35435
T3_retained_modified:DRACH_oligo_4:0.95:S_class_1,T3_retained_modified,"Existing S_class_1 at symmetric midpoint threshold 0.95, DRACH_oligo_4",REUSED_PRIOR_RESULT,2025_DRACH; all saved explicit O; symmetric midpoint selection,S_class_1,34482,"34,482",NOT_APPLICABLE_DESCRIPTIVE; ML interval sensitivity is reported separately,NONE; no significance test or independent-replication claim,run_001/results/FILTER_CURVES.tsv,RMT-METHODS-TARGETED-001 frozen run_001,441bdb5accc32aa4dfb2f2d0f5bbed97a03ea28896000e4ed6dee49a944c4411,42,"{""field"":""S_class_1"",""where"":{""construct"":""DRACH_oligo_4"",""policy"":""symmetric_confidence"",""release"":""2025_DRACH"",""threshold"":""0.95""}}",T3_retained_modified,FROZEN_LOCAL_RESULT_ONLY,PASS,DRACH_oligo_4,0.95,provider construct-condition label,read-site,ML midpoint p=(m+0.5)/256; explicit O,39107,3011,399,38664,38495,34482
T3_retained_modified:DRACH_oligo_4:0.99:S_class_1,T3_retained_modified,"Existing S_class_1 at symmetric midpoint threshold 0.99, DRACH_oligo_4",REUSED_PRIOR_RESULT,2025_DRACH; all saved explicit O; symmetric midpoint selection,S_class_1,32062,"32,062",NOT_APPLICABLE_DESCRIPTIVE; ML interval sensitivity is reported separately,NONE; no significance test or independent-replication claim,run_001/results/FILTER_CURVES.tsv,RMT-METHODS-TARGETED-001 frozen run_001,441bdb5accc32aa4dfb2f2d0f5bbed97a03ea28896000e4ed6dee49a944c4411,48,"{""field"":""S_class_1"",""where"":{""construct"":""DRACH_oligo_4"",""policy"":""symmetric_confidence"",""release"":""2025_DRACH"",""threshold"":""0.99""}}",T3_retained_modified,FROZEN_LOCAL_RESULT_ONLY,PASS,DRACH_oligo_4,0.99,provider construct-condition label,read-site,ML midpoint p=(m+0.5)/256; explicit O,39107,3011,99,38664,38495,32062
T4_pooled_reference:ALL:0.5:Brier_equal_class,T4_pooled_reference,"Existing Brier_equal_class at symmetric midpoint threshold 0.5, ALL",REUSED_PRIOR_RESULT,2025_DRACH; all saved explicit O; symmetric midpoint selection,Brier_equal_class,0.07661998851878646,0.077,NOT_APPLICABLE_DESCRIPTIVE; ML interval sensitivity is reported separately,NONE; no significance test or independent-replication claim,run_001/results/FILTER_CURVES.tsv,RMT-METHODS-TARGETED-001 frozen run_001,441bdb5accc32aa4dfb2f2d0f5bbed97a03ea28896000e4ed6dee49a944c4411,13,"{""field"":""Brier_equal_class"",""where"":{""construct"":""ALL"",""policy"":""symmetric_confidence"",""release"":""2025_DRACH"",""threshold"":""0.5""}}",T4_pooled_reference,FROZEN_LOCAL_RESULT_ONLY,PASS,ALL,0.5,provider construct-condition label,read-site,ML midpoint p=(m+0.5)/256; explicit O,195537,20877,20877,193590,192495,192495
T4_pooled_reference:ALL:0.5:Brier_observed,T4_pooled_reference,"Existing Brier_observed at symmetric midpoint threshold 0.5, ALL",REUSED_PRIOR_RESULT,2025_DRACH; all saved explicit O; symmetric midpoint selection,Brier_observed,0.04005012528654932,0.040,NOT_APPLICABLE_DESCRIPTIVE; ML interval sensitivity is reported separately,NONE; no significance test or independent-replication claim,run_001/results/FILTER_CURVES.tsv,RMT-METHODS-TARGETED-001 frozen run_001,441bdb5accc32aa4dfb2f2d0f5bbed97a03ea28896000e4ed6dee49a944c4411,13,"{""field"":""Brier_observed"",""where"":{""construct"":""ALL"",""policy"":""symmetric_confidence"",""release"":""2025_DRACH"",""threshold"":""0.5""}}",T4_pooled_reference,FROZEN_LOCAL_RESULT_ONLY,PASS,ALL,0.5,provider construct-condition label,read-site,ML midpoint p=(m+0.5)/256; explicit O,195537,20877,20877,193590,192495,192495
T4_pooled_reference:ALL:0.5:S_class_0,T4_pooled_reference,"Existing S_class_0 at symmetric midpoint threshold 0.5, ALL",REUSED_PRIOR_RESULT,2025_DRACH; all saved explicit O; symmetric midpoint selection,S_class_0,20877,"20,877",NOT_APPLICABLE_DESCRIPTIVE; ML interval sensitivity is reported separately,NONE; no significance test or independent-replication claim,run_001/results/FILTER_CURVES.tsv,RMT-METHODS-TARGETED-001 frozen run_001,441bdb5accc32aa4dfb2f2d0f5bbed97a03ea28896000e4ed6dee49a944c4411,13,"{""field"":""S_class_0"",""where"":{""construct"":""ALL"",""policy"":""symmetric_confidence"",""release"":""2025_DRACH"",""threshold"":""0.5""}}",T4_pooled_reference,FROZEN_LOCAL_RESULT_ONLY,PASS,ALL,0.5,provider construct-condition label,read-site,ML midpoint p=(m+0.5)/256; explicit O,195537,20877,20877,193590,192495,192495
T4_pooled_reference:ALL:0.5:S_class_1,T4_pooled_reference,"Existing S_class_1 at symmetric midpoint threshold 0.5, ALL",REUSED_PRIOR_RESULT,2025_DRACH; all saved explicit O; symmetric midpoint selection,S_class_1,192495,"192,495",NOT_APPLICABLE_DESCRIPTIVE; ML interval sensitivity is reported separately,NONE; no significance test or independent-replication claim,run_001/results/FILTER_CURVES.tsv,RMT-METHODS-TARGETED-001 frozen run_001,441bdb5accc32aa4dfb2f2d0f5bbed97a03ea28896000e4ed6dee49a944c4411,13,"{""field"":""S_class_1"",""where"":{""construct"":""ALL"",""policy"":""symmetric_confidence"",""release"":""2025_DRACH"",""threshold"":""0.5""}}",T4_pooled_reference,FROZEN_LOCAL_RESULT_ONLY,PASS,ALL,0.5,provider construct-condition label,read-site,ML midpoint p=(m+0.5)/256; explicit O,195537,20877,20877,193590,192495,192495
T4_pooled_reference:ALL:0.6:Brier_equal_class,T4_pooled_reference,"Existing Brier_equal_class at symmetric midpoint threshold 0.6, ALL",REUSED_PRIOR_RESULT,2025_DRACH; all saved explicit O; symmetric midpoint selection,Brier_equal_class,0.0674370291092489,0.067,NOT_APPLICABLE_DESCRIPTIVE; ML interval sensitivity is reported separately,NONE; no significance test or independent-replication claim,run_001/results/FILTER_CURVES.tsv,RMT-METHODS-TARGETED-001 frozen run_001,441bdb5accc32aa4dfb2f2d0f5bbed97a03ea28896000e4ed6dee49a944c4411,19,"{""field"":""Brier_equal_class"",""where"":{""construct"":""ALL"",""policy"":""symmetric_confidence"",""release"":""2025_DRACH"",""threshold"":""0.6""}}",T4_pooled_reference,FROZEN_LOCAL_RESULT_ONLY,PASS,ALL,0.6,provider construct-condition label,read-site,ML midpoint p=(m+0.5)/256; explicit O,195537,20877,18771,193590,192495,188186
T4_pooled_reference:ALL:0.6:Brier_observed,T4_pooled_reference,"Existing Brier_observed at symmetric midpoint threshold 0.6, ALL",REUSED_PRIOR_RESULT,2025_DRACH; all saved explicit O; symmetric midpoint selection,Brier_observed,0.03360303074960002,0.034,NOT_APPLICABLE_DESCRIPTIVE; ML interval sensitivity is reported separately,NONE; no significance test or independent-replication claim,run_001/results/FILTER_CURVES.tsv,RMT-METHODS-TARGETED-001 frozen run_001,441bdb5accc32aa4dfb2f2d0f5bbed97a03ea28896000e4ed6dee49a944c4411,19,"{""field"":""Brier_observed"",""where"":{""construct"":""ALL"",""policy"":""symmetric_confidence"",""release"":""2025_DRACH"",""threshold"":""0.6""}}",T4_pooled_reference,FROZEN_LOCAL_RESULT_ONLY,PASS,ALL,0.6,provider construct-condition label,read-site,ML midpoint p=(m+0.5)/256; explicit O,195537,20877,18771,193590,192495,188186
T4_pooled_reference:ALL:0.6:S_class_0,T4_pooled_reference,"Existing S_class_0 at symmetric midpoint threshold 0.6, ALL",REUSED_PRIOR_RESULT,2025_DRACH; all saved explicit O; symmetric midpoint selection,S_class_0,18771,"18,771",NOT_APPLICABLE_DESCRIPTIVE; ML interval sensitivity is reported separately,NONE; no significance test or independent-replication claim,run_001/results/FILTER_CURVES.tsv,RMT-METHODS-TARGETED-001 frozen run_001,441bdb5accc32aa4dfb2f2d0f5bbed97a03ea28896000e4ed6dee49a944c4411,19,"{""field"":""S_class_0"",""where"":{""construct"":""ALL"",""policy"":""symmetric_confidence"",""release"":""2025_DRACH"",""threshold"":""0.6""}}",T4_pooled_reference,FROZEN_LOCAL_RESULT_ONLY,PASS,ALL,0.6,provider construct-condition label,read-site,ML midpoint p=(m+0.5)/256; explicit O,195537,20877,18771,193590,192495,188186
T4_pooled_reference:ALL:0.6:S_class_1,T4_pooled_reference,"Existing S_class_1 at symmetric midpoint threshold 0.6, ALL",REUSED_PRIOR_RESULT,2025_DRACH; all saved explicit O; symmetric midpoint selection,S_class_1,188186,"188,186",NOT_APPLICABLE_DESCRIPTIVE; ML interval sensitivity is reported separately,NONE; no significance test or independent-replication claim,run_001/results/FILTER_CURVES.tsv,RMT-METHODS-TARGETED-001 frozen run_001,441bdb5accc32aa4dfb2f2d0f5bbed97a03ea28896000e4ed6dee49a944c4411,19,"{""field"":""S_class_1"",""where"":{""construct"":""ALL"",""policy"":""symmetric_confidence"",""release"":""2025_DRACH"",""threshold"":""0.6""}}",T4_pooled_reference,FROZEN_LOCAL_RESULT_ONLY,PASS,ALL,0.6,provider construct-condition label,read-site,ML midpoint p=(m+0.5)/256; explicit O,195537,20877,18771,193590,192495,188186
T4_pooled_reference:ALL:0.7:Brier_equal_class,T4_pooled_reference,"Existing Brier_equal_class at symmetric midpoint threshold 0.7, ALL",REUSED_PRIOR_RESULT,2025_DRACH; all saved explicit O; symmetric midpoint selection,Brier_equal_class,0.05813894723169444,0.058,NOT_APPLICABLE_DESCRIPTIVE; ML interval sensitivity is reported separately,NONE; no significance test or independent-replication claim,run_001/results/FILTER_CURVES.tsv,RMT-METHODS-TARGETED-001 frozen run_001,441bdb5accc32aa4dfb2f2d0f5bbed97a03ea28896000e4ed6dee49a944c4411,25,"{""field"":""Brier_equal_class"",""where"":{""construct"":""ALL"",""policy"":""symmetric_confidence"",""release"":""2025_DRACH"",""threshold"":""0.7""}}",T4_pooled_reference,FROZEN_LOCAL_RESULT_ONLY,PASS,ALL,0.7,provider construct-condition label,read-site,ML midpoint p=(m+0.5)/256; explicit O,195537,20877,16359,193590,192495,183632
T4_pooled_reference:ALL:0.7:Brier_observed,T4_pooled_reference,"Existing Brier_observed at symmetric midpoint threshold 0.7, ALL",REUSED_PRIOR_RESULT,2025_DRACH; all saved explicit O; symmetric midpoint selection,Brier_observed,0.026554778014784834,0.027,NOT_APPLICABLE_DESCRIPTIVE; ML interval sensitivity is reported separately,NONE; no significance test or independent-replication claim,run_001/results/FILTER_CURVES.tsv,RMT-METHODS-TARGETED-001 frozen run_001,441bdb5accc32aa4dfb2f2d0f5bbed97a03ea28896000e4ed6dee49a944c4411,25,"{""field"":""Brier_observed"",""where"":{""construct"":""ALL"",""policy"":""symmetric_confidence"",""release"":""2025_DRACH"",""threshold"":""0.7""}}",T4_pooled_reference,FROZEN_LOCAL_RESULT_ONLY,PASS,ALL,0.7,provider construct-condition label,read-site,ML midpoint p=(m+0.5)/256; explicit O,195537,20877,16359,193590,192495,183632
T4_pooled_reference:ALL:0.7:S_class_0,T4_pooled_reference,"Existing S_class_0 at symmetric midpoint threshold 0.7, ALL",REUSED_PRIOR_RESULT,2025_DRACH; all saved explicit O; symmetric midpoint selection,S_class_0,16359,"16,359",NOT_APPLICABLE_DESCRIPTIVE; ML interval sensitivity is reported separately,NONE; no significance test or independent-replication claim,run_001/results/FILTER_CURVES.tsv,RMT-METHODS-TARGETED-001 frozen run_001,441bdb5accc32aa4dfb2f2d0f5bbed97a03ea28896000e4ed6dee49a944c4411,25,"{""field"":""S_class_0"",""where"":{""construct"":""ALL"",""policy"":""symmetric_confidence"",""release"":""2025_DRACH"",""threshold"":""0.7""}}",T4_pooled_reference,FROZEN_LOCAL_RESULT_ONLY,PASS,ALL,0.7,provider construct-condition label,read-site,ML midpoint p=(m+0.5)/256; explicit O,195537,20877,16359,193590,192495,183632
T4_pooled_reference:ALL:0.7:S_class_1,T4_pooled_reference,"Existing S_class_1 at symmetric midpoint threshold 0.7, ALL",REUSED_PRIOR_RESULT,2025_DRACH; all saved explicit O; symmetric midpoint selection,S_class_1,183632,"183,632",NOT_APPLICABLE_DESCRIPTIVE; ML interval sensitivity is reported separately,NONE; no significance test or independent-replication claim,run_001/results/FILTER_CURVES.tsv,RMT-METHODS-TARGETED-001 frozen run_001,441bdb5accc32aa4dfb2f2d0f5bbed97a03ea28896000e4ed6dee49a944c4411,25,"{""field"":""S_class_1"",""where"":{""construct"":""ALL"",""policy"":""symmetric_confidence"",""release"":""2025_DRACH"",""threshold"":""0.7""}}",T4_pooled_reference,FROZEN_LOCAL_RESULT_ONLY,PASS,ALL,0.7,provider construct-condition label,read-site,ML midpoint p=(m+0.5)/256; explicit O,195537,20877,16359,193590,192495,183632
T4_pooled_reference:ALL:0.8:Brier_equal_class,T4_pooled_reference,"Existing Brier_equal_class at symmetric midpoint threshold 0.8, ALL",REUSED_PRIOR_RESULT,2025_DRACH; all saved explicit O; symmetric midpoint selection,Brier_equal_class,0.05001636157011946,0.050,NOT_APPLICABLE_DESCRIPTIVE; ML interval sensitivity is reported separately,NONE; no significance test or independent-replication claim,run_001/results/FILTER_CURVES.tsv,RMT-METHODS-TARGETED-001 frozen run_001,441bdb5accc32aa4dfb2f2d0f5bbed97a03ea28896000e4ed6dee49a944c4411,31,"{""field"":""Brier_equal_class"",""where"":{""construct"":""ALL"",""policy"":""symmetric_confidence"",""release"":""2025_DRACH"",""threshold"":""0.8""}}",T4_pooled_reference,FROZEN_LOCAL_RESULT_ONLY,PASS,ALL,0.8,provider construct-condition label,read-site,ML midpoint p=(m+0.5)/256; explicit O,195537,20877,13104,193590,192495,178127
T4_pooled_reference:ALL:0.8:Brier_observed,T4_pooled_reference,"Existing Brier_observed at symmetric midpoint threshold 0.8, ALL",REUSED_PRIOR_RESULT,2025_DRACH; all saved explicit O; symmetric midpoint selection,Brier_observed,0.018206936365133118,0.018,NOT_APPLICABLE_DESCRIPTIVE; ML interval sensitivity is reported separately,NONE; no significance test or independent-replication claim,run_001/results/FILTER_CURVES.tsv,RMT-METHODS-TARGETED-001 frozen run_001,441bdb5accc32aa4dfb2f2d0f5bbed97a03ea28896000e4ed6dee49a944c4411,31,"{""field"":""Brier_observed"",""where"":{""construct"":""ALL"",""policy"":""symmetric_confidence"",""release"":""2025_DRACH"",""threshold"":""0.8""}}",T4_pooled_reference,FROZEN_LOCAL_RESULT_ONLY,PASS,ALL,0.8,provider construct-condition label,read-site,ML midpoint p=(m+0.5)/256; explicit O,195537,20877,13104,193590,192495,178127
T4_pooled_reference:ALL:0.8:S_class_0,T4_pooled_reference,"Existing S_class_0 at symmetric midpoint threshold 0.8, ALL",REUSED_PRIOR_RESULT,2025_DRACH; all saved explicit O; symmetric midpoint selection,S_class_0,13104,"13,104",NOT_APPLICABLE_DESCRIPTIVE; ML interval sensitivity is reported separately,NONE; no significance test or independent-replication claim,run_001/results/FILTER_CURVES.tsv,RMT-METHODS-TARGETED-001 frozen run_001,441bdb5accc32aa4dfb2f2d0f5bbed97a03ea28896000e4ed6dee49a944c4411,31,"{""field"":""S_class_0"",""where"":{""construct"":""ALL"",""policy"":""symmetric_confidence"",""release"":""2025_DRACH"",""threshold"":""0.8""}}",T4_pooled_reference,FROZEN_LOCAL_RESULT_ONLY,PASS,ALL,0.8,provider construct-condition label,read-site,ML midpoint p=(m+0.5)/256; explicit O,195537,20877,13104,193590,192495,178127
T4_pooled_reference:ALL:0.8:S_class_1,T4_pooled_reference,"Existing S_class_1 at symmetric midpoint threshold 0.8, ALL",REUSED_PRIOR_RESULT,2025_DRACH; all saved explicit O; symmetric midpoint selection,S_class_1,178127,"178,127",NOT_APPLICABLE_DESCRIPTIVE; ML interval sensitivity is reported separately,NONE; no significance test or independent-replication claim,run_001/results/FILTER_CURVES.tsv,RMT-METHODS-TARGETED-001 frozen run_001,441bdb5accc32aa4dfb2f2d0f5bbed97a03ea28896000e4ed6dee49a944c4411,31,"{""field"":""S_class_1"",""where"":{""construct"":""ALL"",""policy"":""symmetric_confidence"",""release"":""2025_DRACH"",""threshold"":""0.8""}}",T4_pooled_reference,FROZEN_LOCAL_RESULT_ONLY,PASS,ALL,0.8,provider construct-condition label,read-site,ML midpoint p=(m+0.5)/256; explicit O,195537,20877,13104,193590,192495,178127
T4_pooled_reference:ALL:0.9:Brier_equal_class,T4_pooled_reference,"Existing Brier_equal_class at symmetric midpoint threshold 0.9, ALL",REUSED_PRIOR_RESULT,2025_DRACH; all saved explicit O; symmetric midpoint selection,Brier_equal_class,0.04727525435240636,0.047,NOT_APPLICABLE_DESCRIPTIVE; ML interval sensitivity is reported separately,NONE; no significance test or independent-replication claim,run_001/results/FILTER_CURVES.tsv,RMT-METHODS-TARGETED-001 frozen run_001,441bdb5accc32aa4dfb2f2d0f5bbed97a03ea28896000e4ed6dee49a944c4411,37,"{""field"":""Brier_equal_class"",""where"":{""construct"":""ALL"",""policy"":""symmetric_confidence"",""release"":""2025_DRACH"",""threshold"":""0.9""}}",T4_pooled_reference,FROZEN_LOCAL_RESULT_ONLY,PASS,ALL,0.9,provider construct-condition label,read-site,ML midpoint p=(m+0.5)/256; explicit O,195537,20877,8164,193590,192495,170539
T4_pooled_reference:ALL:0.9:Brier_observed,T4_pooled_reference,"Existing Brier_observed at symmetric midpoint threshold 0.9, ALL",REUSED_PRIOR_RESULT,2025_DRACH; all saved explicit O; symmetric midpoint selection,Brier_observed,0.009557287856445067,0.010,NOT_APPLICABLE_DESCRIPTIVE; ML interval sensitivity is reported separately,NONE; no significance test or independent-replication claim,run_001/results/FILTER_CURVES.tsv,RMT-METHODS-TARGETED-001 frozen run_001,441bdb5accc32aa4dfb2f2d0f5bbed97a03ea28896000e4ed6dee49a944c4411,37,"{""field"":""Brier_observed"",""where"":{""construct"":""ALL"",""policy"":""symmetric_confidence"",""release"":""2025_DRACH"",""threshold"":""0.9""}}",T4_pooled_reference,FROZEN_LOCAL_RESULT_ONLY,PASS,ALL,0.9,provider construct-condition label,read-site,ML midpoint p=(m+0.5)/256; explicit O,195537,20877,8164,193590,192495,170539
T4_pooled_reference:ALL:0.9:S_class_0,T4_pooled_reference,"Existing S_class_0 at symmetric midpoint threshold 0.9, ALL",REUSED_PRIOR_RESULT,2025_DRACH; all saved explicit O; symmetric midpoint selection,S_class_0,8164,"8,164",NOT_APPLICABLE_DESCRIPTIVE; ML interval sensitivity is reported separately,NONE; no significance test or independent-replication claim,run_001/results/FILTER_CURVES.tsv,RMT-METHODS-TARGETED-001 frozen run_001,441bdb5accc32aa4dfb2f2d0f5bbed97a03ea28896000e4ed6dee49a944c4411,37,"{""field"":""S_class_0"",""where"":{""construct"":""ALL"",""policy"":""symmetric_confidence"",""release"":""2025_DRACH"",""threshold"":""0.9""}}",T4_pooled_reference,FROZEN_LOCAL_RESULT_ONLY,PASS,ALL,0.9,provider construct-condition label,read-site,ML midpoint p=(m+0.5)/256; explicit O,195537,20877,8164,193590,192495,170539
T4_pooled_reference:ALL:0.9:S_class_1,T4_pooled_reference,"Existing S_class_1 at symmetric midpoint threshold 0.9, ALL",REUSED_PRIOR_RESULT,2025_DRACH; all saved explicit O; symmetric midpoint selection,S_class_1,170539,"170,539",NOT_APPLICABLE_DESCRIPTIVE; ML interval sensitivity is reported separately,NONE; no significance test or independent-replication claim,run_001/results/FILTER_CURVES.tsv,RMT-METHODS-TARGETED-001 frozen run_001,441bdb5accc32aa4dfb2f2d0f5bbed97a03ea28896000e4ed6dee49a944c4411,37,"{""field"":""S_class_1"",""where"":{""construct"":""ALL"",""policy"":""symmetric_confidence"",""release"":""2025_DRACH"",""threshold"":""0.9""}}",T4_pooled_reference,FROZEN_LOCAL_RESULT_ONLY,PASS,ALL,0.9,provider construct-condition label,read-site,ML midpoint p=(m+0.5)/256; explicit O,195537,20877,8164,193590,192495,170539
T4_pooled_reference:ALL:0.95:Brier_equal_class,T4_pooled_reference,"Existing Brier_equal_class at symmetric midpoint threshold 0.95, ALL",REUSED_PRIOR_RESULT,2025_DRACH; all saved explicit O; symmetric midpoint selection,Brier_equal_class,0.09329415238016218,0.093,NOT_APPLICABLE_DESCRIPTIVE; ML interval sensitivity is reported separately,NONE; no significance test or independent-replication claim,run_001/results/FILTER_CURVES.tsv,RMT-METHODS-TARGETED-001 frozen run_001,441bdb5accc32aa4dfb2f2d0f5bbed97a03ea28896000e4ed6dee49a944c4411,43,"{""field"":""Brier_equal_class"",""where"":{""construct"":""ALL"",""policy"":""symmetric_confidence"",""release"":""2025_DRACH"",""threshold"":""0.95""}}",T4_pooled_reference,FROZEN_LOCAL_RESULT_ONLY,PASS,ALL,0.95,provider construct-condition label,read-site,ML midpoint p=(m+0.5)/256; explicit O,195537,20877,2741,193590,192495,162966
T4_pooled_reference:ALL:0.95:Brier_observed,T4_pooled_reference,"Existing Brier_observed at symmetric midpoint threshold 0.95, ALL",REUSED_PRIOR_RESULT,2025_DRACH; all saved explicit O; symmetric midpoint selection,Brier_observed,0.004394018232876013,0.004,NOT_APPLICABLE_DESCRIPTIVE; ML interval sensitivity is reported separately,NONE; no significance test or independent-replication claim,run_001/results/FILTER_CURVES.tsv,RMT-METHODS-TARGETED-001 frozen run_001,441bdb5accc32aa4dfb2f2d0f5bbed97a03ea28896000e4ed6dee49a944c4411,43,"{""field"":""Brier_observed"",""where"":{""construct"":""ALL"",""policy"":""symmetric_confidence"",""release"":""2025_DRACH"",""threshold"":""0.95""}}",T4_pooled_reference,FROZEN_LOCAL_RESULT_ONLY,PASS,ALL,0.95,provider construct-condition label,read-site,ML midpoint p=(m+0.5)/256; explicit O,195537,20877,2741,193590,192495,162966
T4_pooled_reference:ALL:0.95:S_class_0,T4_pooled_reference,"Existing S_class_0 at symmetric midpoint threshold 0.95, ALL",REUSED_PRIOR_RESULT,2025_DRACH; all saved explicit O; symmetric midpoint selection,S_class_0,2741,"2,741",NOT_APPLICABLE_DESCRIPTIVE; ML interval sensitivity is reported separately,NONE; no significance test or independent-replication claim,run_001/results/FILTER_CURVES.tsv,RMT-METHODS-TARGETED-001 frozen run_001,441bdb5accc32aa4dfb2f2d0f5bbed97a03ea28896000e4ed6dee49a944c4411,43,"{""field"":""S_class_0"",""where"":{""construct"":""ALL"",""policy"":""symmetric_confidence"",""release"":""2025_DRACH"",""threshold"":""0.95""}}",T4_pooled_reference,FROZEN_LOCAL_RESULT_ONLY,PASS,ALL,0.95,provider construct-condition label,read-site,ML midpoint p=(m+0.5)/256; explicit O,195537,20877,2741,193590,192495,162966
T4_pooled_reference:ALL:0.95:S_class_1,T4_pooled_reference,"Existing S_class_1 at symmetric midpoint threshold 0.95, ALL",REUSED_PRIOR_RESULT,2025_DRACH; all saved explicit O; symmetric midpoint selection,S_class_1,162966,"162,966",NOT_APPLICABLE_DESCRIPTIVE; ML interval sensitivity is reported separately,NONE; no significance test or independent-replication claim,run_001/results/FILTER_CURVES.tsv,RMT-METHODS-TARGETED-001 frozen run_001,441bdb5accc32aa4dfb2f2d0f5bbed97a03ea28896000e4ed6dee49a944c4411,43,"{""field"":""S_class_1"",""where"":{""construct"":""ALL"",""policy"":""symmetric_confidence"",""release"":""2025_DRACH"",""threshold"":""0.95""}}",T4_pooled_reference,FROZEN_LOCAL_RESULT_ONLY,PASS,ALL,0.95,provider construct-condition label,read-site,ML midpoint p=(m+0.5)/256; explicit O,195537,20877,2741,193590,192495,162966
T4_pooled_reference:ALL:0.99:Brier_equal_class,T4_pooled_reference,"Existing Brier_equal_class at symmetric midpoint threshold 0.99, ALL",REUSED_PRIOR_RESULT,2025_DRACH; all saved explicit O; symmetric midpoint selection,Brier_equal_class,0.16302140965107434,0.163,NOT_APPLICABLE_DESCRIPTIVE; ML interval sensitivity is reported separately,NONE; no significance test or independent-replication claim,run_001/results/FILTER_CURVES.tsv,RMT-METHODS-TARGETED-001 frozen run_001,441bdb5accc32aa4dfb2f2d0f5bbed97a03ea28896000e4ed6dee49a944c4411,49,"{""field"":""Brier_equal_class"",""where"":{""construct"":""ALL"",""policy"":""symmetric_confidence"",""release"":""2025_DRACH"",""threshold"":""0.99""}}",T4_pooled_reference,FROZEN_LOCAL_RESULT_ONLY,PASS,ALL,0.99,provider construct-condition label,read-site,ML midpoint p=(m+0.5)/256; explicit O,195537,20877,881,193590,192495,144083
T4_pooled_reference:ALL:0.99:Brier_observed,T4_pooled_reference,"Existing Brier_observed at symmetric midpoint threshold 0.99, ALL",REUSED_PRIOR_RESULT,2025_DRACH; all saved explicit O; symmetric midpoint selection,Brier_observed,0.0022157515546896017,0.002,NOT_APPLICABLE_DESCRIPTIVE; ML interval sensitivity is reported separately,NONE; no significance test or independent-replication claim,run_001/results/FILTER_CURVES.tsv,RMT-METHODS-TARGETED-001 frozen run_001,441bdb5accc32aa4dfb2f2d0f5bbed97a03ea28896000e4ed6dee49a944c4411,49,"{""field"":""Brier_observed"",""where"":{""construct"":""ALL"",""policy"":""symmetric_confidence"",""release"":""2025_DRACH"",""threshold"":""0.99""}}",T4_pooled_reference,FROZEN_LOCAL_RESULT_ONLY,PASS,ALL,0.99,provider construct-condition label,read-site,ML midpoint p=(m+0.5)/256; explicit O,195537,20877,881,193590,192495,144083
T4_pooled_reference:ALL:0.99:S_class_0,T4_pooled_reference,"Existing S_class_0 at symmetric midpoint threshold 0.99, ALL",REUSED_PRIOR_RESULT,2025_DRACH; all saved explicit O; symmetric midpoint selection,S_class_0,881,881,NOT_APPLICABLE_DESCRIPTIVE; ML interval sensitivity is reported separately,NONE; no significance test or independent-replication claim,run_001/results/FILTER_CURVES.tsv,RMT-METHODS-TARGETED-001 frozen run_001,441bdb5accc32aa4dfb2f2d0f5bbed97a03ea28896000e4ed6dee49a944c4411,49,"{""field"":""S_class_0"",""where"":{""construct"":""ALL"",""policy"":""symmetric_confidence"",""release"":""2025_DRACH"",""threshold"":""0.99""}}",T4_pooled_reference,FROZEN_LOCAL_RESULT_ONLY,PASS,ALL,0.99,provider construct-condition label,read-site,ML midpoint p=(m+0.5)/256; explicit O,195537,20877,881,193590,192495,144083
T4_pooled_reference:ALL:0.99:S_class_1,T4_pooled_reference,"Existing S_class_1 at symmetric midpoint threshold 0.99, ALL",REUSED_PRIOR_RESULT,2025_DRACH; all saved explicit O; symmetric midpoint selection,S_class_1,144083,"144,083",NOT_APPLICABLE_DESCRIPTIVE; ML interval sensitivity is reported separately,NONE; no significance test or independent-replication claim,run_001/results/FILTER_CURVES.tsv,RMT-METHODS-TARGETED-001 frozen run_001,441bdb5accc32aa4dfb2f2d0f5bbed97a03ea28896000e4ed6dee49a944c4411,49,"{""field"":""S_class_1"",""where"":{""construct"":""ALL"",""policy"":""symmetric_confidence"",""release"":""2025_DRACH"",""threshold"":""0.99""}}",T4_pooled_reference,FROZEN_LOCAL_RESULT_ONLY,PASS,ALL,0.99,provider construct-condition label,read-site,ML midpoint p=(m+0.5)/256; explicit O,195537,20877,881,193590,192495,144083
C1_prior_high_threshold_direction,Summary,All 5 of 5 existing construct equal-class Brier values increase from 0.90 to 0.95 and from 0.95 to 0.99,REUSED_PRIOR_RESULT,2025_DRACH; five existing constructs; existing midpoint curves,constructs_with_both_adjacent_high_threshold_increases,5,5/5,NONE; descriptive directional consistency only,NONE,run_001/results/FILTER_CURVES.tsv,RMT-METHODS-TARGETED-001 frozen run_001,441bdb5accc32aa4dfb2f2d0f5bbed97a03ea28896000e4ed6dee49a944c4411,32;38;44;33;39;45;34;40;46;35;41;47;36;42;48,"{""selectors"":[{""field"":""Brier_equal_class"",""where"":{""construct"":""DRACH_oligo_0"",""policy"":""symmetric_confidence"",""release"":""2025_DRACH"",""threshold"":""0.9""}},{""field"":""Brier_equal_class"",""where"":{""construct"":""DRACH_oligo_0"",""policy"":""symmetric_confidence"",""release"":""2025_DRACH"",""threshold"":""0.95""}},{""field"":""Brier_equal_class"",""where"":{""construct"":""DRACH_oligo_0"",""policy"":""symmetric_confidence"",""release"":""2025_DRACH"",""threshold"":""0.99""}},{""field"":""Brier_equal_class"",""where"":{""construct"":""DRACH_oligo_1"",""policy"":""symmetric_confidence"",""release"":""2025_DRACH"",""threshold"":""0.9""}},{""field"":""Brier_equal_class"",""where"":{""construct"":""DRACH_oligo_1"",""policy"":""symmetric_confidence"",""release"":""2025_DRACH"",""threshold"":""0.95""}},{""field"":""Brier_equal_class"",""where"":{""construct"":""DRACH_oligo_1"",""policy"":""symmetric_confidence"",""release"":""2025_DRACH"",""threshold"":""0.99""}},{""field"":""Brier_equal_class"",""where"":{""construct"":""DRACH_oligo_2"",""policy"":""symmetric_confidence"",""release"":""2025_DRACH"",""threshold"":""0.9""}},{""field"":""Brier_equal_class"",""where"":{""construct"":""DRACH_oligo_2"",""policy"":""symmetric_confidence"",""release"":""2025_DRACH"",""threshold"":""0.95""}},{""field"":""Brier_equal_class"",""where"":{""construct"":""DRACH_oligo_2"",""policy"":""symmetric_confidence"",""release"":""2025_DRACH"",""threshold"":""0.99""}},{""field"":""Brier_equal_class"",""where"":{""construct"":""DRACH_oligo_3"",""policy"":""symmetric_confidence"",""release"":""2025_DRACH"",""threshold"":""0.9""}},{""field"":""Brier_equal_class"",""where"":{""construct"":""DRACH_oligo_3"",""policy"":""symmetric_confidence"",""release"":""2025_DRACH"",""threshold"":""0.95""}},{""field"":""Brier_equal_class"",""where"":{""construct"":""DRACH_oligo_3"",""policy"":""symmetric_confidence"",""release"":""2025_DRACH"",""threshold"":""0.99""}},{""field"":""Brier_equal_class"",""where"":{""construct"":""DRACH_oligo_4"",""policy"":""symmetric_confidence"",""release"":""2025_DRACH"",""threshold"":""0.9""}},{""field"":""Brier_equal_class"",""where"":{""construct"":""DRACH_oligo_4"",""policy"":""symmetric_confidence"",""release"":""2025_DRACH"",""threshold"":""0.95""}},{""field"":""Brier_equal_class"",""where"":{""construct"":""DRACH_oligo_4"",""policy"":""symmetric_confidence"",""release"":""2025_DRACH"",""threshold"":""0.99""}}],""verification"":""count each construct satisfying Brier(.90)<Brier(.95)<Brier(.99); denominator=5""}",T1_equal_class_Brier,FROZEN_LOCAL_RESULT_ONLY,PASS,,,provider construct-condition label,read-site,ML midpoint p=(m+0.5)/256; explicit O,,,,,,
