release	construct	truth_class	threshold	analysis_class	opportunities	N	O	midpoint_S	minimum_S	maximum_S	ambiguous_S	midpoint_Brier	fixed_inf	fixed_sup	variable_inf	variable_sup	fixed_guaranteed_nonempty	variable_guaranteed_nonempty	variable_possible_nonempty
2025_DRACH	DRACH_oligo_0	0	0.5	POSTHOC_QUANTIZATION_SENSITIVITY	39383	39081	3655	3655	3655	3655	0	0.12306261284406796	0.12208132972143254	0.12405152536123461	0.12208132972143254	0.12405152536123461	True	True	True
2025_DRACH	DRACH_oligo_0	1	0.5	POSTHOC_QUANTIZATION_SENSITIVITY	39538	39140	38849	38849	38849	38849	0	0.0366810693063068	0.03640911720223051	0.03696065080491434	0.03640911720223051	0.03696065080491434	True	True	True
2025_DRACH	DRACH_oligo_1	0	0.5	POSTHOC_QUANTIZATION_SENSITIVITY	39197	38816	3535	3535	3535	3535	0	0.11466407074449424	0.11373430006574876	0.11560147081777095	0.11373430006574876	0.11560147081777095	True	True	True
2025_DRACH	DRACH_oligo_1	1	0.5	POSTHOC_QUANTIZATION_SENSITIVITY	39082	38623	38411	38411	38411	38411	0	0.030832121371043564	0.03060550714028859	0.031066364996329785	0.03060550714028859	0.031066364996329785	True	True	True
2025_DRACH	DRACH_oligo_2	0	0.5	POSTHOC_QUANTIZATION_SENSITIVITY	39772	39238	6944	6944	6944	6944	0	0.11647083352787703	0.11551530240318193	0.11743399404710339	0.11551530240318193	0.11743399404710339	True	True	True
2025_DRACH	DRACH_oligo_2	1	0.5	POSTHOC_QUANTIZATION_SENSITIVITY	39235	38495	38253	38253	38253	38253	0	0.04219315980888269	0.04188008986899822	0.0425138591432984	0.04188008986899822	0.0425138591432984	True	True	True
2025_DRACH	DRACH_oligo_3	0	0.5	POSTHOC_QUANTIZATION_SENSITIVITY	39634	39295	3732	3732	3732	3732	0	0.1489173055078439	0.14782087647007722	0.15002136394014184	0.14782087647007722	0.15002136394014184	True	True	True
2025_DRACH	DRACH_oligo_3	1	0.5	POSTHOC_QUANTIZATION_SENSITIVITY	39154	38668	38487	38487	38487	38487	0	0.022404819216648792	0.02224378511230253	0.022573482715526307	0.02224378511230253	0.022573482715526307	True	True	True
2025_DRACH	DRACH_oligo_4	0	0.5	POSTHOC_QUANTIZATION_SENSITIVITY	39577	39107	3011	3011	3011	3011	0	0.10931565111477642	0.10836520364457924	0.11027372797950484	0.10836520364457924	0.11027372797950484	True	True	True
2025_DRACH	DRACH_oligo_4	1	0.5	POSTHOC_QUANTIZATION_SENSITIVITY	39256	38664	38495	38495	38495	38495	0	0.023668970518537058	0.023501819591272	0.023843750840333362	0.023501819591272	0.023843750840333362	True	True	True
2025_DRACH	ALL	0	0.5	POSTHOC_QUANTIZATION_SENSITIVITY	197563	195537	20877	20877	20877	20877	0	0.12208715896471231	0.12110702734646306	0.1230749199774928	0.12110702734646306	0.1230749199774928	True	True	True
2025_DRACH	ALL	1	0.5	POSTHOC_QUANTIZATION_SENSITIVITY	196265	193590	192495	192495	192495	192495	0	0.03115281807286061	0.03092487653963516	0.03138838900061731	0.03092487653963516	0.03138838900061731	True	True	True
2025_DRACH	DRACH_oligo_0	0	0.6	POSTHOC_QUANTIZATION_SENSITIVITY	39383	39081	3655	3302	3302	3315	13	0.11062261395422637	0.10973884494719109	0.11151401235579289	0.10973884494719109	0.11194774617328902	True	True	True
2025_DRACH	DRACH_oligo_0	1	0.6	POSTHOC_QUANTIZATION_SENSITIVITY	39538	39140	38849	37807	37807	37844	37	0.03078236021039398	0.03055633432721929	0.031016015488099923	0.03055633432721929	0.031238143206423905	True	True	True
2025_DRACH	DRACH_oligo_1	0	0.6	POSTHOC_QUANTIZATION_SENSITIVITY	39197	38816	3535	3205	3205	3222	17	0.10144316841399242	0.10061409841647573	0.10227986780604037	0.10061409841647573	0.10296034791024111	True	True	True
2025_DRACH	DRACH_oligo_1	1	0.6	POSTHOC_QUANTIZATION_SENSITIVITY	39082	38623	38411	37573	37573	37609	36	0.025904770309663074	0.025716423883641926	0.02610074613021547	0.025716423883641926	0.026314801601028635	True	True	True
2025_DRACH	DRACH_oligo_2	0	0.6	POSTHOC_QUANTIZATION_SENSITIVITY	39772	39238	6944	6207	6207	6249	42	0.10148208283832612	0.10063946494853342	0.10233233012265008	0.10063946494853342	0.10313989115211558	True	True	True
2025_DRACH	DRACH_oligo_2	1	0.6	POSTHOC_QUANTIZATION_SENSITIVITY	39235	38495	38253	36997	36997	37049	52	0.0350413557148967	0.03478375110677259	0.03530658971755206	0.03478375110677259	0.03559603028556249	True	True	True
2025_DRACH	DRACH_oligo_3	0	0.6	POSTHOC_QUANTIZATION_SENSITIVITY	39634	39295	3732	3390	3390	3398	8	0.13962981862656135	0.13861449925245437	0.14065276739519958	0.13861449925245437	0.1407577277548949	True	True	True
2025_DRACH	DRACH_oligo_3	1	0.6	POSTHOC_QUANTIZATION_SENSITIVITY	39154	38668	38487	37921	37921	37938	17	0.019005423240252197	0.01887089301851938	0.01914758285651626	0.01887089301851938	0.01925858997508064	True	True	True
2025_DRACH	DRACH_oligo_4	0	0.6	POSTHOC_QUANTIZATION_SENSITIVITY	39577	39107	3011	2667	2667	2681	14	0.0930068263142217	0.09217606763693112	0.09384521438604354	0.09217606763693112	0.0944918674126084	True	True	True
2025_DRACH	DRACH_oligo_4	1	0.6	POSTHOC_QUANTIZATION_SENSITIVITY	39256	38664	38495	37888	37888	37920	32	0.020018193367365246	0.01987945389103245	0.020164562238229287	0.01987945389103245	0.02036774718208152	True	True	True
2025_DRACH	ALL	0	0.6	POSTHOC_QUANTIZATION_SENSITIVITY	197563	195537	20877	18771	18771	18865	94	0.10876856881067944	0.10789152070904545	0.10965324630684467	0.10789152070904545	0.11020374528413232	True	True	True
2025_DRACH	ALL	1	0.6	POSTHOC_QUANTIZATION_SENSITIVITY	196265	193590	192495	188186	188186	188360	174	0.026105489407818365	0.025916788971364683	0.026301819238803297	0.025916788971364683	0.02651106578140761	True	True	True
2025_DRACH	DRACH_oligo_0	0	0.7	POSTHOC_QUANTIZATION_SENSITIVITY	39383	39081	3655	2861	2845	2861	16	0.0969910886645192	0.09622659586560096	0.0977632108579687	0.09567681600632766	0.0977939325870234	True	True	True
2025_DRACH	DRACH_oligo_0	1	0.7	POSTHOC_QUANTIZATION_SENSITIVITY	39538	39140	38849	36698	36643	36698	55	0.023947060104936427	0.023771145160701453	0.024130604443702654	0.023510479261445526	0.024130092851407093	True	True	True
2025_DRACH	DRACH_oligo_1	0	0.7	POSTHOC_QUANTIZATION_SENSITIVITY	39197	38816	3535	2844	2828	2844	16	0.08989605588416677	0.08916912266641394	0.09063061849645086	0.08846511115235063	0.09063124463114686	True	True	True
2025_DRACH	DRACH_oligo_1	1	0.7	POSTHOC_QUANTIZATION_SENSITIVITY	39082	38623	38411	36773	36747	36773	26	0.021102063037908726	0.02094975181216305	0.02126200365818565	0.020782246889281566	0.02126181220235465	True	True	True
2025_DRACH	DRACH_oligo_2	0	0.7	POSTHOC_QUANTIZATION_SENSITIVITY	39772	39238	6944	5431	5391	5431	40	0.08713404009781628	0.08640928343939883	0.087866426150765	0.0857274121465101	0.0878637470546688	True	True	True
2025_DRACH	DRACH_oligo_2	1	0.7	POSTHOC_QUANTIZATION_SENSITIVITY	39235	38495	38253	35679	35629	35679	50	0.02700503206115396	0.02680685138010104	0.02721084213673813	0.026484568697412704	0.027210460639213105	True	True	True
2025_DRACH	DRACH_oligo_3	0	0.7	POSTHOC_QUANTIZATION_SENSITIVITY	39634	39295	3732	2941	2925	2941	16	0.1318583885693542	0.13093566375701293	0.13278874277622674	0.13032603978461077	0.1329476210037596	True	True	True
2025_DRACH	DRACH_oligo_3	1	0.7	POSTHOC_QUANTIZATION_SENSITIVITY	39154	38668	38487	37300	37267	37300	33	0.014802685039612308	0.014698223287873869	0.014914776185881995	0.014407359524051104	0.0149146251852327	True	True	True
2025_DRACH	DRACH_oligo_4	0	0.7	POSTHOC_QUANTIZATION_SENSITIVITY	39577	39107	3011	2282	2265	2282	17	0.0765407104224724	0.07584373079612525	0.07724531944335082	0.07539759755924048	0.07724223425260873	True	True	True
2025_DRACH	DRACH_oligo_4	1	0.7	POSTHOC_QUANTIZATION_SENSITIVITY	39256	38664	38495	37182	37155	37182	27	0.0153683573207965	0.015263329108312448	0.015481014927811803	0.015091723084144967	0.015480812954662833	True	True	True
2025_DRACH	ALL	0	0.7	POSTHOC_QUANTIZATION_SENSITIVITY	197563	195537	20877	16359	16254	16359	105	0.09590086688315623	0.09513706673881493	0.09667229642202878	0.0945343824703982	0.09670277955278848	True	True	True
2025_DRACH	ALL	1	0.7	POSTHOC_QUANTIZATION_SENSITIVITY	196265	193590	192495	183632	183441	183632	191	0.020377027580232646	0.02023038027375233	0.020531304281244216	0.019987082793442655	0.020531018011098624	True	True	True
2025_DRACH	DRACH_oligo_0	0	0.8	POSTHOC_QUANTIZATION_SENSITIVITY	39383	39081	3655	2311	2311	2342	31	0.09148740582732295	0.09082422128542839	0.09215821976374879	0.09019048315847022	0.09263300782305516	True	True	True
2025_DRACH	DRACH_oligo_0	1	0.8	POSTHOC_QUANTIZATION_SENSITIVITY	39538	39140	38849	35358	35358	35417	59	0.015874399292744812	0.015754349718968302	0.01600207826105257	0.015754349718968302	0.016364605831972686	True	True	True
2025_DRACH	DRACH_oligo_1	0	0.8	POSTHOC_QUANTIZATION_SENSITIVITY	39197	38816	3535	2286	2286	2315	29	0.07867400602405779	0.07807475145929024	0.07928088998335657	0.0776594913867272	0.08026249648181633	True	True	True
2025_DRACH	DRACH_oligo_1	1	0.8	POSTHOC_QUANTIZATION_SENSITIVITY	39082	38623	38411	35638	35638	35698	60	0.013722330948955797	0.013619497680150269	0.013832793612292575	0.013619497680150269	0.014196785824179575	True	True	True
2025_DRACH	DRACH_oligo_2	0	0.8	POSTHOC_QUANTIZATION_SENSITIVITY	39772	39238	6944	4423	4423	4465	42	0.07431902315129853	0.07372097814888968	0.0749246975482386	0.07342351471453384	0.075308560570925	True	True	True
2025_DRACH	DRACH_oligo_2	1	0.8	POSTHOC_QUANTIZATION_SENSITIVITY	39235	38495	38253	34227	34227	34299	72	0.01820505038393569	0.018067964361075276	0.018349765801327352	0.018067964361075276	0.018710747982983743	True	True	True
2025_DRACH	DRACH_oligo_3	0	0.8	POSTHOC_QUANTIZATION_SENSITIVITY	39634	39295	3732	2274	2274	2300	26	0.1312336816846433	0.13040572462526454	0.13206926813855335	0.129575628808381	0.1331863838520527	True	True	True
2025_DRACH	DRACH_oligo_3	1	0.8	POSTHOC_QUANTIZATION_SENSITIVITY	39154	38668	38487	36460	36460	36497	37	0.008416836351989981	0.008352921444573247	0.008488380653937963	0.008352921444573247	0.008734488220323544	True	True	True
2025_DRACH	DRACH_oligo_4	0	0.8	POSTHOC_QUANTIZATION_SENSITIVITY	39577	39107	3011	1810	1810	1835	25	0.06631444857265409	0.06574164121849102	0.06689488532134841	0.0654007007927515	0.06721203370623534	True	True	True
2025_DRACH	DRACH_oligo_4	1	0.8	POSTHOC_QUANTIZATION_SENSITIVITY	39256	38664	38495	36444	36444	36472	28	0.009959975263444642	0.009889778302171439	0.010037801619249095	0.009889778302171439	0.010192686090555127	True	True	True
2025_DRACH	ALL	0	0.8	POSTHOC_QUANTIZATION_SENSITIVITY	197563	195537	20877	13104	13104	13257	153	0.08687757601522555	0.0862314203283289	0.08753136109665345	0.0857463745061877	0.08816447251816605	True	True	True
2025_DRACH	ALL	1	0.8	POSTHOC_QUANTIZATION_SENSITIVITY	196265	193590	192495	178127	178127	178383	256	0.013155147125013367	0.01305695805907289	0.013260965585485092	0.01305695805907289	0.01355887227954891	True	True	True
2025_DRACH	DRACH_oligo_0	0	0.9	POSTHOC_QUANTIZATION_SENSITIVITY	39383	39081	3655	1435	1399	1435	36	0.09209229738454786	0.09153471092729203	0.09265751323633493	0.0910356487024113	0.09471607753208705	True	True	True
2025_DRACH	DRACH_oligo_0	1	0.9	POSTHOC_QUANTIZATION_SENSITIVITY	39538	39140	38849	33446	33329	33446	117	0.007353797195873456	0.007291109376722693	0.007424114409555468	0.006948168276524386	0.007423144518840771	True	True	True
2025_DRACH	DRACH_oligo_1	0	0.9	POSTHOC_QUANTIZATION_SENSITIVITY	39197	38816	3535	1494	1438	1494	56	0.0788017334229496	0.0782993934559854	0.07931170278444508	0.07536031866586336	0.08170078731970114	True	True	True
2025_DRACH	DRACH_oligo_1	1	0.9	POSTHOC_QUANTIZATION_SENSITIVITY	39082	38623	38411	34057	33963	34057	94	0.005998820291345495	0.005946243509703172	0.006059026467519067	0.005607502769989354	0.006058286669166306	True	True	True
2025_DRACH	DRACH_oligo_2	0	0.9	POSTHOC_QUANTIZATION_SENSITIVITY	39772	39238	6944	2787	2668	2787	119	0.0680306718304117	0.06755647361599335	0.06851249943936132	0.06569408718630565	0.07094918224299065	True	True	True
2025_DRACH	DRACH_oligo_2	1	0.9	POSTHOC_QUANTIZATION_SENSITIVITY	39235	38495	38253	32150	32043	32150	107	0.008203719926659093	0.008132589052476186	0.00828248019537325	0.007779395242117282	0.00828156916735517	True	True	True
2025_DRACH	DRACH_oligo_3	0	0.9	POSTHOC_QUANTIZATION_SENSITIVITY	39634	39295	3732	1374	1324	1374	50	0.1646273361716902	0.16377521498234512	0.16548708675556656	0.1614252707660416	0.17074122260260888	True	True	True
2025_DRACH	DRACH_oligo_3	1	0.9	POSTHOC_QUANTIZATION_SENSITIVITY	39154	38668	38487	35451	35397	35451	54	0.003165327669726733	0.003134842480642295	0.0032034422533424216	0.0030124036121473483	0.003203006944637272	True	True	True
2025_DRACH	DRACH_oligo_4	0	0.9	POSTHOC_QUANTIZATION_SENSITIVITY	39577	39107	3011	1074	1038	1074	36	0.05509082787085734	0.054674073970517635	0.055515211165728294	0.053270126456645	0.05699291229248047	True	True	True
2025_DRACH	DRACH_oligo_4	1	0.9	POSTHOC_QUANTIZATION_SENSITIVITY	39256	38664	38495	35435	35387	35435	48	0.004426308264933538	0.0043906453938549455	0.004469600530543381	0.004203338239281021	0.004469245016045003	True	True	True
2025_DRACH	ALL	0	0.9	POSTHOC_QUANTIZATION_SENSITIVITY	197563	195537	20877	8164	7867	8164	297	0.08878603967482526	0.08823598686939708	0.08934372187478469	0.08638187498860697	0.0921089276822537	True	True	True
2025_DRACH	ALL	1	0.9	POSTHOC_QUANTIZATION_SENSITIVITY	196265	193590	192495	170539	170119	170539	420	0.005764469029987448	0.005714518190991137	0.005822049263515008	0.0054471979011233955	0.005821375202958295	True	True	True
2025_DRACH	DRACH_oligo_0	0	0.95	POSTHOC_QUANTIZATION_SENSITIVITY	39383	39081	3655	514	399	514	115	0.19984378146754164	0.19897235321163667	0.20072283911797786	0.1976038466187713	0.25719390869140624	True	True	True
2025_DRACH	DRACH_oligo_0	1	0.95	POSTHOC_QUANTIZATION_SENSITIVITY	39538	39140	38849	31496	31278	31496	218	0.001761043317008509	0.001734161667633638	0.00179555436091463	0.0012424141406799508	0.0017950518905798553	True	True	True
2025_DRACH	DRACH_oligo_1	0	0.95	POSTHOC_QUANTIZATION_SENSITIVITY	39197	38816	3535	558	447	558	111	0.13175126215890318	0.13115197185119848	0.13235818186113912	0.11710335390411154	0.1610402914836057	True	True	True
2025_DRACH	DRACH_oligo_1	1	0.95	POSTHOC_QUANTIZATION_SENSITIVITY	39082	38623	38411	32443	32249	32443	194	0.0014128429698682472	0.0013896268514141628	0.0014436884828535816	0.0010224424882239566	0.0014432492171064925	True	True	True
2025_DRACH	DRACH_oligo_2	0	0.95	POSTHOC_QUANTIZATION_SENSITIVITY	39772	39238	6944	876	643	876	233	0.13186204814475422	0.1312514353016196	0.1324802903824201	0.12594271254265446	0.1779158111713333	True	True	True
2025_DRACH	DRACH_oligo_2	1	0.95	POSTHOC_QUANTIZATION_SENSITIVITY	39235	38495	38253	30002	29718	30002	284	0.0018265895005599886	0.001796188644389853	0.0018646197512613742	0.0010967222547874499	0.0018639347993662403	True	True	True
2025_DRACH	DRACH_oligo_3	0	0.95	POSTHOC_QUANTIZATION_SENSITIVITY	39634	39295	3732	394	284	394	110	0.45952116293350453	0.4576431119502498	0.46140684331129045	0.4496234430515181	0.6238099193245275	True	True	True
2025_DRACH	DRACH_oligo_3	1	0.95	POSTHOC_QUANTIZATION_SENSITIVITY	39154	38668	38487	34543	34429	34543	114	0.0006002278111630681	0.0005861348663825703	0.0006219501504748158	0.00034584210057405273	0.0006217108194406247	True	True	True
2025_DRACH	DRACH_oligo_4	0	0.95	POSTHOC_QUANTIZATION_SENSITIVITY	39577	39107	3011	399	294	399	105	0.08754972108922209	0.08710822007411106	0.08799885149886434	0.07677943815434644	0.1165674522170255	True	True	True
2025_DRACH	DRACH_oligo_4	1	0.95	POSTHOC_QUANTIZATION_SENSITIVITY	39256	38664	38495	34482	34389	34482	93	0.0012629820779030772	0.001246373397997959	0.0012872201523394453	0.001060844136745898	0.0012870237820525022	True	True	True
2025_DRACH	ALL	0	0.95	POSTHOC_QUANTIZATION_SENSITIVITY	197563	195537	20877	2741	2067	2741	674	0.18523595003436316	0.18442116493467256	0.18605836452858504	0.1767584595356719	0.24252036873620886	True	True	True
2025_DRACH	ALL	1	0.95	POSTHOC_QUANTIZATION_SENSITIVITY	196265	193590	192495	162966	162063	162966	903	0.0013523547259612196	0.0013304393292614526	0.0013818995171922363	0.0009429279722201493	0.0013814965786455265	True	True	True
2025_DRACH	DRACH_oligo_0	0	0.99	POSTHOC_QUANTIZATION_SENSITIVITY	39383	39081	3655	171	128	171	43	0.3892640900193599	0.38772931015282347	0.39080649928042765	0.3663122003728693	0.4986778373148904	True	True	True
2025_DRACH	DRACH_oligo_0	1	0.99	POSTHOC_QUANTIZATION_SENSITIVITY	39538	39140	38849	26818	25258	26818	1560	0.0001971867626985898	0.00018912693808583554	0.00021287598184259406	0.00015271306993639762	0.0002175387787211984	True	True	True
2025_DRACH	DRACH_oligo_1	0	0.99	POSTHOC_QUANTIZATION_SENSITIVITY	39197	38816	3535	194	147	194	47	0.16851008307073534	0.16783480300116785	0.16919299253483408	0.13304490940545194	0.21172957881804436	True	True	True
2025_DRACH	DRACH_oligo_1	1	0.99	POSTHOC_QUANTIZATION_SENSITIVITY	39082	38623	38411	28432	26921	28432	1511	0.0003583303783204224	0.00034982673760941676	0.00037446341356267804	0.0001437442773904722	0.0003877172903243027	True	True	True
2025_DRACH	DRACH_oligo_2	0	0.99	POSTHOC_QUANTIZATION_SENSITIVITY	39772	39238	6944	254	187	254	67	0.1952286066971426	0.1944486963467335	0.19601614644208293	0.16571294044961735	0.253980286267339	True	True	True
2025_DRACH	DRACH_oligo_2	1	0.99	POSTHOC_QUANTIZATION_SENSITIVITY	39235	38495	38253	24692	22931	24692	1761	0.0002541151962885879	0.0002450595387913469	0.0002708002483170789	0.00012640895315854227	0.000281031445491342	True	True	True
2025_DRACH	DRACH_oligo_3	0	0.99	POSTHOC_QUANTIZATION_SENSITIVITY	39634	39295	3732	163	144	163	19	0.7626023321795318	0.7596129434971721	0.7655993502564226	0.7498718652969751	0.8264307691561465	True	True	True
2025_DRACH	DRACH_oligo_3	1	0.99	POSTHOC_QUANTIZATION_SENSITIVITY	39154	38668	38487	32079	31121	32079	958	0.00013140840695985642	0.0001252658156304553	0.00014518039282050758	6.43764205320401e-05	0.00014542155962456423	True	True	True
2025_DRACH	DRACH_oligo_4	0	0.99	POSTHOC_QUANTIZATION_SENSITIVITY	39577	39107	3011	99	60	99	39	0.14027709190291587	0.1397100891729798	0.14085172402738322	0.1135541598002116	0.22125994969928076	True	True	True
2025_DRACH	DRACH_oligo_4	1	0.99	POSTHOC_QUANTIZATION_SENSITIVITY	39256	38664	38495	32062	31133	32062	929	0.0002558526569828331	0.00024915676986678154	0.0002701779386301346	0.00018824281650859715	0.0002741333223449795	True	True	True
2025_DRACH	ALL	0	0.99	POSTHOC_QUANTIZATION_SENSITIVITY	197563	195537	20877	881	666	881	215	0.32580566839246283	0.32451741351713254	0.32710155266232444	0.29913767328802143	0.41223386838200776	True	True	True
2025_DRACH	ALL	1	0.99	POSTHOC_QUANTIZATION_SENSITIVITY	196265	193590	192495	144083	137364	144083	6719	0.0002371509096858316	0.00022956321437095936	0.0002523679995319538	0.00013467407290110339	0.0002579826962875128	True	True	True
2026_all5mer	5mers_A_RNA_sparse_seq_01	0	0.5	POSTHOC_QUANTIZATION_SENSITIVITY	73966	72769	24406	24406	24406	24406	0	0.08314942770450513	0.08240164419397862	0.08390484060956291	0.08240164419397862	0.08390484060956291	True	True	True
2026_all5mer	5mers_A_RNA_sparse_seq_01	1	0.5	POSTHOC_QUANTIZATION_SENSITIVITY	72043	70521	69619	69619	69619	69619	0	0.06095011670340238	0.060493265733697094	0.06141459706763891	0.060493265733697094	0.06141459706763891	True	True	True
2026_all5mer	5mers_A_RNA_sparse_seq_02	0	0.5	POSTHOC_QUANTIZATION_SENSITIVITY	73580	72370	22507	22507	22507	22507	0	0.0820536502236956	0.08130174469809046	0.08281318514383199	0.08130174469809046	0.08281318514383199	True	True	True
2026_all5mer	5mers_A_RNA_sparse_seq_02	1	0.5	POSTHOC_QUANTIZATION_SENSITIVITY	72171	71172	70623	70623	70623	70623	0	0.08490117488177416	0.0842857522344521	0.08552422692362749	0.0842857522344521	0.08552422692362749	True	True	True
2026_all5mer	5mers_A_RNA_sparse_seq_03	0	0.5	POSTHOC_QUANTIZATION_SENSITIVITY	76011	75191	20000	20000	20000	20000	0	0.09636007843017579	0.0955084686279297	0.09721931762695313	0.0955084686279297	0.09721931762695313	True	True	True
2026_all5mer	5mers_A_RNA_sparse_seq_03	1	0.5	POSTHOC_QUANTIZATION_SENSITIVITY	72803	71868	71400	71400	71400	71400	0	0.06158243601395636	0.0611157621923281	0.06205673923011588	0.0611157621923281	0.06205673923011588	True	True	True
2026_all5mer	5mers_A_RNA_sparse_seq_04	0	0.5	POSTHOC_QUANTIZATION_SENSITIVITY	74257	73395	21962	21962	21962	21962	0	0.1194626759792349	0.1185171830611806	0.12041579829182046	0.1185171830611806	0.12041579829182046	True	True	True
2026_all5mer	5mers_A_RNA_sparse_seq_04	1	0.5	POSTHOC_QUANTIZATION_SENSITIVITY	71382	70253	69619	69619	69619	69619	0	0.07422002576662169	0.07368399978778187	0.07476368113999277	0.07368399978778187	0.07476368113999277	True	True	True
2026_all5mer	5mers_A_RNA_sparse_seq_05	0	0.5	POSTHOC_QUANTIZATION_SENSITIVITY	72808	72119	21025	21025	21025	21025	0	0.09709696784456051	0.09623871321343638	0.09796285187021589	0.09623871321343638	0.09796285187021589	True	True	True
2026_all5mer	5mers_A_RNA_sparse_seq_05	1	0.5	POSTHOC_QUANTIZATION_SENSITIVITY	74353	73753	73382	73382	73382	73382	0	0.0594106900169221	0.058955294844635776	0.05987371458373967	0.058955294844635776	0.05987371458373967	True	True	True
2026_all5mer	5mers_A_RNA_sparse_seq_06	0	0.5	POSTHOC_QUANTIZATION_SENSITIVITY	76086	75164	20639	20639	20639	20639	0	0.0761719383965387	0.07546442803431345	0.0768870781532952	0.07546442803431345	0.0768870781532952	True	True	True
2026_all5mer	5mers_A_RNA_sparse_seq_06	1	0.5	POSTHOC_QUANTIZATION_SENSITIVITY	75318	73985	73212	73212	73212	73212	0	0.07242201966795968	0.0718979888917683	0.07295367983868231	0.0718979888917683	0.07295367983868231	True	True	True
2026_all5mer	5mers_A_RNA_sparse_seq_07	0	0.5	POSTHOC_QUANTIZATION_SENSITIVITY	74968	74180	19389	19389	19389	19389	0	0.09453552366501958	0.09368176081285216	0.09539691591171823	0.09368176081285216	0.09539691591171823	True	True	True
2026_all5mer	5mers_A_RNA_sparse_seq_07	1	0.5	POSTHOC_QUANTIZATION_SENSITIVITY	71358	70341	69521	69521	69521	69521	0	0.08232063655277398	0.08174259548324708	0.08290630701683215	0.08174259548324708	0.08290630701683215	True	True	True
2026_all5mer	5mers_A_RNA_sparse_seq_08	0	0.5	POSTHOC_QUANTIZATION_SENSITIVITY	75951	75180	16571	16571	16571	16571	0	0.09976132269551935	0.09890695965201585	0.1006233151335541	0.09890695965201585	0.1006233151335541	True	True	True
2026_all5mer	5mers_A_RNA_sparse_seq_08	1	0.5	POSTHOC_QUANTIZATION_SENSITIVITY	73604	72439	71528	71528	71528	71528	0	0.06084532930258736	0.06040290121716976	0.06129538678253621	0.06040290121716976	0.06129538678253621	True	True	True
2026_all5mer	5mers_A_RNA_sparse_seq_09	0	0.5	POSTHOC_QUANTIZATION_SENSITIVITY	73973	72715	20457	20457	20457	20457	0	0.07168568080953007	0.07101245676310944	0.07236653425048195	0.07101245676310944	0.07236653425048195	True	True	True
2026_all5mer	5mers_A_RNA_sparse_seq_09	1	0.5	POSTHOC_QUANTIZATION_SENSITIVITY	73124	71616	70856	70856	70856	70856	0	0.0807888500036606	0.08020950033983151	0.08137582906202093	0.08020950033983151	0.08137582906202093	True	True	True
2026_all5mer	5mers_A_RNA_sparse_seq_10	0	0.5	POSTHOC_QUANTIZATION_SENSITIVITY	71263	70338	16556	16556	16556	16556	0	0.09720891292154515	0.09633069845984367	0.09809475677777789	0.09633069845984367	0.09809475677777789	True	True	True
2026_all5mer	5mers_A_RNA_sparse_seq_10	1	0.5	POSTHOC_QUANTIZATION_SENSITIVITY	69418	68199	67861	67861	67861	67861	0	0.048424776626222424	0.04804854548224611	0.048808637164729995	0.04804854548224611	0.048808637164729995	True	True	True
2026_all5mer	5mers_A_RNA_sparse_seq_11	0	0.5	POSTHOC_QUANTIZATION_SENSITIVITY	74685	73993	23470	23470	23470	23470	0	0.08747760624798197	0.08672027912960695	0.08824256276088824	0.08672027912960695	0.08824256276088824	True	True	True
2026_all5mer	5mers_A_RNA_sparse_seq_11	1	0.5	POSTHOC_QUANTIZATION_SENSITIVITY	72892	72158	71598	71598	71598	71598	0	0.059259373487888484	0.05882300351291346	0.05970337285739476	0.05882300351291346	0.05970337285739476	True	True	True
2026_all5mer	5mers_A_RNA_sparse_seq_12	0	0.5	POSTHOC_QUANTIZATION_SENSITIVITY	74252	73447	20730	20730	20730	20730	0	0.11447516927613306	0.11353628303023622	0.11542168491656114	0.11353628303023622	0.11542168491656114	True	True	True
2026_all5mer	5mers_A_RNA_sparse_seq_12	1	0.5	POSTHOC_QUANTIZATION_SENSITIVITY	74256	73463	72306	72306	72306	72306	0	0.06589981430256722	0.06539844819672641	0.06640880980293928	0.06539844819672641	0.06640880980293928	True	True	True
2026_all5mer	5mers_A_RNA_sparse_seq_13	0	0.5	POSTHOC_QUANTIZATION_SENSITIVITY	74437	72576	16692	16692	16692	16692	0	0.1003757543538704	0.09950870831121851	0.10125042979105353	0.09950870831121851	0.10125042979105353	True	True	True
2026_all5mer	5mers_A_RNA_sparse_seq_13	1	0.5	POSTHOC_QUANTIZATION_SENSITIVITY	72970	70966	70381	70381	70381	70381	0	0.05479985869087829	0.0544008409016083	0.05520650587467953	0.0544008409016083	0.05520650587467953	True	True	True
2026_all5mer	5mers_A_RNA_sparse_seq_14	0	0.5	POSTHOC_QUANTIZATION_SENSITIVITY	74624	73771	20738	20738	20738	20738	0	0.08312526095487167	0.08237692212768755	0.08388122917658707	0.08237692212768755	0.08388122917658707	True	True	True
2026_all5mer	5mers_A_RNA_sparse_seq_14	1	0.5	POSTHOC_QUANTIZATION_SENSITIVITY	72869	71627	71165	71165	71165	71165	0	0.06066276444693958	0.060210201338740735	0.06112295694966967	0.060210201338740735	0.06112295694966967	True	True	True
2026_all5mer	5mers_A_RNA_sparse_seq_15	0	0.5	POSTHOC_QUANTIZATION_SENSITIVITY	72411	71532	26849	26849	26849	26849	0	0.11193679448119613	0.1109844615390267	0.11289675681789679	0.1109844615390267	0.11289675681789679	True	True	True
2026_all5mer	5mers_A_RNA_sparse_seq_15	1	0.5	POSTHOC_QUANTIZATION_SENSITIVITY	72849	71798	71088	71088	71088	71088	0	0.09955178620765372	0.09885432938587121	0.10025687242396748	0.09885432938587121	0.10025687242396748	True	True	True
2026_all5mer	5mers_A_RNA_sparse_seq_16	0	0.5	POSTHOC_QUANTIZATION_SENSITIVITY	68695	67375	27974	27974	27974	27974	0	0.09255521810701664	0.09173565602263346	0.09338240958593108	0.09173565602263346	0.09338240958593108	True	True	True
2026_all5mer	5mers_A_RNA_sparse_seq_16	1	0.5	POSTHOC_QUANTIZATION_SENSITIVITY	71120	69692	68596	68596	68596	68596	0	0.07938312604146641	0.0788044678976504	0.07996941357981367	0.0788044678976504	0.07996941357981367	True	True	True
2026_all5mer	5mers_A_RNA_sparse_seq_17	0	0.5	POSTHOC_QUANTIZATION_SENSITIVITY	72145	71127	19109	19109	19109	19109	0	0.07428366533159941	0.07363685026193277	0.0749381097957973	0.07363685026193277	0.0749381097957973	True	True	True
2026_all5mer	5mers_A_RNA_sparse_seq_17	1	0.5	POSTHOC_QUANTIZATION_SENSITIVITY	69325	68050	67600	67600	67600	67600	0	0.05182475524541189	0.051428171643138634	0.05222896824221639	0.051428171643138634	0.05222896824221639	True	True	True
2026_all5mer	5mers_A_RNA_sparse_seq_18	0	0.5	POSTHOC_QUANTIZATION_SENSITIVITY	74475	73950	19397	19397	19397	19397	0	0.10444462404439404	0.1035680022074733	0.10532887527584606	0.1035680022074733	0.10532887527584606	True	True	True
2026_all5mer	5mers_A_RNA_sparse_seq_18	1	0.5	POSTHOC_QUANTIZATION_SENSITIVITY	72727	72250	71759	71759	71759	71759	0	0.05069987115610267	0.05030550809406856	0.05110186361266803	0.05030550809406856	0.05110186361266803	True	True	True
2026_all5mer	5mers_A_RNA_sparse_seq_19	0	0.5	POSTHOC_QUANTIZATION_SENSITIVITY	74940	73016	13762	13762	13762	13762	0	0.08451945101551288	0.08372761887565738	0.08531891254989964	0.08372761887565738	0.08531891254989964	True	True	True
2026_all5mer	5mers_A_RNA_sparse_seq_19	1	0.5	POSTHOC_QUANTIZATION_SENSITIVITY	73293	70540	70027	70027	70027	70027	0	0.06396724646398597	0.06351757887108499	0.06442454345141818	0.06351757887108499	0.06442454345141818	True	True	True
2026_all5mer	5mers_A_RNA_sparse_seq_20	0	0.5	POSTHOC_QUANTIZATION_SENSITIVITY	75427	73849	27734	27734	27734	27734	0	0.13466752590730452	0.13364576555806248	0.1356969156510778	0.13364576555806248	0.1356969156510778	True	True	True
2026_all5mer	5mers_A_RNA_sparse_seq_20	1	0.5	POSTHOC_QUANTIZATION_SENSITIVITY	75137	72786	72206	72206	72206	72206	0	0.07972357645096338	0.07915091255056333	0.08030386974589467	0.07915091255056333	0.08030386974589467	True	True	True
2026_all5mer	5mers_A_RNA_sparse_seq_21	0	0.5	POSTHOC_QUANTIZATION_SENSITIVITY	74673	73737	20124	20124	20124	20124	0	0.09332003865462841	0.09250068247519674	0.09414702422859132	0.09250068247519674	0.09414702422859132	True	True	True
2026_all5mer	5mers_A_RNA_sparse_seq_21	1	0.5	POSTHOC_QUANTIZATION_SENSITIVITY	71724	70875	70175	70175	70175	70175	0	0.05662171513659699	0.05620220884208285	0.057048850825642365	0.05620220884208285	0.057048850825642365	True	True	True
2026_all5mer	5mers_A_RNA_sparse_seq_22	0	0.5	POSTHOC_QUANTIZATION_SENSITIVITY	73671	72255	27698	27698	27698	27698	0	0.11567316820358264	0.1147179858022945	0.11663597999940203	0.1147179858022945	0.11663597999940203	True	True	True
2026_all5mer	5mers_A_RNA_sparse_seq_22	1	0.5	POSTHOC_QUANTIZATION_SENSITIVITY	70591	68555	67673	67673	67673	67673	0	0.10722879623402488	0.10645137380609812	0.1080138480564829	0.10645137380609812	0.1080138480564829	True	True	True
2026_all5mer	5mers_A_RNA_sparse_seq_23	0	0.5	POSTHOC_QUANTIZATION_SENSITIVITY	73766	72838	22688	22688	22688	22688	0	0.11423811488830825	0.11326991284347555	0.11521394632767219	0.11326991284347555	0.11521394632767219	True	True	True
2026_all5mer	5mers_A_RNA_sparse_seq_23	1	0.5	POSTHOC_QUANTIZATION_SENSITIVITY	72664	71284	70615	70615	70615	70615	0	0.08118944320025057	0.0805808112902048	0.08180570450482756	0.0805808112902048	0.08180570450482756	True	True	True
2026_all5mer	5mers_A_RNA_sparse_seq_24	0	0.5	POSTHOC_QUANTIZATION_SENSITIVITY	75139	74104	26394	26394	26394	26394	0	0.12149717916708476	0.12051634005527564	0.12248564767342512	0.12051634005527564	0.12248564767342512	True	True	True
2026_all5mer	5mers_A_RNA_sparse_seq_24	1	0.5	POSTHOC_QUANTIZATION_SENSITIVITY	73599	72358	71996	71996	71996	71996	0	0.06089308669987146	0.06042201365753772	0.06137178913673644	0.06042201365753772	0.06137178913673644	True	True	True
2026_all5mer	5mers_A_RNA_sparse_seq_25	0	0.5	POSTHOC_QUANTIZATION_SENSITIVITY	73151	72225	21884	21884	21884	21884	0	0.09787075368343988	0.09699938367433292	0.0987497530870781	0.09699938367433292	0.0987497530870781	True	True	True
2026_all5mer	5mers_A_RNA_sparse_seq_25	1	0.5	POSTHOC_QUANTIZATION_SENSITIVITY	73872	73023	71887	71887	71887	71887	0	0.08728670615894658	0.08670810397681158	0.08787293773561283	0.08670810397681158	0.08787293773561283	True	True	True
2026_all5mer	5mers_A_RNA_sparse_seq_26	0	0.5	POSTHOC_QUANTIZATION_SENSITIVITY	72282	71237	21806	21806	21806	21806	0	0.08723986381720394	0.08643739923013412	0.08804995779880502	0.08643739923013412	0.08804995779880502	True	True	True
2026_all5mer	5mers_A_RNA_sparse_seq_26	1	0.5	POSTHOC_QUANTIZATION_SENSITIVITY	73099	72290	71845	71845	71845	71845	0	0.07144020049239642	0.07089790590073737	0.07199012447858671	0.07089790590073737	0.07199012447858671	True	True	True
2026_all5mer	5mers_A_RNA_sparse_seq_27	0	0.5	POSTHOC_QUANTIZATION_SENSITIVITY	73821	72695	18495	18495	18495	18495	0	0.0889883583318417	0.08818181170164234	0.0898025343565723	0.08818181170164234	0.0898025343565723	True	True	True
2026_all5mer	5mers_A_RNA_sparse_seq_27	1	0.5	POSTHOC_QUANTIZATION_SENSITIVITY	74217	73413	72733	72733	72733	72733	0	0.058454629748253696	0.05802327126263343	0.05889361762840522	0.05802327126263343	0.05889361762840522	True	True	True
2026_all5mer	5mers_A_RNA_sparse_seq_28	0	0.5	POSTHOC_QUANTIZATION_SENSITIVITY	73628	72566	17403	17403	17403	17403	0	0.06612930929140888	0.06548082894966026	0.06678541902768874	0.06548082894966026	0.06678541902768874	True	True	True
2026_all5mer	5mers_A_RNA_sparse_seq_28	1	0.5	POSTHOC_QUANTIZATION_SENSITIVITY	72386	70997	69357	69357	69357	69357	0	0.07438984970778524	0.07391120874013933	0.07487612006996242	0.07391120874013933	0.07487612006996242	True	True	True
2026_all5mer	5mers_A_RNA_sparse_seq_29	0	0.5	POSTHOC_QUANTIZATION_SENSITIVITY	74562	73326	15919	15919	15919	15919	0	0.1024455119560199	0.1015743090508983	0.10332434425567276	0.1015743090508983	0.10332434425567276	True	True	True
2026_all5mer	5mers_A_RNA_sparse_seq_29	1	0.5	POSTHOC_QUANTIZATION_SENSITIVITY	72071	70884	70555	70555	70555	70555	0	0.04340425769372561	0.043065783830682845	0.04375036095129963	0.043065783830682845	0.04375036095129963	True	True	True
2026_all5mer	5mers_A_RNA_sparse_seq_30	0	0.5	POSTHOC_QUANTIZATION_SENSITIVITY	72183	70766	25263	25263	25263	25263	0	0.06883758021256035	0.0681677459184071	0.06951504390124484	0.0681677459184071	0.06951504390124484	True	True	True
2026_all5mer	5mers_A_RNA_sparse_seq_30	1	0.5	POSTHOC_QUANTIZATION_SENSITIVITY	69412	68036	67464	67464	67464	67464	0	0.09499124223674502	0.09431205581236209	0.0956780580556592	0.09431205581236209	0.0956780580556592	True	True	True
2026_all5mer	5mers_A_RNA_sparse_seq_31	0	0.5	POSTHOC_QUANTIZATION_SENSITIVITY	74005	72861	15271	15271	15271	15271	0	0.09078668316207944	0.08995833030642231	0.09162266541226784	0.08995833030642231	0.09162266541226784	True	True	True
2026_all5mer	5mers_A_RNA_sparse_seq_31	1	0.5	POSTHOC_QUANTIZATION_SENSITIVITY	73462	72502	71628	71628	71628	71628	0	0.05014682219523364	0.04976916524868232	0.05053210853631621	0.04976916524868232	0.05053210853631621	True	True	True
2026_all5mer	5mers_A_RNA_sparse_seq_32	0	0.5	POSTHOC_QUANTIZATION_SENSITIVITY	71128	69829	27134	27134	27134	27134	0	0.10980524088556663	0.10887296818207208	0.11074514298359242	0.10887296818207208	0.11074514298359242	True	True	True
2026_all5mer	5mers_A_RNA_sparse_seq_32	1	0.5	POSTHOC_QUANTIZATION_SENSITIVITY	71433	70544	70001	70001	70001	70001	0	0.08439638437512068	0.08377310068317384	0.08502729746159876	0.08377310068317384	0.08502729746159876	True	True	True
2026_all5mer	ALL	0	0.5	POSTHOC_QUANTIZATION_SENSITIVITY	2360963	2326496	680046	680046	680046	680046	0	0.09679205090608	0.09595200253026312	0.09763972867642812	0.09595200253026312	0.09763972867642812	True	True	True
2026_all5mer	ALL	1	0.5	POSTHOC_QUANTIZATION_SENSITIVITY	2321542	2282238	2260276	2260276	2260276	2260276	0	0.06935819024613475	0.06885136622129644	0.0698726436655043	0.06885136622129644	0.0698726436655043	True	True	True
2026_all5mer	5mers_A_RNA_sparse_seq_01	0	0.6	POSTHOC_QUANTIZATION_SENSITIVITY	73966	72769	24406	22517	22517	22594	77	0.06957149442084948	0.06892170850795545	0.07022890972827475	0.06892170850795545	0.07077609326677575	True	True	True
2026_all5mer	5mers_A_RNA_sparse_seq_01	1	0.6	POSTHOC_QUANTIZATION_SENSITIVITY	72043	70521	69619	66683	66683	66793	110	0.05270119726505019	0.0523091684303703	0.05310085549426133	0.0523091684303703	0.0534189598710931	True	True	True
2026_all5mer	5mers_A_RNA_sparse_seq_02	0	0.6	POSTHOC_QUANTIZATION_SENSITIVITY	73580	72370	22507	20677	20677	20747	70	0.0679076236688509	0.06725765751669276	0.06856521921554029	0.06725765751669276	0.06912670994342744	True	True	True
2026_all5mer	5mers_A_RNA_sparse_seq_02	1	0.6	POSTHOC_QUANTIZATION_SENSITIVITY	72171	71172	70623	66047	66047	66238	191	0.07351873592671444	0.07299454978519972	0.07405055146276042	0.07299454978519972	0.07454525869160972	True	True	True
2026_all5mer	5mers_A_RNA_sparse_seq_03	0	0.6	POSTHOC_QUANTIZATION_SENSITIVITY	76011	75191	20000	18270	18270	18346	76	0.08238839043511284	0.08163717987110658	0.08314723039365036	0.08163717987110658	0.08372969355095074	True	True	True
2026_all5mer	5mers_A_RNA_sparse_seq_03	1	0.6	POSTHOC_QUANTIZATION_SENSITIVITY	72803	71868	71400	68023	68023	68170	147	0.05231166815092859	0.05191758485023563	0.0527133808461528	0.05191758485023563	0.05313722075677362	True	True	True
2026_all5mer	5mers_A_RNA_sparse_seq_04	0	0.6	POSTHOC_QUANTIZATION_SENSITIVITY	74257	73395	21962	19970	19970	20052	82	0.10696616710038202	0.1061173707888493	0.107822592806446	0.1061173707888493	0.10838833476929709	True	True	True
2026_all5mer	5mers_A_RNA_sparse_seq_04	1	0.6	POSTHOC_QUANTIZATION_SENSITIVITY	71382	70253	69619	65889	65889	66052	163	0.0643507485853672	0.06389364162570645	0.06481548493955921	0.06389364162570645	0.06525820797550781	True	True	True
2026_all5mer	5mers_A_RNA_sparse_seq_05	0	0.6	POSTHOC_QUANTIZATION_SENSITIVITY	72808	72119	21025	19082	19082	19155	73	0.0821669738180994	0.08141595024618259	0.08292562678454744	0.08141595024618259	0.08353553294413583	True	True	True
2026_all5mer	5mers_A_RNA_sparse_seq_05	1	0.6	POSTHOC_QUANTIZATION_SENSITIVITY	74353	73753	73382	69925	69925	70056	131	0.049939720582058485	0.049557691075608354	0.050329379483039866	0.049557691075608354	0.050710237299836466	True	True	True
2026_all5mer	5mers_A_RNA_sparse_seq_06	0	0.6	POSTHOC_QUANTIZATION_SENSITIVITY	76086	75164	20639	19146	19146	19210	64	0.06333195267831421	0.06271739430927152	0.06395414044188816	0.06271739430927152	0.06449481515720573	True	True	True
2026_all5mer	5mers_A_RNA_sparse_seq_06	1	0.6	POSTHOC_QUANTIZATION_SENSITIVITY	75318	73985	73212	69435	69435	69590	155	0.06273826977651578	0.062291119517059006	0.0631930494305038	0.062291119517059006	0.06361173743505488	True	True	True
2026_all5mer	5mers_A_RNA_sparse_seq_07	0	0.6	POSTHOC_QUANTIZATION_SENSITIVITY	74968	74180	19389	17585	17585	17656	71	0.07948527896068704	0.07873897254212797	0.08023921477377736	0.07873897254212797	0.0808458047027657	True	True	True
2026_all5mer	5mers_A_RNA_sparse_seq_07	1	0.6	POSTHOC_QUANTIZATION_SENSITIVITY	71358	70341	69521	65394	65394	65561	167	0.07170201453330755	0.07120980285127458	0.07220185560987175	0.07120980285127458	0.07267183754159413	True	True	True
2026_all5mer	5mers_A_RNA_sparse_seq_08	0	0.6	POSTHOC_QUANTIZATION_SENSITIVITY	75951	75180	16571	14925	14925	14991	66	0.08386447133331043	0.0831267451760757	0.08460982688507643	0.0831267451760757	0.08527840719731318	True	True	True
2026_all5mer	5mers_A_RNA_sparse_seq_08	1	0.6	POSTHOC_QUANTIZATION_SENSITIVITY	73604	72439	71528	68454	68454	68565	111	0.05241603607793846	0.05204040280364198	0.05279929874676619	0.05204040280364198	0.053093563356067804	True	True	True
2026_all5mer	5mers_A_RNA_sparse_seq_09	0	0.6	POSTHOC_QUANTIZATION_SENSITIVITY	73973	72715	20457	18924	18924	18972	48	0.0580222525523042	0.05744824422587554	0.05860389027326411	0.05744824422587554	0.059020039065588434	True	True	True
2026_all5mer	5mers_A_RNA_sparse_seq_09	1	0.6	POSTHOC_QUANTIZATION_SENSITIVITY	73124	71616	70856	66755	66755	66899	144	0.07037445192934913	0.0698784939118266	0.07087803934140291	0.0698784939118266	0.0712599858748852	True	True	True
2026_all5mer	5mers_A_RNA_sparse_seq_10	0	0.6	POSTHOC_QUANTIZATION_SENSITIVITY	71263	70338	16556	14893	14893	14963	70	0.08110905609305034	0.08034514407526291	0.08188059750536902	0.08034514407526291	0.0825833505769309	True	True	True
2026_all5mer	5mers_A_RNA_sparse_seq_10	1	0.6	POSTHOC_QUANTIZATION_SENSITIVITY	69418	68199	67861	65107	65107	65219	112	0.0400316178435227	0.0397208436145109	0.040350021467065754	0.0397208436145109	0.04071335956037304	True	True	True
2026_all5mer	5mers_A_RNA_sparse_seq_11	0	0.6	POSTHOC_QUANTIZATION_SENSITIVITY	74685	73993	23470	21566	21566	21637	71	0.07383812189124284	0.07318207780494325	0.07450179537207366	0.07318207780494325	0.07498761485904136	True	True	True
2026_all5mer	5mers_A_RNA_sparse_seq_11	1	0.6	POSTHOC_QUANTIZATION_SENSITIVITY	72892	72158	71598	68603	68603	68710	107	0.05097631079659574	0.05060523622156192	0.051355014766160806	0.05060523622156192	0.051647604868898155	True	True	True
2026_all5mer	5mers_A_RNA_sparse_seq_12	0	0.6	POSTHOC_QUANTIZATION_SENSITIVITY	74252	73447	20730	18641	18641	18726	85	0.1000114603811538	0.0991814838804584	0.10084906627638045	0.0991814838804584	0.1015164429023838	True	True	True
2026_all5mer	5mers_A_RNA_sparse_seq_12	1	0.6	POSTHOC_QUANTIZATION_SENSITIVITY	74256	73463	72306	68425	68425	68573	148	0.05554748964431645	0.055127132640165444	0.05597547604299872	0.055127132640165444	0.056382517165785004	True	True	True
2026_all5mer	5mers_A_RNA_sparse_seq_13	0	0.6	POSTHOC_QUANTIZATION_SENSITIVITY	74437	72576	16692	15104	15104	15157	53	0.08544412709898867	0.08468632071705187	0.08620956287545672	0.08468632071705187	0.08668069385322943	True	True	True
2026_all5mer	5mers_A_RNA_sparse_seq_13	1	0.6	POSTHOC_QUANTIZATION_SENSITIVITY	72970	70966	70381	67546	67546	67662	116	0.046665327191702285	0.04633057256886164	0.04700771120907419	0.04633057256886164	0.04733867198180385	True	True	True
2026_all5mer	5mers_A_RNA_sparse_seq_14	0	0.6	POSTHOC_QUANTIZATION_SENSITIVITY	74624	73771	20738	19105	19105	19164	59	0.06959093718340309	0.06894125839828415	0.07024824536305327	0.06894125839828415	0.07070364455046123	True	True	True
2026_all5mer	5mers_A_RNA_sparse_seq_14	1	0.6	POSTHOC_QUANTIZATION_SENSITIVITY	72869	71627	71165	67788	67788	67927	139	0.051341324856466	0.05096222673847083	0.05172805236899242	0.05096222673847083	0.05213090137817126	True	True	True
2026_all5mer	5mers_A_RNA_sparse_seq_15	0	0.6	POSTHOC_QUANTIZATION_SENSITIVITY	72411	71532	26849	23982	23982	24099	117	0.09615569138147148	0.09531806549410755	0.09700094666336667	0.09531806549410755	0.09765863958753151	True	True	True
2026_all5mer	5mers_A_RNA_sparse_seq_15	1	0.6	POSTHOC_QUANTIZATION_SENSITIVITY	72849	71798	71088	66040	66040	66244	204	0.08804611215296837	0.08744335070586363	0.08865650299460436	0.08744335070586363	0.08914743297579898	True	True	True
2026_all5mer	5mers_A_RNA_sparse_seq_16	0	0.6	POSTHOC_QUANTIZATION_SENSITIVITY	68695	67375	27974	25393	25393	25522	129	0.07743988755191245	0.07673030593830608	0.07815709856005007	0.07673030593830608	0.07895835743140263	True	True	True
2026_all5mer	5mers_A_RNA_sparse_seq_16	1	0.6	POSTHOC_QUANTIZATION_SENSITIVITY	71120	69692	68596	64508	64508	64671	163	0.06860575401281079	0.06811295340980297	0.06910618401034986	0.06811295340980297	0.06956627621041442	True	True	True
2026_all5mer	5mers_A_RNA_sparse_seq_17	0	0.6	POSTHOC_QUANTIZATION_SENSITIVITY	72145	71127	19109	17799	17799	17864	65	0.06197030659880328	0.06141587499621424	0.06253236759592358	0.06141587499621424	0.063101728740851	True	True	True
2026_all5mer	5mers_A_RNA_sparse_seq_17	1	0.6	POSTHOC_QUANTIZATION_SENSITIVITY	69325	68050	67600	65006	65006	65114	108	0.043959719575126656	0.04362438194745064	0.044302686597333926	0.04362438194745064	0.04466200551006276	True	True	True
2026_all5mer	5mers_A_RNA_sparse_seq_18	0	0.6	POSTHOC_QUANTIZATION_SENSITIVITY	74475	73950	19397	17581	17581	17654	73	0.08977157538962795	0.08900293005549537	0.09054785011829176	0.08900293005549537	0.09116665904216997	True	True	True
2026_all5mer	5mers_A_RNA_sparse_seq_18	1	0.6	POSTHOC_QUANTIZATION_SENSITIVITY	72727	72250	71759	68809	68809	68931	122	0.04226533072351219	0.04193662483130954	0.04260166601024609	0.04193662483130954	0.04297345422549757	True	True	True
2026_all5mer	5mers_A_RNA_sparse_seq_19	0	0.6	POSTHOC_QUANTIZATION_SENSITIVITY	74940	73016	13762	12521	12521	12559	38	0.06924468485961163	0.06856177544576673	0.06993522366798778	0.06856177544576673	0.07043277488068815	True	True	True
2026_all5mer	5mers_A_RNA_sparse_seq_19	1	0.6	POSTHOC_QUANTIZATION_SENSITIVITY	73293	70540	70027	66716	66716	66847	131	0.05476816441416848	0.054392119978920676	0.055151838243947524	0.054392119978920676	0.05556870856106692	True	True	True
2026_all5mer	5mers_A_RNA_sparse_seq_20	0	0.6	POSTHOC_QUANTIZATION_SENSITIVITY	75427	73849	27734	24930	24930	25034	104	0.1220775192634102	0.1211570748927074	0.12300559302864426	0.1211570748927074	0.12349797422478086	True	True	True
2026_all5mer	5mers_A_RNA_sparse_seq_20	1	0.6	POSTHOC_QUANTIZATION_SENSITIVITY	75137	72786	72206	68006	68006	68170	164	0.0692177653519528	0.06872925804498753	0.06971390205344932	0.06872925804498753	0.07012952048732718	True	True	True
2026_all5mer	5mers_A_RNA_sparse_seq_21	0	0.6	POSTHOC_QUANTIZATION_SENSITIVITY	74673	73737	20124	18468	18468	18528	60	0.07989369343440977	0.0791719794815589	0.0806230367817919	0.0791719794815589	0.08110889840002505	True	True	True
2026_all5mer	5mers_A_RNA_sparse_seq_21	1	0.6	POSTHOC_QUANTIZATION_SENSITIVITY	71724	70875	70175	67313	67313	67417	104	0.04837792764779617	0.04802297401436723	0.048740510675756354	0.04802297401436723	0.049055877780154675	True	True	True
2026_all5mer	5mers_A_RNA_sparse_seq_22	0	0.6	POSTHOC_QUANTIZATION_SENSITIVITY	73671	72255	27698	24766	24766	24875	109	0.10061372782989011	0.09977130694274976	0.10146377811156172	0.09977130694274976	0.1020449055826005	True	True	True
2026_all5mer	5mers_A_RNA_sparse_seq_22	1	0.6	POSTHOC_QUANTIZATION_SENSITIVITY	70591	68555	67673	62029	62029	62243	214	0.09434229883009689	0.09366985304378798	0.09502237401093705	0.09366985304378798	0.09557984374129232	True	True	True
2026_all5mer	5mers_A_RNA_sparse_seq_23	0	0.6	POSTHOC_QUANTIZATION_SENSITIVITY	73766	72838	22688	20304	20304	20391	87	0.09912104565295016	0.09826323176294542	0.09998648893748614	0.09826323176294542	0.1004801495748354	True	True	True
2026_all5mer	5mers_A_RNA_sparse_seq_23	1	0.6	POSTHOC_QUANTIZATION_SENSITIVITY	72664	71284	70615	65824	65824	65998	174	0.06896626190126202	0.06845400016981244	0.06948615302724287	0.06845400016981244	0.06996949501769348	True	True	True
2026_all5mer	5mers_A_RNA_sparse_seq_24	0	0.6	POSTHOC_QUANTIZATION_SENSITIVITY	75139	74104	26394	23375	23375	23490	115	0.10593655852455507	0.10507498838047293	0.10680575806316844	0.10507498838047293	0.10742713696320241	True	True	True
2026_all5mer	5mers_A_RNA_sparse_seq_24	1	0.6	POSTHOC_QUANTIZATION_SENSITIVITY	73599	72358	71996	68398	68398	68535	137	0.05102935032961804	0.05063498822244037	0.051431341831326964	0.05063498822244037	0.051833941743455104	True	True	True
2026_all5mer	5mers_A_RNA_sparse_seq_25	0	0.6	POSTHOC_QUANTIZATION_SENSITIVITY	73151	72225	21884	19745	19745	19823	78	0.08196393223344962	0.08120566179976339	0.08272983206166712	0.08120566179976339	0.08331902852328064	True	True	True
2026_all5mer	5mers_A_RNA_sparse_seq_25	1	0.6	POSTHOC_QUANTIZATION_SENSITIVITY	73872	73023	71887	68086	68086	68227	141	0.07808767965900748	0.07758528359210916	0.07859770512043707	0.07758528359210916	0.07897305717279839	True	True	True
2026_all5mer	5mers_A_RNA_sparse_seq_26	0	0.6	POSTHOC_QUANTIZATION_SENSITIVITY	72282	71237	21806	19873	19873	19952	79	0.07227810372261566	0.07158244924852894	0.07298138759123363	0.07158244924852894	0.0735485374554693	True	True	True
2026_all5mer	5mers_A_RNA_sparse_seq_26	1	0.6	POSTHOC_QUANTIZATION_SENSITIVITY	73099	72290	71845	67615	67615	67783	168	0.06031399713962078	0.05985869402223584	0.060776929651536964	0.05985869402223584	0.061231334099805405	True	True	True
2026_all5mer	5mers_A_RNA_sparse_seq_27	0	0.6	POSTHOC_QUANTIZATION_SENSITIVITY	73821	72695	18495	16919	16919	16995	76	0.07465559179686057	0.07395157373517292	0.07536723925307948	0.07395157373517292	0.07601891745073229	True	True	True
2026_all5mer	5mers_A_RNA_sparse_seq_27	1	0.6	POSTHOC_QUANTIZATION_SENSITIVITY	74217	73413	72733	69677	69677	69802	125	0.050092448339907523	0.04972692717623317	0.050465598898113126	0.04972692717623317	0.050823710941557236	True	True	True
2026_all5mer	5mers_A_RNA_sparse_seq_28	0	0.6	POSTHOC_QUANTIZATION_SENSITIVITY	73628	72566	17403	16235	16235	16276	41	0.053375329433825336	0.05281761082495621	0.053940677437225706	0.05281761082495621	0.05445591343213839	True	True	True
2026_all5mer	5mers_A_RNA_sparse_seq_28	1	0.6	POSTHOC_QUANTIZATION_SENSITIVITY	72386	70997	69357	66594	66594	66686	92	0.06702350587011668	0.0666056382468854	0.06744900288787924	0.0666056382468854	0.06774318683970809	True	True	True
2026_all5mer	5mers_A_RNA_sparse_seq_29	0	0.6	POSTHOC_QUANTIZATION_SENSITIVITY	74562	73326	15919	14463	14463	14526	63	0.08825250375174408	0.08748586670884055	0.08902677018917886	0.08748586670884055	0.08970982157263269	True	True	True
2026_all5mer	5mers_A_RNA_sparse_seq_29	1	0.6	POSTHOC_QUANTIZATION_SENSITIVITY	72071	70884	70555	68232	68232	68310	78	0.036490275440804215	0.03620572223768437	0.03678245803845531	0.03620572223768437	0.03702363504446926	True	True	True
2026_all5mer	5mers_A_RNA_sparse_seq_30	0	0.6	POSTHOC_QUANTIZATION_SENSITIVITY	72183	70766	25263	23482	23482	23568	86	0.055826673352548796	0.05524995812118059	0.056411017978448254	0.05524995812118059	0.057011725120777505	True	True	True
2026_all5mer	5mers_A_RNA_sparse_seq_30	1	0.6	POSTHOC_QUANTIZATION_SENSITIVITY	69412	68036	67464	62643	62643	62839	196	0.08302186695229985	0.08243953240259723	0.08361183089653373	0.08243953240259723	0.084142439727232	True	True	True
2026_all5mer	5mers_A_RNA_sparse_seq_31	0	0.6	POSTHOC_QUANTIZATION_SENSITIVITY	74005	72861	15271	13866	13866	13922	56	0.0754951384613288	0.07477570350390568	0.07622220281328317	0.07477570350390568	0.07684920363720078	True	True	True
2026_all5mer	5mers_A_RNA_sparse_seq_31	1	0.6	POSTHOC_QUANTIZATION_SENSITIVITY	73462	72502	71628	69061	69061	69162	101	0.042787270090188186	0.042467258798211456	0.043114910776696165	0.042467258798211456	0.043393602245184425	True	True	True
2026_all5mer	5mers_A_RNA_sparse_seq_32	0	0.6	POSTHOC_QUANTIZATION_SENSITIVITY	71128	69829	27134	24435	24435	24526	91	0.09507161330318119	0.09424726354678228	0.09590359245411136	0.09424726354678228	0.0963636537769787	True	True	True
2026_all5mer	5mers_A_RNA_sparse_seq_32	1	0.6	POSTHOC_QUANTIZATION_SENSITIVITY	71433	70544	70001	65369	65369	65575	206	0.07261252517418917	0.07208239628260577	0.07315028346030383	0.07208239628260577	0.07373405262826738	True	True	True
2026_all5mer	ALL	0	0.6	POSTHOC_QUANTIZATION_SENSITIVITY	2360963	2326496	680046	618542	618542	620974	2432	0.08226847180758325	0.08153458436188826	0.08300998864780947	0.08153458436188826	0.08359109881863448	True	True	True
2026_all5mer	ALL	1	0.6	POSTHOC_QUANTIZATION_SENSITIVITY	2321542	2282238	2260276	2144000	2144000	2148569	4569	0.05959619765495187	0.059166730959024	0.06003329374541098	0.059166730959024	0.06043905585982688	True	True	True
2026_all5mer	5mers_A_RNA_sparse_seq_01	0	0.7	POSTHOC_QUANTIZATION_SENSITIVITY	73966	72769	24406	20409	20314	20409	95	0.055925230293249625	0.055380506514101084	0.05647758346692942	0.05491166688964699	0.056475766647498114	True	True	True
2026_all5mer	5mers_A_RNA_sparse_seq_01	1	0.7	POSTHOC_QUANTIZATION_SENSITIVITY	72043	70521	69619	63598	63451	63598	147	0.044018462340132	0.04369397578612375	0.04435057828867149	0.043287837874141435	0.044349847657601256	True	True	True
2026_all5mer	5mers_A_RNA_sparse_seq_02	0	0.7	POSTHOC_QUANTIZATION_SENSITIVITY	73580	72370	22507	18656	18576	18656	80	0.05370620675193302	0.05316509390777012	0.054254948990627175	0.052712446240697	0.05425328851768533	True	True	True
2026_all5mer	5mers_A_RNA_sparse_seq_02	1	0.7	POSTHOC_QUANTIZATION_SENSITIVITY	72171	71172	70623	61324	61128	61324	196	0.06056507959826788	0.060141032117351334	0.060996756473715684	0.05960544655576081	0.06099577678998664	True	True	True
2026_all5mer	5mers_A_RNA_sparse_seq_03	0	0.7	POSTHOC_QUANTIZATION_SENSITIVITY	76011	75191	20000	16261	16170	16261	91	0.06691408799543687	0.06627878970629497	0.06755701567911	0.06588315662957299	0.06755470654510072	True	True	True
2026_all5mer	5mers_A_RNA_sparse_seq_03	1	0.7	POSTHOC_QUANTIZATION_SENSITIVITY	72803	71868	71400	64422	64279	64422	143	0.04212342073641229	0.0418077535014333	0.04244671736592252	0.0414178862183223	0.04244601065153766	True	True	True
2026_all5mer	5mers_A_RNA_sparse_seq_04	0	0.7	POSTHOC_QUANTIZATION_SENSITIVITY	74257	73395	21962	17746	17637	17746	109	0.09382908198901448	0.09308791765161208	0.09457787572094811	0.09239526243153313	0.09459601383498548	True	True	True
2026_all5mer	5mers_A_RNA_sparse_seq_04	1	0.7	POSTHOC_QUANTIZATION_SENSITIVITY	71382	70253	69619	61974	61781	61974	193	0.053092877385569136	0.052722362279853496	0.053471021885816025	0.052151160574293545	0.05347009791829915	True	True	True
2026_all5mer	5mers_A_RNA_sparse_seq_05	0	0.7	POSTHOC_QUANTIZATION_SENSITIVITY	72808	72119	21025	16891	16785	16891	106	0.06635222565703618	0.06572126217248646	0.06699081853611714	0.06507830445099559	0.06698845659011733	True	True	True
2026_all5mer	5mers_A_RNA_sparse_seq_05	1	0.7	POSTHOC_QUANTIZATION_SENSITIVITY	74353	73753	73382	66218	66026	66218	192	0.0393366098886399	0.039034879421121334	0.03964596975068972	0.03850969509799229	0.03964505538472651	True	True	True
2026_all5mer	5mers_A_RNA_sparse_seq_06	0	0.7	POSTHOC_QUANTIZATION_SENSITIVITY	76086	75164	20639	17363	17287	17363	76	0.0495458626083904	0.049037641364775765	0.05006171324653628	0.048541187915944334	0.05006003724919729	True	True	True
2026_all5mer	5mers_A_RNA_sparse_seq_06	1	0.7	POSTHOC_QUANTIZATION_SENSITIVITY	75318	73985	73212	65421	65252	65421	169	0.05186948806712082	0.05150647222502856	0.05224013330374433	0.05095096298869731	0.05223945890449872	True	True	True
2026_all5mer	5mers_A_RNA_sparse_seq_07	0	0.7	POSTHOC_QUANTIZATION_SENSITIVITY	74968	74180	19389	15585	15486	15585	99	0.06328293620144132	0.06265689775199511	0.06391660404541877	0.06207994680048713	0.06391410440414963	True	True	True
2026_all5mer	5mers_A_RNA_sparse_seq_07	1	0.7	POSTHOC_QUANTIZATION_SENSITIVITY	71358	70341	69521	61121	60941	61121	180	0.058829958843265466	0.05843469495519454	0.059232852125867645	0.05788004650101507	0.05923201509312406	True	True	True
2026_all5mer	5mers_A_RNA_sparse_seq_08	0	0.7	POSTHOC_QUANTIZATION_SENSITIVITY	75951	75180	16571	13276	13213	13276	63	0.06765748794339586	0.06704139077329391	0.06828121450802906	0.0665161737944224	0.06827948215963899	True	True	True
2026_all5mer	5mers_A_RNA_sparse_seq_08	1	0.7	POSTHOC_QUANTIZATION_SENSITIVITY	73604	72439	71528	65345	65214	65345	131	0.04353862245515763	0.043231434216048	0.04385344008879852	0.04282781362467762	0.04385286546444891	True	True	True
2026_all5mer	5mers_A_RNA_sparse_seq_09	0	0.7	POSTHOC_QUANTIZATION_SENSITIVITY	73973	72715	20457	17264	17188	17264	76	0.04509540483617915	0.04462292417538619	0.04557551489150336	0.04408077375817249	0.045573856470427984	True	True	True
2026_all5mer	5mers_A_RNA_sparse_seq_09	1	0.7	POSTHOC_QUANTIZATION_SENSITIVITY	73124	71616	70856	62411	62239	62411	172	0.058286673257386484	0.05788380128889476	0.058697174620409465	0.057355893700374014	0.05869640001150701	True	True	True
2026_all5mer	5mers_A_RNA_sparse_seq_10	0	0.7	POSTHOC_QUANTIZATION_SENSITIVITY	71263	70338	16556	13030	12941	13030	89	0.06403761927384372	0.06340223006440966	0.06468063787780902	0.06273662855134902	0.06467800830715177	True	True	True
2026_all5mer	5mers_A_RNA_sparse_seq_10	1	0.7	POSTHOC_QUANTIZATION_SENSITIVITY	69418	68199	67861	62380	62248	62380	132	0.03139046671758213	0.031145173244347898	0.03164338958534762	0.03074103819804577	0.03164272745468174	True	True	True
2026_all5mer	5mers_A_RNA_sparse_seq_11	0	0.7	POSTHOC_QUANTIZATION_SENSITIVITY	74685	73993	23470	19509	19415	19509	94	0.059733053558676544	0.05918603254077045	0.060287703971113896	0.058674310747569534	0.06028587551313456	True	True	True
2026_all5mer	5mers_A_RNA_sparse_seq_11	1	0.7	POSTHOC_QUANTIZATION_SENSITIVITY	72892	72158	71598	65554	65417	65554	137	0.04225506549619547	0.04195104342315532	0.04256671696376687	0.04157250747226985	0.04256606541249628	True	True	True
2026_all5mer	5mers_A_RNA_sparse_seq_12	0	0.7	POSTHOC_QUANTIZATION_SENSITIVITY	74252	73447	20730	16266	16162	16266	104	0.08390456560454539	0.08320208861058918	0.08461467199303283	0.08245122923943654	0.08461250784534026	True	True	True
2026_all5mer	5mers_A_RNA_sparse_seq_12	1	0.7	POSTHOC_QUANTIZATION_SENSITIVITY	74256	73463	72306	64515	64358	64515	157	0.044605253471345536	0.04426866377784902	0.0449494725593733	0.04388142796796217	0.04494865773554357	True	True	True
2026_all5mer	5mers_A_RNA_sparse_seq_13	0	0.7	POSTHOC_QUANTIZATION_SENSITIVITY	74437	72576	16692	13330	13248	13330	82	0.06936032008337778	0.0687257633652798	0.07000250619600701	0.06790984425567774	0.07000042875709162	True	True	True
2026_all5mer	5mers_A_RNA_sparse_seq_13	1	0.7	POSTHOC_QUANTIZATION_SENSITIVITY	72970	70966	70381	64662	64531	64662	131	0.037685695630613025	0.03741853904010289	0.03796048161565441	0.03697400399659539	0.037959929956461705	True	True	True
2026_all5mer	5mers_A_RNA_sparse_seq_14	0	0.7	POSTHOC_QUANTIZATION_SENSITIVITY	74624	73771	20738	17309	17226	17309	83	0.05590751485302816	0.05536340379282454	0.05645925530776303	0.054740190921200145	0.05645754696515812	True	True	True
2026_all5mer	5mers_A_RNA_sparse_seq_14	1	0.7	POSTHOC_QUANTIZATION_SENSITIVITY	72869	71627	71165	64387	64208	64387	179	0.04108115926780442	0.040779195648041215	0.04139075228209887	0.04028515396289269	0.04138987023133491	True	True	True
2026_all5mer	5mers_A_RNA_sparse_seq_15	0	0.7	POSTHOC_QUANTIZATION_SENSITIVITY	72411	71532	26849	20825	20686	20825	139	0.07872807002439648	0.07802184765507765	0.07944192178824655	0.07737267147603792	0.07943946511221676	True	True	True
2026_all5mer	5mers_A_RNA_sparse_seq_15	1	0.7	POSTHOC_QUANTIZATION_SENSITIVITY	72849	71798	71088	60775	60539	60775	236	0.07455514930590147	0.07405888057255244	0.07505904743378175	0.07337510221692382	0.07505795850232028	True	True	True
2026_all5mer	5mers_A_RNA_sparse_seq_16	0	0.7	POSTHOC_QUANTIZATION_SENSITIVITY	68695	67375	27974	22528	22413	22528	115	0.06207175010984594	0.06148221614685925	0.06266891346736388	0.06091631361424766	0.06266701752489263	True	True	True
2026_all5mer	5mers_A_RNA_sparse_seq_16	1	0.7	POSTHOC_QUANTIZATION_SENSITIVITY	71120	69692	68596	60428	60253	60428	175	0.05690856966925321	0.056505752586707654	0.057319016146330004	0.0559549359996857	0.057318192816131	True	True	True
2026_all5mer	5mers_A_RNA_sparse_seq_17	0	0.7	POSTHOC_QUANTIZATION_SENSITIVITY	72145	71127	19109	16342	16274	16342	68	0.0495414164319877	0.04908618639884242	0.05000427585966423	0.04835661397865748	0.050002983409791486	True	True	True
2026_all5mer	5mers_A_RNA_sparse_seq_17	1	0.7	POSTHOC_QUANTIZATION_SENSITIVITY	69325	68050	67600	62136	62024	62136	112	0.035126032018287005	0.03485827091747965	0.0354014225136256	0.03449068102669934	0.03540089375051551	True	True	True
2026_all5mer	5mers_A_RNA_sparse_seq_18	0	0.7	POSTHOC_QUANTIZATION_SENSITIVITY	74475	73950	19397	15627	15545	15627	82	0.07526503868247052	0.07461069494823412	0.07592701181123816	0.07392060140890107	0.07592526976859462	True	True	True
2026_all5mer	5mers_A_RNA_sparse_seq_18	1	0.7	POSTHOC_QUANTIZATION_SENSITIVITY	72727	72250	71759	65769	65642	65769	127	0.03320229494127069	0.03294213240215042	0.03347008687492219	0.03262776483809075	0.03346942318058755	True	True	True
2026_all5mer	5mers_A_RNA_sparse_seq_19	0	0.7	POSTHOC_QUANTIZATION_SENSITIVITY	74940	73016	13762	11140	11075	11140	65	0.05339616128315403	0.05283302978296468	0.05396692217787463	0.052300157396303615	0.05396456273625098	True	True	True
2026_all5mer	5mers_A_RNA_sparse_seq_19	1	0.7	POSTHOC_QUANTIZATION_SENSITIVITY	73293	70540	70027	63300	63165	63300	135	0.04409810215376	0.043802447085508615	0.04440138661654263	0.04337142066227836	0.04440077859839369	True	True	True
2026_all5mer	5mers_A_RNA_sparse_seq_20	0	0.7	POSTHOC_QUANTIZATION_SENSITIVITY	75427	73849	27734	21884	21742	21884	142	0.1087591087245087	0.10795139416635549	0.10957445267719317	0.10727127225373369	0.10966479859838779	True	True	True
2026_all5mer	5mers_A_RNA_sparse_seq_20	1	0.7	POSTHOC_QUANTIZATION_SENSITIVITY	75137	72786	72206	63602	63393	63602	209	0.05729358095271209	0.05689744105755445	0.05769735024240098	0.056326625102411744	0.057696353989964574	True	True	True
2026_all5mer	5mers_A_RNA_sparse_seq_21	0	0.7	POSTHOC_QUANTIZATION_SENSITIVITY	74673	73737	20124	16467	16389	16467	78	0.06412338499612566	0.06352041518672999	0.06473398420005257	0.06293864759053805	0.0647323025178553	True	True	True
2026_all5mer	5mers_A_RNA_sparse_seq_21	1	0.7	POSTHOC_QUANTIZATION_SENSITIVITY	71724	70875	70175	64356	64236	64356	120	0.03951155997854889	0.03922404812583945	0.039806701225789574	0.03888311516162994	0.0398061177708184	True	True	True
2026_all5mer	5mers_A_RNA_sparse_seq_22	0	0.7	POSTHOC_QUANTIZATION_SENSITIVITY	73671	72255	27698	21508	21365	21508	143	0.08335391557724342	0.08264415344385846	0.08407130710515963	0.08204465330888537	0.08406884115203864	True	True	True
2026_all5mer	5mers_A_RNA_sparse_seq_22	1	0.7	POSTHOC_QUANTIZATION_SENSITIVITY	70591	68555	67673	56162	55909	56162	253	0.07912664853933467	0.07857389481657484	0.07968703165662573	0.07789982007636363	0.07968565270897415	True	True	True
2026_all5mer	5mers_A_RNA_sparse_seq_23	0	0.7	POSTHOC_QUANTIZATION_SENSITIVITY	73766	72838	22688	17618	17502	17618	116	0.08336124036920803	0.08262724957058522	0.08410286056236209	0.08188088876617226	0.08410059608115635	True	True	True
2026_all5mer	5mers_A_RNA_sparse_seq_23	1	0.7	POSTHOC_QUANTIZATION_SENSITIVITY	72664	71284	70615	61081	60881	61081	200	0.055562448884892764	0.05515202309484537	0.0559805040694714	0.05460261886605953	0.05597948206710147	True	True	True
2026_all5mer	5mers_A_RNA_sparse_seq_24	0	0.7	POSTHOC_QUANTIZATION_SENSITIVITY	75139	74104	26394	20212	20073	20212	139	0.0887775817484566	0.08805089211100614	0.08951190078043829	0.08747130514515573	0.08950934637520022	True	True	True
2026_all5mer	5mers_A_RNA_sparse_seq_24	1	0.7	POSTHOC_QUANTIZATION_SENSITIVITY	73599	72358	71996	64777	64624	64777	153	0.04063470771759282	0.040319282480739814	0.040957762348977064	0.03989599742166888	0.04095701603290484	True	True	True
2026_all5mer	5mers_A_RNA_sparse_seq_25	0	0.7	POSTHOC_QUANTIZATION_SENSITIVITY	73151	72225	21884	17488	17383	17488	105	0.06630246266245515	0.065662446855299	0.06695010786414256	0.0649503203041293	0.06694796074451052	True	True	True
2026_all5mer	5mers_A_RNA_sparse_seq_25	1	0.7	POSTHOC_QUANTIZATION_SENSITIVITY	73872	73023	71887	64145	63971	64145	174	0.06709421651288477	0.06667671842914795	0.06751934399115286	0.06616727991744123	0.06751859763904655	True	True	True
2026_all5mer	5mers_A_RNA_sparse_seq_26	0	0.7	POSTHOC_QUANTIZATION_SENSITIVITY	72282	71237	21806	17683	17586	17683	97	0.05665297730168707	0.056076073103183494	0.05723751089472189	0.05528393505404024	0.05723565288281161	True	True	True
2026_all5mer	5mers_A_RNA_sparse_seq_26	1	0.7	POSTHOC_QUANTIZATION_SENSITIVITY	73099	72290	71845	63146	62979	63146	167	0.04764458475652685	0.04728555412003717	0.04801124478754778	0.04676996587024234	0.04801047919485448	True	True	True
2026_all5mer	5mers_A_RNA_sparse_seq_27	0	0.7	POSTHOC_QUANTIZATION_SENSITIVITY	73821	72695	18495	15099	15021	15099	78	0.05929723156391449	0.058709573900473024	0.059892518621887214	0.05826328816739897	0.05989043589166967	True	True	True
2026_all5mer	5mers_A_RNA_sparse_seq_27	1	0.7	POSTHOC_QUANTIZATION_SENSITIVITY	74217	73413	72733	66456	66313	66456	143	0.040642445478052444	0.04034817857376086	0.040944341776875275	0.03992481659392531	0.04094370613176211	True	True	True
2026_all5mer	5mers_A_RNA_sparse_seq_28	0	0.7	POSTHOC_QUANTIZATION_SENSITIVITY	73628	72566	17403	14817	14745	14817	72	0.039716388336550314	0.03926283635614919	0.040177569711482695	0.03856213072592139	0.04017582746815841	True	True	True
2026_all5mer	5mers_A_RNA_sparse_seq_28	1	0.7	POSTHOC_QUANTIZATION_SENSITIVITY	72386	70997	69357	63605	63494	63605	111	0.05828832694264236	0.05793858286663661	0.05864570041317936	0.057595443473251406	0.05864522075870485	True	True	True
2026_all5mer	5mers_A_RNA_sparse_seq_29	0	0.7	POSTHOC_QUANTIZATION_SENSITIVITY	74562	73326	15919	12903	12838	12903	65	0.07327924206729343	0.07262652735003185	0.07393958617908626	0.07207974304493983	0.0739377673758949	True	True	True
2026_all5mer	5mers_A_RNA_sparse_seq_29	1	0.7	POSTHOC_QUANTIZATION_SENSITIVITY	72071	70884	70555	65745	65623	65745	122	0.028814284202580906	0.02858763548328592	0.02904856231640714	0.028293715474766255	0.029047905518896397	True	True	True
2026_all5mer	5mers_A_RNA_sparse_seq_30	0	0.7	POSTHOC_QUANTIZATION_SENSITIVITY	72183	70766	25263	21411	21307	21411	104	0.04227617782344055	0.041802642424600675	0.04275734261681167	0.041125068336916856	0.04275558890011815	True	True	True
2026_all5mer	5mers_A_RNA_sparse_seq_30	1	0.7	POSTHOC_QUANTIZATION_SENSITIVITY	69412	68036	67464	57653	57459	57653	194	0.06931681888811839	0.06884197889957279	0.06979928827119523	0.06833044520272404	0.06979822992478302	True	True	True
2026_all5mer	5mers_A_RNA_sparse_seq_31	0	0.7	POSTHOC_QUANTIZATION_SENSITIVITY	74005	72861	15271	12236	12145	12236	91	0.05905249758692651	0.05845775024374157	0.059654874324642705	0.05770740344132745	0.05965199740192554	True	True	True
2026_all5mer	5mers_A_RNA_sparse_seq_31	1	0.7	POSTHOC_QUANTIZATION_SENSITIVITY	73462	72502	71628	66343	66218	66343	125	0.03472700562196873	0.034468312360735	0.03499332827773371	0.03410675648874739	0.03499274814797129	True	True	True
2026_all5mer	5mers_A_RNA_sparse_seq_32	0	0.7	POSTHOC_QUANTIZATION_SENSITIVITY	71128	69829	27134	21437	21297	21437	140	0.07935859180850291	0.07865528438208835	0.08006952862944872	0.07785905772723821	0.0800673172474686	True	True	True
2026_all5mer	5mers_A_RNA_sparse_seq_32	1	0.7	POSTHOC_QUANTIZATION_SENSITIVITY	71433	70544	70001	60581	60361	60581	220	0.05900339947161474	0.058576538682375535	0.0594378896553852	0.057957558525961246	0.059436781741513296	True	True	True
2026_all5mer	ALL	0	0.7	POSTHOC_QUANTIZATION_SENSITIVITY	2360963	2326496	680046	550120	547034	550120	3086	0.06694393680805225	0.06632799300975491	0.06756751000088085	0.0656994608789331	0.06756546574253294	True	True	True
2026_all5mer	ALL	1	0.7	POSTHOC_QUANTIZATION_SENSITIVITY	2321542	2282238	2260276	2023392	2018157	2023392	5235	0.048708395036337615	0.04836220963058451	0.04906220983662196	0.04788749239111099	0.049061429499335535	True	True	True
2026_all5mer	5mers_A_RNA_sparse_seq_01	0	0.8	POSTHOC_QUANTIZATION_SENSITIVITY	73966	72769	24406	17340	17340	17484	144	0.04130469809491467	0.04088646559841767	0.041730559985942904	0.040877275967933606	0.042076104683559976	True	True	True
2026_all5mer	5mers_A_RNA_sparse_seq_01	1	0.8	POSTHOC_QUANTIZATION_SENSITIVITY	72043	70521	69619	59452	59452	59640	188	0.03282967299044489	0.032588486490825186	0.033078488884595844	0.032588486490825186	0.033513641787246924	True	True	True
2026_all5mer	5mers_A_RNA_sparse_seq_02	0	0.8	POSTHOC_QUANTIZATION_SENSITIVITY	73580	72370	22507	15858	15858	15984	126	0.03901290797333291	0.03859748989475196	0.03943595544644511	0.03859748989475196	0.03992940686963819	True	True	True
2026_all5mer	5mers_A_RNA_sparse_seq_02	1	0.8	POSTHOC_QUANTIZATION_SENSITIVITY	72171	71172	70623	55552	55552	55822	270	0.04415489946092878	0.04385030873909524	0.04446711957729357	0.04383560079666858	0.045250314091028795	True	True	True
2026_all5mer	5mers_A_RNA_sparse_seq_03	0	0.8	POSTHOC_QUANTIZATION_SENSITIVITY	76011	75191	20000	13459	13459	13594	135	0.050142615145618026	0.04964462723559456	0.05064823245017275	0.04955882048283736	0.05143704619226854	True	True	True
2026_all5mer	5mers_A_RNA_sparse_seq_03	1	0.8	POSTHOC_QUANTIZATION_SENSITIVITY	72803	71868	71400	59982	59982	60160	178	0.02975873777656572	0.029533682339809363	0.02999142260785332	0.029533682339809363	0.030470774407082415	True	True	True
2026_all5mer	5mers_A_RNA_sparse_seq_04	0	0.8	POSTHOC_QUANTIZATION_SENSITIVITY	74257	73395	21962	14537	14537	14692	155	0.07911067164123833	0.07850300377612676	0.07972596890088116	0.07814848154049922	0.08053597147475561	True	True	True
2026_all5mer	5mers_A_RNA_sparse_seq_04	1	0.8	POSTHOC_QUANTIZATION_SENSITIVITY	71382	70253	69619	57284	57284	57488	204	0.038808622720496094	0.03853967204605698	0.039085202789466464	0.03853967204605698	0.03967413705071466	True	True	True
2026_all5mer	5mers_A_RNA_sparse_seq_05	0	0.8	POSTHOC_QUANTIZATION_SENSITIVITY	72808	72119	21025	13886	13886	14020	134	0.04973651139310024	0.04924593517111715	0.050234717009614564	0.049162016800583554	0.05070252839529215	True	True	True
2026_all5mer	5mers_A_RNA_sparse_seq_05	1	0.8	POSTHOC_QUANTIZATION_SENSITIVITY	74353	73753	73382	61527	61527	61727	200	0.026109265368947365	0.02590293313253861	0.026323226999887372	0.02590293313253861	0.026971450507296112	True	True	True
2026_all5mer	5mers_A_RNA_sparse_seq_06	0	0.8	POSTHOC_QUANTIZATION_SENSITIVITY	76086	75164	20639	14877	14877	14987	110	0.036760279558082656	0.036369098597431225	0.03715908991326534	0.036369098597431225	0.03758112275593275	True	True	True
2026_all5mer	5mers_A_RNA_sparse_seq_06	1	0.8	POSTHOC_QUANTIZATION_SENSITIVITY	75318	73985	73212	60358	60358	60566	208	0.03701523948590306	0.036757257168863154	0.037280851197474214	0.036757257168863154	0.03787589410870605	True	True	True
2026_all5mer	5mers_A_RNA_sparse_seq_07	0	0.8	POSTHOC_QUANTIZATION_SENSITIVITY	74968	74180	19389	12808	12808	12944	136	0.046051554349271454	0.045566674398675996	0.046544063694398154	0.045514812744027265	0.047563825504722206	True	True	True
2026_all5mer	5mers_A_RNA_sparse_seq_07	1	0.8	POSTHOC_QUANTIZATION_SENSITIVITY	71358	70341	69521	55978	55978	56187	209	0.041719616892645396	0.041442304388571875	0.04200455879125016	0.041437741058634535	0.042678217384928	True	True	True
2026_all5mer	5mers_A_RNA_sparse_seq_08	0	0.8	POSTHOC_QUANTIZATION_SENSITIVITY	75951	75180	16571	11005	11005	11110	105	0.049363239501509434	0.04889427230120897	0.04983983609634115	0.04881877115328018	0.0505912428337559	True	True	True
2026_all5mer	5mers_A_RNA_sparse_seq_08	1	0.8	POSTHOC_QUANTIZATION_SENSITIVITY	73604	72439	71528	61297	61297	61501	204	0.03188920484304152	0.031666015772367787	0.0321200233082465	0.031666015772367787	0.032615422481300484	True	True	True
2026_all5mer	5mers_A_RNA_sparse_seq_09	0	0.8	POSTHOC_QUANTIZATION_SENSITIVITY	73973	72715	20457	14946	14946	15040	94	0.031291680914737066	0.030938940611004304	0.031652050613001075	0.030938940611004304	0.03210399298972272	True	True	True
2026_all5mer	5mers_A_RNA_sparse_seq_09	1	0.8	POSTHOC_QUANTIZATION_SENSITIVITY	73124	71616	70856	56967	56967	57199	232	0.0420686675362722	0.04178138039304485	0.0423635840740308	0.04177511574995105	0.04300418357958823	True	True	True
2026_all5mer	5mers_A_RNA_sparse_seq_10	0	0.8	POSTHOC_QUANTIZATION_SENSITIVITY	71263	70338	16556	10622	10622	10724	102	0.04724254906233635	0.0467485138037137	0.04774421371549026	0.046689847394672385	0.04846970343399227	True	True	True
2026_all5mer	5mers_A_RNA_sparse_seq_10	1	0.8	POSTHOC_QUANTIZATION_SENSITIVITY	69418	68199	67861	58858	58858	58986	128	0.020854884361555633	0.020686618089797427	0.02103078002784509	0.020686618089797427	0.021285998604690756	True	True	True
2026_all5mer	5mers_A_RNA_sparse_seq_11	0	0.8	POSTHOC_QUANTIZATION_SENSITIVITY	74685	73993	23470	16675	16675	16811	136	0.04453830770466818	0.04411955551765133	0.04496468928621627	0.04408632165711165	0.04532206772257548	True	True	True
2026_all5mer	5mers_A_RNA_sparse_seq_11	1	0.8	POSTHOC_QUANTIZATION_SENSITIVITY	72892	72158	71598	61541	61541	61743	202	0.03071741127153877	0.0304963763399667	0.030946075597642096	0.0304963763399667	0.031511284225318306	True	True	True
2026_all5mer	5mers_A_RNA_sparse_seq_12	0	0.8	POSTHOC_QUANTIZATION_SENSITIVITY	74252	73447	20730	13279	13279	13448	169	0.06768152780027954	0.06711991410162428	0.06825077089346607	0.0668175452213823	0.06915550748208411	True	True	True
2026_all5mer	5mers_A_RNA_sparse_seq_12	1	0.8	POSTHOC_QUANTIZATION_SENSITIVITY	74256	73463	72306	59542	59542	59777	235	0.031329982045524	0.031091905650059124	0.03157568783552012	0.031091905650059124	0.03221229974277118	True	True	True
2026_all5mer	5mers_A_RNA_sparse_seq_13	0	0.8	POSTHOC_QUANTIZATION_SENSITIVITY	74437	72576	16692	10955	10955	11037	82	0.053418624439178566	0.05292367591318177	0.05392120235970661	0.05283487077658191	0.05434979264192269	True	True	True
2026_all5mer	5mers_A_RNA_sparse_seq_13	1	0.8	POSTHOC_QUANTIZATION_SENSITIVITY	72970	70966	70381	61013	61013	61155	142	0.02600368235722513	0.025818103678180007	0.026196890430801506	0.025818103678180007	0.026730351679869545	True	True	True
2026_all5mer	5mers_A_RNA_sparse_seq_14	0	0.8	POSTHOC_QUANTIZATION_SENSITIVITY	74624	73771	20738	14637	14637	14762	125	0.041141626767596806	0.04072687871356622	0.04156400421615864	0.04071906048138678	0.04213704445135731	True	True	True
2026_all5mer	5mers_A_RNA_sparse_seq_14	1	0.8	POSTHOC_QUANTIZATION_SENSITIVITY	72869	71627	71165	60139	60139	60323	184	0.028530906256442595	0.028318849265883645	0.028750592641532794	0.028318849265883645	0.0292832654441377	True	True	True
2026_all5mer	5mers_A_RNA_sparse_seq_15	0	0.8	POSTHOC_QUANTIZATION_SENSITIVITY	72411	71532	26849	16745	16745	16932	187	0.06084479750288391	0.06028631648294034	0.061410907917358724	0.060087741394259556	0.06224078166405924	True	True	True
2026_all5mer	5mers_A_RNA_sparse_seq_15	1	0.8	POSTHOC_QUANTIZATION_SENSITIVITY	72849	71798	71088	54374	54374	54663	289	0.05547707077420928	0.05511619440747258	0.05584557653547723	0.05506247151379501	0.05690949991674488	True	True	True
2026_all5mer	5mers_A_RNA_sparse_seq_16	0	0.8	POSTHOC_QUANTIZATION_SENSITIVITY	68695	67375	27974	18567	18567	18747	180	0.045056527218346375	0.04461276597350558	0.04550791785771841	0.04457199460178241	0.04630899183105889	True	True	True
2026_all5mer	5mers_A_RNA_sparse_seq_16	1	0.8	POSTHOC_QUANTIZATION_SENSITIVITY	71120	69692	68596	55225	55225	55446	221	0.04176206541255676	0.04146937814542426	0.04206238207422052	0.041464520961140935	0.042820916769571164	True	True	True
2026_all5mer	5mers_A_RNA_sparse_seq_17	0	0.8	POSTHOC_QUANTIZATION_SENSITIVITY	72145	71127	19109	14412	14412	14501	89	0.03727942071555225	0.036933418250633156	0.0376330525750026	0.036933418250633156	0.03810366943140506	True	True	True
2026_all5mer	5mers_A_RNA_sparse_seq_17	1	0.8	POSTHOC_QUANTIZATION_SENSITIVITY	69325	68050	67600	58532	58532	58715	183	0.024819211608557205	0.024627966311513493	0.025018086300132168	0.024627966311513493	0.02549486763099892	True	True	True
2026_all5mer	5mers_A_RNA_sparse_seq_18	0	0.8	POSTHOC_QUANTIZATION_SENSITIVITY	74475	73950	19397	12972	12972	13098	126	0.058665140006706154	0.05814902664076352	0.05918888276718003	0.05800079721426156	0.06012964289026723	True	True	True
2026_all5mer	5mers_A_RNA_sparse_seq_18	1	0.8	POSTHOC_QUANTIZATION_SENSITIVITY	72727	72250	71759	62007	62007	62178	171	0.02292489892449375	0.022740681720064115	0.023116745523454635	0.022740681720064115	0.023559640301992115	True	True	True
2026_all5mer	5mers_A_RNA_sparse_seq_19	0	0.8	POSTHOC_QUANTIZATION_SENSITIVITY	74940	73016	13762	9211	9211	9298	87	0.03839154854852024	0.037963421566583944	0.03882730492498779	0.037963421566583944	0.03935559373487578	True	True	True
2026_all5mer	5mers_A_RNA_sparse_seq_19	1	0.8	POSTHOC_QUANTIZATION_SENSITIVITY	73293	70540	70027	59274	59274	59440	166	0.03097378551571838	0.030770085933265825	0.03118511449270219	0.030770085933265825	0.03177618624865608	True	True	True
2026_all5mer	5mers_A_RNA_sparse_seq_20	0	0.8	POSTHOC_QUANTIZATION_SENSITIVITY	75427	73849	27734	17715	17715	17904	189	0.09497977032555115	0.09430517443754631	0.09566199560808725	0.09380115790655148	0.09640015033799555	True	True	True
2026_all5mer	5mers_A_RNA_sparse_seq_20	1	0.8	POSTHOC_QUANTIZATION_SENSITIVITY	75137	72786	72206	58197	58197	58409	212	0.0414966323223016	0.04121321815107791	0.04178767588805654	0.041209323435722485	0.04243591078114272	True	True	True
2026_all5mer	5mers_A_RNA_sparse_seq_21	0	0.8	POSTHOC_QUANTIZATION_SENSITIVITY	74673	73737	20124	13777	13777	13905	128	0.048229431841243134	0.047760051852725555	0.048706441224291956	0.047694383790117104	0.04935088456368502	True	True	True
2026_all5mer	5mers_A_RNA_sparse_seq_21	1	0.8	POSTHOC_QUANTIZATION_SENSITIVITY	71724	70875	70175	60601	60601	60764	163	0.02826917833413321	0.028061958018770445	0.028484028044027224	0.028061958018770445	0.029019557050622466	True	True	True
2026_all5mer	5mers_A_RNA_sparse_seq_22	0	0.8	POSTHOC_QUANTIZATION_SENSITIVITY	73671	72255	27698	17259	17259	17460	201	0.06475993704081645	0.06420540551306565	0.06532209796309851	0.06395930440871421	0.06618840639943638	True	True	True
2026_all5mer	5mers_A_RNA_sparse_seq_22	1	0.8	POSTHOC_QUANTIZATION_SENSITIVITY	70591	68555	67673	48916	48916	49229	313	0.05902241198310225	0.05861912246268635	0.0594333308980494	0.05853090999400292	0.060430731948541136	True	True	True
2026_all5mer	5mers_A_RNA_sparse_seq_23	0	0.8	POSTHOC_QUANTIZATION_SENSITIVITY	73766	72838	22688	13958	13958	14147	189	0.06543979243026932	0.06485758129753379	0.06602963295753611	0.0645758601010572	0.06730433810438112	True	True	True
2026_all5mer	5mers_A_RNA_sparse_seq_23	1	0.8	POSTHOC_QUANTIZATION_SENSITIVITY	72664	71284	70615	55266	55266	55517	251	0.03889979659740964	0.03861005948256218	0.03919716310678836	0.03861005948256218	0.03994806470763953	True	True	True
2026_all5mer	5mers_A_RNA_sparse_seq_24	0	0.8	POSTHOC_QUANTIZATION_SENSITIVITY	75139	74104	26394	16126	16126	16299	173	0.06917333999136076	0.06860941910912259	0.06974489026813017	0.06835697099973155	0.07084142287459093	True	True	True
2026_all5mer	5mers_A_RNA_sparse_seq_24	1	0.8	POSTHOC_QUANTIZATION_SENSITIVITY	73599	72358	71996	60107	60107	60331	224	0.027860560783606964	0.027638883824091177	0.028089867137653997	0.027638883824091177	0.02868221026689935	True	True	True
2026_all5mer	5mers_A_RNA_sparse_seq_25	0	0.8	POSTHOC_QUANTIZATION_SENSITIVITY	73151	72225	21884	14282	14282	14434	152	0.048952330495943594	0.04845571738300396	0.04945657300341448	0.04837241325904893	0.050077466236975524	True	True	True
2026_all5mer	5mers_A_RNA_sparse_seq_25	1	0.8	POSTHOC_QUANTIZATION_SENSITIVITY	73872	73023	71887	59366	59366	59591	225	0.05198568459715045	0.05167269217567584	0.05230630641315631	0.05164329056009712	0.05308898956583751	True	True	True
2026_all5mer	5mers_A_RNA_sparse_seq_26	0	0.8	POSTHOC_QUANTIZATION_SENSITIVITY	72282	71237	21806	14643	14643	14797	154	0.03924676084554253	0.038813375233219906	0.03968777585239641	0.038813375233219906	0.040467321197880254	True	True	True
2026_all5mer	5mers_A_RNA_sparse_seq_26	1	0.8	POSTHOC_QUANTIZATION_SENSITIVITY	73099	72290	71845	57756	57756	57985	229	0.03226840686778281	0.03202057915122252	0.03252386397887436	0.03202057915122252	0.03320664096604321	True	True	True
2026_all5mer	5mers_A_RNA_sparse_seq_27	0	0.8	POSTHOC_QUANTIZATION_SENSITIVITY	73821	72695	18495	12527	12527	12645	118	0.04340788417282342	0.042956829946534235	0.043866567793643854	0.04292991625499144	0.044533450545881384	True	True	True
2026_all5mer	5mers_A_RNA_sparse_seq_27	1	0.8	POSTHOC_QUANTIZATION_SENSITIVITY	74217	73413	72733	62374	62374	62538	164	0.028923214840767424	0.028713025596320933	0.029141033479745167	0.028713025596320933	0.029650218311797677	True	True	True
2026_all5mer	5mers_A_RNA_sparse_seq_28	0	0.8	POSTHOC_QUANTIZATION_SENSITIVITY	73628	72566	17403	12776	12776	12873	97	0.026601534600398206	0.02626628672695936	0.026944411868368302	0.02626628672695936	0.02746314468448982	True	True	True
2026_all5mer	5mers_A_RNA_sparse_seq_28	1	0.8	POSTHOC_QUANTIZATION_SENSITIVITY	72386	70997	69357	60087	60087	60238	151	0.04652818480494543	0.04625943520201372	0.04680456380240838	0.04624775410823364	0.04723954120255411	True	True	True
2026_all5mer	5mers_A_RNA_sparse_seq_29	0	0.8	POSTHOC_QUANTIZATION_SENSITIVITY	74562	73326	15919	10572	10572	10663	91	0.05639989205575828	0.05589101894579284	0.056916394560254976	0.05576329331498246	0.057303041645096565	True	True	True
2026_all5mer	5mers_A_RNA_sparse_seq_29	1	0.8	POSTHOC_QUANTIZATION_SENSITIVITY	72071	70884	70555	62619	62619	62752	133	0.019674635867819392	0.019514086634126748	0.019842814496043283	0.019514086634126748	0.02024962908148097	True	True	True
2026_all5mer	5mers_A_RNA_sparse_seq_30	0	0.8	POSTHOC_QUANTIZATION_SENSITIVITY	72183	70766	25263	18390	18390	18528	138	0.028875758558463117	0.02852215914702921	0.02923698736442827	0.02852215914702921	0.029803916061480425	True	True	True
2026_all5mer	5mers_A_RNA_sparse_seq_30	1	0.8	POSTHOC_QUANTIZATION_SENSITIVITY	69412	68036	67464	51587	51587	51862	275	0.05192335018862155	0.05157725139520827	0.052277078376566075	0.05153293690657514	0.053211794156278275	True	True	True
2026_all5mer	5mers_A_RNA_sparse_seq_31	0	0.8	POSTHOC_QUANTIZATION_SENSITIVITY	74005	72861	15271	10088	10088	10187	99	0.043009419936589265	0.04255343958274605	0.04347302968496373	0.04252810261764421	0.04400586104338696	True	True	True
2026_all5mer	5mers_A_RNA_sparse_seq_31	1	0.8	POSTHOC_QUANTIZATION_SENSITIVITY	73462	72502	71628	62965	62965	63128	163	0.02539498931901729	0.025204730709769318	0.02559287732279652	0.025204730709769318	0.026068195550406393	True	True	True
2026_all5mer	5mers_A_RNA_sparse_seq_32	0	0.8	POSTHOC_QUANTIZATION_SENSITIVITY	71128	69829	27134	17143	17143	17331	188	0.06220265855618399	0.06164792351299091	0.06276502299390832	0.06144486218802827	0.06370833418405533	True	True	True
2026_all5mer	5mers_A_RNA_sparse_seq_32	1	0.8	POSTHOC_QUANTIZATION_SENSITIVITY	71433	70544	70001	54713	54713	54938	225	0.0412598108745481	0.04095845132444671	0.04156879981918074	0.04095493192541494	0.04236785016359106	True	True	True
2026_all5mer	ALL	0	0.8	POSTHOC_QUANTIZATION_SENSITIVITY	2360963	2326496	680046	456047	456047	460386	4339	0.050684642501283766	0.050207453624089786	0.051169460773009004	0.050120253555036284	0.05185056124265445	True	True	True
2026_all5mer	ALL	1	0.8	POSTHOC_QUANTIZATION_SENSITIVITY	2321542	2282238	2260276	1873456	1873456	1879998	6542	0.03491678962877256	0.03466971625020609	0.03517149240187028	0.03466971625020609	0.03577995141398484	True	True	True
2026_all5mer	5mers_A_RNA_sparse_seq_01	0	0.9	POSTHOC_QUANTIZATION_SENSITIVITY	73966	72769	24406	12098	11755	12098	343	0.029205640735143788	0.028928693965912494	0.029490216898906327	0.027833549424360823	0.030021234551863	True	True	True
2026_all5mer	5mers_A_RNA_sparse_seq_01	1	0.9	POSTHOC_QUANTIZATION_SENSITIVITY	72043	70521	69619	53068	52700	53068	368	0.018281084254609798	0.018140594592834458	0.018429203310916388	0.01733686982715135	0.01847750065781075	True	True	True
2026_all5mer	5mers_A_RNA_sparse_seq_02	0	0.9	POSTHOC_QUANTIZATION_SENSITIVITY	73580	72370	22507	10916	10600	10916	316	0.02533989330052718	0.025074090395012197	0.025613325600573413	0.02378228590628011	0.026042683152834513	True	True	True
2026_all5mer	5mers_A_RNA_sparse_seq_02	1	0.9	POSTHOC_QUANTIZATION_SENSITIVITY	72171	71172	70623	47485	47040	47485	445	0.022171508380961793	0.02201201804527499	0.022338628111179846	0.02083625492555024	0.022434080528399684	True	True	True
2026_all5mer	5mers_A_RNA_sparse_seq_03	0	0.9	POSTHOC_QUANTIZATION_SENSITIVITY	76011	75191	20000	8592	8276	8592	316	0.03598756630327449	0.03564399314326281	0.03633876885781741	0.03447484786672489	0.03729005607193551	True	True	True
2026_all5mer	5mers_A_RNA_sparse_seq_03	1	0.9	POSTHOC_QUANTIZATION_SENSITIVITY	72803	71868	71400	53549	53192	53549	357	0.014194176220159668	0.014074227859282503	0.014321753975568084	0.013273625026652608	0.014344555016181527	True	True	True
2026_all5mer	5mers_A_RNA_sparse_seq_04	0	0.9	POSTHOC_QUANTIZATION_SENSITIVITY	74257	73395	21962	9322	8987	9322	335	0.06487271796477964	0.0644203125471415	0.06533275277694901	0.06234285876590906	0.06721897309355238	True	True	True
2026_all5mer	5mers_A_RNA_sparse_seq_04	1	0.9	POSTHOC_QUANTIZATION_SENSITIVITY	71382	70253	69619	50423	50024	50423	399	0.01855521094942548	0.018414688420532607	0.0187033628728496	0.01733383104165477	0.018758623669447486	True	True	True
2026_all5mer	5mers_A_RNA_sparse_seq_05	0	0.9	POSTHOC_QUANTIZATION_SENSITIVITY	72808	72119	21025	8902	8590	8902	312	0.03799913535357004	0.03765467701802439	0.03835122308364693	0.03678925274408352	0.03933575297510901	True	True	True
2026_all5mer	5mers_A_RNA_sparse_seq_05	1	0.9	POSTHOC_QUANTIZATION_SENSITIVITY	74353	73753	73382	55111	54754	55111	357	0.0121665251053653	0.01205822323976696	0.012282456365494894	0.011509587696209746	0.012293911272634605	True	True	True
2026_all5mer	5mers_A_RNA_sparse_seq_06	0	0.9	POSTHOC_QUANTIZATION_SENSITIVITY	76086	75164	20639	10614	10306	10614	308	0.02448136779083603	0.024229262089446278	0.024741102886757026	0.02349089856689177	0.02515783380195585	True	True	True
2026_all5mer	5mers_A_RNA_sparse_seq_06	1	0.9	POSTHOC_QUANTIZATION_SENSITIVITY	75318	73985	73212	53551	53179	53551	372	0.019634598583843955	0.019491157888624863	0.0197856686735943	0.018607608749310632	0.01984117059713553	True	True	True
2026_all5mer	5mers_A_RNA_sparse_seq_07	0	0.9	POSTHOC_QUANTIZATION_SENSITIVITY	74968	74180	19389	8072	7756	8072	316	0.033202932185767545	0.03286795904426083	0.033545534721805506	0.03152264907242317	0.0344484483873522	True	True	True
2026_all5mer	5mers_A_RNA_sparse_seq_07	1	0.9	POSTHOC_QUANTIZATION_SENSITIVITY	71358	70341	69521	49205	48843	49205	362	0.019693894411003113	0.019553180419748215	0.01984223779678926	0.018527382151435887	0.019900289493364	True	True	True
2026_all5mer	5mers_A_RNA_sparse_seq_08	0	0.9	POSTHOC_QUANTIZATION_SENSITIVITY	75951	75180	16571	7381	7157	7381	224	0.03513609634604077	0.034821149957582176	0.035458672129030616	0.03387821464517876	0.03621305422579281	True	True	True
2026_all5mer	5mers_A_RNA_sparse_seq_08	1	0.9	POSTHOC_QUANTIZATION_SENSITIVITY	73604	72439	71528	55237	54910	55237	327	0.015416960705284198	0.015299724285557292	0.015541826519542353	0.014539174461198841	0.015567883440035086	True	True	True
2026_all5mer	5mers_A_RNA_sparse_seq_09	0	0.9	POSTHOC_QUANTIZATION_SENSITIVITY	73973	72715	20457	11049	10807	11049	242	0.01957311154663406	0.019352348328327225	0.019801504159472152	0.018995667056560687	0.0200094504573369	True	True	True
2026_all5mer	5mers_A_RNA_sparse_seq_09	1	0.9	POSTHOC_QUANTIZATION_SENSITIVITY	73124	71616	70856	49506	49110	49506	396	0.021817835760526896	0.021663261847857614	0.021980039067727428	0.02050323822785149	0.022056647378417244	True	True	True
2026_all5mer	5mers_A_RNA_sparse_seq_10	0	0.9	POSTHOC_QUANTIZATION_SENSITIVITY	71263	70338	16556	6667	6437	6667	230	0.03321237308038163	0.03287207999829501	0.03356029555699949	0.03170891661928351	0.034353529295663196	True	True	True
2026_all5mer	5mers_A_RNA_sparse_seq_10	1	0.9	POSTHOC_QUANTIZATION_SENSITIVITY	69418	68199	67861	53989	53731	53989	258	0.009592523776024724	0.009503775203430473	0.009688901743150225	0.00914732952976619	0.009687536718996	True	True	True
2026_all5mer	5mers_A_RNA_sparse_seq_11	0	0.9	POSTHOC_QUANTIZATION_SENSITIVITY	74685	73993	23470	11954	11682	11954	272	0.02945754606627652	0.029189358871278704	0.02973336265580559	0.027820213456610607	0.03014983909207308	True	True	True
2026_all5mer	5mers_A_RNA_sparse_seq_11	1	0.9	POSTHOC_QUANTIZATION_SENSITIVITY	72892	72158	71598	55586	55266	55586	320	0.0163878221010521	0.016263181709528646	0.016520091887106802	0.015608110932682245	0.01655083044712551	True	True	True
2026_all5mer	5mers_A_RNA_sparse_seq_12	0	0.9	POSTHOC_QUANTIZATION_SENSITIVITY	74252	73447	20730	8358	8088	8358	270	0.05295579266280014	0.052556605908425126	0.05336260881170641	0.05092790086778234	0.054700878264725784	True	True	True
2026_all5mer	5mers_A_RNA_sparse_seq_12	1	0.9	POSTHOC_QUANTIZATION_SENSITIVITY	74256	73463	72306	52591	52188	52591	403	0.015543808697434677	0.015415365517199502	0.0156798812722011	0.014676966632144434	0.0157162384273315	True	True	True
2026_all5mer	5mers_A_RNA_sparse_seq_13	0	0.9	POSTHOC_QUANTIZATION_SENSITIVITY	74437	72576	16692	7130	6915	7130	215	0.04161555115002904	0.04126864268769723	0.04197008900689209	0.04051594732183596	0.04292129829624973	True	True	True
2026_all5mer	5mers_A_RNA_sparse_seq_13	1	0.9	POSTHOC_QUANTIZATION_SENSITIVITY	72970	70966	70381	56064	55763	56064	301	0.012093105816949992	0.011996962708425304	0.012196878320005931	0.011159244902101375	0.0122050369086113	True	True	True
2026_all5mer	5mers_A_RNA_sparse_seq_14	0	0.9	POSTHOC_QUANTIZATION_SENSITIVITY	74624	73771	20738	10171	9912	10171	259	0.027597553199540784	0.02733283436247972	0.027869901431133094	0.026257910713901128	0.028303204393665467	True	True	True
2026_all5mer	5mers_A_RNA_sparse_seq_14	1	0.9	POSTHOC_QUANTIZATION_SENSITIVITY	72869	71627	71165	53978	53680	53978	298	0.013277398497103637	0.01316822895393653	0.013394197434801997	0.012653041442381165	0.01340927412353902	True	True	True
2026_all5mer	5mers_A_RNA_sparse_seq_15	0	0.9	POSTHOC_QUANTIZATION_SENSITIVITY	72411	71532	26849	9998	9575	9998	423	0.044648830736606304	0.04425928368046656	0.0450460071872773	0.042039904698216814	0.04647083433406247	True	True	True
2026_all5mer	5mers_A_RNA_sparse_seq_15	1	0.9	POSTHOC_QUANTIZATION_SENSITIVITY	72849	71798	71088	45753	45313	45753	440	0.029982372338380005	0.029784586959397643	0.03018778711189362	0.028388794463839368	0.03034451095290299	True	True	True
2026_all5mer	5mers_A_RNA_sparse_seq_16	0	0.9	POSTHOC_QUANTIZATION_SENSITIVITY	68695	67375	27974	12538	12180	12538	358	0.030129157483321015	0.02984591636347379	0.030420027997699495	0.02885266413534055	0.03098381445344529	True	True	True
2026_all5mer	5mers_A_RNA_sparse_seq_16	1	0.9	POSTHOC_QUANTIZATION_SENSITIVITY	71120	69692	68596	47906	47499	47906	407	0.022776811728968987	0.02261198409558318	0.022949268756886045	0.02164452324158336	0.023041718942302194	True	True	True
2026_all5mer	5mers_A_RNA_sparse_seq_17	0	0.9	POSTHOC_QUANTIZATION_SENSITIVITY	72145	71127	19109	11190	10994	11190	196	0.02530397512318302	0.02508379516056119	0.0255317844803361	0.024314212227498966	0.02578758783960061	True	True	True
2026_all5mer	5mers_A_RNA_sparse_seq_17	1	0.9	POSTHOC_QUANTIZATION_SENSITIVITY	69325	68050	67600	53107	52782	53107	325	0.012538243182299378	0.012434113877977921	0.012650001881152085	0.011850042926112341	0.012662645096839443	True	True	True
2026_all5mer	5mers_A_RNA_sparse_seq_18	0	0.9	POSTHOC_QUANTIZATION_SENSITIVITY	74475	73950	19397	8544	8255	8544	289	0.041632080792487786	0.04128087325935507	0.04199091772015175	0.03930363792736355	0.04301272340769697	True	True	True
2026_all5mer	5mers_A_RNA_sparse_seq_18	1	0.9	POSTHOC_QUANTIZATION_SENSITIVITY	72727	72250	71759	56344	55995	56344	349	0.011433578224729174	0.011332858951021017	0.011541926892968584	0.010597682224529295	0.011548428841146995	True	True	True
2026_all5mer	5mers_A_RNA_sparse_seq_19	0	0.9	POSTHOC_QUANTIZATION_SENSITIVITY	74940	73016	13762	6049	5872	6049	177	0.02919563637782491	0.02890590289975616	0.029492999250424916	0.02774620814039218	0.030040850588262252	True	True	True
2026_all5mer	5mers_A_RNA_sparse_seq_19	1	0.9	POSTHOC_QUANTIZATION_SENSITIVITY	73293	70540	70027	54101	53836	54101	265	0.014105737602637348	0.014006189170847698	0.01421291542895825	0.013316515208605053	0.014228685863732677	True	True	True
2026_all5mer	5mers_A_RNA_sparse_seq_20	0	0.9	POSTHOC_QUANTIZATION_SENSITIVITY	75427	73849	27734	10997	10604	10997	393	0.08465717596997778	0.08412924677477736	0.08519273455970947	0.08221743421603257	0.0877560296512038	True	True	True
2026_all5mer	5mers_A_RNA_sparse_seq_20	1	0.9	POSTHOC_QUANTIZATION_SENSITIVITY	75137	72786	72206	50668	50274	50668	394	0.0215503583910942	0.021398468571698515	0.021709877605021136	0.02026470481012282	0.02178252889546159	True	True	True
2026_all5mer	5mers_A_RNA_sparse_seq_21	0	0.9	POSTHOC_QUANTIZATION_SENSITIVITY	74673	73737	20124	9220	8945	9220	275	0.034268349008291246	0.03395004437957565	0.034594283031538095	0.03311047880191368	0.03531276717790341	True	True	True
2026_all5mer	5mers_A_RNA_sparse_seq_21	1	0.9	POSTHOC_QUANTIZATION_SENSITIVITY	71724	70875	70175	54876	54556	54876	320	0.013838789902550892	0.013727663452940351	0.013957545746692685	0.013018530149646131	0.0139756236841757	True	True	True
2026_all5mer	5mers_A_RNA_sparse_seq_22	0	0.9	POSTHOC_QUANTIZATION_SENSITIVITY	73671	72255	27698	10771	10409	10771	362	0.049934629809169115	0.04954390259752388	0.0503329864153456	0.04756921311724422	0.05161362520360257	True	True	True
2026_all5mer	5mers_A_RNA_sparse_seq_22	1	0.9	POSTHOC_QUANTIZATION_SENSITIVITY	70591	68555	67673	39438	38901	39438	537	0.033444394590864436	0.033215388364727545	0.03368103021153258	0.03146480422737474	0.033949509508397584	True	True	True
2026_all5mer	5mers_A_RNA_sparse_seq_23	0	0.9	POSTHOC_QUANTIZATION_SENSITIVITY	73766	72838	22688	8277	7891	8277	386	0.051209604508262965	0.0507872377427661	0.05163960066829108	0.048771385594904605	0.05354054543909646	True	True	True
2026_all5mer	5mers_A_RNA_sparse_seq_23	1	0.9	POSTHOC_QUANTIZATION_SENSITIVITY	72664	71284	70615	47119	46716	47119	403	0.01807348196736069	0.017924437238216837	0.018230156091035794	0.01700208463900636	0.018289049309275846	True	True	True
2026_all5mer	5mers_A_RNA_sparse_seq_24	0	0.9	POSTHOC_QUANTIZATION_SENSITIVITY	75139	74104	26394	10127	9782	10127	345	0.04980427427565909	0.049424257426291564	0.05019192051955786	0.047473766605236334	0.051488898123263536	True	True	True
2026_all5mer	5mers_A_RNA_sparse_seq_24	1	0.9	POSTHOC_QUANTIZATION_SENSITIVITY	73599	72358	71996	53344	52958	53344	386	0.013889141689179254	0.013768661215266712	0.014017251557623046	0.012964668925337774	0.014040438137458854	True	True	True
2026_all5mer	5mers_A_RNA_sparse_seq_25	0	0.9	POSTHOC_QUANTIZATION_SENSITIVITY	73151	72225	21884	9013	8702	9013	311	0.03551946648691148	0.03517517408123162	0.035871388287122594	0.0339741287714694	0.036742230958487804	True	True	True
2026_all5mer	5mers_A_RNA_sparse_seq_25	1	0.9	POSTHOC_QUANTIZATION_SENSITIVITY	73872	73023	71887	52591	52241	52591	350	0.027347775339407045	0.02717880907932946	0.02752437099401588	0.02578213790881056	0.027608552019609996	True	True	True
2026_all5mer	5mers_A_RNA_sparse_seq_26	0	0.9	POSTHOC_QUANTIZATION_SENSITIVITY	72282	71237	21806	9739	9427	9739	312	0.024309027303916396	0.024032465864934155	0.02459321813742989	0.023308065322295735	0.025051708795499783	True	True	True
2026_all5mer	5mers_A_RNA_sparse_seq_26	1	0.9	POSTHOC_QUANTIZATION_SENSITIVITY	73099	72290	71845	50590	50168	50590	422	0.015166651040910615	0.015036382635583706	0.015304548840768772	0.01440955489372759	0.015342511516836056	True	True	True
2026_all5mer	5mers_A_RNA_sparse_seq_27	0	0.9	POSTHOC_QUANTIZATION_SENSITIVITY	73821	72695	18495	8310	8057	8310	253	0.030818489340955456	0.03051612936632728	0.031128478710114885	0.029767708444101385	0.0317607560367667	True	True	True
2026_all5mer	5mers_A_RNA_sparse_seq_27	1	0.9	POSTHOC_QUANTIZATION_SENSITIVITY	74217	73413	72733	56496	56152	56496	344	0.013749849421550586	0.013638679787444853	0.013868648450187569	0.012809090609502909	0.013886666391649599	True	True	True
2026_all5mer	5mers_A_RNA_sparse_seq_28	0	0.9	POSTHOC_QUANTIZATION_SENSITIVITY	73628	72566	17403	9408	9222	9408	186	0.015788629752438086	0.015582047352174512	0.016002841547232905	0.015329540846894106	0.016115674688241023	True	True	True
2026_all5mer	5mers_A_RNA_sparse_seq_28	1	0.9	POSTHOC_QUANTIZATION_SENSITIVITY	72386	70997	69357	54999	54704	54999	295	0.02904106084233048	0.0288770614588234	0.02921268962036881	0.027814257111069104	0.029288585576978204	True	True	True
2026_all5mer	5mers_A_RNA_sparse_seq_29	0	0.9	POSTHOC_QUANTIZATION_SENSITIVITY	74562	73326	15919	6971	6745	6971	226	0.04354148922751819	0.043178916781213016	0.04391169106835461	0.04153139444519008	0.04496034701194989	True	True	True
2026_all5mer	5mers_A_RNA_sparse_seq_29	1	0.9	POSTHOC_QUANTIZATION_SENSITIVITY	72071	70884	70555	57916	57629	57916	287	0.009326160756813343	0.009238259371937915	0.009421691536220021	0.008696966974364036	0.009420342937063484	True	True	True
2026_all5mer	5mers_A_RNA_sparse_seq_30	0	0.9	POSTHOC_QUANTIZATION_SENSITIVITY	72183	70766	25263	13353	13052	13353	301	0.017759932620350558	0.01753867246555959	0.01798882216967278	0.017302055110269846	0.018163388850642184	True	True	True
2026_all5mer	5mers_A_RNA_sparse_seq_30	1	0.9	POSTHOC_QUANTIZATION_SENSITIVITY	69412	68036	67464	43538	43070	43538	468	0.029051686643135826	0.028857414304835	0.029253588375967903	0.02749638002063944	0.029425654143643457	True	True	True
2026_all5mer	5mers_A_RNA_sparse_seq_31	0	0.9	POSTHOC_QUANTIZATION_SENSITIVITY	74005	72861	15271	6639	6440	6639	199	0.029315104989478306	0.029011058275878097	0.02962678109760977	0.028307142506425024	0.03020499783053444	True	True	True
2026_all5mer	5mers_A_RNA_sparse_seq_31	1	0.9	POSTHOC_QUANTIZATION_SENSITIVITY	73462	72502	71628	57771	57459	57771	312	0.013252936376740134	0.013144803764033047	0.013368698383978472	0.012635923899607196	0.013383304324720008	True	True	True
2026_all5mer	5mers_A_RNA_sparse_seq_32	0	0.9	POSTHOC_QUANTIZATION_SENSITIVITY	71128	69829	27134	10428	10022	10428	406	0.04787640412465612	0.04748455701680946	0.048275880627034036	0.04595156834839606	0.04973111926090856	True	True	True
2026_all5mer	5mers_A_RNA_sparse_seq_32	1	0.9	POSTHOC_QUANTIZATION_SENSITIVITY	71433	70544	70001	46792	46357	46792	435	0.019801343479896736	0.01964121750224898	0.01996909885207574	0.018444411796095773	0.020044788378014412	True	True	True
2026_all5mer	ALL	0	0.9	POSTHOC_QUANTIZATION_SENSITIVITY	2360963	2326496	680046	302798	293442	302798	9356	0.036419993449271916	0.03609831360136208	0.036749302691713	0.034889354234657756	0.037548136361664555	True	True	True
2026_all5mer	ALL	1	0.9	POSTHOC_QUANTIZATION_SENSITIVITY	2321542	2282238	2260276	1662692	1650990	1662692	11702	0.017656914591142544	0.017524073294758965	0.01779738528205737	0.016649706007914777	0.017842035602173418	True	True	True
2026_all5mer	5mers_A_RNA_sparse_seq_01	0	0.95	POSTHOC_QUANTIZATION_SENSITIVITY	73966	72769	24406	5957	5173	5957	784	0.0302365860003282	0.030054499363767154	0.030426302031420493	0.028296460535869164	0.03457255496813223	True	True	True
2026_all5mer	5mers_A_RNA_sparse_seq_01	1	0.95	POSTHOC_QUANTIZATION_SENSITIVITY	72043	70521	69619	46472	45659	46472	813	0.0055832996654067235	0.005519652863258051	0.005654575862086646	0.0041494182270073315	0.005704483442642275	True	True	True
2026_all5mer	5mers_A_RNA_sparse_seq_02	0	0.95	POSTHOC_QUANTIZATION_SENSITIVITY	73580	72370	22507	5260	4572	5260	688	0.023702634514058043	0.02354179643406161	0.02387110198858573	0.02203784100647496	0.02702707600005457	True	True	True
2026_all5mer	5mers_A_RNA_sparse_seq_02	1	0.95	POSTHOC_QUANTIZATION_SENSITIVITY	72171	71172	70623	40272	39476	40272	796	0.005495580643664099	0.005435022514018929	0.00556376816784052	0.0038086778652181956	0.005618337909835742	True	True	True
2026_all5mer	5mers_A_RNA_sparse_seq_03	0	0.95	POSTHOC_QUANTIZATION_SENSITIVITY	76011	75191	20000	2972	2225	2972	747	0.04700124440250936	0.04672019414272796	0.047289924056822	0.04180546226436918	0.061847982823476526	True	True	True
2026_all5mer	5mers_A_RNA_sparse_seq_03	1	0.95	POSTHOC_QUANTIZATION_SENSITIVITY	72803	71868	71400	47080	46300	47080	780	0.0036303965034582093	0.0035786339460841254	0.0036897884553635436	0.0025481055048836017	0.0037071898566095967	True	True	True
2026_all5mer	5mers_A_RNA_sparse_seq_04	0	0.95	POSTHOC_QUANTIZATION_SENSITIVITY	74257	73395	21962	3398	2666	3398	732	0.09251798749882169	0.09206377358349581	0.09297983080867882	0.0851003953136015	0.11656126684072066	True	True	True
2026_all5mer	5mers_A_RNA_sparse_seq_04	1	0.95	POSTHOC_QUANTIZATION_SENSITIVITY	71382	70253	69619	43713	42962	43713	751	0.00364984253102825	0.003597262401291521	0.003710052055296229	0.002281428951067751	0.003728115890546196	True	True	True
2026_all5mer	5mers_A_RNA_sparse_seq_05	0	0.95	POSTHOC_QUANTIZATION_SENSITIVITY	72808	72119	21025	3268	2612	3268	656	0.043868743074713605	0.04361029616767949	0.04413481937627897	0.04097860206337045	0.05437327486062941	True	True	True
2026_all5mer	5mers_A_RNA_sparse_seq_05	1	0.95	POSTHOC_QUANTIZATION_SENSITIVITY	74353	73753	73382	48814	48099	48814	715	0.002938885004404074	0.002892448289941314	0.0029929511133980837	0.002248024817808701	0.002998802833970822	True	True	True
2026_all5mer	5mers_A_RNA_sparse_seq_06	0	0.95	POSTHOC_QUANTIZATION_SENSITIVITY	76086	75164	20639	5568	4931	5568	637	0.018436903241036952	0.01830040723427959	0.018581028642325567	0.01639389356663967	0.02060438152655112	True	True	True
2026_all5mer	5mers_A_RNA_sparse_seq_06	1	0.95	POSTHOC_QUANTIZATION_SENSITIVITY	75318	73985	73212	46728	45938	46728	790	0.006452685491492988	0.0063888880921193865	0.006524112285397841	0.005046697807320187	0.006585855273407784	True	True	True
2026_all5mer	5mers_A_RNA_sparse_seq_07	0	0.95	POSTHOC_QUANTIZATION_SENSITIVITY	74968	74180	19389	2578	1933	2578	645	0.04514378739291147	0.04487756650701246	0.04541763767334174	0.04154369318596671	0.059417999471761615	True	True	True
2026_all5mer	5mers_A_RNA_sparse_seq_07	1	0.95	POSTHOC_QUANTIZATION_SENSITIVITY	71358	70341	69521	43056	42351	43056	705	0.0047144788829246356	0.004660463917880021	0.004776123242500501	0.0029918939785023545	0.004808490319209422	True	True	True
2026_all5mer	5mers_A_RNA_sparse_seq_08	0	0.95	POSTHOC_QUANTIZATION_SENSITIVITY	75951	75180	16571	3233	2730	3233	503	0.0353498343819625	0.035137286246689416	0.03557001191176684	0.03218115079040338	0.041491831710242046	True	True	True
2026_all5mer	5mers_A_RNA_sparse_seq_08	1	0.95	POSTHOC_QUANTIZATION_SENSITIVITY	73604	72439	71528	49227	48523	49227	704	0.0037632825051219588	0.0037164076892428825	0.0038177867155322854	0.002493480747555018	0.0038340302989619776	True	True	True
2026_all5mer	5mers_A_RNA_sparse_seq_09	0	0.95	POSTHOC_QUANTIZATION_SENSITIVITY	73973	72715	20457	6428	5812	6428	616	0.015737178686174014	0.015613919099666498	0.01586806766721278	0.014648677515214968	0.017258891413600652	True	True	True
2026_all5mer	5mers_A_RNA_sparse_seq_09	1	0.95	POSTHOC_QUANTIZATION_SENSITIVITY	73124	71616	70856	42662	41897	42662	765	0.006006674247699852	0.005944792314854628	0.006076185575076326	0.004221075585662283	0.006133089229347747	True	True	True
2026_all5mer	5mers_A_RNA_sparse_seq_10	0	0.95	POSTHOC_QUANTIZATION_SENSITIVITY	71263	70338	16556	2046	1477	2046	569	0.05357482775914704	0.053262190385298294	0.053895094527527034	0.049098368946367724	0.07318618045850496	True	True	True
2026_all5mer	5mers_A_RNA_sparse_seq_10	1	0.95	POSTHOC_QUANTIZATION_SENSITIVITY	69418	68199	67861	49156	48554	49156	602	0.0026921919416746875	0.0026509721650284936	0.0027410411128521313	0.0021197570481488715	0.0027429553874176987	True	True	True
2026_all5mer	5mers_A_RNA_sparse_seq_11	0	0.95	POSTHOC_QUANTIZATION_SENSITIVITY	74685	73993	23470	6416	5700	6416	716	0.02315229192338977	0.02299998942158763	0.023312223819723154	0.020942460334109174	0.025855386622204452	True	True	True
2026_all5mer	5mers_A_RNA_sparse_seq_11	1	0.95	POSTHOC_QUANTIZATION_SENSITIVITY	72892	72158	71598	49500	48768	49500	732	0.006280588169290562	0.006219952207623106	0.006348853525489267	0.005260860594246586	0.0064012881384651645	True	True	True
2026_all5mer	5mers_A_RNA_sparse_seq_12	0	0.95	POSTHOC_QUANTIZATION_SENSITIVITY	74252	73447	20730	3205	2576	3205	629	0.06808378008338108	0.0677325363278203	0.0684426532334731	0.06091738182180668	0.08370627447974215	True	True	True
2026_all5mer	5mers_A_RNA_sparse_seq_12	1	0.95	POSTHOC_QUANTIZATION_SENSITIVITY	74256	73463	72306	45887	45063	45887	824	0.004608345750833697	0.0045509535402736955	0.004673367355924949	0.0030441247539940786	0.00470803040659528	True	True	True
2026_all5mer	5mers_A_RNA_sparse_seq_13	0	0.95	POSTHOC_QUANTIZATION_SENSITIVITY	74437	72576	16692	2956	2426	2956	530	0.04772380885639113	0.047457156871749194	0.04799809023556432	0.043977975845336914	0.05764830591641458	True	True	True
2026_all5mer	5mers_A_RNA_sparse_seq_13	1	0.95	POSTHOC_QUANTIZATION_SENSITIVITY	72970	70966	70381	51224	50626	51224	598	0.0028568716434953585	0.0028168417486607537	0.002904530932861214	0.0021317504260718306	0.002908125519458391	True	True	True
2026_all5mer	5mers_A_RNA_sparse_seq_14	0	0.95	POSTHOC_QUANTIZATION_SENSITIVITY	74624	73771	20738	5307	4706	5307	601	0.023231026904830514	0.023077301146149837	0.023392382058042446	0.021419874424976698	0.026000708012989357	True	True	True
2026_all5mer	5mers_A_RNA_sparse_seq_14	1	0.95	POSTHOC_QUANTIZATION_SENSITIVITY	72869	71627	71165	48250	47558	48250	692	0.003547924456818734	0.003500912048656088	0.0036025662595126295	0.0024207350742294492	0.0036161984166791362	True	True	True
2026_all5mer	5mers_A_RNA_sparse_seq_15	0	0.95	POSTHOC_QUANTIZATION_SENSITIVITY	72411	71532	26849	2905	2056	2905	849	0.06225170063274863	0.06190470237534961	0.0626063282846789	0.05638040607370441	0.08661736545792545	True	True	True
2026_all5mer	5mers_A_RNA_sparse_seq_15	1	0.95	POSTHOC_QUANTIZATION_SENSITIVITY	72849	71798	71088	38241	37425	38241	816	0.010650092202971624	0.010563440887234906	0.010744372913239594	0.008322427169353781	0.010901065406627497	True	True	True
2026_all5mer	5mers_A_RNA_sparse_seq_16	0	0.95	POSTHOC_QUANTIZATION_SENSITIVITY	68695	67375	27974	6175	5449	6175	726	0.025726401757614814	0.025558083723431175	0.025902349186329707	0.02328379724412445	0.02893249846769928	True	True	True
2026_all5mer	5mers_A_RNA_sparse_seq_16	1	0.95	POSTHOC_QUANTIZATION_SENSITIVITY	71120	69692	68596	40952	40141	40952	811	0.008041036061463726	0.007965135583655865	0.008124565933802836	0.006479775178993463	0.00822704428747004	True	True	True
2026_all5mer	5mers_A_RNA_sparse_seq_17	0	0.95	POSTHOC_QUANTIZATION_SENSITIVITY	72145	71127	19109	7346	6862	7346	484	0.01979926234202978	0.01967171976165813	0.019934434316932686	0.01774791181494074	0.02111536876238096	True	True	True
2026_all5mer	5mers_A_RNA_sparse_seq_17	1	0.95	POSTHOC_QUANTIZATION_SENSITIVITY	69325	68050	67600	47690	47058	47690	632	0.004012733406679614	0.003965274221268708	0.00406782198662177	0.0031180228150169877	0.004086379060582659	True	True	True
2026_all5mer	5mers_A_RNA_sparse_seq_18	0	0.95	POSTHOC_QUANTIZATION_SENSITIVITY	74475	73950	19397	3391	2778	3391	613	0.04884368415006808	0.04857057049997927	0.049124427194688146	0.04554324052714144	0.05915093644118224	True	True	True
2026_all5mer	5mers_A_RNA_sparse_seq_18	1	0.95	POSTHOC_QUANTIZATION_SENSITIVITY	72727	72250	71759	50545	49861	50545	684	0.0032683931456933876	0.0032230003991647297	0.0033214152867532955	0.0026008906540977345	0.003331075365275398	True	True	True
2026_all5mer	5mers_A_RNA_sparse_seq_19	0	0.95	POSTHOC_QUANTIZATION_SENSITIVITY	74940	73016	13762	2740	2364	2740	376	0.027845780866859602	0.027663003963275548	0.02803618716497491	0.02638617175364355	0.03203541523701436	True	True	True
2026_all5mer	5mers_A_RNA_sparse_seq_19	1	0.95	POSTHOC_QUANTIZATION_SENSITIVITY	73293	70540	70027	49526	49027	49526	499	0.0032890603889225325	0.0032518705181566565	0.0033338796542196586	0.0023445979366692625	0.0033407883852320077	True	True	True
2026_all5mer	5mers_A_RNA_sparse_seq_20	0	0.95	POSTHOC_QUANTIZATION_SENSITIVITY	75427	73849	27734	4108	3358	4108	750	0.11979835383964026	0.11923978484245679	0.12036455223135498	0.11194064353549217	0.14505934069378495	True	True	True
2026_all5mer	5mers_A_RNA_sparse_seq_20	1	0.95	POSTHOC_QUANTIZATION_SENSITIVITY	75137	72786	72206	43853	43125	43853	728	0.0070126410659095174	0.006947740411235406	0.00708517111511488	0.005743236570492854	0.007154984136739012	True	True	True
2026_all5mer	5mers_A_RNA_sparse_seq_21	0	0.95	POSTHOC_QUANTIZATION_SENSITIVITY	74673	73737	20124	3811	3152	3811	659	0.03627304741792621	0.03605254670510734	0.03650117752527634	0.03286332056840721	0.0434120983092452	True	True	True
2026_all5mer	5mers_A_RNA_sparse_seq_21	1	0.95	POSTHOC_QUANTIZATION_SENSITIVITY	71724	70875	70175	49212	48550	49212	662	0.003624600820751449	0.0035767702904017313	0.0036800607456324167	0.0024629820181645275	0.0036936769345986185	True	True	True
2026_all5mer	5mers_A_RNA_sparse_seq_22	0	0.95	POSTHOC_QUANTIZATION_SENSITIVITY	73671	72255	27698	3902	3054	3902	848	0.0624904642344621	0.06216383738006952	0.06282472048338593	0.05740745780394249	0.07900260855844644	True	True	True
2026_all5mer	5mers_A_RNA_sparse_seq_22	1	0.95	POSTHOC_QUANTIZATION_SENSITIVITY	70591	68555	67673	30972	30097	30972	875	0.010861830457026963	0.010765897939791132	0.010965392368794041	0.008200335007768737	0.011183768848471509	True	True	True
2026_all5mer	5mers_A_RNA_sparse_seq_23	0	0.95	POSTHOC_QUANTIZATION_SENSITIVITY	73766	72838	22688	2088	1361	2088	727	0.09627676192828065	0.095790629185936	0.09677052406515654	0.09113614591330232	0.145821601217538	True	True	True
2026_all5mer	5mers_A_RNA_sparse_seq_23	1	0.95	POSTHOC_QUANTIZATION_SENSITIVITY	72664	71284	70615	39863	39045	39863	818	0.004439922826837926	0.004377458462960248	0.004510016585246853	0.0029130250618406156	0.004547200291944995	True	True	True
2026_all5mer	5mers_A_RNA_sparse_seq_24	0	0.95	POSTHOC_QUANTIZATION_SENSITIVITY	75139	74104	26394	4204	3503	4204	701	0.05500869315425971	0.054713553184560094	0.055311462518490576	0.04965072306870102	0.06541557917519221	True	True	True
2026_all5mer	5mers_A_RNA_sparse_seq_24	1	0.95	POSTHOC_QUANTIZATION_SENSITIVITY	73599	72358	71996	46591	45803	46591	788	0.0038659556584273165	0.003812782998447427	0.003926757712938457	0.0028102995002553303	0.003948394272920415	True	True	True
2026_all5mer	5mers_A_RNA_sparse_seq_25	0	0.95	POSTHOC_QUANTIZATION_SENSITIVITY	73151	72225	21884	2957	2246	2957	711	0.040455282480280505	0.04020290484410668	0.04071528951098558	0.034930825922999426	0.052388713553600516	True	True	True
2026_all5mer	5mers_A_RNA_sparse_seq_25	1	0.95	POSTHOC_QUANTIZATION_SENSITIVITY	73872	73023	71887	46365	45643	46365	722	0.00701299976096703	0.006950329875503815	0.007083299040961494	0.004824132716226624	0.00714355285990041	True	True	True
2026_all5mer	5mers_A_RNA_sparse_seq_26	0	0.95	POSTHOC_QUANTIZATION_SENSITIVITY	72282	71237	21806	4304	3627	4304	677	0.0231138888788046	0.022940461963525935	0.023294945188614517	0.0206905589802349	0.02708741241002096	True	True	True
2026_all5mer	5mers_A_RNA_sparse_seq_26	1	0.95	POSTHOC_QUANTIZATION_SENSITIVITY	73099	72290	71845	43637	42812	43637	825	0.003483292064119943	0.00342903982547512	0.003545173697296016	0.0026055086691789643	0.003562877750815124	True	True	True
2026_all5mer	5mers_A_RNA_sparse_seq_27	0	0.95	POSTHOC_QUANTIZATION_SENSITIVITY	73821	72695	18495	3476	2874	3476	602	0.036447597455374806	0.03622835113209328	0.036674473173187574	0.033733290877565096	0.04367332088137136	True	True	True
2026_all5mer	5mers_A_RNA_sparse_seq_27	1	0.95	POSTHOC_QUANTIZATION_SENSITIVITY	74217	73413	72733	50610	49916	50610	694	0.003834051747633944	0.0037852515111537676	0.00389048137864537	0.002578102864460962	0.003906909695965991	True	True	True
2026_all5mer	5mers_A_RNA_sparse_seq_28	0	0.95	POSTHOC_QUANTIZATION_SENSITIVITY	73628	72566	17403	5471	4910	5471	561	0.01220400166498462	0.012092580570422454	0.012323052154078036	0.010790843569095506	0.013418742921014006	True	True	True
2026_all5mer	5mers_A_RNA_sparse_seq_28	1	0.95	POSTHOC_QUANTIZATION_SENSITIVITY	72386	70997	69357	49925	49341	49925	584	0.012825763685200652	0.012746391009854625	0.012912765755077929	0.01091001764131872	0.013013297035396896	True	True	True
2026_all5mer	5mers_A_RNA_sparse_seq_29	0	0.95	POSTHOC_QUANTIZATION_SENSITIVITY	74562	73326	15919	2791	2244	2791	547	0.05080001185932111	0.050510484400892376	0.05109716871228111	0.04683791548710755	0.06260309151723875	True	True	True
2026_all5mer	5mers_A_RNA_sparse_seq_29	1	0.95	POSTHOC_QUANTIZATION_SENSITIVITY	72071	70884	70555	52909	52290	52909	619	0.0028995740379643953	0.00285646959551497	0.002950307874945071	0.0022109347825034933	0.002954433460407639	True	True	True
2026_all5mer	5mers_A_RNA_sparse_seq_30	0	0.95	POSTHOC_QUANTIZATION_SENSITIVITY	72183	70766	25263	7469	6763	7469	706	0.012568337576729911	0.012452569252389042	0.01269173529560203	0.01138057555334178	0.013732603718666938	True	True	True
2026_all5mer	5mers_A_RNA_sparse_seq_30	1	0.95	POSTHOC_QUANTIZATION_SENSITIVITY	69412	68036	67464	36317	35536	36317	781	0.012168232090893264	0.012076162039998915	0.012267931536318864	0.010629654667132728	0.012464464747314625	True	True	True
2026_all5mer	5mers_A_RNA_sparse_seq_31	0	0.95	POSTHOC_QUANTIZATION_SENSITIVITY	74005	72861	15271	2606	2098	2606	508	0.03092738434798152	0.030725059011580846	0.031137339078913445	0.028045178560957347	0.03791763436081063	True	True	True
2026_all5mer	5mers_A_RNA_sparse_seq_31	1	0.95	POSTHOC_QUANTIZATION_SENSITIVITY	73462	72502	71628	52098	51429	52098	669	0.0033541706510915275	0.0033068421330990695	0.003409128563615236	0.0021678010217020976	0.003418852364117572	True	True	True
2026_all5mer	5mers_A_RNA_sparse_seq_32	0	0.95	POSTHOC_QUANTIZATION_SENSITIVITY	71128	69829	27134	3454	2628	3454	826	0.06632760362122607	0.06597645930216778	0.06668637733481561	0.061846207282138764	0.08629434798300153	True	True	True
2026_all5mer	5mers_A_RNA_sparse_seq_32	1	0.95	POSTHOC_QUANTIZATION_SENSITIVITY	71433	70544	70001	39415	38618	39415	797	0.005612968010269082	0.005541624412551138	0.005691941002518275	0.004244758392338637	0.005751508479744061	True	True	True
2026_all5mer	ALL	0	0.95	POSTHOC_QUANTIZATION_SENSITIVITY	2360963	2326496	680046	131790	110866	131790	20924	0.038462013391091975	0.03823604651761621	0.03869560965909899	0.0352074567388739	0.045334247176997786	True	True	True
2026_all5mer	ALL	1	0.95	POSTHOC_QUANTIZATION_SENSITIVITY	2321542	2282238	2260276	1460762	1437491	1460762	23271	0.005210449916903721	0.005153492816762089	0.005275036411576602	0.003917247444376193	0.005314854271015534	True	True	True
2026_all5mer	5mers_A_RNA_sparse_seq_01	0	0.99	POSTHOC_QUANTIZATION_SENSITIVITY	73966	72769	24406	3039	2536	3039	503	0.012713708152658024	0.012651870893231738	0.01278317480661556	0.009469144058605357	0.01523187941486032	True	True	True
2026_all5mer	5mers_A_RNA_sparse_seq_01	1	0.99	POSTHOC_QUANTIZATION_SENSITIVITY	72043	70521	69619	30850	25227	30850	5623	0.0010569698883996404	0.0010375383027755268	0.0010840308685550041	0.0006578785489138806	0.0012944965611179004	True	True	True
2026_all5mer	5mers_A_RNA_sparse_seq_02	0	0.99	POSTHOC_QUANTIZATION_SENSITIVITY	73580	72370	22507	2439	2015	2439	424	0.011341501621498148	0.011284077837116262	0.011406554800411285	0.006110786507174877	0.01369040675417206	True	True	True
2026_all5mer	5mers_A_RNA_sparse_seq_02	1	0.99	POSTHOC_QUANTIZATION_SENSITIVITY	72171	71172	70623	27420	23909	27420	3511	0.0011062905877111257	0.0010904513859209747	0.0011297591840325263	0.0009125178864287912	0.0012752580495146671	True	True	True
2026_all5mer	5mers_A_RNA_sparse_seq_03	0	0.99	POSTHOC_QUANTIZATION_SENSITIVITY	76011	75191	20000	784	543	784	241	0.025243953782684948	0.025126963245625397	0.025368573714275748	0.01531693370071883	0.03603804738898026	True	True	True
2026_all5mer	5mers_A_RNA_sparse_seq_03	1	0.99	POSTHOC_QUANTIZATION_SENSITIVITY	72803	71868	71400	32696	28207	32696	4489	0.0005983941153089254	0.0005840546990887647	0.0006203629260603361	0.0003451619496021093	0.0006970765382373627	True	True	True
2026_all5mer	5mers_A_RNA_sparse_seq_04	0	0.99	POSTHOC_QUANTIZATION_SENSITIVITY	74257	73395	21962	1011	747	1011	264	0.07419011524475883	0.0738840074850473	0.0745038523990016	0.04437419513394567	0.09665152044137115	True	True	True
2026_all5mer	5mers_A_RNA_sparse_seq_04	1	0.99	POSTHOC_QUANTIZATION_SENSITIVITY	71382	70253	69619	29868	25758	29868	4110	0.0006510963302005387	0.0006367152229248799	0.0006731068320074473	0.0002771113024819347	0.0007583314397568299	True	True	True
2026_all5mer	5mers_A_RNA_sparse_seq_05	0	0.99	POSTHOC_QUANTIZATION_SENSITIVITY	72808	72119	21025	1115	807	1115	308	0.023864947947686028	0.023754896497512612	0.023982628792390694	0.00988126690546093	0.032442929533243466	True	True	True
2026_all5mer	5mers_A_RNA_sparse_seq_05	1	0.99	POSTHOC_QUANTIZATION_SENSITIVITY	74353	73753	73382	35490	31071	35490	4419	0.000523592082840787	0.0005092501539551194	0.0005455634062577047	0.00020658952743172018	0.0006034585486261642	True	True	True
2026_all5mer	5mers_A_RNA_sparse_seq_06	0	0.99	POSTHOC_QUANTIZATION_SENSITIVITY	76086	75164	20639	2725	2226	2725	499	0.006193921850361955	0.006156476222047018	0.006238996873208142	0.004729731124098447	0.007593402948080157	True	True	True
2026_all5mer	5mers_A_RNA_sparse_seq_06	1	0.99	POSTHOC_QUANTIZATION_SENSITIVITY	75318	73985	73212	31884	27369	31884	4515	0.001295289046910039	0.0012782332200564938	0.0013199742682948345	0.000819124872187951	0.0015143177991995783	True	True	True
2026_all5mer	5mers_A_RNA_sparse_seq_07	0	0.99	POSTHOC_QUANTIZATION_SENSITIVITY	74968	74180	19389	877	704	877	173	0.029266065991183098	0.029138301905911487	0.02940145947098596	0.013766504245727115	0.03588195630766887	True	True	True
2026_all5mer	5mers_A_RNA_sparse_seq_07	1	0.99	POSTHOC_QUANTIZATION_SENSITIVITY	71358	70341	69521	30762	26866	30762	3896	0.000472149701059876	0.0004589779464873464	0.0004929508501636556	0.00023678038647806252	0.0005444156282051804	True	True	True
2026_all5mer	5mers_A_RNA_sparse_seq_08	0	0.99	POSTHOC_QUANTIZATION_SENSITIVITY	75951	75180	16571	1348	1045	1348	303	0.011775608232537788	0.01171442592179386	0.011844419937812963	0.00956204212287988	0.015195686398571684	True	True	True
2026_all5mer	5mers_A_RNA_sparse_seq_08	1	0.99	POSTHOC_QUANTIZATION_SENSITIVITY	73604	72439	71528	36863	32847	36863	4016	0.0007184035377760114	0.0007047583605861992	0.0007396781094970736	0.0004664136588803115	0.0008131384356108378	True	True	True
2026_all5mer	5mers_A_RNA_sparse_seq_09	0	0.99	POSTHOC_QUANTIZATION_SENSITIVITY	73973	72715	20457	3247	2636	3247	611	0.006431218914740409	0.006392238982317813	0.006477828241694256	0.00459592749181628	0.007929759346834193	True	True	True
2026_all5mer	5mers_A_RNA_sparse_seq_09	1	0.99	POSTHOC_QUANTIZATION_SENSITIVITY	73124	71616	70856	29225	25308	29225	3917	0.0014412276086081185	0.0014236217854469632	0.0014664628263005239	0.0007891546232540509	0.001671025674605843	True	True	True
2026_all5mer	5mers_A_RNA_sparse_seq_10	0	0.99	POSTHOC_QUANTIZATION_SENSITIVITY	71263	70338	16556	478	324	478	154	0.06415489228699496	0.06388497452356826	0.06443243944495293	0.048347700403091755	0.0927067951983716	True	True	True
2026_all5mer	5mers_A_RNA_sparse_seq_10	1	0.99	POSTHOC_QUANTIZATION_SENSITIVITY	69418	68199	67861	37582	33501	37582	4081	0.0006254371869215773	0.000612001600250785	0.0006465021681236197	0.0003522103121901782	0.000708357784308464	True	True	True
2026_all5mer	5mers_A_RNA_sparse_seq_11	0	0.99	POSTHOC_QUANTIZATION_SENSITIVITY	74685	73993	23470	3320	2696	3320	624	0.00925360989857869	0.009203347815088478	0.00931150137660015	0.0065734872498277525	0.011397311339316658	True	True	True
2026_all5mer	5mers_A_RNA_sparse_seq_11	1	0.99	POSTHOC_QUANTIZATION_SENSITIVITY	72892	72158	71598	35084	30271	35084	4813	0.001432225065673856	0.0014144693917633394	0.0014576101341156225	0.0008581806855633628	0.0016665206022093506	True	True	True
2026_all5mer	5mers_A_RNA_sparse_seq_12	0	0.99	POSTHOC_QUANTIZATION_SENSITIVITY	74252	73447	20730	1120	833	1120	287	0.04927716936383929	0.04906808308192662	0.0494938850402832	0.023536934108909117	0.06419218733026144	True	True	True
2026_all5mer	5mers_A_RNA_sparse_seq_12	1	0.99	POSTHOC_QUANTIZATION_SENSITIVITY	74256	73463	72306	31092	25677	31092	5415	0.000950418106917324	0.0009335005404512716	0.0009749650679146263	0.0006195676118877586	0.0011512185190040195	True	True	True
2026_all5mer	5mers_A_RNA_sparse_seq_13	0	0.99	POSTHOC_QUANTIZATION_SENSITIVITY	74437	72576	16692	1152	869	1152	283	0.03179099824693468	0.031650914086235896	0.03193871180216471	0.024209584046745135	0.0418630613009859	True	True	True
2026_all5mer	5mers_A_RNA_sparse_seq_13	1	0.99	POSTHOC_QUANTIZATION_SENSITIVITY	72970	70966	70381	40040	36032	40040	4008	0.0005134811172714005	0.0005009654042246815	0.0005336262248493694	0.00030588169844983387	0.0005776103672785447	True	True	True
2026_all5mer	5mers_A_RNA_sparse_seq_14	0	0.99	POSTHOC_QUANTIZATION_SENSITIVITY	74624	73771	20738	2692	2221	2692	471	0.00919709907066946	0.009148114503404184	0.009253713032465987	0.005902506813734626	0.011142398851334782	True	True	True
2026_all5mer	5mers_A_RNA_sparse_seq_14	1	0.99	POSTHOC_QUANTIZATION_SENSITIVITY	72869	71627	71165	35714	31602	35714	4112	0.0005203892644324748	0.0005070387853141888	0.0005413691380820109	0.0003430095273916647	0.0005938554829930813	True	True	True
2026_all5mer	5mers_A_RNA_sparse_seq_15	0	0.99	POSTHOC_QUANTIZATION_SENSITIVITY	72411	71532	26849	693	441	693	252	0.05257578157587313	0.05235065939106467	0.05280853315521284	0.02061926998309235	0.07880358860410493	True	True	True
2026_all5mer	5mers_A_RNA_sparse_seq_15	1	0.99	POSTHOC_QUANTIZATION_SENSITIVITY	72849	71798	71088	24188	19880	24188	4308	0.0030545101730374436	0.0030276924790637403	0.003088957261542397	0.002020292594299329	0.003724065194684517	True	True	True
2026_all5mer	5mers_A_RNA_sparse_seq_16	0	0.99	POSTHOC_QUANTIZATION_SENSITIVITY	68695	67375	27974	2869	2302	2869	567	0.007942129236848233	0.007897213137743988	0.007994674730483728	0.005866889807047896	0.009904540804064667	True	True	True
2026_all5mer	5mers_A_RNA_sparse_seq_16	1	0.99	POSTHOC_QUANTIZATION_SENSITIVITY	71120	69692	68596	25965	21091	25965	4874	0.0026595280392193365	0.0026343492742634316	0.002692336198706492	0.001958618799183793	0.0032801003970925465	True	True	True
2026_all5mer	5mers_A_RNA_sparse_seq_17	0	0.99	POSTHOC_QUANTIZATION_SENSITIVITY	72145	71127	19109	4403	3748	4403	655	0.006979593818035554	0.0069402919529298205	0.007026525077672539	0.004953984298324064	0.008211092711573812	True	True	True
2026_all5mer	5mers_A_RNA_sparse_seq_17	1	0.99	POSTHOC_QUANTIZATION_SENSITIVITY	69325	68050	67600	35693	31906	35693	3787	0.0009053174470060328	0.000891597554251709	0.0009266667342916065	0.0005634201270896976	0.0010200231339266832	True	True	True
2026_all5mer	5mers_A_RNA_sparse_seq_18	0	0.99	POSTHOC_QUANTIZATION_SENSITIVITY	74475	73950	19397	1243	947	1243	296	0.02547263638779509	0.025356780686689208	0.02559612148343222	0.01764110308397329	0.03320449621824386	True	True	True
2026_all5mer	5mers_A_RNA_sparse_seq_18	1	0.99	POSTHOC_QUANTIZATION_SENSITIVITY	72727	72250	71759	37388	33143	37388	4245	0.0007349836439885875	0.0007213761082840334	0.0007562205742243918	0.0005124989647862744	0.0008353205461609378	True	True	True
2026_all5mer	5mers_A_RNA_sparse_seq_19	0	0.99	POSTHOC_QUANTIZATION_SENSITIVITY	74940	73016	13762	1133	882	1133	251	0.022719559160251063	0.02261558593319037	0.022831161781843006	0.014119733367131845	0.028962567248151976	True	True	True
2026_all5mer	5mers_A_RNA_sparse_seq_19	1	0.99	POSTHOC_QUANTIZATION_SENSITIVITY	73293	70540	70027	40450	37477	40450	2973	0.0005518689055377975	0.0005412279277561032	0.0005701392778507417	0.00032398732019040856	0.0006043613704324615	True	True	True
2026_all5mer	5mers_A_RNA_sparse_seq_20	0	0.99	POSTHOC_QUANTIZATION_SENSITIVITY	75427	73849	27734	1191	861	1191	330	0.07541974545726247	0.07510764172455525	0.07573947858450095	0.04700606705306412	0.10051877841502926	True	True	True
2026_all5mer	5mers_A_RNA_sparse_seq_20	1	0.99	POSTHOC_QUANTIZATION_SENSITIVITY	75137	72786	72206	30436	26464	30436	3972	0.0016433865219679718	0.0016252951610102448	0.0016691072774569487	0.0008558032231379164	0.0018974167095934362	True	True	True
2026_all5mer	5mers_A_RNA_sparse_seq_21	0	0.99	POSTHOC_QUANTIZATION_SENSITIVITY	74673	73737	20124	1478	1140	1478	338	0.020089336596580576	0.01999518739031842	0.020191115197373984	0.013478125798279972	0.02591080375339674	True	True	True
2026_all5mer	5mers_A_RNA_sparse_seq_21	1	0.99	POSTHOC_QUANTIZATION_SENSITIVITY	71724	70875	70175	36073	31481	36073	4592	0.0006800726553038392	0.0006657261661141123	0.000702048539024816	0.0003680062633829845	0.0007841957428548321	True	True	True
2026_all5mer	5mers_A_RNA_sparse_seq_22	0	0.99	POSTHOC_QUANTIZATION_SENSITIVITY	73671	72255	27698	1537	1238	1537	299	0.02505120132833467	0.024939344079756627	0.025170687971443964	0.014927399464142628	0.03082016210236618	True	True	True
2026_all5mer	5mers_A_RNA_sparse_seq_22	1	0.99	POSTHOC_QUANTIZATION_SENSITIVITY	70591	68555	67673	16928	13217	16928	3711	0.0028972229119284616	0.002870364991388159	0.002931710227000015	0.002064310096180494	0.003712514929648529	True	True	True
2026_all5mer	5mers_A_RNA_sparse_seq_23	0	0.99	POSTHOC_QUANTIZATION_SENSITIVITY	73766	72838	22688	456	361	456	95	0.06718578673245613	0.06690761499237596	0.06747158786706757	0.048589650949909115	0.08312225341796875	True	True	True
2026_all5mer	5mers_A_RNA_sparse_seq_23	1	0.99	POSTHOC_QUANTIZATION_SENSITIVITY	72664	71284	70615	25129	20567	25129	4562	0.0007018097226222847	0.000684217848985174	0.0007270309907906453	0.0004899781556137806	0.0008576586161655557	True	True	True
2026_all5mer	5mers_A_RNA_sparse_seq_24	0	0.99	POSTHOC_QUANTIZATION_SENSITIVITY	75139	74104	26394	1598	1224	1598	374	0.019206857502236684	0.019116159374633332	0.019305185024371285	0.013086035509854179	0.024959236528344055	True	True	True
2026_all5mer	5mers_A_RNA_sparse_seq_24	1	0.99	POSTHOC_QUANTIZATION_SENSITIVITY	73599	72358	71996	32066	27614	32066	4452	0.00070338349433651	0.0006886393432198435	0.0007257570399844266	0.0005364277481731602	0.0008205012031388605	True	True	True
2026_all5mer	5mers_A_RNA_sparse_seq_25	0	0.99	POSTHOC_QUANTIZATION_SENSITIVITY	73151	72225	21884	831	559	831	272	0.017902062114251938	0.01781326826442163	0.01799848535861349	0.013175364705354443	0.02650077643657027	True	True	True
2026_all5mer	5mers_A_RNA_sparse_seq_25	1	0.99	POSTHOC_QUANTIZATION_SENSITIVITY	73872	73023	71887	33406	28905	33406	4501	0.0010586416393755754	0.0010420995608479765	0.0010828131124344241	0.0006038118203457237	0.001229474290607711	True	True	True
2026_all5mer	5mers_A_RNA_sparse_seq_26	0	0.99	POSTHOC_QUANTIZATION_SENSITIVITY	72282	71237	21806	1477	1082	1477	395	0.009421721131073597	0.009368111333414439	0.009482960323264006	0.006741277069278259	0.012847731785220995	True	True	True
2026_all5mer	5mers_A_RNA_sparse_seq_26	1	0.99	POSTHOC_QUANTIZATION_SENSITIVITY	73099	72290	71845	29099	24556	29099	4543	0.0005348975348953546	0.0005199881106980695	0.0005574363536238895	0.00025153949332751106	0.0006349964573569299	True	True	True
2026_all5mer	5mers_A_RNA_sparse_seq_27	0	0.99	POSTHOC_QUANTIZATION_SENSITIVITY	73821	72695	18495	1448	1111	1448	337	0.01705903111241799	0.01697720480228656	0.01714848681708067	0.00963068506165188	0.02209112265955743	True	True	True
2026_all5mer	5mers_A_RNA_sparse_seq_27	1	0.99	POSTHOC_QUANTIZATION_SENSITIVITY	74217	73413	72733	37267	32609	37267	4658	0.0009251766331250146	0.0009096800588437408	0.0009483026019375386	0.0005691724103347123	0.0010637759606905903	True	True	True
2026_all5mer	5mers_A_RNA_sparse_seq_28	0	0.99	POSTHOC_QUANTIZATION_SENSITIVITY	73628	72566	17403	2695	2155	2695	540	0.006613820205150597	0.006574029869405148	0.006661239935427296	0.0029608984011289573	0.008258317414387269	True	True	True
2026_all5mer	5mers_A_RNA_sparse_seq_28	1	0.99	POSTHOC_QUANTIZATION_SENSITIVITY	72386	70997	69357	38977	34755	38977	4222	0.004991026017904239	0.004960386199563605	0.005029295230776123	0.003387184141105828	0.00561363916584992	True	True	True
2026_all5mer	5mers_A_RNA_sparse_seq_29	0	0.99	POSTHOC_QUANTIZATION_SENSITIVITY	74562	73326	15919	813	584	813	229	0.043821238650313746	0.043632366560482014	0.044017740134676735	0.030834683159045743	0.060094932748490024	True	True	True
2026_all5mer	5mers_A_RNA_sparse_seq_29	1	0.99	POSTHOC_QUANTIZATION_SENSITIVITY	72071	70884	70555	39983	35268	39983	4715	0.000541695884660893	0.0005277618354011393	0.0005632593284518967	0.00028355397828104284	0.0006200653185169404	True	True	True
2026_all5mer	5mers_A_RNA_sparse_seq_30	0	0.99	POSTHOC_QUANTIZATION_SENSITIVITY	72183	70766	25263	3428	2734	3428	694	0.005211379452931283	0.005176748945665749	0.005253639354728066	0.0029041803371139437	0.006533649870290276	True	True	True
2026_all5mer	5mers_A_RNA_sparse_seq_30	1	0.99	POSTHOC_QUANTIZATION_SENSITIVITY	69412	68036	67464	22798	19076	22798	3722	0.00397446779046459	0.00394599928606162	0.0040105656893988095	0.0027498153934470385	0.004759504966799738	True	True	True
2026_all5mer	5mers_A_RNA_sparse_seq_31	0	0.99	POSTHOC_QUANTIZATION_SENSITIVITY	74005	72861	15271	1009	740	1009	269	0.014699465219518475	0.014625133442571544	0.014781426390996655	0.008869950816495826	0.01994415774102505	True	True	True
2026_all5mer	5mers_A_RNA_sparse_seq_31	1	0.99	POSTHOC_QUANTIZATION_SENSITIVITY	73462	72502	71628	37894	32664	37894	5230	0.0005471965483564144	0.0005325608916123347	0.0005694615996317442	0.0003779735919591543	0.000638560472295158	True	True	True
2026_all5mer	5mers_A_RNA_sparse_seq_32	0	0.99	POSTHOC_QUANTIZATION_SENSITIVITY	71128	69829	27134	1111	846	1111	265	0.03546905860935214	0.03531485350683506	0.03563089310640048	0.01629697521199208	0.045567455379644295	True	True	True
2026_all5mer	5mers_A_RNA_sparse_seq_32	1	0.99	POSTHOC_QUANTIZATION_SENSITIVITY	71433	70544	70001	23369	17569	23369	5800	0.0017749520789531704	0.0017495332243119223	0.0018080003281256687	0.0011233340961900264	0.0023576382401859467	True	True	True
2026_all5mer	ALL	0	0.99	POSTHOC_QUANTIZATION_SENSITIVITY	2360963	2326496	680046	54760	43157	54760	11603	0.018092032433252775	0.01800675291140816	0.018184941349628635	0.01120100885341354	0.022834140223995533	True	True	True
2026_all5mer	ALL	1	0.99	POSTHOC_QUANTIZATION_SENSITIVITY	2321542	2282238	2260276	1031679	891887	1031679	139792	0.0011928862130226457	0.0011760966517000897	0.001217305168876452	0.0007598687527572264	0.0013859617543348476	True	True	True
