release	construct	layer	weighting	threshold_from	threshold_to	delta_conservative_inf	delta_conservative_sup	status	interpretation
2025_DRACH	DRACH_oligo_0	fixed	observed	0.5	0.6	-0.007533246577960631	-0.006294374501689175	CERTIFIED_DECREASE	Sufficient marginal-envelope certificate; non-certificate does not establish reversal
2025_DRACH	DRACH_oligo_0	fixed	equal_class	0.5	0.6	-0.01035849844586928	-0.00798020953988511	CERTIFIED_DECREASE	Sufficient marginal-envelope certificate; non-certificate does not establish reversal
2025_DRACH	DRACH_oligo_0	variable	observed	0.5	0.6	-0.007533246577960631	-0.006037633309462359	CERTIFIED_DECREASE	Sufficient marginal-envelope certificate; non-certificate does not establish reversal
2025_DRACH	DRACH_oligo_0	variable	equal_class	0.5	0.6	-0.01035849844586928	-0.007652278771975052	CERTIFIED_DECREASE	Sufficient marginal-envelope certificate; non-certificate does not establish reversal
2025_DRACH	DRACH_oligo_1	fixed	observed	0.5	0.6	-0.006587458627570833	-0.00552304447059488	CERTIFIED_DECREASE	Sufficient marginal-envelope certificate; non-certificate does not establish reversal
2025_DRACH	DRACH_oligo_1	fixed	equal_class	0.5	0.6	-0.010168656756991537	-0.007979596634890757	CERTIFIED_DECREASE	Sufficient marginal-envelope certificate; non-certificate does not establish reversal
2025_DRACH	DRACH_oligo_1	variable	observed	0.5	0.6	-0.006587458627570833	-0.00524823777685967	CERTIFIED_DECREASE	Sufficient marginal-envelope certificate; non-certificate does not establish reversal
2025_DRACH	DRACH_oligo_1	variable	equal_class	0.5	0.6	-0.010168656756991537	-0.007532328847383793	CERTIFIED_DECREASE	Sufficient marginal-envelope certificate; non-certificate does not establish reversal
2025_DRACH	DRACH_oligo_2	fixed	observed	0.5	0.6	-0.009779416864866407	-0.008257300911631217	CERTIFIED_DECREASE	Sufficient marginal-envelope certificate; non-certificate does not establish reversal
2025_DRACH	DRACH_oligo_2	fixed	equal_class	0.5	0.6	-0.012262318567547892	-0.009878236215989003	CERTIFIED_DECREASE	Sufficient marginal-envelope certificate; non-certificate does not establish reversal
2025_DRACH	DRACH_oligo_2	variable	observed	0.5	0.6	-0.009779416864866407	-0.007848971436880493	CERTIFIED_DECREASE	Sufficient marginal-envelope certificate; non-certificate does not establish reversal
2025_DRACH	DRACH_oligo_2	variable	equal_class	0.5	0.6	-0.012262318567547892	-0.009329735417251045	CERTIFIED_DECREASE	Sufficient marginal-envelope certificate; non-certificate does not establish reversal
2025_DRACH	DRACH_oligo_3	fixed	observed	0.5	0.6	-0.005142284221237626	-0.0042259700875322305	CERTIFIED_DECREASE	Sufficient marginal-envelope certificate; non-certificate does not establish reversal
2025_DRACH	DRACH_oligo_3	fixed	equal_class	0.5	0.6	-0.007554727192347205	-0.0051321556653319556	CERTIFIED_DECREASE	Sufficient marginal-envelope certificate; non-certificate does not establish reversal
2025_DRACH	DRACH_oligo_3	variable	observed	0.5	0.6	-0.005142284221237626	-0.004097974743655627	CERTIFIED_DECREASE	Sufficient marginal-envelope certificate; non-certificate does not establish reversal
2025_DRACH	DRACH_oligo_3	variable	equal_class	0.5	0.6	-0.007554727192347205	-0.005024171926202109	CERTIFIED_DECREASE	Sufficient marginal-envelope certificate; non-certificate does not establish reversal
2025_DRACH	DRACH_oligo_4	fixed	observed	0.5	0.6	-0.005479840462732616	-0.004648136475537388	CERTIFIED_DECREASE	Sufficient marginal-envelope certificate; non-certificate does not establish reversal
2025_DRACH	DRACH_oligo_4	fixed	equal_class	0.5	0.6	-0.011030978645937321	-0.00892862330578921	CERTIFIED_DECREASE	Sufficient marginal-envelope certificate; non-certificate does not establish reversal
2025_DRACH	DRACH_oligo_4	variable	observed	0.5	0.6	-0.005479840462732616	-0.004395751329484488	CERTIFIED_DECREASE	Sufficient marginal-envelope certificate; non-certificate does not establish reversal
2025_DRACH	DRACH_oligo_4	variable	equal_class	0.5	0.6	-0.011030978645937321	-0.008503704320580667	CERTIFIED_DECREASE	Sufficient marginal-envelope certificate; non-certificate does not establish reversal
2025_DRACH	ALL	fixed	observed	0.5	0.6	-0.007007395722223163	-0.00588679335167544	CERTIFIED_DECREASE	Sufficient marginal-envelope certificate; non-certificate does not establish reversal
2025_DRACH	ALL	fixed	equal_class	0.5	0.6	-0.010327499648849991	-0.00803841917022513	CERTIFIED_DECREASE	Sufficient marginal-envelope certificate; non-certificate does not establish reversal
2025_DRACH	ALL	variable	observed	0.5	0.6	-0.007007395722223163	-0.005618448301819082	CERTIFIED_DECREASE	Sufficient marginal-envelope certificate; non-certificate does not establish reversal
2025_DRACH	ALL	variable	equal_class	0.5	0.6	-0.010327499648849991	-0.007658546410279146	CERTIFIED_DECREASE	Sufficient marginal-envelope certificate; non-certificate does not establish reversal
2025_DRACH	FIXED_ALL_CONSTRUCTS	fixed	equal_construct_class	0.5	0.6	-0.010275035921738646	-0.007979764272377218	CERTIFIED_DECREASE	Fixed original K; sufficient certificate only
2025_DRACH	FIXED_ALL_CONSTRUCTS	variable	equal_construct_class	0.5	0.6	-0.010275035921738646	-0.00760844385667854	CERTIFIED_DECREASE	Fixed original K; sufficient certificate only
2025_DRACH	DRACH_oligo_0	fixed	observed	0.5	0.7	-0.015438467246956376	-0.01432034623594617	CERTIFIED_DECREASE	Sufficient marginal-envelope certificate; non-certificate does not establish reversal
2025_DRACH	DRACH_oligo_0	fixed	equal_class	0.5	0.7	-0.020507217569923256	-0.018298315810995842	CERTIFIED_DECREASE	Sufficient marginal-envelope certificate; non-certificate does not establish reversal
2025_DRACH	DRACH_oligo_0	variable	observed	0.5	0.7	-0.01573760714493557	-0.014320963206503601	CERTIFIED_DECREASE	Sufficient marginal-envelope certificate; non-certificate does not establish reversal
2025_DRACH	DRACH_oligo_0	variable	equal_class	0.5	0.7	-0.020912440449187872	-0.018283210742616275	CERTIFIED_DECREASE	Sufficient marginal-envelope certificate; non-certificate does not establish reversal
2025_DRACH	DRACH_oligo_1	fixed	observed	0.5	0.7	-0.012343522132226132	-0.011369394186138599	CERTIFIED_DECREASE	Sufficient marginal-envelope certificate; non-certificate does not establish reversal
2025_DRACH	DRACH_oligo_1	fixed	equal_class	0.5	0.7	-0.01827448066776187	-0.016223592525700416	CERTIFIED_DECREASE	Sufficient marginal-envelope certificate; non-certificate does not establish reversal
2025_DRACH	DRACH_oligo_1	variable	observed	0.5	0.7	-0.012571657014495873	-0.011369702219789325	CERTIFIED_DECREASE	Sufficient marginal-envelope certificate; non-certificate does not establish reversal
2025_DRACH	DRACH_oligo_1	variable	equal_class	0.5	0.7	-0.018710238886234264	-0.016223375186267916	CERTIFIED_DECREASE	Sufficient marginal-envelope certificate; non-certificate does not establish reversal
2025_DRACH	DRACH_oligo_2	fixed	observed	0.5	0.7	-0.01934360983406156	-0.017969305411072438	CERTIFIED_DECREASE	Sufficient marginal-envelope certificate; non-certificate does not establish reversal
2025_DRACH	DRACH_oligo_2	fixed	equal_class	0.5	0.7	-0.023365859185450956	-0.021159061992338517	CERTIFIED_DECREASE	Sufficient marginal-envelope certificate; non-certificate does not establish reversal
2025_DRACH	DRACH_oligo_2	variable	observed	0.5	0.7	-0.019753995345038994	-0.017969990441991775	CERTIFIED_DECREASE	Sufficient marginal-envelope certificate; non-certificate does not establish reversal
2025_DRACH	DRACH_oligo_2	variable	equal_class	0.5	0.7	-0.023867936173239485	-0.021160592289149127	CERTIFIED_DECREASE	Sufficient marginal-envelope certificate; non-certificate does not establish reversal
2025_DRACH	DRACH_oligo_3	fixed	observed	0.5	0.7	-0.010645995953324376	-0.009814769736830539	CERTIFIED_DECREASE	Sufficient marginal-envelope certificate; non-certificate does not establish reversal
2025_DRACH	DRACH_oligo_3	fixed	equal_class	0.5	0.7	-0.013480479805390674	-0.011180571310135515	CERTIFIED_DECREASE	Sufficient marginal-envelope certificate; non-certificate does not establish reversal
2025_DRACH	DRACH_oligo_3	variable	observed	0.5	0.7	-0.01098442652389945	-0.009815038002730637	CERTIFIED_DECREASE	Sufficient marginal-envelope certificate; non-certificate does not establish reversal
2025_DRACH	DRACH_oligo_3	variable	equal_class	0.5	0.7	-0.013930723673503134	-0.011101207696693732	CERTIFIED_DECREASE	Sufficient marginal-envelope certificate; non-certificate does not establish reversal
2025_DRACH	DRACH_oligo_4	fixed	observed	0.5	0.7	-0.011347321713892855	-0.010605599134641278	CERTIFIED_DECREASE	Sufficient marginal-envelope certificate; non-certificate does not establish reversal
2025_DRACH	DRACH_oligo_4	fixed	equal_class	0.5	0.7	-0.021505209457700257	-0.019570344432344317	CERTIFIED_DECREASE	Sufficient marginal-envelope certificate; non-certificate does not establish reversal
2025_DRACH	DRACH_oligo_4	variable	observed	0.5	0.7	-0.011556916998365651	-0.010605967829423826	CERTIFIED_DECREASE	Sufficient marginal-envelope certificate; non-certificate does not establish reversal
2025_DRACH	DRACH_oligo_4	variable	equal_class	0.5	0.7	-0.021814079088226378	-0.019571988014289846	CERTIFIED_DECREASE	Sufficient marginal-envelope certificate; non-certificate does not establish reversal
2025_DRACH	ALL	fixed	observed	0.5	0.7	-0.014001644481576325	-0.012989050061952643	CERTIFIED_DECREASE	Sufficient marginal-envelope certificate; non-certificate does not establish reversal
2025_DRACH	ALL	fixed	equal_class	0.5	0.7	-0.019547930982771425	-0.017414151591412616	CERTIFIED_DECREASE	Sufficient marginal-envelope certificate; non-certificate does not establish reversal
2025_DRACH	ALL	variable	observed	0.5	0.7	-0.014301934045882765	-0.012989500668167422	CERTIFIED_DECREASE	Sufficient marginal-envelope certificate; non-certificate does not establish reversal
2025_DRACH	ALL	variable	equal_class	0.5	0.7	-0.01997092185713463	-0.017399053161105557	CERTIFIED_DECREASE	Sufficient marginal-envelope certificate; non-certificate does not establish reversal
2025_DRACH	FIXED_ALL_CONSTRUCTS	fixed	equal_construct_class	0.5	0.7	-0.019426649337245402	-0.01728637721430292	CERTIFIED_DECREASE	Fixed original K; sufficient certificate only
2025_DRACH	FIXED_ALL_CONSTRUCTS	variable	equal_construct_class	0.5	0.7	-0.019847083654078224	-0.017268074785803382	CERTIFIED_DECREASE	Fixed original K; sufficient certificate only
2025_DRACH	DRACH_oligo_0	fixed	observed	0.5	0.8	-0.024089861168500523	-0.023101962712153885	CERTIFIED_DECREASE	Sufficient marginal-envelope certificate; non-certificate does not establish reversal
2025_DRACH	DRACH_oligo_0	fixed	equal_class	0.5	0.8	-0.027216802580876123	-0.025165074449430842	CERTIFIED_DECREASE	Sufficient marginal-envelope certificate; non-certificate does not establish reversal
2025_DRACH	DRACH_oligo_0	variable	observed	0.5	0.8	-0.024089861168500523	-0.022721508293546636	CERTIFIED_DECREASE	Sufficient marginal-envelope certificate; non-certificate does not establish reversal
2025_DRACH	DRACH_oligo_0	variable	equal_class	0.5	0.8	-0.027533671644355204	-0.0247464166343176	CERTIFIED_DECREASE	Sufficient marginal-envelope certificate; non-certificate does not establish reversal
2025_DRACH	DRACH_oligo_1	fixed	observed	0.5	0.8	-0.020685802174435764	-0.019833284324282177	CERTIFIED_DECREASE	Sufficient marginal-envelope certificate; non-certificate does not establish reversal
2025_DRACH	DRACH_oligo_1	fixed	equal_class	0.5	0.8	-0.02748679333733011	-0.0256130618051941	CERTIFIED_DECREASE	Sufficient marginal-envelope certificate; non-certificate does not establish reversal
2025_DRACH	DRACH_oligo_1	variable	observed	0.5	0.8	-0.020685802174435764	-0.01941746524595581	CERTIFIED_DECREASE	Sufficient marginal-envelope certificate; non-certificate does not establish reversal
2025_DRACH	DRACH_oligo_1	variable	equal_class	0.5	0.8	-0.02769442337361163	-0.02494026245002072	CERTIFIED_DECREASE	Sufficient marginal-envelope certificate; non-certificate does not establish reversal
2025_DRACH	DRACH_oligo_2	fixed	observed	0.5	0.8	-0.02958773484861195	-0.028369248805411036	CERTIFIED_DECREASE	Sufficient marginal-envelope certificate; non-certificate does not establish reversal
2025_DRACH	DRACH_oligo_2	fixed	equal_class	0.5	0.8	-0.03407945534021841	-0.0320604644613071	CERTIFIED_DECREASE	Sufficient marginal-envelope certificate; non-certificate does not establish reversal
2025_DRACH	DRACH_oligo_2	variable	observed	0.5	0.8	-0.02958773484861195	-0.027998896891451228	CERTIFIED_DECREASE	Sufficient marginal-envelope certificate; non-certificate does not establish reversal
2025_DRACH	DRACH_oligo_2	variable	equal_class	0.5	0.8	-0.03422818705739633	-0.03168804185913571	CERTIFIED_DECREASE	Sufficient marginal-envelope certificate; non-certificate does not establish reversal
2025_DRACH	DRACH_oligo_3	fixed	observed	0.5	0.8	-0.018320982574569822	-0.017600744065820507	CERTIFIED_DECREASE	Sufficient marginal-envelope certificate; non-certificate does not establish reversal
2025_DRACH	DRACH_oligo_3	fixed	equal_class	0.5	0.8	-0.016918100292915184	-0.014753506394944216	CERTIFIED_DECREASE	Sufficient marginal-envelope certificate; non-certificate does not establish reversal
2025_DRACH	DRACH_oligo_3	variable	observed	0.5	0.8	-0.018320982574569822	-0.017282403334052045	CERTIFIED_DECREASE	Sufficient marginal-envelope certificate; non-certificate does not establish reversal
2025_DRACH	DRACH_oligo_3	variable	equal_class	0.5	0.8	-0.01733314820135695	-0.014071894755001757	CERTIFIED_DECREASE	Sufficient marginal-envelope certificate; non-certificate does not establish reversal
2025_DRACH	DRACH_oligo_4	fixed	observed	0.5	0.8	-0.01758127694456069	-0.016930113538199808	CERTIFIED_DECREASE	Sufficient marginal-envelope certificate; non-certificate does not establish reversal
2025_DRACH	DRACH_oligo_4	fixed	equal_class	0.5	0.8	-0.029243029649587873	-0.027467168147626876	CERTIFIED_DECREASE	Sufficient marginal-envelope certificate; non-certificate does not establish reversal
2025_DRACH	DRACH_oligo_4	variable	observed	0.5	0.8	-0.01758127694456069	-0.016751120903999064	CERTIFIED_DECREASE	Sufficient marginal-envelope certificate; non-certificate does not establish reversal
2025_DRACH	DRACH_oligo_4	variable	equal_class	0.5	0.8	-0.029413499862457636	-0.027231151719530396	CERTIFIED_DECREASE	Sufficient marginal-envelope certificate; non-certificate does not establish reversal
2025_DRACH	ALL	fixed	observed	0.5	0.8	-0.022288094716516573	-0.021398283126315823	CERTIFIED_DECREASE	Sufficient marginal-envelope certificate; non-certificate does not establish reversal
2025_DRACH	ALL	fixed	equal_class	0.5	0.8	-0.027587465295354163	-0.02561978860197984	CERTIFIED_DECREASE	Sufficient marginal-envelope certificate; non-certificate does not establish reversal
2025_DRACH	ALL	variable	observed	0.5	0.8	-0.022288094716516573	-0.021063437677343352	CERTIFIED_DECREASE	Sufficient marginal-envelope certificate; non-certificate does not establish reversal
2025_DRACH	ALL	variable	equal_class	0.5	0.8	-0.02782998820642476	-0.02515427954419163	CERTIFIED_DECREASE	Sufficient marginal-envelope certificate; non-certificate does not establish reversal
2025_DRACH	FIXED_ALL_CONSTRUCTS	fixed	equal_construct_class	0.5	0.8	-0.026988836240185533	-0.02501185505170063	CERTIFIED_DECREASE	Fixed original K; sufficient certificate only
2025_DRACH	FIXED_ALL_CONSTRUCTS	variable	equal_construct_class	0.5	0.8	-0.027240586027835544	-0.024535553483601244	CERTIFIED_DECREASE	Fixed original K; sufficient certificate only
2025_DRACH	DRACH_oligo_0	fixed	observed	0.5	0.9	-0.03369288049664451	-0.03284562827088284	CERTIFIED_DECREASE	Sufficient marginal-envelope certificate; non-certificate does not establish reversal
2025_DRACH	DRACH_oligo_0	fixed	equal_class	0.5	0.9	-0.031093177931067105	-0.02920440963888632	CERTIFIED_DECREASE	Sufficient marginal-envelope certificate; non-certificate does not establish reversal
2025_DRACH	DRACH_oligo_0	variable	observed	0.5	0.9	-0.03403552077402516	-0.0328431828375353	CERTIFIED_DECREASE	Sufficient marginal-envelope certificate; non-certificate does not establish reversal
2025_DRACH	DRACH_oligo_0	variable	equal_class	0.5	0.9	-0.03151417959360662	-0.02817561243636761	CERTIFIED_DECREASE	Sufficient marginal-envelope certificate; non-certificate does not establish reversal
2025_DRACH	DRACH_oligo_1	fixed	observed	0.5	0.9	-0.029203740749335745	-0.02847378107062782	CERTIFIED_DECREASE	Sufficient marginal-envelope certificate; non-certificate does not establish reversal
2025_DRACH	DRACH_oligo_1	fixed	equal_class	0.5	0.9	-0.03121109942420608	-0.029484538977036595	CERTIFIED_DECREASE	Sufficient marginal-envelope certificate; non-certificate does not establish reversal
2025_DRACH	DRACH_oligo_1	variable	observed	0.5	0.9	-0.029656709652445372	-0.028474932722699846	CERTIFIED_DECREASE	Sufficient marginal-envelope certificate; non-certificate does not establish reversal
2025_DRACH	DRACH_oligo_1	variable	equal_class	0.5	0.9	-0.03285000718912401	-0.02829036660858495	CERTIFIED_DECREASE	Sufficient marginal-envelope certificate; non-certificate does not establish reversal
2025_DRACH	DRACH_oligo_2	fixed	observed	0.5	0.9	-0.0411515167176791	-0.04010613562888027	CERTIFIED_DECREASE	Sufficient marginal-envelope certificate; non-certificate does not establish reversal
2025_DRACH	DRACH_oligo_2	fixed	equal_class	0.5	0.9	-0.042129395260966124	-0.040300206318722796	CERTIFIED_DECREASE	Sufficient marginal-envelope certificate; non-certificate does not establish reversal
2025_DRACH	DRACH_oligo_2	variable	observed	0.5	0.9	-0.04162925347428386	-0.040089773063865235	CERTIFIED_DECREASE	Sufficient marginal-envelope certificate; non-certificate does not establish reversal
2025_DRACH	DRACH_oligo_2	variable	equal_class	0.5	0.9	-0.043237185380989425	-0.03908232043091717	CERTIFIED_DECREASE	Sufficient marginal-envelope certificate; non-certificate does not establish reversal
2025_DRACH	DRACH_oligo_3	fixed	observed	0.5	0.9	-0.02471080038319917	-0.024085819132871437	CERTIFIED_DECREASE	Sufficient marginal-envelope certificate; non-certificate does not establish reversal
2025_DRACH	DRACH_oligo_3	fixed	equal_class	0.5	0.9	-0.002842394596340364	-0.0006870662867353855	CERTIFIED_DECREASE	Sufficient marginal-envelope certificate; non-certificate does not establish reversal
2025_DRACH	DRACH_oligo_3	variable	observed	0.5	0.9	-0.024929176232828282	-0.024086623056623985	CERTIFIED_DECREASE	Sufficient marginal-envelope certificate; non-certificate does not establish reversal
2025_DRACH	DRACH_oligo_3	variable	equal_class	0.5	0.9	-0.004078586138739598	0.0019397839824331908	NOT_CERTIFIED_BY_MARGINAL_ENVELOPES	Sufficient marginal-envelope certificate; non-certificate does not establish reversal
2025_DRACH	DRACH_oligo_4	fixed	observed	0.5	0.9	-0.024243850323169162	-0.02368689601626223	CERTIFIED_DECREASE	Sufficient marginal-envelope certificate; non-certificate does not establish reversal
2025_DRACH	DRACH_oligo_4	fixed	equal_class	0.5	0.9	-0.03752637972773282	-0.03594110576978979	CERTIFIED_DECREASE	Sufficient marginal-envelope certificate; non-certificate does not establish reversal
2025_DRACH	DRACH_oligo_4	variable	observed	0.5	0.9	-0.024471291660960702	-0.023687534370204065	CERTIFIED_DECREASE	Sufficient marginal-envelope certificate; non-certificate does not establish reversal
2025_DRACH	DRACH_oligo_4	variable	equal_class	0.5	0.9	-0.0383220070619561	-0.03520243296366289	CERTIFIED_DECREASE	Sufficient marginal-envelope certificate; non-certificate does not establish reversal
2025_DRACH	ALL	fixed	observed	0.5	0.9	-0.03087480291240813	-0.03011087194780037	CERTIFIED_DECREASE	Sufficient marginal-envelope certificate; non-certificate does not establish reversal
2025_DRACH	ALL	fixed	equal_class	0.5	0.9	-0.030256401958860944	-0.02843306637389926	CERTIFIED_DECREASE	Sufficient marginal-envelope certificate; non-certificate does not establish reversal
2025_DRACH	ALL	variable	observed	0.5	0.9	-0.031215611226503855	-0.030112001629123045	CERTIFIED_DECREASE	Sufficient marginal-envelope certificate; non-certificate does not establish reversal
2025_DRACH	ALL	variable	equal_class	0.5	0.9	-0.03131711804418987	-0.02705080050044311	CERTIFIED_DECREASE	Sufficient marginal-envelope certificate; non-certificate does not establish reversal
2025_DRACH	FIXED_ALL_CONSTRUCTS	fixed	equal_construct_class	0.5	0.9	-0.02896048938806249	-0.02712346539823418	CERTIFIED_DECREASE	Fixed original K; sufficient certificate only
2025_DRACH	FIXED_ALL_CONSTRUCTS	variable	equal_construct_class	0.5	0.9	-0.030000393072883144	-0.025762189691419884	CERTIFIED_DECREASE	Fixed original K; sufficient certificate only
2025_DRACH	DRACH_oligo_0	fixed	observed	0.5	0.95	-0.03954845077397785	-0.03878640844063037	CERTIFIED_DECREASE	Sufficient marginal-envelope certificate; non-certificate does not establish reversal
2025_DRACH	DRACH_oligo_0	fixed	equal_class	0.5	0.95	0.01984716935656068	0.02201397327761473	CERTIFIED_INCREASE	Sufficient marginal-envelope certificate; non-certificate does not establish reversal
2025_DRACH	DRACH_oligo_0	variable	observed	0.5	0.95	-0.0400526414669446	-0.038762445877198945	CERTIFIED_DECREASE	Sufficient marginal-envelope certificate; non-certificate does not establish reversal
2025_DRACH	DRACH_oligo_0	variable	equal_class	0.5	0.95	0.018917042296651157	0.05024925682916154	CERTIFIED_INCREASE	Sufficient marginal-envelope certificate; non-certificate does not establish reversal
2025_DRACH	DRACH_oligo_1	fixed	observed	0.5	0.95	-0.03460683910065323	-0.03395392137403237	CERTIFIED_DECREASE	Sufficient marginal-envelope certificate; non-certificate does not establish reversal
2025_DRACH	DRACH_oligo_1	fixed	equal_class	0.5	0.95	-0.007063118555744041	-0.005268968431022314	CERTIFIED_DECREASE	Sufficient marginal-envelope certificate; non-certificate does not establish reversal
2025_DRACH	DRACH_oligo_1	variable	observed	0.5	0.95	-0.035232739633405195	-0.033944625681111076	CERTIFIED_DECREASE	Sufficient marginal-envelope certificate; non-certificate does not establish reversal
2025_DRACH	DRACH_oligo_1	variable	equal_class	0.5	0.95	-0.014271019710882613	0.009071866747337426	NOT_CERTIFIED_BY_MARGINAL_ENVELOPES	Sufficient marginal-envelope certificate; non-certificate does not establish reversal
2025_DRACH	DRACH_oligo_2	fixed	observed	0.5	0.95	-0.04855568062902865	-0.04762314578685736	CERTIFIED_DECREASE	Sufficient marginal-envelope certificate; non-certificate does not establish reversal
2025_DRACH	DRACH_oligo_2	fixed	equal_class	0.5	0.95	-0.013450114622196169	-0.011525241069249348	CERTIFIED_DECREASE	Sufficient marginal-envelope certificate; non-certificate does not establish reversal
2025_DRACH	DRACH_oligo_2	variable	observed	0.5	0.95	-0.0493975515394841	-0.047575109926816635	CERTIFIED_DECREASE	Sufficient marginal-envelope certificate; non-certificate does not establish reversal
2025_DRACH	DRACH_oligo_2	variable	equal_class	0.5	0.95	-0.016454209196479927	0.011192176849259688	NOT_CERTIFIED_BY_MARGINAL_ENVELOPES	Sufficient marginal-envelope certificate; non-certificate does not establish reversal
2025_DRACH	DRACH_oligo_3	fixed	observed	0.5	0.95	-0.02809882509415572	-0.027525900096453823	CERTIFIED_DECREASE	Sufficient marginal-envelope certificate; non-certificate does not establish reversal
2025_DRACH	DRACH_oligo_3	fixed	equal_class	0.5	0.95	0.14281720008048213	0.14598206593969276	CERTIFIED_INCREASE	Sufficient marginal-envelope certificate; non-certificate does not establish reversal
2025_DRACH	DRACH_oligo_3	variable	observed	0.5	0.95	-0.028509019838553504	-0.02750649684605452	CERTIFIED_DECREASE	Sufficient marginal-envelope certificate; non-certificate does not establish reversal
2025_DRACH	DRACH_oligo_3	variable	equal_class	0.5	0.95	0.13868721924821198	0.22718348428079416	CERTIFIED_INCREASE	Sufficient marginal-envelope certificate; non-certificate does not establish reversal
2025_DRACH	DRACH_oligo_4	fixed	observed	0.5	0.95	-0.027885165837234997	-0.027379020734890482	CERTIFIED_DECREASE	Sufficient marginal-envelope certificate; non-certificate does not establish reversal
2025_DRACH	DRACH_oligo_4	fixed	equal_class	0.5	0.95	-0.02288144267386459	-0.021290475792323738	CERTIFIED_DECREASE	Sufficient marginal-envelope certificate; non-certificate does not establish reversal
2025_DRACH	DRACH_oligo_4	variable	observed	0.5	0.95	-0.028195970431539593	-0.027379440584533288	CERTIFIED_DECREASE	Sufficient marginal-envelope certificate; non-certificate does not establish reversal
2025_DRACH	DRACH_oligo_4	variable	equal_class	0.5	0.95	-0.028138598264372934	-0.007006273618386627	CERTIFIED_DECREASE	Sufficient marginal-envelope certificate; non-certificate does not establish reversal
2025_DRACH	ALL	fixed	observed	0.5	0.95	-0.036000305117231304	-0.035311908990115305	CERTIFIED_DECREASE	Sufficient marginal-envelope certificate; non-certificate does not establish reversal
2025_DRACH	ALL	fixed	equal_class	0.5	0.95	0.015644147642911943	0.017704180079839524	CERTIFIED_INCREASE	Sufficient marginal-envelope certificate; non-certificate does not establish reversal
2025_DRACH	ALL	variable	observed	0.5	0.95	-0.036530906776933166	-0.03529517678069295	CERTIFIED_DECREASE	Sufficient marginal-envelope certificate; non-certificate does not establish reversal
2025_DRACH	ALL	variable	equal_class	0.5	0.95	0.011619039264890968	0.045934980714378085	CERTIFIED_INCREASE	Sufficient marginal-envelope certificate; non-certificate does not establish reversal
2025_DRACH	FIXED_ALL_CONSTRUCTS	fixed	equal_construct_class	0.5	0.95	0.023853938717047593	0.02598227078494242	CERTIFIED_INCREASE	Fixed original K; sufficient certificate only
2025_DRACH	FIXED_ALL_CONSTRUCTS	variable	equal_construct_class	0.5	0.95	0.019748086874625537	0.05813810221763324	CERTIFIED_INCREASE	Fixed original K; sufficient certificate only
2025_DRACH	DRACH_oligo_0	fixed	observed	0.5	0.99	-0.041805212703952474	-0.04108859026835168	CERTIFIED_DECREASE	Sufficient marginal-envelope certificate; non-certificate does not establish reversal
2025_DRACH	DRACH_oligo_0	fixed	equal_class	0.5	0.99	0.11345313046238018	0.11626446416930361	CERTIFIED_INCREASE	Sufficient marginal-envelope certificate; non-certificate does not establish reversal
2025_DRACH	DRACH_oligo_0	variable	observed	0.5	0.99	-0.04205791402203577	-0.040928297970699495	CERTIFIED_DECREASE	Sufficient marginal-envelope certificate; non-certificate does not establish reversal
2025_DRACH	DRACH_oligo_0	variable	equal_class	0.5	0.99	0.1027263686383284	0.1702024645849743	CERTIFIED_INCREASE	Sufficient marginal-envelope certificate; non-certificate does not establish reversal
2025_DRACH	DRACH_oligo_1	fixed	observed	0.5	0.99	-0.036705680981139154	-0.03609263183917801	CERTIFIED_DECREASE	Sufficient marginal-envelope certificate; non-certificate does not establish reversal
2025_DRACH	DRACH_oligo_1	fixed	equal_class	0.5	0.99	0.010758396962338268	0.012613824371179708	CERTIFIED_INCREASE	Sufficient marginal-envelope certificate; non-certificate does not establish reversal
2025_DRACH	DRACH_oligo_1	variable	observed	0.5	0.99	-0.037182858712951794	-0.03601388527888853	CERTIFIED_DECREASE	Sufficient marginal-envelope certificate; non-certificate does not establish reversal
2025_DRACH	DRACH_oligo_1	variable	equal_class	0.5	0.99	-0.006739591065629158	0.03388874445116566	NOT_CERTIFIED_BY_MARGINAL_ENVELOPES	Sufficient marginal-envelope certificate; non-certificate does not establish reversal
2025_DRACH	DRACH_oligo_2	fixed	observed	0.5	0.99	-0.05180203784599805	-0.05092941662200934	CERTIFIED_DECREASE	Sufficient marginal-envelope certificate; non-certificate does not establish reversal
2025_DRACH	DRACH_oligo_2	fixed	equal_class	0.5	0.99	0.017372951347561533	0.01944577720910992	CERTIFIED_INCREASE	Sufficient marginal-envelope certificate; non-certificate does not establish reversal
2025_DRACH	DRACH_oligo_2	variable	observed	0.5	0.99	-0.05227102511934616	-0.05076245541040993	CERTIFIED_DECREASE	Sufficient marginal-envelope certificate; non-certificate does not establish reversal
2025_DRACH	DRACH_oligo_2	variable	equal_class	0.5	0.99	0.002945748106187057	0.04843296272032509	CERTIFIED_INCREASE	Sufficient marginal-envelope certificate; non-certificate does not establish reversal
2025_DRACH	DRACH_oligo_3	fixed	observed	0.5	0.99	-0.029874524452595655	-0.029329377813556712	CERTIFIED_DECREASE	Sufficient marginal-envelope certificate; non-certificate does not establish reversal
2025_DRACH	DRACH_oligo_3	fixed	equal_class	0.5	0.99	0.2935716813285672	0.29783993453343166	CERTIFIED_INCREASE	Sufficient marginal-envelope certificate; non-certificate does not establish reversal
2025_DRACH	DRACH_oligo_3	variable	observed	0.5	0.99	-0.03014612854279369	-0.029209356883448685	CERTIFIED_DECREASE	Sufficient marginal-envelope certificate; non-certificate does not establish reversal
2025_DRACH	DRACH_oligo_3	variable	equal_class	0.5	0.99	0.2886706975309195	0.3282557645666957	CERTIFIED_INCREASE	Sufficient marginal-envelope certificate; non-certificate does not establish reversal
2025_DRACH	DRACH_oligo_4	fixed	observed	0.5	0.99	-0.029435249519178374	-0.028955201054602246	CERTIFIED_DECREASE	Sufficient marginal-envelope certificate; non-certificate does not establish reversal
2025_DRACH	DRACH_oligo_4	fixed	equal_class	0.5	0.99	0.0029208835615041895	0.004627439365081046	CERTIFIED_INCREASE	Sufficient marginal-envelope certificate; non-certificate does not establish reversal
2025_DRACH	DRACH_oligo_4	variable	observed	0.5	0.99	-0.029587013011990664	-0.028937742605498074	CERTIFIED_DECREASE	Sufficient marginal-envelope certificate; non-certificate does not establish reversal
2025_DRACH	DRACH_oligo_4	variable	equal_class	0.5	0.99	-0.010187538101559007	0.04483352989288723	NOT_CERTIFIED_BY_MARGINAL_ENVELOPES	Sufficient marginal-envelope certificate; non-certificate does not establish reversal
2025_DRACH	ALL	fixed	observed	0.5	0.99	-0.038158912131925585	-0.03750983533179385	CERTIFIED_DECREASE	Sufficient marginal-envelope certificate; non-certificate does not establish reversal
2025_DRACH	ALL	fixed	equal_class	0.5	0.99	0.08514183387669669	0.08766100838787907	CERTIFIED_INCREASE	Sufficient marginal-envelope certificate; non-certificate does not establish reversal
2025_DRACH	ALL	variable	observed	0.5	0.99	-0.03847496528008342	-0.037405020643831256	CERTIFIED_DECREASE	Sufficient marginal-envelope certificate; non-certificate does not establish reversal
2025_DRACH	ALL	variable	equal_class	0.5	0.99	0.07240451919140622	0.13022997359609853	CERTIFIED_INCREASE	Sufficient marginal-envelope certificate; non-certificate does not establish reversal
2025_DRACH	FIXED_ALL_CONSTRUCTS	fixed	equal_construct_class	0.5	0.99	0.08761540873247028	0.09015828792962119	CERTIFIED_INCREASE	Fixed original K; sufficient certificate only
2025_DRACH	FIXED_ALL_CONSTRUCTS	variable	equal_construct_class	0.5	0.99	0.07548313702164938	0.1251226932432096	CERTIFIED_INCREASE	Fixed original K; sufficient certificate only
2025_DRACH	DRACH_oligo_0	fixed	observed	0.6	0.7	-0.008470565689128004	-0.0074606267141247365	CERTIFIED_DECREASE	Sufficient marginal-envelope certificate; non-certificate does not establish reversal
2025_DRACH	DRACH_oligo_0	fixed	equal_class	0.6	0.7	-0.011266143408795198	-0.009200681986369509	CERTIFIED_DECREASE	Sufficient marginal-envelope certificate; non-certificate does not establish reversal
2025_DRACH	DRACH_oligo_0	variable	observed	0.6	0.7	-0.009026446779334014	-0.007461243684682168	CERTIFIED_DECREASE	Sufficient marginal-envelope certificate; non-certificate does not establish reversal
2025_DRACH	DRACH_oligo_0	variable	equal_class	0.6	0.7	-0.011999297055969874	-0.009185576917989942	CERTIFIED_DECREASE	Sufficient marginal-envelope certificate; non-certificate does not establish reversal
2025_DRACH	DRACH_oligo_1	fixed	observed	0.6	0.7	-0.006241102757783518	-0.005361310462415499	CERTIFIED_DECREASE	Sufficient marginal-envelope certificate; non-certificate does not establish reversal
2025_DRACH	DRACH_oligo_1	fixed	equal_class	0.6	0.7	-0.00913086972883942	-0.007218950072740572	CERTIFIED_DECREASE	Sufficient marginal-envelope certificate; non-certificate does not establish reversal
2025_DRACH	DRACH_oligo_1	variable	observed	0.6	0.7	-0.00674404433378847	-0.005361618496066225	CERTIFIED_DECREASE	Sufficient marginal-envelope certificate; non-certificate does not establish reversal
2025_DRACH	DRACH_oligo_1	variable	equal_class	0.6	0.7	-0.010013895734818777	-0.0072187327333080725	CERTIFIED_DECREASE	Sufficient marginal-envelope certificate; non-certificate does not establish reversal
2025_DRACH	DRACH_oligo_2	fixed	observed	0.6	0.7	-0.010255126082303896	-0.009021071386332478	CERTIFIED_DECREASE	Sufficient marginal-envelope certificate; non-certificate does not establish reversal
2025_DRACH	DRACH_oligo_2	fixed	equal_class	0.6	0.7	-0.012211392510351145	-0.010172973883901433	CERTIFIED_DECREASE	Sufficient marginal-envelope certificate; non-certificate does not establish reversal
2025_DRACH	DRACH_oligo_2	variable	observed	0.6	0.7	-0.011073841068032053	-0.009021756417251815	CERTIFIED_DECREASE	Sufficient marginal-envelope certificate; non-certificate does not establish reversal
2025_DRACH	DRACH_oligo_2	variable	equal_class	0.6	0.7	-0.013261970296877632	-0.010174504180712043	CERTIFIED_DECREASE	Sufficient marginal-envelope certificate; non-certificate does not establish reversal
2025_DRACH	DRACH_oligo_3	fixed	observed	0.6	0.7	-0.00592495751046505	-0.005167553870920008	CERTIFIED_DECREASE	Sufficient marginal-envelope certificate; non-certificate does not establish reversal
2025_DRACH	DRACH_oligo_3	fixed	equal_class	0.6	0.7	-0.007083231603414522	-0.004890936654432507	CERTIFIED_DECREASE	Sufficient marginal-envelope certificate; non-certificate does not establish reversal
2025_DRACH	DRACH_oligo_3	variable	observed	0.6	0.7	-0.006391383424916727	-0.005167822136820106	CERTIFIED_DECREASE	Sufficient marginal-envelope certificate; non-certificate does not establish reversal
2025_DRACH	DRACH_oligo_3	variable	equal_class	0.6	0.7	-0.0076414592106568285	-0.004811573040990724	CERTIFIED_DECREASE	Sufficient marginal-envelope certificate; non-certificate does not establish reversal
2025_DRACH	DRACH_oligo_4	fixed	observed	0.6	0.7	-0.00624360748561904	-0.005581336424645089	CERTIFIED_DECREASE	Sufficient marginal-envelope certificate; non-certificate does not establish reversal
2025_DRACH	DRACH_oligo_4	fixed	equal_class	0.6	0.7	-0.01145135835991757	-0.009664593578400472	CERTIFIED_DECREASE	Sufficient marginal-envelope certificate; non-certificate does not establish reversal
2025_DRACH	DRACH_oligo_4	variable	observed	0.6	0.7	-0.006705587916144735	-0.005581705119427637	CERTIFIED_DECREASE	Sufficient marginal-envelope certificate; non-certificate does not establish reversal
2025_DRACH	DRACH_oligo_4	variable	equal_class	0.6	0.7	-0.012185146975652233	-0.009666237160346002	CERTIFIED_DECREASE	Sufficient marginal-envelope certificate; non-certificate does not establish reversal
2025_DRACH	ALL	fixed	observed	0.6	0.7	-0.007504145293920694	-0.006592360175709671	CERTIFIED_DECREASE	Sufficient marginal-envelope certificate; non-certificate does not establish reversal
2025_DRACH	ALL	fixed	equal_class	0.6	0.7	-0.010293809266540346	-0.008302354488568572	CERTIFIED_DECREASE	Sufficient marginal-envelope certificate; non-certificate does not establish reversal
2025_DRACH	ALL	variable	observed	0.6	0.7	-0.008072779908083492	-0.00659281078192445	CERTIFIED_DECREASE	Sufficient marginal-envelope certificate; non-certificate does not establish reversal
2025_DRACH	ALL	variable	equal_class	0.6	0.7	-0.011096672900849536	-0.008287256058261513	CERTIFIED_DECREASE	Sufficient marginal-envelope certificate; non-certificate does not establish reversal
2025_DRACH	FIXED_ALL_CONSTRUCTS	fixed	equal_construct_class	0.6	0.7	-0.010228599122263565	-0.008229627235168895	CERTIFIED_DECREASE	Fixed original K; sufficient certificate only
2025_DRACH	FIXED_ALL_CONSTRUCTS	variable	equal_construct_class	0.6	0.7	-0.011020353854795065	-0.008211324806669355	CERTIFIED_DECREASE	Fixed original K; sufficient certificate only
2025_DRACH	DRACH_oligo_0	fixed	observed	0.7	0.8	-0.009095987876415156	-0.008337022521336706	CERTIFIED_DECREASE	Sufficient marginal-envelope certificate; non-certificate does not establish reversal
2025_DRACH	DRACH_oligo_0	fixed	equal_class	0.7	0.8	-0.007657622148637334	-0.005918721500750533	CERTIFIED_DECREASE	Sufficient marginal-envelope certificate; non-certificate does not establish reversal
2025_DRACH	DRACH_oligo_0	variable	observed	0.7	0.8	-0.009095370905857724	-0.007657428204750263	CERTIFIED_DECREASE	Sufficient marginal-envelope certificate; non-certificate does not establish reversal
2025_DRACH	DRACH_oligo_0	variable	equal_class	0.7	0.8	-0.007989596280495982	-0.005094840806372673	CERTIFIED_DECREASE	Sufficient marginal-envelope certificate; non-certificate does not establish reversal
2025_DRACH	DRACH_oligo_1	fixed	observed	0.7	0.8	-0.008737033084449432	-0.008069137095903779	CERTIFIED_DECREASE	Sufficient marginal-envelope certificate; non-certificate does not establish reversal
2025_DRACH	DRACH_oligo_1	fixed	equal_class	0.7	0.8	-0.010099186507598001	-0.008502595441463923	CERTIFIED_DECREASE	Sufficient marginal-envelope certificate; non-certificate does not establish reversal
2025_DRACH	DRACH_oligo_1	variable	observed	0.7	0.8	-0.008736725050798706	-0.00742518313530767	CERTIFIED_DECREASE	Sufficient marginal-envelope certificate; non-certificate does not establish reversal
2025_DRACH	DRACH_oligo_1	variable	equal_class	0.7	0.8	-0.010307033883312021	-0.00739403786781815	CERTIFIED_DECREASE	Sufficient marginal-envelope certificate; non-certificate does not establish reversal
2025_DRACH	DRACH_oligo_2	fixed	observed	0.7	0.8	-0.010787246597413064	-0.009856821811475923	CERTIFIED_DECREASE	Sufficient marginal-envelope certificate; non-certificate does not establish reversal
2025_DRACH	DRACH_oligo_2	fixed	equal_class	0.7	0.8	-0.011644162888769086	-0.009970835734966953	CERTIFIED_DECREASE	Sufficient marginal-envelope certificate; non-certificate does not establish reversal
2025_DRACH	DRACH_oligo_2	variable	observed	0.7	0.8	-0.010786561566493727	-0.009076084386538681	CERTIFIED_DECREASE	Sufficient marginal-envelope certificate; non-certificate does not establish reversal
2025_DRACH	DRACH_oligo_2	variable	equal_class	0.7	0.8	-0.011791364309136396	-0.00909633614500703	CERTIFIED_DECREASE	Sufficient marginal-envelope certificate; non-certificate does not establish reversal
2025_DRACH	DRACH_oligo_3	fixed	observed	0.7	0.8	-0.00801114448241219	-0.007449816467823226	CERTIFIED_DECREASE	Sufficient marginal-envelope certificate; non-certificate does not establish reversal
2025_DRACH	DRACH_oligo_3	fixed	equal_class	0.7	0.8	-0.004472436446135472	-0.002538119126197738	CERTIFIED_DECREASE	Sufficient marginal-envelope certificate; non-certificate does not establish reversal
2025_DRACH	DRACH_oligo_3	variable	observed	0.7	0.8	-0.008010876216512091	-0.00679304516547969	CERTIFIED_DECREASE	Sufficient marginal-envelope certificate; non-certificate does not establish reversal
2025_DRACH	DRACH_oligo_3	variable	equal_class	0.7	0.8	-0.0049668479680190225	-0.0014062636181428195	CERTIFIED_DECREASE	Sufficient marginal-envelope certificate; non-certificate does not establish reversal
2025_DRACH	DRACH_oligo_4	fixed	observed	0.7	0.8	-0.006520100057182985	-0.006038369577043378	CERTIFIED_DECREASE	Sufficient marginal-envelope certificate; non-certificate does not establish reversal
2025_DRACH	DRACH_oligo_4	fixed	equal_class	0.7	0.8	-0.00854745742525008	-0.007087186481920096	CERTIFIED_DECREASE	Sufficient marginal-envelope certificate; non-certificate does not establish reversal
2025_DRACH	DRACH_oligo_4	variable	observed	0.7	0.8	-0.006519731362400437	-0.005649781658369843	CERTIFIED_DECREASE	Sufficient marginal-envelope certificate; non-certificate does not establish reversal
2025_DRACH	DRACH_oligo_4	variable	equal_class	0.7	0.8	-0.008716284056174313	-0.006542300423297495	CERTIFIED_DECREASE	Sufficient marginal-envelope certificate; non-certificate does not establish reversal
2025_DRACH	ALL	fixed	observed	0.7	0.8	-0.00868833881858374	-0.00800734448071969	CERTIFIED_DECREASE	Sufficient marginal-envelope certificate; non-certificate does not establish reversal
2025_DRACH	ALL	fixed	equal_class	0.7	0.8	-0.0089576111579356	-0.0072875601652143615	CERTIFIED_DECREASE	Sufficient marginal-envelope certificate; non-certificate does not establish reversal
2025_DRACH	ALL	variable	observed	0.7	0.8	-0.00868788821236896	-0.007372209467440778	CERTIFIED_DECREASE	Sufficient marginal-envelope certificate; non-certificate does not establish reversal
2025_DRACH	ALL	variable	equal_class	0.7	0.8	-0.009215232499313254	-0.006399060233062949	CERTIFIED_DECREASE	Sufficient marginal-envelope certificate; non-certificate does not establish reversal
2025_DRACH	FIXED_ALL_CONSTRUCTS	fixed	equal_construct_class	0.7	0.8	-0.008484173083277993	-0.006803491657059846	CERTIFIED_DECREASE	Fixed original K; sufficient certificate only
2025_DRACH	FIXED_ALL_CONSTRUCTS	variable	equal_construct_class	0.7	0.8	-0.008754225299427543	-0.005906755772127639	CERTIFIED_DECREASE	Fixed original K; sufficient certificate only
2025_DRACH	DRACH_oligo_0	fixed	observed	0.8	0.9	-0.00991739072835143	-0.009429294158521513	CERTIFIED_DECREASE	Sufficient marginal-envelope certificate; non-certificate does not establish reversal
2025_DRACH	DRACH_oligo_0	fixed	equal_class	0.8	0.9	-0.004667238860393316	-0.0032484716792531426	CERTIFIED_DECREASE	Sufficient marginal-envelope certificate; non-certificate does not establish reversal
2025_DRACH	DRACH_oligo_0	variable	observed	0.8	0.9	-0.010640485424339327	-0.009426848725173971	CERTIFIED_DECREASE	Sufficient marginal-envelope certificate; non-certificate does not establish reversal
2025_DRACH	DRACH_oligo_0	variable	equal_class	0.8	0.9	-0.005506898338046073	-0.001902805413255354	CERTIFIED_DECREASE	Sufficient marginal-envelope certificate; non-certificate does not establish reversal
2025_DRACH	DRACH_oligo_1	fixed	observed	0.8	0.9	-0.008791081521205835	-0.008367353800039789	CERTIFIED_DECREASE	Sufficient marginal-envelope certificate; non-certificate does not establish reversal
2025_DRACH	DRACH_oligo_1	fixed	equal_class	0.8	0.9	-0.004434023314980287	-0.003161759943738178	CERTIFIED_DECREASE	Sufficient marginal-envelope certificate; non-certificate does not establish reversal
2025_DRACH	DRACH_oligo_1	variable	observed	0.8	0.9	-0.00965986950264183	-0.008368505452111813	CERTIFIED_DECREASE	Sufficient marginal-envelope certificate; non-certificate does not establish reversal
2025_DRACH	DRACH_oligo_1	variable	equal_class	0.8	0.9	-0.006745730435071595	-0.0017599575390050137	CERTIFIED_DECREASE	Sufficient marginal-envelope certificate; non-certificate does not establish reversal
2025_DRACH	DRACH_oligo_2	fixed	observed	0.8	0.9	-0.01195108507214162	-0.011349583620394767	CERTIFIED_DECREASE	Sufficient marginal-envelope certificate; non-certificate does not establish reversal
2025_DRACH	DRACH_oligo_2	fixed	equal_class	0.8	0.9	-0.008792700340548215	-0.007496981437615194	CERTIFIED_DECREASE	Sufficient marginal-envelope certificate; non-certificate does not establish reversal
2025_DRACH	DRACH_oligo_2	variable	observed	0.8	0.9	-0.012799173742706184	-0.011333221055379735	CERTIFIED_DECREASE	Sufficient marginal-envelope certificate; non-certificate does not establish reversal
2025_DRACH	DRACH_oligo_2	variable	equal_class	0.8	0.9	-0.01027291306274291	-0.006130363832631644	CERTIFIED_DECREASE	Sufficient marginal-envelope certificate; non-certificate does not establish reversal
2025_DRACH	DRACH_oligo_3	fixed	observed	0.8	0.9	-0.006614987962051566	-0.006259904913628708	CERTIFIED_DECREASE	Sufficient marginal-envelope certificate; non-certificate does not establish reversal
2025_DRACH	DRACH_oligo_3	fixed	equal_class	0.8	0.9	0.013176204335248048	0.014965941469535601	CERTIFIED_INCREASE	Sufficient marginal-envelope certificate; non-certificate does not establish reversal
2025_DRACH	DRACH_oligo_3	variable	observed	0.8	0.9	-0.007151704543449142	-0.006260708837381255	CERTIFIED_DECREASE	Sufficient marginal-envelope certificate; non-certificate does not establish reversal
2025_DRACH	DRACH_oligo_3	variable	equal_class	0.8	0.9	0.011258401152906355	0.018007839647145946	CERTIFIED_INCREASE	Sufficient marginal-envelope certificate; non-certificate does not establish reversal
2025_DRACH	DRACH_oligo_4	fixed	observed	0.8	0.9	-0.006858159032232927	-0.006561196824437967	CERTIFIED_DECREASE	Sufficient marginal-envelope certificate; non-certificate does not establish reversal
2025_DRACH	DRACH_oligo_4	fixed	equal_class	0.8	0.9	-0.00893398378811246	-0.007823303912195392	CERTIFIED_DECREASE	Sufficient marginal-envelope certificate; non-certificate does not establish reversal
2025_DRACH	DRACH_oligo_4	variable	observed	0.8	0.9	-0.007264593004225209	-0.0065618351783798025	CERTIFIED_DECREASE	Sufficient marginal-envelope certificate; non-certificate does not establish reversal
2025_DRACH	DRACH_oligo_4	variable	equal_class	0.8	0.9	-0.009965627550432222	-0.006914160893198733	CERTIFIED_DECREASE	Sufficient marginal-envelope certificate; non-certificate does not establish reversal
2025_DRACH	ALL	fixed	observed	0.8	0.9	-0.008865813950112118	-0.008433483067263988	CERTIFIED_DECREASE	Sufficient marginal-envelope certificate; non-certificate does not establish reversal
2025_DRACH	ALL	fixed	equal_class	0.8	0.9	-0.003420910810875158	-0.0020613036245510433	CERTIFIED_DECREASE	Sufficient marginal-envelope certificate; non-certificate does not establish reversal
2025_DRACH	ALL	variable	observed	0.8	0.9	-0.009541467713180313	-0.008434612748586664	CERTIFIED_DECREASE	Sufficient marginal-envelope certificate; non-certificate does not establish reversal
2025_DRACH	ALL	variable	equal_class	0.8	0.9	-0.004947135953992293	-0.0004365148400242991	CERTIFIED_DECREASE	Sufficient marginal-envelope certificate; non-certificate does not establish reversal
2025_DRACH	FIXED_ALL_CONSTRUCTS	fixed	equal_construct_class	0.8	0.9	-0.0027303483937572426	-0.0013529151006532666	CERTIFIED_DECREASE	Fixed original K; sufficient certificate only
2025_DRACH	FIXED_ALL_CONSTRUCTS	variable	equal_construct_class	0.8	0.9	-0.004246553646677281	0.00026011039381104023	NOT_CERTIFIED_BY_MARGINAL_ENVELOPES	Fixed original K; sufficient certificate only
2025_DRACH	DRACH_oligo_0	fixed	observed	0.9	0.95	-0.00602929544695582	-0.00576705500012505	CERTIFIED_DECREASE	Sufficient marginal-envelope certificate; non-certificate does not establish reversal
2025_DRACH	DRACH_oligo_0	fixed	equal_class	0.9	0.95	0.05031244361668995	0.05184628658743889	CERTIFIED_INCREASE	Sufficient marginal-envelope certificate; non-certificate does not establish reversal
2025_DRACH	DRACH_oligo_0	variable	observed	0.9	0.95	-0.006535931573270107	-0.005400452159312979	CERTIFIED_DECREASE	Sufficient marginal-envelope certificate; non-certificate does not establish reversal
2025_DRACH	DRACH_oligo_0	variable	equal_class	0.9	0.95	0.048353519354261715	0.0805025718015252	CERTIFIED_INCREASE	Sufficient marginal-envelope certificate; non-certificate does not establish reversal
2025_DRACH	DRACH_oligo_1	fixed	observed	0.9	0.95	-0.005553683126177678	-0.005329555528544359	CERTIFIED_DECREASE	Sufficient marginal-envelope certificate; non-certificate does not establish reversal
2025_DRACH	DRACH_oligo_1	fixed	equal_class	0.9	0.95	0.023585434725324247	0.02477811668915207	CERTIFIED_INCREASE	Sufficient marginal-envelope certificate; non-certificate does not establish reversal
2025_DRACH	DRACH_oligo_1	variable	observed	0.9	0.95	-0.006178432006857618	-0.004867290932513433	CERTIFIED_DECREASE	Sufficient marginal-envelope certificate; non-certificate does not establish reversal
2025_DRACH	DRACH_oligo_1	variable	equal_class	0.9	0.95	0.015183361201734032	0.04075785963242974	CERTIFIED_INCREASE	Sufficient marginal-envelope certificate; non-certificate does not establish reversal
2025_DRACH	DRACH_oligo_2	fixed	observed	0.9	0.95	-0.007618362160021935	-0.007302811909304706	CERTIFIED_DECREASE	Sufficient marginal-envelope certificate; non-certificate does not establish reversal
2025_DRACH	DRACH_oligo_2	fixed	equal_class	0.9	0.95	0.028126322155637436	0.029327923732605968	CERTIFIED_INCREASE	Sufficient marginal-envelope certificate; non-certificate does not establish reversal
2025_DRACH	DRACH_oligo_2	variable	observed	0.9	0.95	-0.008476595635492419	-0.006777039292659225	CERTIFIED_DECREASE	Sufficient marginal-envelope certificate; non-certificate does not establish reversal
2025_DRACH	DRACH_oligo_2	variable	equal_class	0.9	0.95	0.023904341693548048	0.053153131771138305	CERTIFIED_INCREASE	Sufficient marginal-envelope certificate; non-certificate does not establish reversal
2025_DRACH	DRACH_oligo_3	fixed	observed	0.9	0.95	-0.0035179376059571877	-0.0033101680685817484	CERTIFIED_DECREASE	Sufficient marginal-envelope certificate; non-certificate does not establish reversal
2025_DRACH	DRACH_oligo_3	fixed	equal_class	0.9	0.95	0.14476935890386172	0.14755936799938893	CERTIFIED_INCREASE	Sufficient marginal-envelope certificate; non-certificate does not establish reversal
2025_DRACH	DRACH_oligo_3	variable	observed	0.9	0.95	-0.003927328426602427	-0.0030723889685533327	CERTIFIED_DECREASE	Sufficient marginal-envelope certificate; non-certificate does not establish reversal
2025_DRACH	DRACH_oligo_3	variable	equal_class	0.9	0.95	0.13801252780242299	0.22999697788288956	CERTIFIED_INCREASE	Sufficient marginal-envelope certificate; non-certificate does not establish reversal
2025_DRACH	DRACH_oligo_4	fixed	observed	0.9	0.95	-0.003742692068236341	-0.0035907481644577503	CERTIFIED_DECREASE	Sufficient marginal-envelope certificate; non-certificate does not establish reversal
2025_DRACH	DRACH_oligo_4	fixed	equal_class	0.9	0.95	0.014184890887918675	0.015110676143415599	CERTIFIED_INCREASE	Sufficient marginal-envelope certificate; non-certificate does not establish reversal
2025_DRACH	DRACH_oligo_4	variable	observed	0.9	0.95	-0.004052858308599101	-0.0033637266763090114	CERTIFIED_DECREASE	Sufficient marginal-envelope certificate; non-certificate does not establish reversal
2025_DRACH	DRACH_oligo_4	variable	equal_class	0.9	0.95	0.008189062491283434	0.03019050565157599	CERTIFIED_INCREASE	Sufficient marginal-envelope certificate; non-certificate does not establish reversal
2025_DRACH	ALL	fixed	observed	0.9	0.95	-0.005278727333450746	-0.005047811913687362	CERTIFIED_DECREASE	Sufficient marginal-envelope certificate; non-certificate does not establish reversal
2025_DRACH	ALL	fixed	equal_class	0.9	0.95	0.04529291656281715	0.04674487949269452	CERTIFIED_INCREASE	Sufficient marginal-envelope certificate; non-certificate does not establish reversal
2025_DRACH	ALL	variable	observed	0.9	0.95	-0.0058081993118299265	-0.004690271390169289	CERTIFIED_DECREASE	Sufficient marginal-envelope certificate; non-certificate does not establish reversal
2025_DRACH	ALL	variable	equal_class	0.9	0.95	0.039885542311340026	0.076036396212562	CERTIFIED_INCREASE	Sufficient marginal-envelope certificate; non-certificate does not establish reversal
2025_DRACH	FIXED_ALL_CONSTRUCTS	fixed	equal_construct_class	0.9	0.95	0.05219569005788639	0.05372447423040029	CERTIFIED_INCREASE	Fixed original K; sufficient certificate only
2025_DRACH	FIXED_ALL_CONSTRUCTS	variable	equal_construct_class	0.9	0.95	0.04672856250865004	0.08692020934791177	CERTIFIED_INCREASE	Fixed original K; sufficient certificate only
2025_DRACH	DRACH_oligo_0	fixed	observed	0.95	0.99	-0.0023452772071829143	-0.002213666550513022	CERTIFIED_DECREASE	Sufficient marginal-envelope certificate; non-certificate does not establish reversal
2025_DRACH	DRACH_oligo_0	fixed	equal_class	0.95	0.99	0.09270002180600839	0.09515643019149998	CERTIFIED_INCREASE	Sufficient marginal-envelope certificate; non-certificate does not establish reversal
2025_DRACH	DRACH_oligo_0	variable	observed	0.95	0.99	-0.002621941088697629	-0.0015491835598940907	CERTIFIED_DECREASE	Sufficient marginal-envelope certificate; non-certificate does not establish reversal
2025_DRACH	DRACH_oligo_0	variable	equal_class	0.95	0.99	0.05373797643040981	0.15002455766708017	CERTIFIED_INCREASE	Sufficient marginal-envelope certificate; non-certificate does not establish reversal
2025_DRACH	DRACH_oligo_1	fixed	observed	0.95	0.99	-0.0021723847032590476	-0.002065167642372515	CERTIFIED_DECREASE	Sufficient marginal-envelope certificate; non-certificate does not establish reversal
2025_DRACH	DRACH_oligo_1	fixed	equal_class	0.95	0.99	0.017191379697392276	0.018512928622892055	CERTIFIED_INCREASE	Sufficient marginal-envelope certificate; non-certificate does not establish reversal
2025_DRACH	DRACH_oligo_1	variable	observed	0.95	0.99	-0.0026588581279929887	-0.0013605205493310679	CERTIFIED_DECREASE	Sufficient marginal-envelope certificate; non-certificate does not establish reversal
2025_DRACH	DRACH_oligo_1	variable	equal_class	0.95	0.99	-0.01464744350893489	0.04699574985801658	NOT_CERTIFIED_BY_MARGINAL_ENVELOPES	Sufficient marginal-envelope certificate; non-certificate does not establish reversal
2025_DRACH	DRACH_oligo_2	fixed	observed	0.95	0.99	-0.003347709219014243	-0.003204918833107134	CERTIFIED_DECREASE	Sufficient marginal-envelope certificate; non-certificate does not establish reversal
2025_DRACH	DRACH_oligo_2	fixed	equal_class	0.95	0.99	0.03017442287592169	0.03161966137219528	CERTIFIED_INCREASE	Sufficient marginal-envelope certificate; non-certificate does not establish reversal
2025_DRACH	DRACH_oligo_2	variable	observed	0.95	0.99	-0.003864732352403074	-0.002196086711052277	CERTIFIED_DECREASE	Sufficient marginal-envelope certificate; non-certificate does not establish reversal
2025_DRACH	DRACH_oligo_2	variable	equal_class	0.95	0.99	-0.006970198283961823	0.0636109414576942	NOT_CERTIFIED_BY_MARGINAL_ENVELOPES	Sufficient marginal-envelope certificate; non-certificate does not establish reversal
2025_DRACH	DRACH_oligo_3	fixed	observed	0.95	0.99	-0.001853556000814739	-0.0017256210747280867	CERTIFIED_DECREASE	Sufficient marginal-envelope certificate; non-certificate does not establish reversal
2025_DRACH	DRACH_oligo_3	fixed	equal_class	0.95	0.99	0.14885470792551864	0.15375764191630534	CERTIFIED_INCREASE	Sufficient marginal-envelope certificate; non-certificate does not establish reversal
2025_DRACH	DRACH_oligo_3	variable	observed	0.95	0.99	-0.002144563341412075	-0.0011954054002222755	CERTIFIED_DECREASE	Sufficient marginal-envelope certificate; non-certificate does not establish reversal
2025_DRACH	DRACH_oligo_3	variable	equal_class	0.95	0.99	0.06275230578676955	0.18830345278183952	CERTIFIED_INCREASE	Sufficient marginal-envelope certificate; non-certificate does not establish reversal
2025_DRACH	DRACH_oligo_4	fixed	observed	0.95	0.99	-0.0016006510315514633	-0.0015256129701036773	CERTIFIED_DECREASE	Sufficient marginal-envelope certificate; non-certificate does not establish reversal
2025_DRACH	DRACH_oligo_4	fixed	equal_class	0.95	0.99	0.025336587145821404	0.02638365424695216	CERTIFIED_INCREASE	Sufficient marginal-envelope certificate; non-certificate does not establish reversal
2025_DRACH	DRACH_oligo_4	variable	observed	0.95	0.99	-0.0017519946747209503	-0.001197349926694907	CERTIFIED_DECREASE	Sufficient marginal-envelope certificate; non-certificate does not establish reversal
2025_DRACH	DRACH_oligo_4	variable	equal_class	0.95	0.99	-0.002056036691178903	0.0718469003652667	NOT_CERTIFIED_BY_MARGINAL_ENVELOPES	Sufficient marginal-envelope certificate; non-certificate does not establish reversal
2025_DRACH	ALL	fixed	observed	0.95	0.99	-0.0022362973058300943	-0.0021202360505427286	CERTIFIED_DECREASE	Sufficient marginal-envelope certificate; non-certificate does not establish reversal
2025_DRACH	ALL	fixed	equal_class	0.95	0.99	0.06865335634286311	0.07080115819896118	CERTIFIED_INCREASE	Sufficient marginal-envelope certificate; non-certificate does not establish reversal
2025_DRACH	ALL	variable	observed	0.95	0.99	-0.0025690826634102784	-0.0014848197028782813	CERTIFIED_DECREASE	Sufficient marginal-envelope certificate; non-certificate does not establish reversal
2025_DRACH	ALL	variable	equal_class	0.95	0.99	0.027685241023034088	0.11739523178520161	CERTIFIED_INCREASE	Sufficient marginal-envelope certificate; non-certificate does not establish reversal
2025_DRACH	FIXED_ALL_CONSTRUCTS	fixed	equal_construct_class	0.95	0.99	0.06285142389013249	0.06508606326996898	CERTIFIED_INCREASE	Fixed original K; sufficient certificate only
2025_DRACH	FIXED_ALL_CONSTRUCTS	variable	equal_construct_class	0.95	0.99	0.01856332074662076	0.10415632042597944	CERTIFIED_INCREASE	Fixed original K; sufficient certificate only
2026_all5mer	5mers_A_RNA_sparse_seq_01	fixed	observed	0.5	0.6	-0.010749655655081895	-0.008755470317896377	CERTIFIED_DECREASE	Sufficient marginal-envelope certificate; non-certificate does not establish reversal
2026_all5mer	5mers_A_RNA_sparse_seq_01	fixed	equal_class	0.5	0.6	-0.012044280369438033	-0.009782572352569824	CERTIFIED_DECREASE	Sufficient marginal-envelope certificate; non-certificate does not establish reversal
2026_all5mer	5mers_A_RNA_sparse_seq_01	variable	observed	0.5	0.6	-0.010749655655081895	-0.008373753264738215	CERTIFIED_DECREASE	Sufficient marginal-envelope certificate; non-certificate does not establish reversal
2026_all5mer	5mers_A_RNA_sparse_seq_01	variable	equal_class	0.5	0.6	-0.012044280369438033	-0.009349928394903437	CERTIFIED_DECREASE	Sufficient marginal-envelope certificate; non-certificate does not establish reversal
2026_all5mer	5mers_A_RNA_sparse_seq_02	fixed	observed	0.5	0.6	-0.013242299040573807	-0.010821876533746347	CERTIFIED_DECREASE	Sufficient marginal-envelope certificate; non-certificate does not establish reversal
2026_all5mer	5mers_A_RNA_sparse_seq_02	fixed	equal_class	0.5	0.6	-0.0140426023827835	-0.01148586312712091	CERTIFIED_DECREASE	Sufficient marginal-envelope certificate; non-certificate does not establish reversal
2026_all5mer	5mers_A_RNA_sparse_seq_02	variable	observed	0.5	0.6	-0.013242299040573807	-0.01031173069450704	CERTIFIED_DECREASE	Sufficient marginal-envelope certificate; non-certificate does not establish reversal
2026_all5mer	5mers_A_RNA_sparse_seq_02	variable	equal_class	0.5	0.6	-0.0140426023827835	-0.010957764148752686	CERTIFIED_DECREASE	Sufficient marginal-envelope certificate; non-certificate does not establish reversal
2026_all5mer	5mers_A_RNA_sparse_seq_03	fixed	observed	0.5	0.6	-0.011541124333312218	-0.0094846668142151	CERTIFIED_DECREASE	Sufficient marginal-envelope certificate; non-certificate does not establish reversal
2026_all5mer	5mers_A_RNA_sparse_seq_03	fixed	equal_class	0.5	0.6	-0.012860646067863399	-0.010381809790227306	CERTIFIED_DECREASE	Sufficient marginal-envelope certificate; non-certificate does not establish reversal
2026_all5mer	5mers_A_RNA_sparse_seq_03	variable	observed	0.5	0.6	-0.011541124333312218	-0.009017064123916424	CERTIFIED_DECREASE	Sufficient marginal-envelope certificate; non-certificate does not establish reversal
2026_all5mer	5mers_A_RNA_sparse_seq_03	variable	equal_class	0.5	0.6	-0.012860646067863399	-0.009878658256266715	CERTIFIED_DECREASE	Sufficient marginal-envelope certificate; non-certificate does not establish reversal
2026_all5mer	5mers_A_RNA_sparse_seq_04	fixed	observed	0.5	0.6	-0.011997009675931286	-0.009616890274423223	CERTIFIED_DECREASE	Sufficient marginal-envelope certificate; non-certificate does not establish reversal
2026_all5mer	5mers_A_RNA_sparse_seq_04	fixed	equal_class	0.5	0.6	-0.01258423350862875	-0.00978155255147864	CERTIFIED_DECREASE	Sufficient marginal-envelope certificate; non-certificate does not establish reversal
2026_all5mer	5mers_A_RNA_sparse_seq_04	variable	observed	0.5	0.6	-0.011997009675931286	-0.009133023843211449	CERTIFIED_DECREASE	Sufficient marginal-envelope certificate; non-certificate does not establish reversal
2026_all5mer	5mers_A_RNA_sparse_seq_04	variable	equal_class	0.5	0.6	-0.01258423350862875	-0.009277320052078791	CERTIFIED_DECREASE	Sufficient marginal-envelope certificate; non-certificate does not establish reversal
2026_all5mer	5mers_A_RNA_sparse_seq_05	fixed	observed	0.5	0.6	-0.011968684004358368	-0.009940921937979776	CERTIFIED_DECREASE	Sufficient marginal-envelope certificate; non-certificate does not establish reversal
2026_all5mer	5mers_A_RNA_sparse_seq_05	fixed	equal_class	0.5	0.6	-0.013431462566082297	-0.010969500895242429	CERTIFIED_DECREASE	Sufficient marginal-envelope certificate; non-certificate does not establish reversal
2026_all5mer	5mers_A_RNA_sparse_seq_05	variable	observed	0.5	0.6	-0.011968684004358368	-0.0095001909253552	CERTIFIED_DECREASE	Sufficient marginal-envelope certificate; non-certificate does not establish reversal
2026_all5mer	5mers_A_RNA_sparse_seq_05	variable	equal_class	0.5	0.6	-0.013431462566082297	-0.010474118907049926	CERTIFIED_DECREASE	Sufficient marginal-envelope certificate; non-certificate does not establish reversal
2026_all5mer	5mers_A_RNA_sparse_seq_06	fixed	observed	0.5	0.6	-0.011435427914009769	-0.009324740610506907	CERTIFIED_DECREASE	Sufficient marginal-envelope certificate; non-certificate does not establish reversal
2026_all5mer	5mers_A_RNA_sparse_seq_06	fixed	equal_class	0.5	0.6	-0.012416122082823486	-0.010107613526844902	CERTIFIED_DECREASE	Sufficient marginal-envelope certificate; non-certificate does not establish reversal
2026_all5mer	5mers_A_RNA_sparse_seq_06	variable	observed	0.5	0.6	-0.011435427914009769	-0.008879520529816984	CERTIFIED_DECREASE	Sufficient marginal-envelope certificate; non-certificate does not establish reversal
2026_all5mer	5mers_A_RNA_sparse_seq_06	variable	equal_class	0.5	0.6	-0.012416122082823486	-0.009627932166910574	CERTIFIED_DECREASE	Sufficient marginal-envelope certificate; non-certificate does not establish reversal
2026_all5mer	5mers_A_RNA_sparse_seq_07	fixed	observed	0.5	0.6	-0.012824797085713907	-0.010441080971015107	CERTIFIED_DECREASE	Sufficient marginal-envelope certificate; non-certificate does not establish reversal
2026_all5mer	5mers_A_RNA_sparse_seq_07	fixed	equal_class	0.5	0.6	-0.01417722376757391	-0.011491642956225068	CERTIFIED_DECREASE	Sufficient marginal-envelope certificate; non-certificate does not establish reversal
2026_all5mer	5mers_A_RNA_sparse_seq_07	variable	observed	0.5	0.6	-0.012824797085713907	-0.009940129150260588	CERTIFIED_DECREASE	Sufficient marginal-envelope certificate; non-certificate does not establish reversal
2026_all5mer	5mers_A_RNA_sparse_seq_07	variable	equal_class	0.5	0.6	-0.01417722376757391	-0.01095335702586972	CERTIFIED_DECREASE	Sufficient marginal-envelope certificate; non-certificate does not establish reversal
2026_all5mer	5mers_A_RNA_sparse_seq_08	fixed	observed	0.5	0.6	-0.01108786439807851	-0.009151886270730256	CERTIFIED_DECREASE	Sufficient marginal-envelope certificate; non-certificate does not establish reversal
2026_all5mer	5mers_A_RNA_sparse_seq_08	fixed	equal_class	0.5	0.6	-0.013375776968186315	-0.010950367618671492	CERTIFIED_DECREASE	Sufficient marginal-envelope certificate; non-certificate does not establish reversal
2026_all5mer	5mers_A_RNA_sparse_seq_08	variable	observed	0.5	0.6	-0.01108786439807851	-0.008777400039285614	CERTIFIED_DECREASE	Sufficient marginal-envelope certificate; non-certificate does not establish reversal
2026_all5mer	5mers_A_RNA_sparse_seq_08	variable	equal_class	0.5	0.6	-0.013375776968186315	-0.01046894515790231	CERTIFIED_DECREASE	Sufficient marginal-envelope certificate; non-certificate does not establish reversal
2026_all5mer	5mers_A_RNA_sparse_seq_09	fixed	observed	0.5	0.6	-0.01222444891969858	-0.009982035018631596	CERTIFIED_DECREASE	Sufficient marginal-envelope certificate; non-certificate does not establish reversal
2026_all5mer	5mers_A_RNA_sparse_seq_09	fixed	equal_class	0.5	0.6	-0.013207812587400364	-0.010870013744136958	CERTIFIED_DECREASE	Sufficient marginal-envelope certificate; non-certificate does not establish reversal
2026_all5mer	5mers_A_RNA_sparse_seq_09	variable	observed	0.5	0.6	-0.01222444891969858	-0.009593331388919685	CERTIFIED_DECREASE	Sufficient marginal-envelope certificate; non-certificate does not establish reversal
2026_all5mer	5mers_A_RNA_sparse_seq_09	variable	equal_class	0.5	0.6	-0.013207812587400364	-0.010470966081233657	CERTIFIED_DECREASE	Sufficient marginal-envelope certificate; non-certificate does not establish reversal
2026_all5mer	5mers_A_RNA_sparse_seq_10	fixed	observed	0.5	0.6	-0.011191146540932409	-0.009436262901392732	CERTIFIED_DECREASE	Sufficient marginal-envelope certificate; non-certificate does not establish reversal
2026_all5mer	5mers_A_RNA_sparse_seq_10	fixed	equal_class	0.5	0.6	-0.013418703126367046	-0.0110743124848275	CERTIFIED_DECREASE	Sufficient marginal-envelope certificate; non-certificate does not establish reversal
2026_all5mer	5mers_A_RNA_sparse_seq_10	variable	observed	0.5	0.6	-0.011191146540932409	-0.008990877898361699	CERTIFIED_DECREASE	Sufficient marginal-envelope certificate; non-certificate does not establish reversal
2026_all5mer	5mers_A_RNA_sparse_seq_10	variable	equal_class	0.5	0.6	-0.013418703126367046	-0.010541266902392918	CERTIFIED_DECREASE	Sufficient marginal-envelope certificate; non-certificate does not establish reversal
2026_all5mer	5mers_A_RNA_sparse_seq_11	fixed	observed	0.5	0.6	-0.010744002034034444	-0.008819066877040808	CERTIFIED_DECREASE	Sufficient marginal-envelope certificate; non-certificate does not establish reversal
2026_all5mer	5mers_A_RNA_sparse_seq_11	fixed	equal_class	0.5	0.6	-0.01207931079588892	-0.009843236252142978	CERTIFIED_DECREASE	Sufficient marginal-envelope certificate; non-certificate does not establish reversal
2026_all5mer	5mers_A_RNA_sparse_seq_11	variable	observed	0.5	0.6	-0.010744002034034444	-0.008472917696071655	CERTIFIED_DECREASE	Sufficient marginal-envelope certificate; non-certificate does not establish reversal
2026_all5mer	5mers_A_RNA_sparse_seq_11	variable	equal_class	0.5	0.6	-0.01207931079588892	-0.009454031457290457	CERTIFIED_DECREASE	Sufficient marginal-envelope certificate; non-certificate does not establish reversal
2026_all5mer	5mers_A_RNA_sparse_seq_12	fixed	observed	0.5	0.6	-0.01277045537137099	-0.010541375872543918	CERTIFIED_DECREASE	Sufficient marginal-envelope certificate; non-certificate does not establish reversal
2026_all5mer	5mers_A_RNA_sparse_seq_12	fixed	equal_class	0.5	0.6	-0.01376093909943829	-0.011055094453791728	CERTIFIED_DECREASE	Sufficient marginal-envelope certificate; non-certificate does not establish reversal
2026_all5mer	5mers_A_RNA_sparse_seq_12	variable	observed	0.5	0.6	-0.01277045537137099	-0.010060442208613143	CERTIFIED_DECREASE	Sufficient marginal-envelope certificate; non-certificate does not establish reversal
2026_all5mer	5mers_A_RNA_sparse_seq_12	variable	equal_class	0.5	0.6	-0.01376093909943829	-0.01051788557939691	CERTIFIED_DECREASE	Sufficient marginal-envelope certificate; non-certificate does not establish reversal
2026_all5mer	5mers_A_RNA_sparse_seq_13	fixed	observed	0.5	0.6	-0.010693229967472816	-0.00887636070863261	CERTIFIED_DECREASE	Sufficient marginal-envelope certificate; non-certificate does not establish reversal
2026_all5mer	5mers_A_RNA_sparse_seq_13	fixed	equal_class	0.5	0.6	-0.01272002118990978	-0.010346137564147956	CERTIFIED_DECREASE	Sufficient marginal-envelope certificate; non-certificate does not establish reversal
2026_all5mer	5mers_A_RNA_sparse_seq_13	variable	observed	0.5	0.6	-0.010693229967472816	-0.008509278495249038	CERTIFIED_DECREASE	Sufficient marginal-envelope certificate; non-certificate does not establish reversal
2026_all5mer	5mers_A_RNA_sparse_seq_13	variable	equal_class	0.5	0.6	-0.01272002118990978	-0.009945091688896762	CERTIFIED_DECREASE	Sufficient marginal-envelope certificate; non-certificate does not establish reversal
2026_all5mer	5mers_A_RNA_sparse_seq_14	fixed	observed	0.5	0.6	-0.011343140366919545	-0.009412090854994982	CERTIFIED_DECREASE	Sufficient marginal-envelope certificate; non-certificate does not establish reversal
2026_all5mer	5mers_A_RNA_sparse_seq_14	fixed	equal_class	0.5	0.6	-0.012550350494750881	-0.010305412867191291	CERTIFIED_DECREASE	Sufficient marginal-envelope certificate; non-certificate does not establish reversal
2026_all5mer	5mers_A_RNA_sparse_seq_14	variable	observed	0.5	0.6	-0.011343140366919545	-0.008994389484235782	CERTIFIED_DECREASE	Sufficient marginal-envelope certificate; non-certificate does not establish reversal
2026_all5mer	5mers_A_RNA_sparse_seq_14	variable	equal_class	0.5	0.6	-0.012550350494750881	-0.009876288768897887	CERTIFIED_DECREASE	Sufficient marginal-envelope certificate; non-certificate does not establish reversal
2026_all5mer	5mers_A_RNA_sparse_seq_15	fixed	observed	0.5	0.6	-0.014180854519274519	-0.011300276346082508	CERTIFIED_DECREASE	Sufficient marginal-envelope certificate; non-certificate does not establish reversal
2026_all5mer	5mers_A_RNA_sparse_seq_15	fixed	equal_class	0.5	0.6	-0.015196106520946537	-0.012090670633463446	CERTIFIED_DECREASE	Sufficient marginal-envelope certificate; non-certificate does not establish reversal
2026_all5mer	5mers_A_RNA_sparse_seq_15	variable	observed	0.5	0.6	-0.014180854519274519	-0.010761954249988229	CERTIFIED_DECREASE	Sufficient marginal-envelope certificate; non-certificate does not establish reversal
2026_all5mer	5mers_A_RNA_sparse_seq_15	variable	equal_class	0.5	0.6	-0.015196106520946537	-0.011516359180783725	CERTIFIED_DECREASE	Sufficient marginal-envelope certificate; non-certificate does not establish reversal
2026_all5mer	5mers_A_RNA_sparse_seq_16	fixed	observed	0.5	0.6	-0.01330786606994723	-0.01088765984033059	CERTIFIED_DECREASE	Sufficient marginal-envelope certificate; non-certificate does not establish reversal
2026_all5mer	5mers_A_RNA_sparse_seq_16	fixed	equal_class	0.5	0.6	-0.014254281908817862	-0.01163842067494196	CERTIFIED_DECREASE	Sufficient marginal-envelope certificate; non-certificate does not establish reversal
2026_all5mer	5mers_A_RNA_sparse_seq_16	variable	observed	0.5	0.6	-0.01330786606994723	-0.010326358761906893	CERTIFIED_DECREASE	Sufficient marginal-envelope certificate; non-certificate does not establish reversal
2026_all5mer	5mers_A_RNA_sparse_seq_16	variable	equal_class	0.5	0.6	-0.014254281908817862	-0.011007745139233402	CERTIFIED_DECREASE	Sufficient marginal-envelope certificate; non-certificate does not establish reversal
2026_all5mer	5mers_A_RNA_sparse_seq_17	fixed	observed	0.5	0.6	-0.00978494994483503	-0.008101367421829937	CERTIFIED_DECREASE	Sufficient marginal-envelope certificate; non-certificate does not establish reversal
2026_all5mer	5mers_A_RNA_sparse_seq_17	fixed	equal_class	0.5	0.6	-0.011063410547174406	-0.00911498385590695	CERTIFIED_DECREASE	Sufficient marginal-envelope certificate; non-certificate does not establish reversal
2026_all5mer	5mers_A_RNA_sparse_seq_17	variable	observed	0.5	0.6	-0.00978494994483503	-0.007690718928757251	CERTIFIED_DECREASE	Sufficient marginal-envelope certificate; non-certificate does not establish reversal
2026_all5mer	5mers_A_RNA_sparse_seq_17	variable	equal_class	0.5	0.6	-0.011063410547174406	-0.008650643827078822	CERTIFIED_DECREASE	Sufficient marginal-envelope certificate; non-certificate does not establish reversal
2026_all5mer	5mers_A_RNA_sparse_seq_18	fixed	observed	0.5	0.6	-0.011125814816756605	-0.009280117511408469	CERTIFIED_DECREASE	Sufficient marginal-envelope certificate; non-certificate does not establish reversal
2026_all5mer	5mers_A_RNA_sparse_seq_18	fixed	equal_class	0.5	0.6	-0.01274559200085458	-0.010361997086501984	CERTIFIED_DECREASE	Sufficient marginal-envelope certificate; non-certificate does not establish reversal
2026_all5mer	5mers_A_RNA_sparse_seq_18	variable	observed	0.5	0.6	-0.011125814816756605	-0.008839515045921696	CERTIFIED_DECREASE	Sufficient marginal-envelope certificate; non-certificate does not establish reversal
2026_all5mer	5mers_A_RNA_sparse_seq_18	variable	equal_class	0.5	0.6	-0.01274559200085458	-0.009866698516937139	CERTIFIED_DECREASE	Sufficient marginal-envelope certificate; non-certificate does not establish reversal
2026_all5mer	5mers_A_RNA_sparse_seq_19	fixed	observed	0.5	0.6	-0.011225154541302844	-0.009349092075951415	CERTIFIED_DECREASE	Sufficient marginal-envelope certificate; non-certificate does not establish reversal
2026_all5mer	5mers_A_RNA_sparse_seq_19	fixed	equal_class	0.5	0.6	-0.013394780288315214	-0.01107906791740354	CERTIFIED_DECREASE	Sufficient marginal-envelope certificate; non-certificate does not establish reversal
2026_all5mer	5mers_A_RNA_sparse_seq_19	variable	observed	0.5	0.6	-0.011225154541302844	-0.00891735833468861	CERTIFIED_DECREASE	Sufficient marginal-envelope certificate; non-certificate does not establish reversal
2026_all5mer	5mers_A_RNA_sparse_seq_19	variable	equal_class	0.5	0.6	-0.013394780288315214	-0.010621857152493655	CERTIFIED_DECREASE	Sufficient marginal-envelope certificate; non-certificate does not establish reversal
2026_all5mer	5mers_A_RNA_sparse_seq_20	fixed	observed	0.5	0.6	-0.012882826599666608	-0.010264237552532085	CERTIFIED_DECREASE	Sufficient marginal-envelope certificate; non-certificate does not establish reversal
2026_all5mer	5mers_A_RNA_sparse_seq_20	fixed	equal_class	0.5	0.6	-0.013057226229638785	-0.010038591513266124	CERTIFIED_DECREASE	Sufficient marginal-envelope certificate; non-certificate does not establish reversal
2026_all5mer	5mers_A_RNA_sparse_seq_20	variable	observed	0.5	0.6	-0.012882826599666608	-0.009809641880580075	CERTIFIED_DECREASE	Sufficient marginal-envelope certificate; non-certificate does not establish reversal
2026_all5mer	5mers_A_RNA_sparse_seq_20	variable	equal_class	0.5	0.6	-0.013057226229638785	-0.009584591698258885	CERTIFIED_DECREASE	Sufficient marginal-envelope certificate; non-certificate does not establish reversal
2026_all5mer	5mers_A_RNA_sparse_seq_21	fixed	observed	0.5	0.6	-0.010587416197352637	-0.00868709533157952	CERTIFIED_DECREASE	Sufficient marginal-envelope certificate; non-certificate does not establish reversal
2026_all5mer	5mers_A_RNA_sparse_seq_21	fixed	equal_class	0.5	0.6	-0.012000460779153774	-0.009669671929865675	CERTIFIED_DECREASE	Sufficient marginal-envelope certificate; non-certificate does not establish reversal
2026_all5mer	5mers_A_RNA_sparse_seq_21	variable	observed	0.5	0.6	-0.010587416197352637	-0.008325813200063405	CERTIFIED_DECREASE	Sufficient marginal-envelope certificate; non-certificate does not establish reversal
2026_all5mer	5mers_A_RNA_sparse_seq_21	variable	equal_class	0.5	0.6	-0.012000460779153774	-0.009269057568549927	CERTIFIED_DECREASE	Sufficient marginal-envelope certificate; non-certificate does not establish reversal
2026_all5mer	5mers_A_RNA_sparse_seq_22	fixed	observed	0.5	0.6	-0.015107083732463417	-0.011991836035257497	CERTIFIED_DECREASE	Sufficient marginal-envelope certificate; non-certificate does not establish reversal
2026_all5mer	5mers_A_RNA_sparse_seq_22	fixed	equal_class	0.5	0.6	-0.015604334034673595	-0.012341603742946933	CERTIFIED_DECREASE	Sufficient marginal-envelope certificate; non-certificate does not establish reversal
2026_all5mer	5mers_A_RNA_sparse_seq_22	variable	observed	0.5	0.6	-0.015107083732463417	-0.011426366459385495	CERTIFIED_DECREASE	Sufficient marginal-envelope certificate; non-certificate does not establish reversal
2026_all5mer	5mers_A_RNA_sparse_seq_22	variable	equal_class	0.5	0.6	-0.015604334034673595	-0.011772305142249903	CERTIFIED_DECREASE	Sufficient marginal-envelope certificate; non-certificate does not establish reversal
2026_all5mer	5mers_A_RNA_sparse_seq_23	fixed	observed	0.5	0.6	-0.014448118484289021	-0.011853280435097494	CERTIFIED_DECREASE	Sufficient marginal-envelope certificate; non-certificate does not establish reversal
2026_all5mer	5mers_A_RNA_sparse_seq_23	fixed	equal_class	0.5	0.6	-0.015151209449870945	-0.012189041084475688	CERTIFIED_DECREASE	Sufficient marginal-envelope certificate; non-certificate does not establish reversal
2026_all5mer	5mers_A_RNA_sparse_seq_23	variable	observed	0.5	0.6	-0.014448118484289021	-0.011358510014057119	CERTIFIED_DECREASE	Sufficient marginal-envelope certificate; non-certificate does not establish reversal
2026_all5mer	5mers_A_RNA_sparse_seq_23	variable	equal_class	0.5	0.6	-0.015151209449870945	-0.011700539770575752	CERTIFIED_DECREASE	Sufficient marginal-envelope certificate; non-certificate does not establish reversal
2026_all5mer	5mers_A_RNA_sparse_seq_24	fixed	observed	0.5	0.6	-0.013265026275365119	-0.011007398527607626	CERTIFIED_DECREASE	Sufficient marginal-envelope certificate; non-certificate does not establish reversal
2026_all5mer	5mers_A_RNA_sparse_seq_24	fixed	equal_class	0.5	0.6	-0.01407373010362413	-0.011350626909158973	CERTIFIED_DECREASE	Sufficient marginal-envelope certificate; non-certificate does not establish reversal
2026_all5mer	5mers_A_RNA_sparse_seq_24	variable	observed	0.5	0.6	-0.013265026275365119	-0.01051837710805742	CERTIFIED_DECREASE	Sufficient marginal-envelope certificate; non-certificate does not establish reversal
2026_all5mer	5mers_A_RNA_sparse_seq_24	variable	equal_class	0.5	0.6	-0.01407373010362413	-0.010838637503077925	CERTIFIED_DECREASE	Sufficient marginal-envelope certificate; non-certificate does not establish reversal
2026_all5mer	5mers_A_RNA_sparse_seq_25	fixed	observed	0.5	0.6	-0.01201216790813571	-0.009583217473450992	CERTIFIED_DECREASE	Sufficient marginal-envelope certificate; non-certificate does not establish reversal
2026_all5mer	5mers_A_RNA_sparse_seq_25	fixed	equal_class	0.5	0.6	-0.0139158727154092	-0.011189975234520158	CERTIFIED_DECREASE	Sufficient marginal-envelope certificate; non-certificate does not establish reversal
2026_all5mer	5mers_A_RNA_sparse_seq_25	variable	observed	0.5	0.6	-0.01201216790813571	-0.009158371860988238	CERTIFIED_DECREASE	Sufficient marginal-envelope certificate; non-certificate does not establish reversal
2026_all5mer	5mers_A_RNA_sparse_seq_25	variable	equal_class	0.5	0.6	-0.0139158727154092	-0.010707700977532736	CERTIFIED_DECREASE	Sufficient marginal-envelope certificate; non-certificate does not establish reversal
2026_all5mer	5mers_A_RNA_sparse_seq_26	fixed	observed	0.5	0.6	-0.013207789184076654	-0.01096698516497488	CERTIFIED_DECREASE	Sufficient marginal-envelope certificate; non-certificate does not establish reversal
2026_all5mer	5mers_A_RNA_sparse_seq_26	fixed	equal_class	0.5	0.6	-0.014299469503313483	-0.011788493944050446	CERTIFIED_DECREASE	Sufficient marginal-envelope certificate; non-certificate does not establish reversal
2026_all5mer	5mers_A_RNA_sparse_seq_26	variable	observed	0.5	0.6	-0.013207789184076654	-0.010483756401255998	CERTIFIED_DECREASE	Sufficient marginal-envelope certificate; non-certificate does not establish reversal
2026_all5mer	5mers_A_RNA_sparse_seq_26	variable	equal_class	0.5	0.6	-0.014299469503313483	-0.01127771678779839	CERTIFIED_DECREASE	Sufficient marginal-envelope certificate; non-certificate does not establish reversal
2026_all5mer	5mers_A_RNA_sparse_seq_27	fixed	observed	0.5	0.6	-0.01069999683435787	-0.008806582043757977	CERTIFIED_DECREASE	Sufficient marginal-envelope certificate; non-certificate does not establish reversal
2026_all5mer	5mers_A_RNA_sparse_seq_27	fixed	equal_class	0.5	0.6	-0.012508825536785714	-0.01018612240654157	CERTIFIED_DECREASE	Sufficient marginal-envelope certificate; non-certificate does not establish reversal
2026_all5mer	5mers_A_RNA_sparse_seq_27	variable	observed	0.5	0.6	-0.01069999683435787	-0.008380451900756654	CERTIFIED_DECREASE	Sufficient marginal-envelope certificate; non-certificate does not establish reversal
2026_all5mer	5mers_A_RNA_sparse_seq_27	variable	equal_class	0.5	0.6	-0.012508825536785714	-0.009681227285993119	CERTIFIED_DECREASE	Sufficient marginal-envelope certificate; non-certificate does not establish reversal
2026_all5mer	5mers_A_RNA_sparse_seq_28	fixed	observed	0.5	0.6	-0.0093501249400285	-0.0074188902178940475	CERTIFIED_DECREASE	Sufficient marginal-envelope certificate; non-certificate does not establish reversal
2026_all5mer	5mers_A_RNA_sparse_seq_28	fixed	equal_class	0.5	0.6	-0.011119145012904785	-0.009001178682347316	CERTIFIED_DECREASE	Sufficient marginal-envelope certificate; non-certificate does not establish reversal
2026_all5mer	5mers_A_RNA_sparse_seq_28	variable	observed	0.5	0.6	-0.0093501249400285	-0.007083770079257604	CERTIFIED_DECREASE	Sufficient marginal-envelope certificate; non-certificate does not establish reversal
2026_all5mer	5mers_A_RNA_sparse_seq_28	variable	equal_class	0.5	0.6	-0.011119145012904785	-0.008596468708976547	CERTIFIED_DECREASE	Sufficient marginal-envelope certificate; non-certificate does not establish reversal
2026_all5mer	5mers_A_RNA_sparse_seq_29	fixed	observed	0.5	0.6	-0.009542937405011116	-0.007916855506133316	CERTIFIED_DECREASE	Sufficient marginal-envelope certificate; non-certificate does not establish reversal
2026_all5mer	5mers_A_RNA_sparse_seq_29	fixed	equal_class	0.5	0.6	-0.011691558130223732	-0.009415432326973477	CERTIFIED_DECREASE	Sufficient marginal-envelope certificate; non-certificate does not establish reversal
2026_all5mer	5mers_A_RNA_sparse_seq_29	variable	observed	0.5	0.6	-0.009542937405011116	-0.007574011365268418	CERTIFIED_DECREASE	Sufficient marginal-envelope certificate; non-certificate does not establish reversal
2026_all5mer	5mers_A_RNA_sparse_seq_29	variable	equal_class	0.5	0.6	-0.011691558130223732	-0.008953318132239596	CERTIFIED_DECREASE	Sufficient marginal-envelope certificate; non-certificate does not establish reversal
2026_all5mer	5mers_A_RNA_sparse_seq_30	fixed	observed	0.5	0.6	-0.013523788729311231	-0.01099364808953708	CERTIFIED_DECREASE	Sufficient marginal-envelope certificate; non-certificate does not establish reversal
2026_all5mer	5mers_A_RNA_sparse_seq_30	fixed	equal_class	0.5	0.6	-0.013751805716563106	-0.01122847642789361	CERTIFIED_DECREASE	Sufficient marginal-envelope certificate; non-certificate does not establish reversal
2026_all5mer	5mers_A_RNA_sparse_seq_30	variable	observed	0.5	0.6	-0.013523788729311231	-0.010446788193177584	CERTIFIED_DECREASE	Sufficient marginal-envelope certificate; non-certificate does not establish reversal
2026_all5mer	5mers_A_RNA_sparse_seq_30	variable	equal_class	0.5	0.6	-0.013751805716563106	-0.010662818441379854	CERTIFIED_DECREASE	Sufficient marginal-envelope certificate; non-certificate does not establish reversal
2026_all5mer	5mers_A_RNA_sparse_seq_31	fixed	observed	0.5	0.6	-0.009883598285221715	-0.008181025851019756	CERTIFIED_DECREASE	Sufficient marginal-envelope certificate; non-certificate does not establish reversal
2026_all5mer	5mers_A_RNA_sparse_seq_31	fixed	equal_class	0.5	0.6	-0.012455905823233457	-0.010195190982562649	CERTIFIED_DECREASE	Sufficient marginal-envelope certificate; non-certificate does not establish reversal
2026_all5mer	5mers_A_RNA_sparse_seq_31	variable	observed	0.5	0.6	-0.009883598285221715	-0.007832115645077908	CERTIFIED_DECREASE	Sufficient marginal-envelope certificate; non-certificate does not establish reversal
2026_all5mer	5mers_A_RNA_sparse_seq_31	variable	equal_class	0.5	0.6	-0.012455905823233457	-0.009742344836359718	CERTIFIED_DECREASE	Sufficient marginal-envelope certificate; non-certificate does not establish reversal
2026_all5mer	5mers_A_RNA_sparse_seq_32	fixed	observed	0.5	0.6	-0.014098110573408443	-0.011443288054869369	CERTIFIED_DECREASE	Sufficient marginal-envelope certificate; non-certificate does not establish reversal
2026_all5mer	5mers_A_RNA_sparse_seq_32	fixed	equal_class	0.5	0.6	-0.014721390307901566	-0.01179609647541538	CERTIFIED_DECREASE	Sufficient marginal-envelope certificate; non-certificate does not establish reversal
2026_all5mer	5mers_A_RNA_sparse_seq_32	variable	observed	0.5	0.6	-0.014098110573408443	-0.010890619943281027	CERTIFIED_DECREASE	Sufficient marginal-envelope certificate; non-certificate does not establish reversal
2026_all5mer	5mers_A_RNA_sparse_seq_32	variable	equal_class	0.5	0.6	-0.014721390307901566	-0.01127418122999993	CERTIFIED_DECREASE	Sufficient marginal-envelope certificate; non-certificate does not establish reversal
2026_all5mer	ALL	fixed	observed	0.5	0.6	-0.012119728769056176	-0.009941428833722413	CERTIFIED_DECREASE	Sufficient marginal-envelope certificate; non-certificate does not establish reversal
2026_all5mer	ALL	fixed	equal_class	0.5	0.6	-0.013405528510510079	-0.010880043179169546	CERTIFIED_DECREASE	Sufficient marginal-envelope certificate; non-certificate does not establish reversal
2026_all5mer	ALL	variable	observed	0.5	0.6	-0.012119728769056176	-0.009489179312367535	CERTIFIED_DECREASE	Sufficient marginal-envelope certificate; non-certificate does not establish reversal
2026_all5mer	ALL	variable	equal_class	0.5	0.6	-0.013405528510510079	-0.01038660703654909	CERTIFIED_DECREASE	Sufficient marginal-envelope certificate; non-certificate does not establish reversal
2026_all5mer	FIXED_ALL_CONSTRUCTS	fixed	equal_construct_class	0.5	0.6	-0.013239830925516866	-0.010722524125401714	CERTIFIED_DECREASE	Fixed original K; sufficient certificate only
2026_all5mer	FIXED_ALL_CONSTRUCTS	variable	equal_construct_class	0.5	0.6	-0.013239830925516866	-0.010234930202730058	CERTIFIED_DECREASE	Fixed original K; sufficient certificate only
2026_all5mer	5mers_A_RNA_sparse_seq_01	fixed	observed	0.5	0.7	-0.020719224240435825	-0.018883245470617344	CERTIFIED_DECREASE	Sufficient marginal-envelope certificate; non-certificate does not establish reversal
2026_all5mer	5mers_A_RNA_sparse_seq_01	fixed	equal_class	0.5	0.7	-0.02312247768848849	-0.021033374086037407	CERTIFIED_DECREASE	Sufficient marginal-envelope certificate; non-certificate does not establish reversal
2026_all5mer	5mers_A_RNA_sparse_seq_01	variable	observed	0.5	0.7	-0.021145619576664436	-0.01888423998467663	CERTIFIED_DECREASE	Sufficient marginal-envelope certificate; non-certificate does not establish reversal
2026_all5mer	5mers_A_RNA_sparse_seq_01	variable	equal_class	0.5	0.7	-0.023559966456706695	-0.02103464781128818	CERTIFIED_DECREASE	Sufficient marginal-envelope certificate; non-certificate does not establish reversal
2026_all5mer	5mers_A_RNA_sparse_seq_02	fixed	observed	0.5	0.7	-0.026355204984525128	-0.02414042456606834	CERTIFIED_DECREASE	Sufficient marginal-envelope certificate; non-certificate does not establish reversal
2026_all5mer	5mers_A_RNA_sparse_seq_02	fixed	equal_class	0.5	0.7	-0.02751564302116901	-0.025167895734099846	CERTIFIED_DECREASE	Sufficient marginal-envelope certificate; non-certificate does not establish reversal
2026_all5mer	5mers_A_RNA_sparse_seq_02	variable	observed	0.5	0.7	-0.026870093675159926	-0.024141563049541744	CERTIFIED_DECREASE	Sufficient marginal-envelope certificate; non-certificate does not establish reversal
2026_all5mer	5mers_A_RNA_sparse_seq_02	variable	equal_class	0.5	0.7	-0.028009759635500828	-0.025169215812435287	CERTIFIED_DECREASE	Sufficient marginal-envelope certificate; non-certificate does not establish reversal
2026_all5mer	5mers_A_RNA_sparse_seq_03	fixed	observed	0.5	0.7	-0.023011266616756176	-0.021134025519179624	CERTIFIED_DECREASE	Sufficient marginal-envelope certificate; non-certificate does not establish reversal
2026_all5mer	5mers_A_RNA_sparse_seq_03	fixed	equal_class	0.5	0.7	-0.025594756824670363	-0.023310248887612628	CERTIFIED_DECREASE	Sufficient marginal-envelope certificate; non-certificate does not establish reversal
2026_all5mer	5mers_A_RNA_sparse_seq_03	variable	observed	0.5	0.7	-0.023415627849869385	-0.02113505518815855	CERTIFIED_DECREASE	Sufficient marginal-envelope certificate; non-certificate does not establish reversal
2026_all5mer	5mers_A_RNA_sparse_seq_03	variable	equal_class	0.5	0.7	-0.02598750700458685	-0.0233117568118097	CERTIFIED_DECREASE	Sufficient marginal-envelope certificate; non-certificate does not establish reversal
2026_all5mer	5mers_A_RNA_sparse_seq_04	fixed	observed	0.5	0.7	-0.024003594623360804	-0.021813849398055474	CERTIFIED_DECREASE	Sufficient marginal-envelope certificate; non-certificate does not establish reversal
2026_all5mer	5mers_A_RNA_sparse_seq_04	fixed	equal_class	0.5	0.7	-0.02468459975017384	-0.022076142621099165	CERTIFIED_DECREASE	Sufficient marginal-envelope certificate; non-certificate does not establish reversal
2026_all5mer	5mers_A_RNA_sparse_seq_04	variable	observed	0.5	0.7	-0.024618816195084957	-0.021815026920262104	CERTIFIED_DECREASE	Sufficient marginal-envelope certificate; non-certificate does not establish reversal
2026_all5mer	5mers_A_RNA_sparse_seq_04	variable	equal_class	0.5	0.7	-0.02531652821299328	-0.022067535547838926	CERTIFIED_DECREASE	Sufficient marginal-envelope certificate; non-certificate does not establish reversal
2026_all5mer	5mers_A_RNA_sparse_seq_05	fixed	observed	0.5	0.7	-0.02389779547723607	-0.02205502095975343	CERTIFIED_DECREASE	Sufficient marginal-envelope certificate; non-certificate does not establish reversal
2026_all5mer	5mers_A_RNA_sparse_seq_05	fixed	equal_class	0.5	0.7	-0.026540212430173876	-0.024278609885632643	CERTIFIED_DECREASE	Sufficient marginal-envelope certificate; non-certificate does not establish reversal
2026_all5mer	5mers_A_RNA_sparse_seq_05	variable	observed	0.5	0.7	-0.02446149298599786	-0.022056229530608984	CERTIFIED_DECREASE	Sufficient marginal-envelope certificate; non-certificate does not establish reversal
2026_all5mer	5mers_A_RNA_sparse_seq_05	variable	equal_class	0.5	0.7	-0.027124283452483834	-0.024280248041614154	CERTIFIED_DECREASE	Sufficient marginal-envelope certificate; non-certificate does not establish reversal
2026_all5mer	5mers_A_RNA_sparse_seq_06	fixed	observed	0.5	0.7	-0.022830019854096398	-0.02089905859663107	CERTIFIED_DECREASE	Sufficient marginal-envelope certificate; non-certificate does not establish reversal
2026_all5mer	5mers_A_RNA_sparse_seq_06	fixed	equal_class	0.5	0.7	-0.024648322201086578	-0.02253028518790058	CERTIFIED_DECREASE	Sufficient marginal-envelope certificate; non-certificate does not establish reversal
2026_all5mer	5mers_A_RNA_sparse_seq_06	variable	observed	0.5	0.7	-0.023372424190811952	-0.020899943069655376	CERTIFIED_DECREASE	Sufficient marginal-envelope certificate; non-certificate does not establish reversal
2026_all5mer	5mers_A_RNA_sparse_seq_06	variable	equal_class	0.5	0.7	-0.025174303543667925	-0.022531460386192873	CERTIFIED_DECREASE	Sufficient marginal-envelope certificate; non-certificate does not establish reversal
2026_all5mer	5mers_A_RNA_sparse_seq_07	fixed	observed	0.5	0.7	-0.026337634538587007	-0.024161733279950345	CERTIFIED_DECREASE	Sufficient marginal-envelope certificate; non-certificate does not establish reversal
2026_all5mer	5mers_A_RNA_sparse_seq_07	fixed	equal_class	0.5	0.7	-0.028605815110680374	-0.02613745006240642	CERTIFIED_DECREASE	Sufficient marginal-envelope certificate; non-certificate does not establish reversal
2026_all5mer	5mers_A_RNA_sparse_seq_07	variable	observed	0.5	0.7	-0.026899139621085956	-0.024162908118783022	CERTIFIED_DECREASE	Sufficient marginal-envelope certificate; non-certificate does not establish reversal
2026_all5mer	5mers_A_RNA_sparse_seq_07	variable	equal_class	0.5	0.7	-0.029171614813524094	-0.026139118399412783	CERTIFIED_DECREASE	Sufficient marginal-envelope certificate; non-certificate does not establish reversal
2026_all5mer	5mers_A_RNA_sparse_seq_08	fixed	observed	0.5	0.7	-0.021440780739512826	-0.019666998136142227	CERTIFIED_DECREASE	Sufficient marginal-envelope certificate; non-certificate does not establish reversal
2026_all5mer	5mers_A_RNA_sparse_seq_08	fixed	equal_class	0.5	0.7	-0.025822938463374204	-0.023587603136179018	CERTIFIED_DECREASE	Sufficient marginal-envelope certificate; non-certificate does not establish reversal
2026_all5mer	5mers_A_RNA_sparse_seq_08	variable	observed	0.5	0.7	-0.02187406828703107	-0.019667768254626496	CERTIFIED_DECREASE	Sufficient marginal-envelope certificate; non-certificate does not establish reversal
2026_all5mer	5mers_A_RNA_sparse_seq_08	variable	equal_class	0.5	0.7	-0.026287357248495145	-0.023588756622548862	CERTIFIED_DECREASE	Sufficient marginal-envelope certificate; non-certificate does not establish reversal
2026_all5mer	5mers_A_RNA_sparse_seq_09	fixed	observed	0.5	0.7	-0.02434703114219243	-0.022295101767477857	CERTIFIED_DECREASE	Sufficient marginal-envelope certificate; non-certificate does not establish reversal
2026_all5mer	5mers_A_RNA_sparse_seq_09	fixed	equal_class	0.5	0.7	-0.025617818924110962	-0.023474633795514066	CERTIFIED_DECREASE	Sufficient marginal-envelope certificate; non-certificate does not establish reversal
2026_all5mer	5mers_A_RNA_sparse_seq_09	variable	observed	0.5	0.7	-0.024874303870090028	-0.02229606788103488	CERTIFIED_DECREASE	Sufficient marginal-envelope certificate; non-certificate does not establish reversal
2026_all5mer	5mers_A_RNA_sparse_seq_09	variable	equal_class	0.5	0.7	-0.02615284792697819	-0.023475850310502977	CERTIFIED_DECREASE	Sufficient marginal-envelope certificate; non-certificate does not establish reversal
2026_all5mer	5mers_A_RNA_sparse_seq_10	fixed	observed	0.5	0.7	-0.021755881563941266	-0.020165865650135596	CERTIFIED_DECREASE	Sufficient marginal-envelope certificate; non-certificate does not establish reversal
2026_all5mer	5mers_A_RNA_sparse_seq_10	fixed	equal_class	0.5	0.7	-0.026177995316875168	-0.024027608239466577	CERTIFIED_DECREASE	Sufficient marginal-envelope certificate; non-certificate does not establish reversal
2026_all5mer	5mers_A_RNA_sparse_seq_10	variable	observed	0.5	0.7	-0.022226818103502466	-0.02016686773230774	CERTIFIED_DECREASE	Sufficient marginal-envelope certificate; non-certificate does not establish reversal
2026_all5mer	5mers_A_RNA_sparse_seq_10	variable	equal_class	0.5	0.7	-0.02671286359655655	-0.02402925409012814	CERTIFIED_DECREASE	Sufficient marginal-envelope certificate; non-certificate does not establish reversal
2026_all5mer	5mers_A_RNA_sparse_seq_11	fixed	observed	0.5	0.7	-0.020845163785230755	-0.01907918524101001	CERTIFIED_DECREASE	Sufficient marginal-envelope certificate; non-certificate does not establish reversal
2026_all5mer	5mers_A_RNA_sparse_seq_11	fixed	equal_class	0.5	0.7	-0.02340442982717862	-0.021344430853819832	CERTIFIED_DECREASE	Sufficient marginal-envelope certificate; non-certificate does not establish reversal
2026_all5mer	5mers_A_RNA_sparse_seq_11	variable	observed	0.5	0.7	-0.021262515210037962	-0.019080106713080247	CERTIFIED_DECREASE	Sufficient marginal-envelope certificate; non-certificate does not establish reversal
2026_all5mer	5mers_A_RNA_sparse_seq_11	variable	equal_class	0.5	0.7	-0.023849558699221812	-0.02134567085844479	CERTIFIED_DECREASE	Sufficient marginal-envelope certificate; non-certificate does not establish reversal
2026_all5mer	5mers_A_RNA_sparse_seq_12	fixed	observed	0.5	0.7	-0.025221442083079165	-0.02318794829738465	CERTIFIED_DECREASE	Sufficient marginal-envelope certificate; non-certificate does not establish reversal
2026_all5mer	5mers_A_RNA_sparse_seq_12	fixed	equal_class	0.5	0.7	-0.02717987116553111	-0.024685293337278258	CERTIFIED_DECREASE	Sufficient marginal-envelope certificate; non-certificate does not establish reversal
2026_all5mer	5mers_A_RNA_sparse_seq_12	variable	observed	0.5	0.7	-0.025706539584648594	-0.02318903482002911	CERTIFIED_DECREASE	Sufficient marginal-envelope certificate; non-certificate does not establish reversal
2026_all5mer	5mers_A_RNA_sparse_seq_12	variable	equal_class	0.5	0.7	-0.027748918756050844	-0.024686782823039405	CERTIFIED_DECREASE	Sufficient marginal-envelope certificate; non-certificate does not establish reversal
2026_all5mer	5mers_A_RNA_sparse_seq_13	fixed	observed	0.5	0.7	-0.021263769879183693	-0.019611130799399072	CERTIFIED_DECREASE	Sufficient marginal-envelope certificate; non-certificate does not establish reversal
2026_all5mer	5mers_A_RNA_sparse_seq_13	fixed	equal_class	0.5	0.7	-0.025156316630175188	-0.0229732807005827	CERTIFIED_DECREASE	Sufficient marginal-envelope certificate; non-certificate does not establish reversal
2026_all5mer	5mers_A_RNA_sparse_seq_13	variable	observed	0.5	0.7	-0.02178991502975261	-0.01961194323718065	CERTIFIED_DECREASE	Sufficient marginal-envelope certificate; non-certificate does not establish reversal
2026_all5mer	5mers_A_RNA_sparse_seq_13	variable	equal_class	0.5	0.7	-0.025786543706729975	-0.02297459524963675	CERTIFIED_DECREASE	Sufficient marginal-envelope certificate; non-certificate does not establish reversal
2026_all5mer	5mers_A_RNA_sparse_seq_14	fixed	observed	0.5	0.7	-0.022389218829223033	-0.020628814473145032	CERTIFIED_DECREASE	Sufficient marginal-envelope certificate; non-certificate does not establish reversal
2026_all5mer	5mers_A_RNA_sparse_seq_14	fixed	equal_class	0.5	0.7	-0.02443079334269549	-0.022368557938283185	CERTIFIED_DECREASE	Sufficient marginal-envelope certificate; non-certificate does not establish reversal
2026_all5mer	5mers_A_RNA_sparse_seq_14	variable	observed	0.5	0.7	-0.02291550773804052	-0.020629871591053957	CERTIFIED_DECREASE	Sufficient marginal-envelope certificate; non-certificate does not establish reversal
2026_all5mer	5mers_A_RNA_sparse_seq_14	variable	equal_class	0.5	0.7	-0.024989420621081948	-0.022369853134967616	CERTIFIED_DECREASE	Sufficient marginal-envelope certificate; non-certificate does not establish reversal
2026_all5mer	5mers_A_RNA_sparse_seq_15	fixed	observed	0.5	0.7	-0.02865177862457015	-0.026002158543969853	CERTIFIED_DECREASE	Sufficient marginal-envelope certificate; non-certificate does not establish reversal
2026_all5mer	5mers_A_RNA_sparse_seq_15	fixed	equal_class	0.5	0.7	-0.03053645050711709	-0.027668910851434816	CERTIFIED_DECREASE	Sufficient marginal-envelope certificate; non-certificate does not establish reversal
2026_all5mer	5mers_A_RNA_sparse_seq_15	variable	observed	0.5	0.7	-0.0293288571152001	-0.02600359653524302	CERTIFIED_DECREASE	Sufficient marginal-envelope certificate; non-certificate does not establish reversal
2026_all5mer	5mers_A_RNA_sparse_seq_15	variable	equal_class	0.5	0.7	-0.03120292777445126	-0.02767068365518044	CERTIFIED_DECREASE	Sufficient marginal-envelope certificate; non-certificate does not establish reversal
2026_all5mer	5mers_A_RNA_sparse_seq_16	fixed	observed	0.5	0.7	-0.025997645894163174	-0.023778456747350366	CERTIFIED_DECREASE	Sufficient marginal-envelope certificate; non-certificate does not establish reversal
2026_all5mer	5mers_A_RNA_sparse_seq_16	fixed	equal_class	0.5	0.7	-0.027681927216088933	-0.025276097153294992	CERTIFIED_DECREASE	Sufficient marginal-envelope certificate; non-certificate does not establish reversal
2026_all5mer	5mers_A_RNA_sparse_seq_16	variable	observed	0.5	0.7	-0.026554734685067936	-0.023779571362197494	CERTIFIED_DECREASE	Sufficient marginal-envelope certificate; non-certificate does not establish reversal
2026_all5mer	5mers_A_RNA_sparse_seq_16	variable	equal_class	0.5	0.7	-0.028240286775905704	-0.025277456789630115	CERTIFIED_DECREASE	Sufficient marginal-envelope certificate; non-certificate does not establish reversal
2026_all5mer	5mers_A_RNA_sparse_seq_17	fixed	observed	0.5	0.7	-0.019412582210877195	-0.017880265761839938	CERTIFIED_DECREASE	Sufficient marginal-envelope certificate; non-certificate does not establish reversal
2026_all5mer	5mers_A_RNA_sparse_seq_17	fixed	equal_class	0.5	0.7	-0.021611310360845806	-0.019829661765890787	CERTIFIED_DECREASE	Sufficient marginal-envelope certificate; non-certificate does not establish reversal
2026_all5mer	5mers_A_RNA_sparse_seq_17	variable	observed	0.5	0.7	-0.019860954530042323	-0.017880953552563826	CERTIFIED_DECREASE	Sufficient marginal-envelope certificate; non-certificate does not establish reversal
2026_all5mer	5mers_A_RNA_sparse_seq_17	variable	equal_class	0.5	0.7	-0.02215989151632844	-0.019830572372382206	CERTIFIED_DECREASE	Sufficient marginal-envelope certificate; non-certificate does not establish reversal
2026_all5mer	5mers_A_RNA_sparse_seq_18	fixed	observed	0.5	0.7	-0.021698810611309488	-0.02001790624897217	CERTIFIED_DECREASE	Sufficient marginal-envelope certificate; non-certificate does not establish reversal
2026_all5mer	5mers_A_RNA_sparse_seq_18	fixed	equal_class	0.5	0.7	-0.02443895576906477	-0.022238205807690745	CERTIFIED_DECREASE	Sufficient marginal-envelope certificate; non-certificate does not establish reversal
2026_all5mer	5mers_A_RNA_sparse_seq_18	variable	observed	0.5	0.7	-0.022106610827793922	-0.02001877697251002	CERTIFIED_DECREASE	Sufficient marginal-envelope certificate; non-certificate does not establish reversal
2026_all5mer	5mers_A_RNA_sparse_seq_18	variable	equal_class	0.5	0.7	-0.02494118632076113	-0.022239408676179837	CERTIFIED_DECREASE	Sufficient marginal-envelope certificate; non-certificate does not establish reversal
2026_all5mer	5mers_A_RNA_sparse_seq_19	fixed	observed	0.5	0.7	-0.022702477642859556	-0.02100411919709757	CERTIFIED_DECREASE	Sufficient marginal-envelope certificate; non-certificate does not establish reversal
2026_all5mer	5mers_A_RNA_sparse_seq_19	fixed	equal_class	0.5	0.7	-0.02655398956642227	-0.024438444476162557	CERTIFIED_DECREASE	Sufficient marginal-envelope certificate; non-certificate does not establish reversal
2026_all5mer	5mers_A_RNA_sparse_seq_19	variable	observed	0.5	0.7	-0.02315296318880007	-0.021004989317040014	CERTIFIED_DECREASE	Sufficient marginal-envelope certificate; non-certificate does not establish reversal
2026_all5mer	5mers_A_RNA_sparse_seq_19	variable	equal_class	0.5	0.7	-0.027035938971367926	-0.024439928206048858	CERTIFIED_DECREASE	Sufficient marginal-envelope certificate; non-certificate does not establish reversal
2026_all5mer	5mers_A_RNA_sparse_seq_20	fixed	observed	0.5	0.7	-0.025708795645676824	-0.023295952672865564	CERTIFIED_DECREASE	Sufficient marginal-envelope certificate; non-certificate does not establish reversal
2026_all5mer	5mers_A_RNA_sparse_seq_20	fixed	equal_class	0.5	0.7	-0.02557597508653127	-0.022762437594515836	CERTIFIED_DECREASE	Sufficient marginal-envelope certificate; non-certificate does not establish reversal
2026_all5mer	5mers_A_RNA_sparse_seq_20	variable	observed	0.5	0.7	-0.026315645129677684	-0.02329725941038599	CERTIFIED_DECREASE	Sufficient marginal-envelope certificate; non-certificate does not establish reversal
2026_all5mer	5mers_A_RNA_sparse_seq_20	variable	equal_class	0.5	0.7	-0.026201444020413522	-0.02271776276013672	CERTIFIED_DECREASE	Sufficient marginal-envelope certificate; non-certificate does not establish reversal
2026_all5mer	5mers_A_RNA_sparse_seq_21	fixed	observed	0.5	0.7	-0.02114230869392801	-0.01940624907053351	CERTIFIED_DECREASE	Sufficient marginal-envelope certificate; non-certificate does not establish reversal
2026_all5mer	5mers_A_RNA_sparse_seq_21	fixed	equal_class	0.5	0.7	-0.024225705870832122	-0.02208110294571873	CERTIFIED_DECREASE	Sufficient marginal-envelope certificate; non-certificate does not establish reversal
2026_all5mer	5mers_A_RNA_sparse_seq_21	variable	observed	0.5	0.7	-0.0215435457830686	-0.0194070562799772	CERTIFIED_DECREASE	Sufficient marginal-envelope certificate; non-certificate does not establish reversal
2026_all5mer	5mers_A_RNA_sparse_seq_21	variable	equal_class	0.5	0.7	-0.024687056151032845	-0.022082235514302946	CERTIFIED_DECREASE	Sufficient marginal-envelope certificate; non-certificate does not establish reversal
2026_all5mer	5mers_A_RNA_sparse_seq_22	fixed	observed	0.5	0.7	-0.03081690852483869	-0.02795108999480879	CERTIFIED_DECREASE	Sufficient marginal-envelope certificate; non-certificate does not establish reversal
2026_all5mer	5mers_A_RNA_sparse_seq_22	fixed	equal_class	0.5	0.7	-0.03171588989772582	-0.028705510423303632	CERTIFIED_DECREASE	Sufficient marginal-envelope certificate; non-certificate does not establish reversal
2026_all5mer	5mers_A_RNA_sparse_seq_22	variable	observed	0.5	0.7	-0.03147212080795388	-0.027952769950747164	CERTIFIED_DECREASE	Sufficient marginal-envelope certificate; non-certificate does not establish reversal
2026_all5mer	5mers_A_RNA_sparse_seq_22	variable	equal_class	0.5	0.7	-0.032352677335317964	-0.028707432873689917	CERTIFIED_DECREASE	Sufficient marginal-envelope certificate; non-certificate does not establish reversal
2026_all5mer	5mers_A_RNA_sparse_seq_23	fixed	observed	0.5	0.7	-0.028626629481064064	-0.02625351557412014	CERTIFIED_DECREASE	Sufficient marginal-envelope certificate; non-certificate does not establish reversal
2026_all5mer	5mers_A_RNA_sparse_seq_23	fixed	equal_class	0.5	0.7	-0.029620189083534587	-0.026883679750923442	CERTIFIED_DECREASE	Sufficient marginal-envelope certificate; non-certificate does not establish reversal
2026_all5mer	5mers_A_RNA_sparse_seq_23	variable	observed	0.5	0.7	-0.029235876030052337	-0.026254815724778224	CERTIFIED_DECREASE	Sufficient marginal-envelope certificate; non-certificate does not establish reversal
2026_all5mer	5mers_A_RNA_sparse_seq_23	variable	equal_class	0.5	0.7	-0.030268071600133978	-0.026885322992711277	CERTIFIED_DECREASE	Sufficient marginal-envelope certificate; non-certificate does not establish reversal
2026_all5mer	5mers_A_RNA_sparse_seq_24	fixed	observed	0.5	0.7	-0.026095363126226116	-0.024037996151180893	CERTIFIED_DECREASE	Sufficient marginal-envelope certificate; non-certificate does not establish reversal
2026_all5mer	5mers_A_RNA_sparse_seq_24	fixed	equal_class	0.5	0.7	-0.0277436311092078	-0.025234345291699004	CERTIFIED_DECREASE	Sufficient marginal-envelope certificate; non-certificate does not establish reversal
2026_all5mer	5mers_A_RNA_sparse_seq_24	variable	observed	0.5	0.7	-0.026594890655704376	-0.02403917246523192	CERTIFIED_DECREASE	Sufficient marginal-envelope certificate; non-certificate does not establish reversal
2026_all5mer	5mers_A_RNA_sparse_seq_24	variable	equal_class	0.5	0.7	-0.02824506712166848	-0.025235995652354154	CERTIFIED_DECREASE	Sufficient marginal-envelope certificate; non-certificate does not establish reversal
2026_all5mer	5mers_A_RNA_sparse_seq_25	fixed	observed	0.5	0.7	-0.02395190290860011	-0.021712454351666452	CERTIFIED_DECREASE	Sufficient marginal-envelope certificate; non-certificate does not establish reversal
2026_all5mer	5mers_A_RNA_sparse_seq_25	fixed	equal_class	0.5	0.7	-0.027141762769122002	-0.024619017897924547	CERTIFIED_DECREASE	Sufficient marginal-envelope certificate; non-certificate does not establish reversal
2026_all5mer	5mers_A_RNA_sparse_seq_25	variable	observed	0.5	0.7	-0.024504086092179356	-0.021713500786122913	CERTIFIED_DECREASE	Sufficient marginal-envelope certificate; non-certificate does not establish reversal
2026_all5mer	5mers_A_RNA_sparse_seq_25	variable	equal_class	0.5	0.7	-0.027752545300560205	-0.024620464633793707	CERTIFIED_DECREASE	Sufficient marginal-envelope certificate; non-certificate does not establish reversal
2026_all5mer	5mers_A_RNA_sparse_seq_26	fixed	observed	0.5	0.7	-0.02652088744131162	-0.024486491947011926	CERTIFIED_DECREASE	Sufficient marginal-envelope certificate; non-certificate does not establish reversal
2026_all5mer	5mers_A_RNA_sparse_seq_26	fixed	equal_class	0.5	0.7	-0.028339227527085543	-0.02604327472430091	CERTIFIED_DECREASE	Sufficient marginal-envelope certificate; non-certificate does not establish reversal
2026_all5mer	5mers_A_RNA_sparse_seq_26	variable	observed	0.5	0.7	-0.02710112392655009	-0.024487496528793465	CERTIFIED_DECREASE	Sufficient marginal-envelope certificate; non-certificate does not establish reversal
2026_all5mer	5mers_A_RNA_sparse_seq_26	variable	equal_class	0.5	0.7	-0.02899309067655459	-0.0260445865266027	CERTIFIED_DECREASE	Sufficient marginal-envelope certificate; non-certificate does not establish reversal
2026_all5mer	5mers_A_RNA_sparse_seq_27	fixed	observed	0.5	0.7	-0.021412313639396607	-0.019685041363300203	CERTIFIED_DECREASE	Sufficient marginal-envelope certificate; non-certificate does not establish reversal
2026_all5mer	5mers_A_RNA_sparse_seq_27	fixed	equal_class	0.5	0.7	-0.02481919975537182	-0.02268411128275663	CERTIFIED_DECREASE	Sufficient marginal-envelope certificate; non-certificate does not establish reversal
2026_all5mer	5mers_A_RNA_sparse_seq_27	variable	observed	0.5	0.7	-0.021848281139626786	-0.019685944920104753	CERTIFIED_DECREASE	Sufficient marginal-envelope certificate; non-certificate does not establish reversal
2026_all5mer	5mers_A_RNA_sparse_seq_27	variable	equal_class	0.5	0.7	-0.025254023611826618	-0.022685470470421992	CERTIFIED_DECREASE	Sufficient marginal-envelope certificate; non-certificate does not establish reversal
2026_all5mer	5mers_A_RNA_sparse_seq_28	fixed	observed	0.5	0.7	-0.018843224050528636	-0.01706383296022833	CERTIFIED_DECREASE	Sufficient marginal-envelope certificate; non-certificate does not establish reversal
2026_all5mer	5mers_A_RNA_sparse_seq_28	fixed	equal_class	0.5	0.7	-0.022230059937432683	-0.020284383782568763	CERTIFIED_DECREASE	Sufficient marginal-envelope certificate; non-certificate does not establish reversal
2026_all5mer	5mers_A_RNA_sparse_seq_28	variable	observed	0.5	0.7	-0.019244817553789165	-0.017064551167391973	CERTIFIED_DECREASE	Sufficient marginal-envelope certificate; non-certificate does not establish reversal
2026_all5mer	5mers_A_RNA_sparse_seq_28	variable	equal_class	0.5	0.7	-0.022751982449239185	-0.020285494731468158	CERTIFIED_DECREASE	Sufficient marginal-envelope certificate; non-certificate does not establish reversal
2026_all5mer	5mers_A_RNA_sparse_seq_29	fixed	observed	0.5	0.7	-0.018904675271277573	-0.01742323024825087	CERTIFIED_DECREASE	Sufficient marginal-envelope certificate; non-certificate does not establish reversal
2026_all5mer	5mers_A_RNA_sparse_seq_29	fixed	equal_class	0.5	0.7	-0.022930271186827306	-0.02082597219304387	CERTIFIED_DECREASE	Sufficient marginal-envelope certificate; non-certificate does not establish reversal
2026_all5mer	5mers_A_RNA_sparse_seq_29	variable	observed	0.5	0.7	-0.019259233303830045	-0.017424077684548317	CERTIFIED_DECREASE	Sufficient marginal-envelope certificate; non-certificate does not establish reversal
2026_all5mer	5mers_A_RNA_sparse_seq_29	variable	equal_class	0.5	0.7	-0.02335062334363315	-0.02082720999339492	CERTIFIED_DECREASE	Sufficient marginal-envelope certificate; non-certificate does not establish reversal
2026_all5mer	5mers_A_RNA_sparse_seq_30	fixed	observed	0.5	0.7	-0.027030511528903872	-0.024713002375964715	CERTIFIED_DECREASE	Sufficient marginal-envelope certificate; non-certificate does not establish reversal
2026_all5mer	5mers_A_RNA_sparse_seq_30	fixed	equal_class	0.5	0.7	-0.027274240316365286	-0.024961585421381147	CERTIFIED_DECREASE	Sufficient marginal-envelope certificate; non-certificate does not establish reversal
2026_all5mer	5mers_A_RNA_sparse_seq_30	variable	observed	0.5	0.7	-0.027578962303958503	-0.024714249032772223	CERTIFIED_DECREASE	Sufficient marginal-envelope certificate; non-certificate does not establish reversal
2026_all5mer	5mers_A_RNA_sparse_seq_30	variable	equal_class	0.5	0.7	-0.027868794208631573	-0.024962991452934014	CERTIFIED_DECREASE	Sufficient marginal-envelope certificate; non-certificate does not establish reversal
2026_all5mer	5mers_A_RNA_sparse_seq_31	fixed	observed	0.5	0.7	-0.019549215619703277	-0.017998194424388443	CERTIFIED_DECREASE	Sufficient marginal-envelope certificate; non-certificate does not establish reversal
2026_all5mer	5mers_A_RNA_sparse_seq_31	fixed	equal_class	0.5	0.7	-0.024614355672053743	-0.02253964647636411	CERTIFIED_DECREASE	Sufficient marginal-envelope certificate; non-certificate does not establish reversal
2026_all5mer	5mers_A_RNA_sparse_seq_31	variable	observed	0.5	0.7	-0.019988589195267144	-0.017999132201341507	CERTIFIED_DECREASE	Sufficient marginal-envelope certificate; non-certificate does not establish reversal
2026_all5mer	5mers_A_RNA_sparse_seq_31	variable	equal_class	0.5	0.7	-0.025170307009254607	-0.022541375002603906	CERTIFIED_DECREASE	Sufficient marginal-envelope certificate; non-certificate does not establish reversal
2026_all5mer	5mers_A_RNA_sparse_seq_32	fixed	observed	0.5	0.7	-0.028386892755508084	-0.025954207642532853	CERTIFIED_DECREASE	Sufficient marginal-envelope certificate; non-certificate does not establish reversal
2026_all5mer	5mers_A_RNA_sparse_seq_32	fixed	equal_class	0.5	0.7	-0.02927030869036365	-0.026569325290206003	CERTIFIED_DECREASE	Sufficient marginal-envelope certificate; non-certificate does not establish reversal
2026_all5mer	5mers_A_RNA_sparse_seq_32	variable	observed	0.5	0.7	-0.029063388079771407	-0.02595560396926333	CERTIFIED_DECREASE	Sufficient marginal-envelope certificate; non-certificate does not establish reversal
2026_all5mer	5mers_A_RNA_sparse_seq_32	variable	equal_class	0.5	0.7	-0.02997791209599586	-0.026570984938132022	CERTIFIED_DECREASE	Sufficient marginal-envelope certificate; non-certificate does not establish reversal
2026_all5mer	ALL	fixed	observed	0.5	0.7	-0.02409207583654443	-0.022101331661403635	CERTIFIED_DECREASE	Sufficient marginal-envelope certificate; non-certificate does not establish reversal
2026_all5mer	ALL	fixed	equal_class	0.5	0.7	-0.026411084850796504	-0.024086824457028366	CERTIFIED_DECREASE	Sufficient marginal-envelope certificate; non-certificate does not establish reversal
2026_all5mer	ALL	variable	observed	0.5	0.7	-0.02460875032037769	-0.022102382177439685	CERTIFIED_DECREASE	Sufficient marginal-envelope certificate; non-certificate does not establish reversal
2026_all5mer	ALL	variable	equal_class	0.5	0.7	-0.026962709535944165	-0.024088236754845532	CERTIFIED_DECREASE	Sufficient marginal-envelope certificate; non-certificate does not establish reversal
2026_all5mer	FIXED_ALL_CONSTRUCTS	fixed	equal_construct_class	0.5	0.7	-0.026088295031824242	-0.02377003523734665	CERTIFIED_DECREASE	Fixed original K; sufficient certificate only
2026_all5mer	FIXED_ALL_CONSTRUCTS	variable	equal_construct_class	0.5	0.7	-0.026635165623676717	-0.02376969134818213	CERTIFIED_DECREASE	Fixed original K; sufficient certificate only
2026_all5mer	5mers_A_RNA_sparse_seq_01	fixed	observed	0.5	0.8	-0.03279016325389211	-0.031147839573805326	CERTIFIED_DECREASE	Sufficient marginal-envelope certificate; non-certificate does not establish reversal
2026_all5mer	5mers_A_RNA_sparse_seq_01	fixed	equal_class	0.5	0.8	-0.03592224279397948	-0.034042930528568494	CERTIFIED_DECREASE	Sufficient marginal-envelope certificate; non-certificate does not establish reversal
2026_all5mer	5mers_A_RNA_sparse_seq_01	variable	observed	0.5	0.8	-0.03279016325389211	-0.03072886362064805	CERTIFIED_DECREASE	Sufficient marginal-envelope certificate; non-certificate does not establish reversal
2026_all5mer	5mers_A_RNA_sparse_seq_01	variable	equal_class	0.5	0.8	-0.03592683760922151	-0.03365258172843441	CERTIFIED_DECREASE	Sufficient marginal-envelope certificate; non-certificate does not establish reversal
2026_all5mer	5mers_A_RNA_sparse_seq_02	fixed	observed	0.5	0.8	-0.04218522487862724	-0.04021474811280773	CERTIFIED_DECREASE	Sufficient marginal-envelope certificate; non-certificate does not establish reversal
2026_all5mer	5mers_A_RNA_sparse_seq_02	fixed	equal_class	0.5	0.8	-0.04294480671680614	-0.04084221095440193	CERTIFIED_DECREASE	Sufficient marginal-envelope certificate; non-certificate does not establish reversal
2026_all5mer	5mers_A_RNA_sparse_seq_02	variable	observed	0.5	0.8	-0.0421981734138687	-0.03949555451643204	CERTIFIED_DECREASE	Sufficient marginal-envelope certificate; non-certificate does not establish reversal
2026_all5mer	5mers_A_RNA_sparse_seq_02	variable	equal_class	0.5	0.8	-0.042952160688019464	-0.04020388798593778	CERTIFIED_DECREASE	Sufficient marginal-envelope certificate; non-certificate does not establish reversal
2026_all5mer	5mers_A_RNA_sparse_seq_03	fixed	observed	0.5	0.8	-0.03653168818788029	-0.03486447203207633	CERTIFIED_DECREASE	Sufficient marginal-envelope certificate; non-certificate does not establish reversal
2026_all5mer	5mers_A_RNA_sparse_seq_03	fixed	equal_class	0.5	0.8	-0.04004887364083254	-0.03799228788111586	CERTIFIED_DECREASE	Sufficient marginal-envelope certificate; non-certificate does not establish reversal
2026_all5mer	5mers_A_RNA_sparse_seq_03	variable	observed	0.5	0.8	-0.03653168818788029	-0.03432447999232004	CERTIFIED_DECREASE	Sufficient marginal-envelope certificate; non-certificate does not establish reversal
2026_all5mer	5mers_A_RNA_sparse_seq_03	variable	equal_class	0.5	0.8	-0.04009177701721114	-0.037358205110453416	CERTIFIED_DECREASE	Sufficient marginal-envelope certificate; non-certificate does not establish reversal
2026_all5mer	5mers_A_RNA_sparse_seq_04	fixed	observed	0.5	0.8	-0.03908300617863717	-0.037124289132947214	CERTIFIED_DECREASE	Sufficient marginal-envelope certificate; non-certificate does not establish reversal
2026_all5mer	5mers_A_RNA_sparse_seq_04	fixed	equal_class	0.5	0.8	-0.039068401804814745	-0.03669500557930743	CERTIFIED_DECREASE	Sufficient marginal-envelope certificate; non-certificate does not establish reversal
2026_all5mer	5mers_A_RNA_sparse_seq_04	variable	observed	0.5	0.8	-0.039110150498571555	-0.036488202740386506	CERTIFIED_DECREASE	Sufficient marginal-envelope certificate; non-certificate does not establish reversal
2026_all5mer	5mers_A_RNA_sparse_seq_04	variable	equal_class	0.5	0.8	-0.039245662922628516	-0.03599553716174611	CERTIFIED_DECREASE	Sufficient marginal-envelope certificate; non-certificate does not establish reversal
2026_all5mer	5mers_A_RNA_sparse_seq_05	fixed	observed	0.5	0.8	-0.038155248497892105	-0.036532419269467514	CERTIFIED_DECREASE	Sufficient marginal-envelope certificate; non-certificate does not establish reversal
2026_all5mer	5mers_A_RNA_sparse_seq_05	fixed	equal_class	0.5	0.8	-0.041343849075149895	-0.039318032024285104	CERTIFIED_DECREASE	Sufficient marginal-envelope certificate; non-certificate does not establish reversal
2026_all5mer	5mers_A_RNA_sparse_seq_05	variable	observed	0.5	0.8	-0.038155248497892105	-0.035912080875421616	CERTIFIED_DECREASE	Sufficient marginal-envelope certificate; non-certificate does not establish reversal
2026_all5mer	5mers_A_RNA_sparse_seq_05	variable	equal_class	0.5	0.8	-0.04138580826041669	-0.03876001457774195	CERTIFIED_DECREASE	Sufficient marginal-envelope certificate; non-certificate does not establish reversal
2026_all5mer	5mers_A_RNA_sparse_seq_06	fixed	observed	0.5	0.8	-0.037138180426189646	-0.03542551906346748	CERTIFIED_DECREASE	Sufficient marginal-envelope certificate; non-certificate does not establish reversal
2026_all5mer	5mers_A_RNA_sparse_seq_06	fixed	equal_class	0.5	0.8	-0.038357201112841556	-0.036461237907671105	CERTIFIED_DECREASE	Sufficient marginal-envelope certificate; non-certificate does not establish reversal
2026_all5mer	5mers_A_RNA_sparse_seq_06	variable	observed	0.5	0.8	-0.037138180426189646	-0.03486487106855341	CERTIFIED_DECREASE	Sufficient marginal-envelope certificate; non-certificate does not establish reversal
2026_all5mer	5mers_A_RNA_sparse_seq_06	variable	equal_class	0.5	0.8	-0.038357201112841556	-0.035952700030721485	CERTIFIED_DECREASE	Sufficient marginal-envelope certificate; non-certificate does not establish reversal
2026_all5mer	5mers_A_RNA_sparse_seq_07	fixed	observed	0.5	0.8	-0.043419924882580625	-0.041496404790547496	CERTIFIED_DECREASE	Sufficient marginal-envelope certificate; non-certificate does not establish reversal
2026_all5mer	5mers_A_RNA_sparse_seq_07	fixed	equal_class	0.5	0.8	-0.04564712207065126	-0.04343786690522547	CERTIFIED_DECREASE	Sufficient marginal-envelope certificate; non-certificate does not establish reversal
2026_all5mer	5mers_A_RNA_sparse_seq_07	variable	observed	0.5	0.8	-0.0434294223216812	-0.04075786364295275	CERTIFIED_DECREASE	Sufficient marginal-envelope certificate; non-certificate does not establish reversal
2026_all5mer	5mers_A_RNA_sparse_seq_07	variable	equal_class	0.5	0.8	-0.04567533456294429	-0.042591156703224525	CERTIFIED_DECREASE	Sufficient marginal-envelope certificate; non-certificate does not establish reversal
2026_all5mer	5mers_A_RNA_sparse_seq_08	fixed	observed	0.5	0.8	-0.034404473898621085	-0.032828195627717216	CERTIFIED_DECREASE	Sufficient marginal-envelope certificate; non-certificate does not establish reversal
2026_all5mer	5mers_A_RNA_sparse_seq_08	fixed	equal_class	0.5	0.8	-0.040679206921256775	-0.03867500073229898	CERTIFIED_DECREASE	Sufficient marginal-envelope certificate; non-certificate does not establish reversal
2026_all5mer	5mers_A_RNA_sparse_seq_08	variable	observed	0.5	0.8	-0.034404473898621085	-0.03229275274366147	CERTIFIED_DECREASE	Sufficient marginal-envelope certificate; non-certificate does not establish reversal
2026_all5mer	5mers_A_RNA_sparse_seq_08	variable	equal_class	0.5	0.8	-0.040716957495221175	-0.038051597777064614	CERTIFIED_DECREASE	Sufficient marginal-envelope certificate; non-certificate does not establish reversal
2026_all5mer	5mers_A_RNA_sparse_seq_09	fixed	observed	0.5	0.8	-0.03982951437916266	-0.038011713469158104	CERTIFIED_DECREASE	Sufficient marginal-envelope certificate; non-certificate does not establish reversal
2026_all5mer	5mers_A_RNA_sparse_seq_09	fixed	equal_class	0.5	0.8	-0.04051102115422686	-0.03860316120795454	CERTIFIED_DECREASE	Sufficient marginal-envelope certificate; non-certificate does not establish reversal
2026_all5mer	5mers_A_RNA_sparse_seq_09	variable	observed	0.5	0.8	-0.03982951437916266	-0.037418817257491375	CERTIFIED_DECREASE	Sufficient marginal-envelope certificate; non-certificate does not establish reversal
2026_all5mer	5mers_A_RNA_sparse_seq_09	variable	equal_class	0.5	0.8	-0.040514153475773765	-0.038056890266815	CERTIFIED_DECREASE	Sufficient marginal-envelope certificate; non-certificate does not establish reversal
2026_all5mer	5mers_A_RNA_sparse_seq_10	fixed	observed	0.5	0.8	-0.03380378919359005	-0.032403029830579966	CERTIFIED_DECREASE	Sufficient marginal-envelope certificate; non-certificate does not establish reversal
2026_all5mer	5mers_A_RNA_sparse_seq_10	fixed	equal_class	0.5	0.8	-0.03973413102449839	-0.03780212509937722	CERTIFIED_DECREASE	Sufficient marginal-envelope certificate; non-certificate does not establish reversal
2026_all5mer	5mers_A_RNA_sparse_seq_10	variable	observed	0.5	0.8	-0.03380378919359005	-0.032060666583412514	CERTIFIED_DECREASE	Sufficient marginal-envelope certificate; non-certificate does not establish reversal
2026_all5mer	5mers_A_RNA_sparse_seq_10	variable	equal_class	0.5	0.8	-0.039763464229019045	-0.03731177095170338	CERTIFIED_DECREASE	Sufficient marginal-envelope certificate; non-certificate does not establish reversal
2026_all5mer	5mers_A_RNA_sparse_seq_11	fixed	observed	0.5	0.8	-0.03334828691345361	-0.031775441785461774	CERTIFIED_DECREASE	Sufficient marginal-envelope certificate; non-certificate does not establish reversal
2026_all5mer	5mers_A_RNA_sparse_seq_11	fixed	equal_class	0.5	0.8	-0.03666500188033249	-0.03481625887933103	CERTIFIED_DECREASE	Sufficient marginal-envelope certificate; non-certificate does not establish reversal
2026_all5mer	5mers_A_RNA_sparse_seq_11	variable	observed	0.5	0.8	-0.03334828691345361	-0.03125183570762891	CERTIFIED_DECREASE	Sufficient marginal-envelope certificate; non-certificate does not establish reversal
2026_all5mer	5mers_A_RNA_sparse_seq_11	variable	equal_class	0.5	0.8	-0.036681618810602334	-0.03435496534731332	CERTIFIED_DECREASE	Sufficient marginal-envelope certificate; non-certificate does not establish reversal
2026_all5mer	5mers_A_RNA_sparse_seq_12	fixed	observed	0.5	0.8	-0.03966805248638658	-0.03786094000733128	CERTIFIED_DECREASE	Sufficient marginal-envelope certificate; non-certificate does not establish reversal
2026_all5mer	5mers_A_RNA_sparse_seq_12	fixed	equal_class	0.5	0.8	-0.041809337483908506	-0.03955413624898822	CERTIFIED_DECREASE	Sufficient marginal-envelope certificate; non-certificate does not establish reversal
2026_all5mer	5mers_A_RNA_sparse_seq_12	variable	observed	0.5	0.8	-0.03966805248638658	-0.037186267808700546	CERTIFIED_DECREASE	Sufficient marginal-envelope certificate; non-certificate does not establish reversal
2026_all5mer	5mers_A_RNA_sparse_seq_12	variable	equal_class	0.5	0.8	-0.0419605219240295	-0.03878346200105367	CERTIFIED_DECREASE	Sufficient marginal-envelope certificate; non-certificate does not establish reversal
2026_all5mer	5mers_A_RNA_sparse_seq_13	fixed	observed	0.5	0.8	-0.034089056514528523	-0.032630976794967584	CERTIFIED_DECREASE	Sufficient marginal-envelope certificate; non-certificate does not establish reversal
2026_all5mer	5mers_A_RNA_sparse_seq_13	fixed	equal_class	0.5	0.8	-0.03885757803718565	-0.03689572821115935	CERTIFIED_DECREASE	Sufficient marginal-envelope certificate; non-certificate does not establish reversal
2026_all5mer	5mers_A_RNA_sparse_seq_13	variable	observed	0.5	0.8	-0.034089056514528523	-0.03210986148788232	CERTIFIED_DECREASE	Sufficient marginal-envelope certificate; non-certificate does not establish reversal
2026_all5mer	5mers_A_RNA_sparse_seq_13	variable	equal_class	0.5	0.8	-0.03890198060548558	-0.03641470244551729	CERTIFIED_DECREASE	Sufficient marginal-envelope certificate; non-certificate does not establish reversal
2026_all5mer	5mers_A_RNA_sparse_seq_14	fixed	observed	0.5	0.8	-0.035510728557813204	-0.03395339405051427	CERTIFIED_DECREASE	Sufficient marginal-envelope certificate; non-certificate does not establish reversal
2026_all5mer	5mers_A_RNA_sparse_seq_14	fixed	equal_class	0.5	0.8	-0.03797922907340343	-0.036136263304368414	CERTIFIED_DECREASE	Sufficient marginal-envelope certificate; non-certificate does not establish reversal
2026_all5mer	5mers_A_RNA_sparse_seq_14	variable	observed	0.5	0.8	-0.035510728557813204	-0.03340493449668377	CERTIFIED_DECREASE	Sufficient marginal-envelope certificate; non-certificate does not establish reversal
2026_all5mer	5mers_A_RNA_sparse_seq_14	variable	equal_class	0.5	0.8	-0.03798313818949316	-0.03558340678546663	CERTIFIED_DECREASE	Sufficient marginal-envelope certificate; non-certificate does not establish reversal
2026_all5mer	5mers_A_RNA_sparse_seq_15	fixed	observed	0.5	0.8	-0.047388539484853616	-0.045023815766541006	CERTIFIED_DECREASE	Sufficient marginal-envelope certificate; non-certificate does not establish reversal
2026_all5mer	5mers_A_RNA_sparse_seq_15	fixed	equal_class	0.5	0.8	-0.04887555917572567	-0.04629115323603099	CERTIFIED_DECREASE	Sufficient marginal-envelope certificate; non-certificate does not establish reversal
2026_all5mer	5mers_A_RNA_sparse_seq_15	variable	observed	0.5	0.8	-0.047470751025449474	-0.04401537067920516	CERTIFIED_DECREASE	Sufficient marginal-envelope certificate; non-certificate does not establish reversal
2026_all5mer	5mers_A_RNA_sparse_seq_15	variable	equal_class	0.5	0.8	-0.04900170816690485	-0.045344254672046905	CERTIFIED_DECREASE	Sufficient marginal-envelope certificate; non-certificate does not establish reversal
2026_all5mer	5mers_A_RNA_sparse_seq_16	fixed	observed	0.5	0.8	-0.04159454078026534	-0.03962099880099218	CERTIFIED_DECREASE	Sufficient marginal-envelope certificate; non-certificate does not establish reversal
2026_all5mer	5mers_A_RNA_sparse_seq_16	fixed	equal_class	0.5	0.8	-0.043634839523407465	-0.041484911994172466	CERTIFIED_DECREASE	Sufficient marginal-envelope certificate; non-certificate does not establish reversal
2026_all5mer	5mers_A_RNA_sparse_seq_16	variable	observed	0.5	0.8	-0.04160516304099401	-0.03885170890760979	CERTIFIED_DECREASE	Sufficient marginal-envelope certificate; non-certificate does not establish reversal
2026_all5mer	5mers_A_RNA_sparse_seq_16	variable	equal_class	0.5	0.8	-0.043657653801410706	-0.040705107659826906	CERTIFIED_DECREASE	Sufficient marginal-envelope certificate; non-certificate does not establish reversal
2026_all5mer	5mers_A_RNA_sparse_seq_17	fixed	observed	0.5	0.8	-0.030174396316561443	-0.028812034626548983	CERTIFIED_DECREASE	Sufficient marginal-envelope certificate; non-certificate does not establish reversal
2026_all5mer	5mers_A_RNA_sparse_seq_17	fixed	equal_class	0.5	0.8	-0.03280284673793352	-0.03120694151496832	CERTIFIED_DECREASE	Sufficient marginal-envelope certificate; non-certificate does not establish reversal
2026_all5mer	5mers_A_RNA_sparse_seq_17	variable	observed	0.5	0.8	-0.030174396316561443	-0.028330399118662055	CERTIFIED_DECREASE	Sufficient marginal-envelope certificate; non-certificate does not establish reversal
2026_all5mer	5mers_A_RNA_sparse_seq_17	variable	equal_class	0.5	0.8	-0.03280284673793352	-0.030733242421333712	CERTIFIED_DECREASE	Sufficient marginal-envelope certificate; non-certificate does not establish reversal
2026_all5mer	5mers_A_RNA_sparse_seq_18	fixed	observed	0.5	0.8	-0.03377415439530588	-0.032281654609960436	CERTIFIED_DECREASE	Sufficient marginal-envelope certificate; non-certificate does not establish reversal
2026_all5mer	5mers_A_RNA_sparse_seq_18	fixed	equal_class	0.5	0.8	-0.03777051526384322	-0.03578394100545358	CERTIFIED_DECREASE	Sufficient marginal-envelope certificate; non-certificate does not establish reversal
2026_all5mer	5mers_A_RNA_sparse_seq_18	variable	observed	0.5	0.8	-0.03377415439530588	-0.031744453490201406	CERTIFIED_DECREASE	Sufficient marginal-envelope certificate; non-certificate does not establish reversal
2026_all5mer	5mers_A_RNA_sparse_seq_18	variable	equal_class	0.5	0.8	-0.0378446299770942	-0.035092113554641244	CERTIFIED_DECREASE	Sufficient marginal-envelope certificate; non-certificate does not establish reversal
2026_all5mer	5mers_A_RNA_sparse_seq_19	fixed	observed	0.5	0.8	-0.036118792824712406	-0.03462403198804853	CERTIFIED_DECREASE	Sufficient marginal-envelope certificate; non-certificate does not establish reversal
2026_all5mer	5mers_A_RNA_sparse_seq_19	fixed	equal_class	0.5	0.8	-0.04050497425073403	-0.0386163891645262	CERTIFIED_DECREASE	Sufficient marginal-envelope certificate; non-certificate does not establish reversal
2026_all5mer	5mers_A_RNA_sparse_seq_19	variable	observed	0.5	0.8	-0.036118792824712406	-0.03403556331886001	CERTIFIED_DECREASE	Sufficient marginal-envelope certificate; non-certificate does not establish reversal
2026_all5mer	5mers_A_RNA_sparse_seq_19	variable	equal_class	0.5	0.8	-0.04050497425073403	-0.03805670888160526	CERTIFIED_DECREASE	Sufficient marginal-envelope certificate; non-certificate does not establish reversal
2026_all5mer	5mers_A_RNA_sparse_seq_20	fixed	observed	0.5	0.8	-0.04207292031693854	-0.03991367687231496	CERTIFIED_DECREASE	Sufficient marginal-envelope certificate; non-certificate does not establish reversal
2026_all5mer	5mers_A_RNA_sparse_seq_20	fixed	equal_class	0.5	0.8	-0.04024119640417413	-0.037673503306241016	CERTIFIED_DECREASE	Sufficient marginal-envelope certificate; non-certificate does not establish reversal
2026_all5mer	5mers_A_RNA_sparse_seq_20	variable	observed	0.5	0.8	-0.04213023983587344	-0.03924183262735773	CERTIFIED_DECREASE	Sufficient marginal-envelope certificate; non-certificate does not establish reversal
2026_all5mer	5mers_A_RNA_sparse_seq_20	variable	equal_class	0.5	0.8	-0.040495152027349254	-0.03698030849474378	CERTIFIED_DECREASE	Sufficient marginal-envelope certificate; non-certificate does not establish reversal
2026_all5mer	5mers_A_RNA_sparse_seq_21	fixed	observed	0.5	0.8	-0.03360590915687856	-0.03206185695644871	CERTIFIED_DECREASE	Sufficient marginal-envelope certificate; non-certificate does not establish reversal
2026_all5mer	5mers_A_RNA_sparse_seq_21	fixed	equal_class	0.5	0.8	-0.03768693259136884	-0.035756211024480206	CERTIFIED_DECREASE	Sufficient marginal-envelope certificate; non-certificate does not establish reversal
2026_all5mer	5mers_A_RNA_sparse_seq_21	variable	observed	0.5	0.8	-0.03360590915687856	-0.031500129011178546	CERTIFIED_DECREASE	Sufficient marginal-envelope certificate; non-certificate does not establish reversal
2026_all5mer	5mers_A_RNA_sparse_seq_21	variable	equal_class	0.5	0.8	-0.03771976662267307	-0.03516622485148606	CERTIFIED_DECREASE	Sufficient marginal-envelope certificate; non-certificate does not establish reversal
2026_all5mer	5mers_A_RNA_sparse_seq_22	fixed	observed	0.5	0.8	-0.05044184727977736	-0.047883022780035485	CERTIFIED_DECREASE	Sufficient marginal-envelope certificate; non-certificate does not establish reversal
2026_all5mer	5mers_A_RNA_sparse_seq_22	fixed	equal_class	0.5	0.8	-0.05091265004006647	-0.04820696537362236	CERTIFIED_DECREASE	Sufficient marginal-envelope certificate; non-certificate does not establish reversal
2026_all5mer	5mers_A_RNA_sparse_seq_22	variable	observed	0.5	0.8	-0.05056556101308139	-0.04692004535967377	CERTIFIED_DECREASE	Sufficient marginal-envelope certificate; non-certificate does not establish reversal
2026_all5mer	5mers_A_RNA_sparse_seq_22	variable	equal_class	0.5	0.8	-0.051079806826583904	-0.04727511063020756	CERTIFIED_DECREASE	Sufficient marginal-envelope certificate; non-certificate does not establish reversal
2026_all5mer	5mers_A_RNA_sparse_seq_23	fixed	observed	0.5	0.8	-0.04602692537907162	-0.04392211282579798	CERTIFIED_DECREASE	Sufficient marginal-envelope certificate; non-certificate does not establish reversal
2026_all5mer	5mers_A_RNA_sparse_seq_23	fixed	equal_class	0.5	0.8	-0.0467760050262019	-0.04431196403467795	CERTIFIED_DECREASE	Sufficient marginal-envelope certificate; non-certificate does not establish reversal
2026_all5mer	5mers_A_RNA_sparse_seq_23	variable	observed	0.5	0.8	-0.046047523498843626	-0.04306145407137713	CERTIFIED_DECREASE	Sufficient marginal-envelope certificate; non-certificate does not establish reversal
2026_all5mer	5mers_A_RNA_sparse_seq_23	variable	equal_class	0.5	0.8	-0.04691686562444018	-0.043299160660829866	CERTIFIED_DECREASE	Sufficient marginal-envelope certificate; non-certificate does not establish reversal
2026_all5mer	5mers_A_RNA_sparse_seq_24	fixed	observed	0.5	0.8	-0.041460515706482806	-0.03964146466646232	CERTIFIED_DECREASE	Sufficient marginal-envelope certificate; non-certificate does not establish reversal
2026_all5mer	5mers_A_RNA_sparse_seq_24	fixed	equal_class	0.5	0.8	-0.0438045669384739	-0.04155179815351459	CERTIFIED_DECREASE	Sufficient marginal-envelope certificate; non-certificate does not establish reversal
2026_all5mer	5mers_A_RNA_sparse_seq_24	variable	observed	0.5	0.8	-0.041460515706482806	-0.038950642531002305	CERTIFIED_DECREASE	Sufficient marginal-envelope certificate; non-certificate does not establish reversal
2026_all5mer	5mers_A_RNA_sparse_seq_24	variable	equal_class	0.5	0.8	-0.04393079099316942	-0.04070736028566154	CERTIFIED_DECREASE	Sufficient marginal-envelope certificate; non-certificate does not establish reversal
2026_all5mer	5mers_A_RNA_sparse_seq_25	fixed	observed	0.5	0.8	-0.039362488322088364	-0.037356173392455956	CERTIFIED_DECREASE	Sufficient marginal-envelope certificate; non-certificate does not establish reversal
2026_all5mer	5mers_A_RNA_sparse_seq_25	fixed	equal_class	0.5	0.8	-0.043247140632005576	-0.040972304117286855	CERTIFIED_DECREASE	Sufficient marginal-envelope certificate; non-certificate does not establish reversal
2026_all5mer	5mers_A_RNA_sparse_seq_25	variable	observed	0.5	0.8	-0.03940597601893223	-0.03660473307984177	CERTIFIED_DECREASE	Sufficient marginal-envelope certificate; non-certificate does not establish reversal
2026_all5mer	5mers_A_RNA_sparse_seq_25	variable	equal_class	0.5	0.8	-0.04330349350177245	-0.04027051592416574	CERTIFIED_DECREASE	Sufficient marginal-envelope certificate; non-certificate does not establish reversal
2026_all5mer	5mers_A_RNA_sparse_seq_26	fixed	observed	0.5	0.8	-0.0423350971963381	-0.04054337643591755	CERTIFIED_DECREASE	Sufficient marginal-envelope certificate; non-certificate does not establish reversal
2026_all5mer	5mers_A_RNA_sparse_seq_26	fixed	equal_class	0.5	0.8	-0.04460306394647466	-0.04256183264980036	CERTIFIED_DECREASE	Sufficient marginal-envelope certificate; non-certificate does not establish reversal
2026_all5mer	5mers_A_RNA_sparse_seq_26	variable	observed	0.5	0.8	-0.0423350971963381	-0.0398342592154554	CERTIFIED_DECREASE	Sufficient marginal-envelope certificate; non-certificate does not establish reversal
2026_all5mer	5mers_A_RNA_sparse_seq_26	variable	equal_class	0.5	0.8	-0.04460306394647466	-0.04183067148347401	CERTIFIED_DECREASE	Sufficient marginal-envelope certificate; non-certificate does not establish reversal
2026_all5mer	5mers_A_RNA_sparse_seq_27	fixed	observed	0.5	0.8	-0.03406463475933372	-0.03253358576629687	CERTIFIED_DECREASE	Sufficient marginal-envelope certificate; non-certificate does not establish reversal
2026_all5mer	5mers_A_RNA_sparse_seq_27	fixed	equal_class	0.5	0.8	-0.03851314822106117	-0.036598740845443366	CERTIFIED_DECREASE	Sufficient marginal-envelope certificate; non-certificate does not establish reversal
2026_all5mer	5mers_A_RNA_sparse_seq_27	variable	observed	0.5	0.8	-0.03406463475933372	-0.031990274701074246	CERTIFIED_DECREASE	Sufficient marginal-envelope certificate; non-certificate does not establish reversal
2026_all5mer	5mers_A_RNA_sparse_seq_27	variable	equal_class	0.5	0.8	-0.03852660506683257	-0.03601070705329835	CERTIFIED_DECREASE	Sufficient marginal-envelope certificate; non-certificate does not establish reversal
2026_all5mer	5mers_A_RNA_sparse_seq_28	fixed	observed	0.5	0.8	-0.030499442680796816	-0.028897947346646934	CERTIFIED_DECREASE	Sufficient marginal-envelope certificate; non-certificate does not establish reversal
2026_all5mer	5mers_A_RNA_sparse_seq_28	fixed	equal_class	0.5	0.8	-0.034567908584339044	-0.03282153100951145	CERTIFIED_DECREASE	Sufficient marginal-envelope certificate; non-certificate does not establish reversal
2026_all5mer	5mers_A_RNA_sparse_seq_28	variable	observed	0.5	0.8	-0.0305076253003934	-0.028463334858739184	CERTIFIED_DECREASE	Sufficient marginal-envelope certificate; non-certificate does not establish reversal
2026_all5mer	5mers_A_RNA_sparse_seq_28	variable	equal_class	0.5	0.8	-0.034573749131229084	-0.03234467590137782	CERTIFIED_DECREASE	Sufficient marginal-envelope certificate; non-certificate does not establish reversal
2026_all5mer	5mers_A_RNA_sparse_seq_29	fixed	observed	0.5	0.8	-0.029948820615605366	-0.02863874885753308	CERTIFIED_DECREASE	Sufficient marginal-envelope certificate; non-certificate does not establish reversal
2026_all5mer	5mers_A_RNA_sparse_seq_29	fixed	equal_class	0.5	0.8	-0.0358347998135264	-0.033940441912641436	CERTIFIED_DECREASE	Sufficient marginal-envelope certificate; non-certificate does not establish reversal
2026_all5mer	5mers_A_RNA_sparse_seq_29	variable	observed	0.5	0.8	-0.029948820615605366	-0.028225046555259693	CERTIFIED_DECREASE	Sufficient marginal-envelope certificate; non-certificate does not establish reversal
2026_all5mer	5mers_A_RNA_sparse_seq_29	variable	equal_class	0.5	0.8	-0.035898662628931585	-0.0335437110775018	CERTIFIED_DECREASE	Sufficient marginal-envelope certificate; non-certificate does not establish reversal
2026_all5mer	5mers_A_RNA_sparse_seq_30	fixed	observed	0.5	0.8	-0.0430317192606597	-0.04096704358237993	CERTIFIED_DECREASE	Sufficient marginal-envelope certificate; non-certificate does not establish reversal
2026_all5mer	5mers_A_RNA_sparse_seq_30	fixed	equal_class	0.5	0.8	-0.042546845707333275	-0.04048286799488743	CERTIFIED_DECREASE	Sufficient marginal-envelope certificate; non-certificate does not establish reversal
2026_all5mer	5mers_A_RNA_sparse_seq_30	variable	observed	0.5	0.8	-0.04305792896038102	-0.0401433748492743	CERTIFIED_DECREASE	Sufficient marginal-envelope certificate; non-certificate does not establish reversal
2026_all5mer	5mers_A_RNA_sparse_seq_30	variable	equal_class	0.5	0.8	-0.042569002951649844	-0.039732045756505255	CERTIFIED_DECREASE	Sufficient marginal-envelope certificate; non-certificate does not establish reversal
2026_all5mer	5mers_A_RNA_sparse_seq_31	fixed	observed	0.5	0.8	-0.03015262464754509	-0.02876974284576044	CERTIFIED_DECREASE	Sufficient marginal-envelope certificate; non-certificate does not establish reversal
2026_all5mer	5mers_A_RNA_sparse_seq_31	fixed	equal_class	0.5	0.8	-0.037198301828034346	-0.035330794273672195	CERTIFIED_DECREASE	Sufficient marginal-envelope certificate; non-certificate does not establish reversal
2026_all5mer	5mers_A_RNA_sparse_seq_31	variable	observed	0.5	0.8	-0.03015262464754509	-0.028276030151561108	CERTIFIED_DECREASE	Sufficient marginal-envelope certificate; non-certificate does not establish reversal
2026_all5mer	5mers_A_RNA_sparse_seq_31	variable	equal_class	0.5	0.8	-0.03721097031058526	-0.03482671948065564	CERTIFIED_DECREASE	Sufficient marginal-envelope certificate; non-certificate does not establish reversal
2026_all5mer	5mers_A_RNA_sparse_seq_32	fixed	observed	0.5	0.8	-0.04631697313083806	-0.044158902112432875	CERTIFIED_DECREASE	Sufficient marginal-envelope certificate; non-certificate does not establish reversal
2026_all5mer	5mers_A_RNA_sparse_seq_32	fixed	equal_class	0.5	0.8	-0.04658303280387678	-0.04415612302607844	CERTIFIED_DECREASE	Sufficient marginal-envelope certificate; non-certificate does not establish reversal
2026_all5mer	5mers_A_RNA_sparse_seq_32	variable	observed	0.5	0.8	-0.046343804572213515	-0.04332427701095439	CERTIFIED_DECREASE	Sufficient marginal-envelope certificate; non-certificate does not establish reversal
2026_all5mer	5mers_A_RNA_sparse_seq_32	variable	equal_class	0.5	0.8	-0.04668632316587398	-0.043284942258799766	CERTIFIED_DECREASE	Sufficient marginal-envelope certificate; non-certificate does not establish reversal
2026_all5mer	ALL	fixed	observed	0.5	0.8	-0.03858315331674499	-0.03681586211611987	CERTIFIED_DECREASE	Sufficient marginal-envelope certificate; non-certificate does not establish reversal
2026_all5mer	ALL	fixed	equal_class	0.5	0.8	-0.04131760123381827	-0.03923120778834013	CERTIFIED_DECREASE	Sufficient marginal-envelope certificate; non-certificate does not establish reversal
2026_all5mer	ALL	variable	observed	0.5	0.8	-0.03858315331674499	-0.03619731694105028	CERTIFIED_DECREASE	Sufficient marginal-envelope certificate; non-certificate does not establish reversal
2026_all5mer	ALL	variable	equal_class	0.5	0.8	-0.04136120126834503	-0.038586428047460125	CERTIFIED_DECREASE	Sufficient marginal-envelope certificate; non-certificate does not establish reversal
2026_all5mer	FIXED_ALL_CONSTRUCTS	fixed	equal_construct_class	0.5	0.8	-0.04080226032120213	-0.038719395628158196	CERTIFIED_DECREASE	Fixed original K; sufficient certificate only
2026_all5mer	FIXED_ALL_CONSTRUCTS	variable	equal_construct_class	0.5	0.8	-0.040858833832329695	-0.03807107687254233	CERTIFIED_DECREASE	Fixed original K; sufficient certificate only
2026_all5mer	5mers_A_RNA_sparse_seq_01	fixed	observed	0.5	0.9	-0.04710897901887236	-0.04569733843651973	CERTIFIED_DECREASE	Sufficient marginal-envelope certificate; non-certificate does not establish reversal
2026_all5mer	5mers_A_RNA_sparse_seq_01	fixed	equal_class	0.5	0.9	-0.04912507455922743	-0.047487744858926505	CERTIFIED_DECREASE	Sufficient marginal-envelope certificate; non-certificate does not establish reversal
2026_all5mer	5mers_A_RNA_sparse_seq_01	variable	observed	0.5	0.9	-0.047967421370294	-0.04559649000901127	CERTIFIED_DECREASE	Sufficient marginal-envelope certificate; non-certificate does not establish reversal
2026_all5mer	5mers_A_RNA_sparse_seq_01	variable	equal_class	0.5	0.9	-0.05007450921284482	-0.04719808735900099	CERTIFIED_DECREASE	Sufficient marginal-envelope certificate; non-certificate does not establish reversal
2026_all5mer	5mers_A_RNA_sparse_seq_02	fixed	observed	0.5	0.9	-0.06228467741545446	-0.06061388148155951	CERTIFIED_DECREASE	Sufficient marginal-envelope certificate; non-certificate does not establish reversal
2026_all5mer	5mers_A_RNA_sparse_seq_02	fixed	equal_class	0.5	0.9	-0.060625651813586146	-0.05881777161039464	CERTIFIED_DECREASE	Sufficient marginal-envelope certificate; non-certificate does not establish reversal
2026_all5mer	5mers_A_RNA_sparse_seq_02	variable	observed	0.5	0.9	-0.0634821993042684	-0.06046679351646668	CERTIFIED_DECREASE	Sufficient marginal-envelope certificate; non-certificate does not establish reversal
2026_all5mer	5mers_A_RNA_sparse_seq_02	variable	equal_class	0.5	0.9	-0.06185943561781456	-0.05855536662565417	CERTIFIED_DECREASE	Sufficient marginal-envelope certificate; non-certificate does not establish reversal
2026_all5mer	5mers_A_RNA_sparse_seq_03	fixed	observed	0.5	0.9	-0.05269436033486492	-0.05127555554197602	CERTIFIED_DECREASE	Sufficient marginal-envelope certificate; non-certificate does not establish reversal
2026_all5mer	5mers_A_RNA_sparse_seq_03	fixed	equal_class	0.5	0.9	-0.05477891792726185	-0.05298185399343615	CERTIFIED_DECREASE	Sufficient marginal-envelope certificate; non-certificate does not establish reversal
2026_all5mer	5mers_A_RNA_sparse_seq_03	variable	observed	0.5	0.9	-0.053547196208997554	-0.051206116701074084	CERTIFIED_DECREASE	Sufficient marginal-envelope certificate; non-certificate does not establish reversal
2026_all5mer	5mers_A_RNA_sparse_seq_03	variable	equal_class	0.5	0.9	-0.05576379198184575	-0.05249480986607037	CERTIFIED_DECREASE	Sufficient marginal-envelope certificate; non-certificate does not establish reversal
2026_all5mer	5mers_A_RNA_sparse_seq_04	fixed	observed	0.5	0.9	-0.060118559165925664	-0.05845648913688946	CERTIFIED_DECREASE	Sufficient marginal-envelope certificate; non-certificate does not establish reversal
2026_all5mer	5mers_A_RNA_sparse_seq_04	fixed	equal_class	0.5	0.9	-0.056172239232069564	-0.054082533599581935	CERTIFIED_DECREASE	Sufficient marginal-envelope certificate; non-certificate does not establish reversal
2026_all5mer	5mers_A_RNA_sparse_seq_04	variable	observed	0.5	0.9	-0.06136334903133219	-0.058287144347078976	CERTIFIED_DECREASE	Sufficient marginal-envelope certificate; non-certificate does not establish reversal
2026_all5mer	5mers_A_RNA_sparse_seq_04	variable	equal_class	0.5	0.9	-0.057751394812124705	-0.05311179304298131	CERTIFIED_DECREASE	Sufficient marginal-envelope certificate; non-certificate does not establish reversal
2026_all5mer	5mers_A_RNA_sparse_seq_05	fixed	observed	0.5	0.9	-0.052738584894948995	-0.05135081120219012	CERTIFIED_DECREASE	Sufficient marginal-envelope certificate; non-certificate does not establish reversal
2026_all5mer	5mers_A_RNA_sparse_seq_05	fixed	equal_class	0.5	0.9	-0.0540618330980821	-0.052280164304465165	CERTIFIED_DECREASE	Sufficient marginal-envelope certificate; non-certificate does not establish reversal
2026_all5mer	5mers_A_RNA_sparse_seq_05	variable	observed	0.5	0.9	-0.053332588841705525	-0.0512960232626755	CERTIFIED_DECREASE	Sufficient marginal-envelope certificate; non-certificate does not establish reversal
2026_all5mer	5mers_A_RNA_sparse_seq_05	variable	equal_class	0.5	0.9	-0.05476886300683115	-0.051782171905164265	CERTIFIED_DECREASE	Sufficient marginal-envelope certificate; non-certificate does not establish reversal
2026_all5mer	5mers_A_RNA_sparse_seq_06	fixed	observed	0.5	0.9	-0.05354376074390771	-0.05207690999424485	CERTIFIED_DECREASE	Sufficient marginal-envelope certificate; non-certificate does not establish reversal
2026_all5mer	5mers_A_RNA_sparse_seq_06	fixed	equal_class	0.5	0.9	-0.05306016900695318	-0.05141782268286522	CERTIFIED_DECREASE	Sufficient marginal-envelope certificate; non-certificate does not establish reversal
2026_all5mer	5mers_A_RNA_sparse_seq_06	variable	observed	0.5	0.9	-0.05440317335555297	-0.05197814247858751	CERTIFIED_DECREASE	Sufficient marginal-envelope certificate; non-certificate does not establish reversal
2026_all5mer	5mers_A_RNA_sparse_seq_06	variable	equal_class	0.5	0.9	-0.05387112533788754	-0.05118170626349519	CERTIFIED_DECREASE	Sufficient marginal-envelope certificate; non-certificate does not establish reversal
2026_all5mer	5mers_A_RNA_sparse_seq_07	fixed	observed	0.5	0.9	-0.06420056866939447	-0.06257279044138474	CERTIFIED_DECREASE	Sufficient marginal-envelope certificate; non-certificate does not establish reversal
2026_all5mer	5mers_A_RNA_sparse_seq_07	fixed	equal_class	0.5	0.9	-0.06294104173227066	-0.06101829188875225	CERTIFIED_DECREASE	Sufficient marginal-envelope certificate; non-certificate does not establish reversal
2026_all5mer	5mers_A_RNA_sparse_seq_07	variable	observed	0.5	0.9	-0.06527207874795521	-0.06245148736639125	CERTIFIED_DECREASE	Sufficient marginal-envelope certificate; non-certificate does not establish reversal
2026_all5mer	5mers_A_RNA_sparse_seq_07	variable	equal_class	0.5	0.9	-0.06412659585234566	-0.06053780920769153	CERTIFIED_DECREASE	Sufficient marginal-envelope certificate; non-certificate does not establish reversal
2026_all5mer	5mers_A_RNA_sparse_seq_08	fixed	observed	0.5	0.9	-0.05109199959221523	-0.049755836292915766	CERTIFIED_DECREASE	Sufficient marginal-envelope certificate; non-certificate does not establish reversal
2026_all5mer	5mers_A_RNA_sparse_seq_08	fixed	equal_class	0.5	0.9	-0.055898913836475425	-0.054154681110306316	CERTIFIED_DECREASE	Sufficient marginal-envelope certificate; non-certificate does not establish reversal
2026_all5mer	5mers_A_RNA_sparse_seq_08	variable	observed	0.5	0.9	-0.05187457085432235	-0.04969621910640887	CERTIFIED_DECREASE	Sufficient marginal-envelope certificate; non-certificate does not establish reversal
2026_all5mer	5mers_A_RNA_sparse_seq_08	variable	equal_class	0.5	0.9	-0.05675065640485635	-0.05376446160167886	CERTIFIED_DECREASE	Sufficient marginal-envelope certificate; non-certificate does not establish reversal
2026_all5mer	5mers_A_RNA_sparse_seq_09	fixed	observed	0.5	0.9	-0.05811585465632032	-0.0565665329569605	CERTIFIED_DECREASE	Sufficient marginal-envelope certificate; non-certificate does not establish reversal
2026_all5mer	5mers_A_RNA_sparse_seq_09	fixed	equal_class	0.5	0.9	-0.05636337656815902	-0.054720206937870684	CERTIFIED_DECREASE	Sufficient marginal-envelope certificate; non-certificate does not establish reversal
2026_all5mer	5mers_A_RNA_sparse_seq_09	variable	observed	0.5	0.9	-0.05912952878120102	-0.05646135995073942	CERTIFIED_DECREASE	Sufficient marginal-envelope certificate; non-certificate does not establish reversal
2026_all5mer	5mers_A_RNA_sparse_seq_09	variable	equal_class	0.5	0.9	-0.05712172901404535	-0.054577929633593404	CERTIFIED_DECREASE	Sufficient marginal-envelope certificate; non-certificate does not establish reversal
2026_all5mer	5mers_A_RNA_sparse_seq_10	fixed	observed	0.5	0.9	-0.04640241069851064	-0.04520499590465738	CERTIFIED_DECREASE	Sufficient marginal-envelope certificate; non-certificate does not establish reversal
2026_all5mer	5mers_A_RNA_sparse_seq_10	fixed	equal_class	0.5	0.9	-0.052263769370391205	-0.050565023320970036	CERTIFIED_DECREASE	Sufficient marginal-envelope certificate; non-certificate does not establish reversal
2026_all5mer	5mers_A_RNA_sparse_seq_10	variable	observed	0.5	0.9	-0.046848354411698975	-0.045189930068881924	CERTIFIED_DECREASE	Sufficient marginal-envelope certificate; non-certificate does not establish reversal
2026_all5mer	5mers_A_RNA_sparse_seq_10	variable	equal_class	0.5	0.9	-0.0530235738967291	-0.050169088963715296	CERTIFIED_DECREASE	Sufficient marginal-envelope certificate; non-certificate does not establish reversal
2026_all5mer	5mers_A_RNA_sparse_seq_11	fixed	observed	0.5	0.9	-0.04819800756854963	-0.046851441763109986	CERTIFIED_DECREASE	Sufficient marginal-envelope certificate; non-certificate does not establish reversal
2026_all5mer	5mers_A_RNA_sparse_seq_11	fixed	equal_class	0.5	0.9	-0.05124669751873783	-0.04964491404980401	CERTIFIED_DECREASE	Sufficient marginal-envelope certificate; non-certificate does not establish reversal
2026_all5mer	5mers_A_RNA_sparse_seq_11	variable	observed	0.5	0.9	-0.048981117980150715	-0.04678450917163941	CERTIFIED_DECREASE	Sufficient marginal-envelope certificate; non-certificate does not establish reversal
2026_all5mer	5mers_A_RNA_sparse_seq_11	variable	equal_class	0.5	0.9	-0.05225880561449508	-0.049421306551660917	CERTIFIED_DECREASE	Sufficient marginal-envelope certificate; non-certificate does not establish reversal
2026_all5mer	5mers_A_RNA_sparse_seq_12	fixed	observed	0.5	0.9	-0.05682112773940787	-0.05527702185283602	CERTIFIED_DECREASE	Sufficient marginal-envelope certificate; non-certificate does not establish reversal
2026_all5mer	5mers_A_RNA_sparse_seq_12	fixed	equal_class	0.5	0.9	-0.056929261646937894	-0.05494612057152756	CERTIFIED_DECREASE	Sufficient marginal-envelope certificate; non-certificate does not establish reversal
2026_all5mer	5mers_A_RNA_sparse_seq_12	variable	observed	0.5	0.9	-0.057686862292163806	-0.05517124916254802	CERTIFIED_DECREASE	Sufficient marginal-envelope certificate; non-certificate does not establish reversal
2026_all5mer	5mers_A_RNA_sparse_seq_12	variable	equal_class	0.5	0.9	-0.05811281360978682	-0.05425880726745267	CERTIFIED_DECREASE	Sufficient marginal-envelope certificate; non-certificate does not establish reversal
2026_all5mer	5mers_A_RNA_sparse_seq_13	fixed	observed	0.5	0.9	-0.048733578651228085	-0.047491968606806254	CERTIFIED_DECREASE	Sufficient marginal-envelope certificate; non-certificate does not establish reversal
2026_all5mer	5mers_A_RNA_sparse_seq_13	fixed	equal_class	0.5	0.9	-0.05159566513480527	-0.0498712909429644	CERTIFIED_DECREASE	Sufficient marginal-envelope certificate; non-certificate does not establish reversal
2026_all5mer	5mers_A_RNA_sparse_seq_13	variable	observed	0.5	0.9	-0.049561495935252886	-0.047454378976412165	CERTIFIED_DECREASE	Sufficient marginal-envelope certificate; non-certificate does not establish reversal
2026_all5mer	5mers_A_RNA_sparse_seq_13	variable	equal_class	0.5	0.9	-0.05239087172089787	-0.049391607003982894	CERTIFIED_DECREASE	Sufficient marginal-envelope certificate; non-certificate does not establish reversal
2026_all5mer	5mers_A_RNA_sparse_seq_14	fixed	observed	0.5	0.9	-0.0508443168671232	-0.04952278309172964	CERTIFIED_DECREASE	Sufficient marginal-envelope certificate; non-certificate does not establish reversal
2026_all5mer	5mers_A_RNA_sparse_seq_14	fixed	equal_class	0.5	0.9	-0.05225156140492024	-0.05066151230024659	CERTIFIED_DECREASE	Sufficient marginal-envelope certificate; non-certificate does not establish reversal
2026_all5mer	5mers_A_RNA_sparse_seq_14	variable	observed	0.5	0.9	-0.051449574556580085	-0.049479883001204955	CERTIFIED_DECREASE	Sufficient marginal-envelope certificate; non-certificate does not establish reversal
2026_all5mer	5mers_A_RNA_sparse_seq_14	variable	equal_class	0.5	0.9	-0.05304661698498722	-0.05043732247461189	CERTIFIED_DECREASE	Sufficient marginal-envelope certificate; non-certificate does not establish reversal
2026_all5mer	5mers_A_RNA_sparse_seq_15	fixed	observed	0.5	0.9	-0.07134166213859405	-0.06932739416734968	CERTIFIED_DECREASE	Sufficient marginal-envelope certificate; non-certificate does not establish reversal
2026_all5mer	5mers_A_RNA_sparse_seq_15	fixed	equal_class	0.5	0.9	-0.06955487930100003	-0.0673024983128635	CERTIFIED_DECREASE	Sufficient marginal-envelope certificate; non-certificate does not establish reversal
2026_all5mer	5mers_A_RNA_sparse_seq_15	variable	observed	0.5	0.9	-0.0728873821493006	-0.06901924061582237	CERTIFIED_DECREASE	Sufficient marginal-envelope certificate; non-certificate does not establish reversal
2026_all5mer	5mers_A_RNA_sparse_seq_15	variable	equal_class	0.5	0.9	-0.07136246503990404	-0.06651172281896624	CERTIFIED_DECREASE	Sufficient marginal-envelope certificate; non-certificate does not establish reversal
2026_all5mer	5mers_A_RNA_sparse_seq_16	fixed	observed	0.5	0.9	-0.0597423042754447	-0.058051380393643756	CERTIFIED_DECREASE	Sufficient marginal-envelope certificate; non-certificate does not establish reversal
2026_all5mer	5mers_A_RNA_sparse_seq_16	fixed	equal_class	0.5	0.9	-0.0604469613533439	-0.05858541358284916	CERTIFIED_DECREASE	Sufficient marginal-envelope certificate; non-certificate does not establish reversal
2026_all5mer	5mers_A_RNA_sparse_seq_16	variable	observed	0.5	0.9	-0.06071516792728972	-0.057887592871319886	CERTIFIED_DECREASE	Sufficient marginal-envelope certificate; non-certificate does not establish reversal
2026_all5mer	5mers_A_RNA_sparse_seq_16	variable	equal_class	0.5	0.9	-0.06142731789441043	-0.058257295262268194	CERTIFIED_DECREASE	Sufficient marginal-envelope certificate; non-certificate does not establish reversal
2026_all5mer	5mers_A_RNA_sparse_seq_17	fixed	observed	0.5	0.9	-0.042598012095303936	-0.0414306410529968	CERTIFIED_DECREASE	Sufficient marginal-envelope certificate; non-certificate does not establish reversal
2026_all5mer	5mers_A_RNA_sparse_seq_17	fixed	equal_class	0.5	0.9	-0.044824584499737294	-0.04344161777179161	CERTIFIED_DECREASE	Sufficient marginal-envelope certificate; non-certificate does not establish reversal
2026_all5mer	5mers_A_RNA_sparse_seq_17	variable	observed	0.5	0.9	-0.043214814690101216	-0.041396865691734466	CERTIFIED_DECREASE	Sufficient marginal-envelope certificate; non-certificate does not establish reversal
2026_all5mer	5mers_A_RNA_sparse_seq_17	variable	equal_class	0.5	0.9	-0.04550141144220119	-0.04330739448431568	CERTIFIED_DECREASE	Sufficient marginal-envelope certificate; non-certificate does not establish reversal
2026_all5mer	5mers_A_RNA_sparse_seq_18	fixed	observed	0.5	0.9	-0.04736457378113563	-0.04608794643358231	CERTIFIED_DECREASE	Sufficient marginal-envelope certificate; non-certificate does not establish reversal
2026_all5mer	5mers_A_RNA_sparse_seq_18	fixed	equal_class	0.5	0.9	-0.051908503339069	-0.050170332844210755	CERTIFIED_DECREASE	Sufficient marginal-envelope certificate; non-certificate does not establish reversal
2026_all5mer	5mers_A_RNA_sparse_seq_18	variable	observed	0.5	0.9	-0.04826872437358209	-0.046042034001737855	CERTIFIED_DECREASE	Sufficient marginal-envelope certificate; non-certificate does not establish reversal
2026_all5mer	5mers_A_RNA_sparse_seq_18	variable	equal_class	0.5	0.9	-0.05326470936831062	-0.04965617902634894	CERTIFIED_DECREASE	Sufficient marginal-envelope certificate; non-certificate does not establish reversal
2026_all5mer	5mers_A_RNA_sparse_seq_19	fixed	observed	0.5	0.9	-0.052351775320413615	-0.05108743421692331	CERTIFIED_DECREASE	Sufficient marginal-envelope certificate; non-certificate does not establish reversal
2026_all5mer	5mers_A_RNA_sparse_seq_19	fixed	equal_class	0.5	0.9	-0.05341568196535699	-0.051769641533679606	CERTIFIED_DECREASE	Sufficient marginal-envelope certificate; non-certificate does not establish reversal
2026_all5mer	5mers_A_RNA_sparse_seq_19	variable	observed	0.5	0.9	-0.05308952584608697	-0.05105233343489533	CERTIFIED_DECREASE	Sufficient marginal-envelope certificate; non-certificate does not establish reversal
2026_all5mer	5mers_A_RNA_sparse_seq_19	variable	equal_class	0.5	0.9	-0.0543403663261603	-0.05148783064737373	CERTIFIED_DECREASE	Sufficient marginal-envelope certificate; non-certificate does not establish reversal
2026_all5mer	5mers_A_RNA_sparse_seq_20	fixed	observed	0.5	0.9	-0.06309026660804462	-0.061242524383105665	CERTIFIED_DECREASE	Sufficient marginal-envelope certificate; non-certificate does not establish reversal
2026_all5mer	5mers_A_RNA_sparse_seq_20	fixed	equal_class	0.5	0.9	-0.05523653502524831	-0.05294703297194761	CERTIFIED_DECREASE	Sufficient marginal-envelope certificate; non-certificate does not establish reversal
2026_all5mer	5mers_A_RNA_sparse_seq_20	variable	observed	0.5	0.9	-0.06437366166012773	-0.06098734983101492	CERTIFIED_DECREASE	Sufficient marginal-envelope certificate; non-certificate does not establish reversal
2026_all5mer	5mers_A_RNA_sparse_seq_20	variable	equal_class	0.5	0.9	-0.05675932318540854	-0.051629059780980216	CERTIFIED_DECREASE	Sufficient marginal-envelope certificate; non-certificate does not establish reversal
2026_all5mer	5mers_A_RNA_sparse_seq_21	fixed	observed	0.5	0.9	-0.04867994849327721	-0.04736559962932042	CERTIFIED_DECREASE	Sufficient marginal-envelope certificate; non-certificate does not establish reversal
2026_all5mer	5mers_A_RNA_sparse_seq_21	fixed	equal_class	0.5	0.9	-0.05175908361085884	-0.05007553126952441	CERTIFIED_DECREASE	Sufficient marginal-envelope certificate; non-certificate does not establish reversal
2026_all5mer	5mers_A_RNA_sparse_seq_21	variable	observed	0.5	0.9	-0.04940831877796545	-0.04730984811119705	CERTIFIED_DECREASE	Sufficient marginal-envelope certificate; non-certificate does not establish reversal
2026_all5mer	5mers_A_RNA_sparse_seq_21	variable	equal_class	0.5	0.9	-0.05253343305133694	-0.04970725022760024	CERTIFIED_DECREASE	Sufficient marginal-envelope certificate; non-certificate does not establish reversal
2026_all5mer	5mers_A_RNA_sparse_seq_22	fixed	observed	0.5	0.9	-0.0737996846336082	-0.07159893127659464	CERTIFIED_DECREASE	Sufficient marginal-envelope certificate; non-certificate does not establish reversal
2026_all5mer	5mers_A_RNA_sparse_seq_22	fixed	equal_class	0.5	0.9	-0.07094526854681675	-0.06857767149075722	CERTIFIED_DECREASE	Sufficient marginal-envelope certificate; non-certificate does not establish reversal
2026_all5mer	5mers_A_RNA_sparse_seq_22	variable	observed	0.5	0.9	-0.07559927717631601	-0.07117273168446578	CERTIFIED_DECREASE	Sufficient marginal-envelope certificate; non-certificate does not establish reversal
2026_all5mer	5mers_A_RNA_sparse_seq_22	variable	equal_class	0.5	0.9	-0.07280790535563299	-0.06780311244819623	CERTIFIED_DECREASE	Sufficient marginal-envelope certificate; non-certificate does not establish reversal
2026_all5mer	5mers_A_RNA_sparse_seq_23	fixed	observed	0.5	0.9	-0.06709477450944255	-0.06530761599344947	CERTIFIED_DECREASE	Sufficient marginal-envelope certificate; non-certificate does not establish reversal
2026_all5mer	5mers_A_RNA_sparse_seq_23	fixed	equal_class	0.5	0.9	-0.06415398792575841	-0.061990483687176745	CERTIFIED_DECREASE	Sufficient marginal-envelope certificate; non-certificate does not establish reversal
2026_all5mer	5mers_A_RNA_sparse_seq_23	variable	observed	0.5	0.9	-0.06818653969817948	-0.06513956229045728	CERTIFIED_DECREASE	Sufficient marginal-envelope certificate; non-certificate does not establish reversal
2026_all5mer	5mers_A_RNA_sparse_seq_23	variable	equal_class	0.5	0.9	-0.06562309029929439	-0.061010564692654035	CERTIFIED_DECREASE	Sufficient marginal-envelope certificate; non-certificate does not establish reversal
2026_all5mer	5mers_A_RNA_sparse_seq_24	fixed	observed	0.5	0.9	-0.058308504805729244	-0.05675382063432469	CERTIFIED_DECREASE	Sufficient marginal-envelope certificate; non-certificate does not establish reversal
2026_all5mer	5mers_A_RNA_sparse_seq_24	fixed	equal_class	0.5	0.9	-0.06033225908430164	-0.058364590817816225	CERTIFIED_DECREASE	Sufficient marginal-envelope certificate; non-certificate does not establish reversal
2026_all5mer	5mers_A_RNA_sparse_seq_24	variable	observed	0.5	0.9	-0.05930262992300794	-0.056655641153457774	CERTIFIED_DECREASE	Sufficient marginal-envelope certificate; non-certificate does not establish reversal
2026_all5mer	5mers_A_RNA_sparse_seq_24	variable	equal_class	0.5	0.9	-0.061709500639793725	-0.05770450872604548	CERTIFIED_DECREASE	Sufficient marginal-envelope certificate; non-certificate does not establish reversal
2026_all5mer	5mers_A_RNA_sparse_seq_25	fixed	observed	0.5	0.9	-0.06206261615343561	-0.06036426755643909	CERTIFIED_DECREASE	Sufficient marginal-envelope certificate; non-certificate does not establish reversal
2026_all5mer	5mers_A_RNA_sparse_seq_25	fixed	equal_class	0.5	0.9	-0.062134353831064935	-0.060155864185003016	CERTIFIED_DECREASE	Sufficient marginal-envelope certificate; non-certificate does not establish reversal
2026_all5mer	5mers_A_RNA_sparse_seq_25	variable	observed	0.5	0.9	-0.06343042628470064	-0.06019732277419958	CERTIFIED_DECREASE	Sufficient marginal-envelope certificate; non-certificate does not establish reversal
2026_all5mer	5mers_A_RNA_sparse_seq_25	variable	equal_class	0.5	0.9	-0.0634332120712055	-0.059678352336523355	CERTIFIED_DECREASE	Sufficient marginal-envelope certificate; non-certificate does not establish reversal
2026_all5mer	5mers_A_RNA_sparse_seq_26	fixed	observed	0.5	0.9	-0.059240914011835163	-0.057712138988992315	CERTIFIED_DECREASE	Sufficient marginal-envelope certificate; non-certificate does not establish reversal
2026_all5mer	5mers_A_RNA_sparse_seq_26	fixed	equal_class	0.5	0.9	-0.06048561688843694	-0.05871876907633641	CERTIFIED_DECREASE	Sufficient marginal-envelope certificate; non-certificate does not establish reversal
2026_all5mer	5mers_A_RNA_sparse_seq_26	variable	observed	0.5	0.9	-0.05988365396003557	-0.05763761301142442	CERTIFIED_DECREASE	Sufficient marginal-envelope certificate; non-certificate does not establish reversal
2026_all5mer	5mers_A_RNA_sparse_seq_26	variable	equal_class	0.5	0.9	-0.061161231030684216	-0.05847054240926783	CERTIFIED_DECREASE	Sufficient marginal-envelope certificate; non-certificate does not establish reversal
2026_all5mer	5mers_A_RNA_sparse_seq_27	fixed	observed	0.5	0.9	-0.0493570440367848	-0.04805557012262948	CERTIFIED_DECREASE	Sufficient marginal-envelope certificate; non-certificate does not establish reversal
2026_all5mer	5mers_A_RNA_sparse_seq_27	fixed	equal_class	0.5	0.9	-0.05227067141560269	-0.05060397790198665	CERTIFIED_DECREASE	Sufficient marginal-envelope certificate; non-certificate does not establish reversal
2026_all5mer	5mers_A_RNA_sparse_seq_27	variable	observed	0.5	0.9	-0.05017607019906363	-0.04800801792222103	CERTIFIED_DECREASE	Sufficient marginal-envelope certificate; non-certificate does not establish reversal
2026_all5mer	5mers_A_RNA_sparse_seq_27	variable	equal_class	0.5	0.9	-0.053059676465686614	-0.05027883026792973	CERTIFIED_DECREASE	Sufficient marginal-envelope certificate; non-certificate does not establish reversal
2026_all5mer	5mers_A_RNA_sparse_seq_28	fixed	observed	0.5	0.9	-0.04631817951703136	-0.04493706430874632	CERTIFIED_DECREASE	Sufficient marginal-envelope certificate; non-certificate does not establish reversal
2026_all5mer	5mers_A_RNA_sparse_seq_28	fixed	equal_class	0.5	0.9	-0.04860121514332663	-0.04708825326109893	CERTIFIED_DECREASE	Sufficient marginal-envelope certificate; non-certificate does not establish reversal
2026_all5mer	5mers_A_RNA_sparse_seq_28	variable	observed	0.5	0.9	-0.04726425177008204	-0.04483022453163566	CERTIFIED_DECREASE	Sufficient marginal-envelope certificate; non-certificate does not establish reversal
2026_all5mer	5mers_A_RNA_sparse_seq_28	variable	equal_class	0.5	0.9	-0.04925887056984398	-0.046993888712290176	CERTIFIED_DECREASE	Sufficient marginal-envelope certificate; non-certificate does not establish reversal
2026_all5mer	5mers_A_RNA_sparse_seq_29	fixed	observed	0.5	0.9	-0.04183273309407552	-0.040709566184600324	CERTIFIED_DECREASE	Sufficient marginal-envelope certificate; non-certificate does not establish reversal
2026_all5mer	5mers_A_RNA_sparse_seq_29	fixed	equal_class	0.5	0.9	-0.047328764526910726	-0.04565335513850326	CERTIFIED_DECREASE	Sufficient marginal-envelope certificate; non-certificate does not establish reversal
2026_all5mer	5mers_A_RNA_sparse_seq_29	variable	observed	0.5	0.9	-0.04249431729123014	-0.04068953205032005	CERTIFIED_DECREASE	Sufficient marginal-envelope certificate; non-certificate does not establish reversal
2026_all5mer	5mers_A_RNA_sparse_seq_29	variable	equal_class	0.5	0.9	-0.048423171893709135	-0.04512970146628388	CERTIFIED_DECREASE	Sufficient marginal-envelope certificate; non-certificate does not establish reversal
2026_all5mer	5mers_A_RNA_sparse_seq_30	fixed	observed	0.5	0.9	-0.06234930793647911	-0.060579558774377915	CERTIFIED_DECREASE	Sufficient marginal-envelope certificate; non-certificate does not establish reversal
2026_all5mer	5mers_A_RNA_sparse_seq_30	fixed	equal_class	0.5	0.9	-0.059398507593254726	-0.05761869559256426	CERTIFIED_DECREASE	Sufficient marginal-envelope certificate; non-certificate does not establish reversal
2026_all5mer	5mers_A_RNA_sparse_seq_30	variable	observed	0.5	0.9	-0.06344907970118384	-0.06037979669321693	CERTIFIED_DECREASE	Sufficient marginal-envelope certificate; non-certificate does not establish reversal
2026_all5mer	5mers_A_RNA_sparse_seq_30	variable	equal_class	0.5	0.9	-0.06019733341299738	-0.05744537936824178	CERTIFIED_DECREASE	Sufficient marginal-envelope certificate; non-certificate does not establish reversal
2026_all5mer	5mers_A_RNA_sparse_seq_31	fixed	observed	0.5	0.9	-0.042972861997447	-0.041787232707002714	CERTIFIED_DECREASE	Sufficient marginal-envelope certificate; non-certificate does not establish reversal
2026_all5mer	5mers_A_RNA_sparse_seq_31	fixed	equal_class	0.5	0.9	-0.049999455954336455	-0.048366008036758196	CERTIFIED_DECREASE	Sufficient marginal-envelope certificate; non-certificate does not establish reversal
2026_all5mer	5mers_A_RNA_sparse_seq_31	variable	observed	0.5	0.9	-0.0435022267146498	-0.041752616549125536	CERTIFIED_DECREASE	Sufficient marginal-envelope certificate; non-certificate does not establish reversal
2026_all5mer	5mers_A_RNA_sparse_seq_31	variable	equal_class	0.5	0.9	-0.05060585377127592	-0.048069596699925096	CERTIFIED_DECREASE	Sufficient marginal-envelope certificate; non-certificate does not establish reversal
2026_all5mer	5mers_A_RNA_sparse_seq_32	fixed	observed	0.5	0.9	-0.06749590401699702	-0.06565673838356616	CERTIFIED_DECREASE	Sufficient marginal-envelope certificate; non-certificate does not establish reversal
2026_all5mer	5mers_A_RNA_sparse_seq_32	fixed	equal_class	0.5	0.9	-0.06432333296306637	-0.06220054469306808	CERTIFIED_DECREASE	Sufficient marginal-envelope certificate; non-certificate does not establish reversal
2026_all5mer	5mers_A_RNA_sparse_seq_32	variable	observed	0.5	0.9	-0.068756015499462	-0.06546026832961563	CERTIFIED_DECREASE	Sufficient marginal-envelope certificate; non-certificate does not establish reversal
2026_all5mer	5mers_A_RNA_sparse_seq_32	variable	equal_class	0.5	0.9	-0.06568823015034968	-0.06143508061316148	CERTIFIED_DECREASE	Sufficient marginal-envelope certificate; non-certificate does not establish reversal
2026_all5mer	ALL	fixed	observed	0.5	0.9	-0.0559091239056469	-0.05440221243187646	CERTIFIED_DECREASE	Sufficient marginal-envelope certificate; non-certificate does not establish reversal
2026_all5mer	ALL	fixed	equal_class	0.5	0.9	-0.05694499272290569	-0.05512834038889459	CERTIFIED_DECREASE	Sufficient marginal-envelope certificate; non-certificate does not establish reversal
2026_all5mer	ALL	variable	observed	0.5	0.9	-0.05683613074785527	-0.05430205148624306	CERTIFIED_DECREASE	Sufficient marginal-envelope certificate; non-certificate does not establish reversal
2026_all5mer	ALL	variable	equal_class	0.5	0.9	-0.057986656049679945	-0.054706598393860786	CERTIFIED_DECREASE	Sufficient marginal-envelope certificate; non-certificate does not establish reversal
2026_all5mer	FIXED_ALL_CONSTRUCTS	fixed	equal_construct_class	0.5	0.9	-0.05607605736929276	-0.05425875669812647	CERTIFIED_DECREASE	Fixed original K; sufficient certificate only
2026_all5mer	FIXED_ALL_CONSTRUCTS	variable	equal_construct_class	0.5	0.9	-0.05712743390736555	-0.05379557992984769	CERTIFIED_DECREASE	Fixed original K; sufficient certificate only
2026_all5mer	5mers_A_RNA_sparse_seq_01	fixed	observed	0.5	0.95	-0.058945062932230397	-0.057710859963895335	CERTIFIED_DECREASE	Sufficient marginal-envelope certificate; non-certificate does not establish reversal
2026_all5mer	5mers_A_RNA_sparse_seq_01	fixed	equal_class	0.5	0.95	-0.05487264272508831	-0.053407016017084294	CERTIFIED_DECREASE	Sufficient marginal-envelope certificate; non-certificate does not establish reversal
2026_all5mer	5mers_A_RNA_sparse_seq_01	variable	observed	0.5	0.95	-0.060360545314779725	-0.057535703646731655	CERTIFIED_DECREASE	Sufficient marginal-envelope certificate; non-certificate does not establish reversal
2026_all5mer	5mers_A_RNA_sparse_seq_01	variable	equal_class	0.5	0.95	-0.05643677945716266	-0.05130893575845061	CERTIFIED_DECREASE	Sufficient marginal-envelope certificate; non-certificate does not establish reversal
2026_all5mer	5mers_A_RNA_sparse_seq_02	fixed	observed	0.5	0.95	-0.07734226746507145	-0.07588590937660718	CERTIFIED_DECREASE	Sufficient marginal-envelope certificate; non-certificate does not establish reversal
2026_all5mer	5mers_A_RNA_sparse_seq_02	fixed	equal_class	0.5	0.95	-0.06968029655968946	-0.06807631338805814	CERTIFIED_DECREASE	Sufficient marginal-envelope certificate; non-certificate does not establish reversal
2026_all5mer	5mers_A_RNA_sparse_seq_02	variable	observed	0.5	0.95	-0.07895428365488308	-0.07572388501602309	CERTIFIED_DECREASE	Sufficient marginal-envelope certificate; non-certificate does not establish reversal
2026_all5mer	5mers_A_RNA_sparse_seq_02	variable	equal_class	0.5	0.95	-0.07124544659788316	-0.06647104151132611	CERTIFIED_DECREASE	Sufficient marginal-envelope certificate; non-certificate does not establish reversal
2026_all5mer	5mers_A_RNA_sparse_seq_03	fixed	observed	0.5	0.95	-0.06361065355053162	-0.062362830464044096	CERTIFIED_DECREASE	Sufficient marginal-envelope certificate; non-certificate does not establish reversal
2026_all5mer	5mers_A_RNA_sparse_seq_03	fixed	equal_class	0.5	0.95	-0.054488614384128456	-0.052822259154036114	CERTIFIED_DECREASE	Sufficient marginal-envelope certificate; non-certificate does not establish reversal
2026_all5mer	5mers_A_RNA_sparse_seq_03	variable	observed	0.5	0.95	-0.06488186043145662	-0.0622519750203167	CERTIFIED_DECREASE	Sufficient marginal-envelope certificate; non-certificate does not establish reversal
2026_all5mer	5mers_A_RNA_sparse_seq_03	variable	equal_class	0.5	0.95	-0.05746124454390811	-0.04553452907008583	CERTIFIED_DECREASE	Sufficient marginal-envelope certificate; non-certificate does not establish reversal
2026_all5mer	5mers_A_RNA_sparse_seq_04	fixed	observed	0.5	0.95	-0.07573336239206133	-0.07428656550194371	CERTIFIED_DECREASE	Sufficient marginal-envelope certificate; non-certificate does not establish reversal
2026_all5mer	5mers_A_RNA_sparse_seq_04	fixed	equal_class	0.5	0.95	-0.04975922172351296	-0.047755649992493716	CERTIFIED_DECREASE	Sufficient marginal-envelope certificate; non-certificate does not establish reversal
2026_all5mer	5mers_A_RNA_sparse_seq_04	variable	observed	0.5	0.95	-0.0774958053606801	-0.07405642018444127	CERTIFIED_DECREASE	Sufficient marginal-envelope certificate; non-certificate does not establish reversal
2026_all5mer	5mers_A_RNA_sparse_seq_04	variable	equal_class	0.5	0.95	-0.05389882758357199	-0.035955900058847814	CERTIFIED_DECREASE	Sufficient marginal-envelope certificate; non-certificate does not establish reversal
2026_all5mer	5mers_A_RNA_sparse_seq_05	fixed	observed	0.5	0.95	-0.06290901234501843	-0.06168404529617529	CERTIFIED_DECREASE	Sufficient marginal-envelope certificate; non-certificate does not establish reversal
2026_all5mer	5mers_A_RNA_sparse_seq_05	fixed	equal_class	0.5	0.95	-0.055666910998167375	-0.054033118784197545	CERTIFIED_DECREASE	Sufficient marginal-envelope certificate; non-certificate does not establish reversal
2026_all5mer	5mers_A_RNA_sparse_seq_05	variable	observed	0.5	0.95	-0.06368347279649875	-0.06160578127703419	CERTIFIED_DECREASE	Sufficient marginal-envelope certificate; non-certificate does not establish reversal
2026_all5mer	5mers_A_RNA_sparse_seq_05	variable	equal_class	0.5	0.95	-0.0573049697863882	-0.04891096518173596	CERTIFIED_DECREASE	Sufficient marginal-envelope certificate; non-certificate does not establish reversal
2026_all5mer	5mers_A_RNA_sparse_seq_06	fixed	observed	0.5	0.95	-0.06616156520113058	-0.06487447061720253	CERTIFIED_DECREASE	Sufficient marginal-envelope certificate; non-certificate does not establish reversal
2026_all5mer	5mers_A_RNA_sparse_seq_06	fixed	equal_class	0.5	0.95	-0.06257573133278926	-0.061128637999179176	CERTIFIED_DECREASE	Sufficient marginal-envelope certificate; non-certificate does not establish reversal
2026_all5mer	5mers_A_RNA_sparse_seq_06	variable	observed	0.5	0.95	-0.0675645499876382	-0.06473643363583605	CERTIFIED_DECREASE	Sufficient marginal-envelope certificate; non-certificate does not establish reversal
2026_all5mer	5mers_A_RNA_sparse_seq_06	variable	equal_class	0.5	0.95	-0.06420008330900881	-0.060086090063061426	CERTIFIED_DECREASE	Sufficient marginal-envelope certificate; non-certificate does not establish reversal
2026_all5mer	5mers_A_RNA_sparse_seq_07	fixed	observed	0.5	0.95	-0.07869774245527353	-0.07727413955718221	CERTIFIED_DECREASE	Sufficient marginal-envelope certificate; non-certificate does not establish reversal
2026_all5mer	5mers_A_RNA_sparse_seq_07	fixed	equal_class	0.5	0.95	-0.06438259625182896	-0.06261529769012851	CERTIFIED_DECREASE	Sufficient marginal-envelope certificate; non-certificate does not establish reversal
2026_all5mer	5mers_A_RNA_sparse_seq_07	variable	observed	0.5	0.95	-0.08046455127582142	-0.07714655092546197	CERTIFIED_DECREASE	Sufficient marginal-envelope certificate; non-certificate does not establish reversal
2026_all5mer	5mers_A_RNA_sparse_seq_07	variable	equal_class	0.5	0.95	-0.06688381788204066	-0.05559893325256411	CERTIFIED_DECREASE	Sufficient marginal-envelope certificate; non-certificate does not establish reversal
2026_all5mer	5mers_A_RNA_sparse_seq_08	fixed	observed	0.5	0.95	-0.06303997109653302	-0.06187072031926884	CERTIFIED_DECREASE	Sufficient marginal-envelope certificate; non-certificate does not establish reversal
2026_all5mer	5mers_A_RNA_sparse_seq_08	fixed	equal_class	0.5	0.95	-0.06153250399007901	-0.05996103112094324	CERTIFIED_DECREASE	Sufficient marginal-envelope certificate; non-certificate does not establish reversal
2026_all5mer	5mers_A_RNA_sparse_seq_08	variable	observed	0.5	0.95	-0.06437322196754125	-0.06180042863664177	CERTIFIED_DECREASE	Sufficient marginal-envelope certificate; non-certificate does not establish reversal
2026_all5mer	5mers_A_RNA_sparse_seq_08	variable	equal_class	0.5	0.95	-0.06362203518906595	-0.056991999429990794	CERTIFIED_DECREASE	Sufficient marginal-envelope certificate; non-certificate does not establish reversal
2026_all5mer	5mers_A_RNA_sparse_seq_09	fixed	observed	0.5	0.95	-0.07214656369817002	-0.07079070608580071	CERTIFIED_DECREASE	Sufficient marginal-envelope certificate; non-certificate does not establish reversal
2026_all5mer	5mers_A_RNA_sparse_seq_09	fixed	equal_class	0.5	0.95	-0.06609182594899088	-0.06463885193032592	CERTIFIED_DECREASE	Sufficient marginal-envelope certificate; non-certificate does not establish reversal
2026_all5mer	5mers_A_RNA_sparse_seq_09	variable	observed	0.5	0.95	-0.07376997291410527	-0.07066151067389066	CERTIFIED_DECREASE	Sufficient marginal-envelope certificate; non-certificate does not establish reversal
2026_all5mer	5mers_A_RNA_sparse_seq_09	variable	equal_class	0.5	0.95	-0.06743630510581282	-0.06391498822999628	CERTIFIED_DECREASE	Sufficient marginal-envelope certificate; non-certificate does not establish reversal
2026_all5mer	5mers_A_RNA_sparse_seq_10	fixed	observed	0.5	0.95	-0.05380134659655645	-0.052732595032996044	CERTIFIED_DECREASE	Sufficient marginal-envelope certificate; non-certificate does not establish reversal
2026_all5mer	5mers_A_RNA_sparse_seq_10	fixed	equal_class	0.5	0.95	-0.045495115696090556	-0.04387155415085531	CERTIFIED_DECREASE	Sufficient marginal-envelope certificate; non-certificate does not establish reversal
2026_all5mer	5mers_A_RNA_sparse_seq_10	variable	observed	0.5	0.95	-0.054484601525858246	-0.05268271220285317	CERTIFIED_DECREASE	Sufficient marginal-envelope certificate; non-certificate does not establish reversal
2026_all5mer	5mers_A_RNA_sparse_seq_10	variable	equal_class	0.5	0.95	-0.04784263397399565	-0.03422505404808356	CERTIFIED_DECREASE	Sufficient marginal-envelope certificate; non-certificate does not establish reversal
2026_all5mer	5mers_A_RNA_sparse_seq_11	fixed	observed	0.5	0.95	-0.058603658488000324	-0.05741487835794331	CERTIFIED_DECREASE	Sufficient marginal-envelope certificate; non-certificate does not establish reversal
2026_all5mer	5mers_A_RNA_sparse_seq_11	fixed	equal_class	0.5	0.95	-0.059362996994536135	-0.057941102648654	CERTIFIED_DECREASE	Sufficient marginal-envelope certificate; non-certificate does not establish reversal
2026_all5mer	5mers_A_RNA_sparse_seq_11	variable	observed	0.5	0.95	-0.059690809683926885	-0.05727022443303302	CERTIFIED_DECREASE	Sufficient marginal-envelope certificate; non-certificate does not establish reversal
2026_all5mer	5mers_A_RNA_sparse_seq_11	variable	equal_class	0.5	0.95	-0.06087130734496363	-0.0566433039409254	CERTIFIED_DECREASE	Sufficient marginal-envelope certificate; non-certificate does not establish reversal
2026_all5mer	5mers_A_RNA_sparse_seq_12	fixed	observed	0.5	0.95	-0.06865391011392694	-0.0672877923238854	CERTIFIED_DECREASE	Sufficient marginal-envelope certificate; non-certificate does not establish reversal
2026_all5mer	5mers_A_RNA_sparse_seq_12	fixed	equal_class	0.5	0.95	-0.05477350242570321	-0.05290935531878229	CERTIFIED_DECREASE	Sufficient marginal-envelope certificate; non-certificate does not establish reversal
2026_all5mer	5mers_A_RNA_sparse_seq_12	variable	observed	0.5	0.95	-0.07053006730879355	-0.06711083924811428	CERTIFIED_DECREASE	Sufficient marginal-envelope certificate; non-certificate does not establish reversal
2026_all5mer	5mers_A_RNA_sparse_seq_12	variable	equal_class	0.5	0.95	-0.05893449407184983	-0.045260213170312605	CERTIFIED_DECREASE	Sufficient marginal-envelope certificate; non-certificate does not establish reversal
2026_all5mer	5mers_A_RNA_sparse_seq_13	fixed	observed	0.5	0.95	-0.058780814841959066	-0.05768328902007347	CERTIFIED_DECREASE	Sufficient marginal-envelope certificate; non-certificate does not establish reversal
2026_all5mer	5mers_A_RNA_sparse_seq_13	fixed	equal_class	0.5	0.95	-0.05309146852266156	-0.05150346402220064	CERTIFIED_DECREASE	Sufficient marginal-envelope certificate; non-certificate does not establish reversal
2026_all5mer	5mers_A_RNA_sparse_seq_13	variable	observed	0.5	0.95	-0.05962479786904859	-0.057626784201312085	CERTIFIED_DECREASE	Sufficient marginal-envelope certificate; non-certificate does not establish reversal
2026_all5mer	5mers_A_RNA_sparse_seq_13	variable	equal_class	0.5	0.95	-0.05517360469716216	-0.046676558888476924	CERTIFIED_DECREASE	Sufficient marginal-envelope certificate; non-certificate does not establish reversal
2026_all5mer	5mers_A_RNA_sparse_seq_14	fixed	observed	0.5	0.95	-0.06081763296060294	-0.05964859039135451	CERTIFIED_DECREASE	Sufficient marginal-envelope certificate; non-certificate does not establish reversal
2026_all5mer	5mers_A_RNA_sparse_seq_14	fixed	equal_class	0.5	0.95	-0.059212986465725405	-0.0577960875744366	CERTIFIED_DECREASE	Sufficient marginal-envelope certificate; non-certificate does not establish reversal
2026_all5mer	5mers_A_RNA_sparse_seq_14	variable	observed	0.5	0.95	-0.061956168603618585	-0.05957872107067945	CERTIFIED_DECREASE	Sufficient marginal-envelope certificate; non-certificate does not establish reversal
2026_all5mer	5mers_A_RNA_sparse_seq_14	variable	equal_class	0.5	0.95	-0.060581788313525294	-0.05648510851837989	CERTIFIED_DECREASE	Sufficient marginal-envelope certificate; non-certificate does not establish reversal
2026_all5mer	5mers_A_RNA_sparse_seq_15	fixed	observed	0.5	0.95	-0.08953379217790375	-0.08777380861008925	CERTIFIED_DECREASE	Sufficient marginal-envelope certificate; non-certificate does not establish reversal
2026_all5mer	5mers_A_RNA_sparse_seq_15	fixed	equal_class	0.5	0.95	-0.07034274298963987	-0.06824404486348973	CERTIFIED_DECREASE	Sufficient marginal-envelope certificate; non-certificate does not establish reversal
2026_all5mer	5mers_A_RNA_sparse_seq_15	variable	observed	0.5	0.95	-0.09201935719953222	-0.08731082819497828	CERTIFIED_DECREASE	Sufficient marginal-envelope certificate; non-certificate does not establish reversal
2026_all5mer	5mers_A_RNA_sparse_seq_15	variable	equal_class	0.5	0.95	-0.07422539799940303	-0.056160180030172493	CERTIFIED_DECREASE	Sufficient marginal-envelope certificate; non-certificate does not establish reversal
2026_all5mer	5mers_A_RNA_sparse_seq_16	fixed	observed	0.5	0.95	-0.0735845144280371	-0.07209635152688545	CERTIFIED_DECREASE	Sufficient marginal-envelope certificate; non-certificate does not establish reversal
2026_all5mer	5mers_A_RNA_sparse_seq_16	fixed	equal_class	0.5	0.95	-0.06991430192932886	-0.06825660440007567	CERTIFIED_DECREASE	Sufficient marginal-envelope certificate; non-certificate does not establish reversal
2026_all5mer	5mers_A_RNA_sparse_seq_16	variable	observed	0.5	0.95	-0.0751750306969452	-0.07184582134522044	CERTIFIED_DECREASE	Sufficient marginal-envelope certificate; non-certificate does not establish reversal
2026_all5mer	5mers_A_RNA_sparse_seq_16	variable	equal_class	0.5	0.95	-0.07179412537131342	-0.06669029058255727	CERTIFIED_DECREASE	Sufficient marginal-envelope certificate; non-certificate does not establish reversal
2026_all5mer	5mers_A_RNA_sparse_seq_17	fixed	observed	0.5	0.95	-0.051171915354561406	-0.0501369000954829	CERTIFIED_DECREASE	Sufficient marginal-envelope certificate; non-certificate does not establish reversal
2026_all5mer	5mers_A_RNA_sparse_seq_17	fixed	equal_class	0.5	0.95	-0.05176504202754342	-0.05053138280075847	CERTIFIED_DECREASE	Sufficient marginal-envelope certificate; non-certificate does not establish reversal
2026_all5mer	5mers_A_RNA_sparse_seq_17	variable	observed	0.5	0.95	-0.05216495266106739	-0.050066407097476166	CERTIFIED_DECREASE	Sufficient marginal-envelope certificate; non-certificate does not establish reversal
2026_all5mer	5mers_A_RNA_sparse_seq_17	variable	equal_class	0.5	0.95	-0.05315057170402798	-0.0499316370410539	CERTIFIED_DECREASE	Sufficient marginal-envelope certificate; non-certificate does not establish reversal
2026_all5mer	5mers_A_RNA_sparse_seq_18	fixed	observed	0.5	0.95	-0.05656673986070849	-0.0554380966717722	CERTIFIED_DECREASE	Sufficient marginal-envelope certificate; non-certificate does not establish reversal
2026_all5mer	5mers_A_RNA_sparse_seq_18	fixed	equal_class	0.5	0.95	-0.052318583994685045	-0.0507138339100502	CERTIFIED_DECREASE	Sufficient marginal-envelope certificate; non-certificate does not establish reversal
2026_all5mer	5mers_A_RNA_sparse_seq_18	variable	observed	0.5	0.95	-0.057347275466032174	-0.05535215466660592	CERTIFIED_DECREASE	Sufficient marginal-envelope certificate; non-certificate does not establish reversal
2026_all5mer	5mers_A_RNA_sparse_seq_18	variable	equal_class	0.5	0.95	-0.054143303853637456	-0.045695749247542106	CERTIFIED_DECREASE	Sufficient marginal-envelope certificate; non-certificate does not establish reversal
2026_all5mer	5mers_A_RNA_sparse_seq_19	fixed	observed	0.5	0.95	-0.06332475483181811	-0.0622081183157525	CERTIFIED_DECREASE	Sufficient marginal-envelope certificate; non-certificate does not establish reversal
2026_all5mer	5mers_A_RNA_sparse_seq_19	fixed	equal_class	0.5	0.95	-0.05941429075994281	-0.057937565463773905	CERTIFIED_DECREASE	Sufficient marginal-envelope certificate; non-certificate does not establish reversal
2026_all5mer	5mers_A_RNA_sparse_seq_19	variable	observed	0.5	0.95	-0.06425193958128153	-0.06217540053643898	CERTIFIED_DECREASE	Sufficient marginal-envelope certificate; non-certificate does not establish reversal
2026_all5mer	5mers_A_RNA_sparse_seq_19	variable	equal_class	0.5	0.95	-0.06050634315550251	-0.05593449706224801	CERTIFIED_DECREASE	Sufficient marginal-envelope certificate; non-certificate does not establish reversal
2026_all5mer	5mers_A_RNA_sparse_seq_20	fixed	observed	0.5	0.95	-0.07910991763452441	-0.07748570708809667	CERTIFIED_DECREASE	Sufficient marginal-envelope certificate; non-certificate does not establish reversal
2026_all5mer	5mers_A_RNA_sparse_seq_20	fixed	equal_class	0.5	0.95	-0.04490663007164014	-0.042673477381077976	CERTIFIED_DECREASE	Sufficient marginal-envelope certificate; non-certificate does not establish reversal
2026_all5mer	5mers_A_RNA_sparse_seq_20	variable	observed	0.5	0.95	-0.08090232287050264	-0.07706443549147113	CERTIFIED_DECREASE	Sufficient marginal-envelope certificate; non-certificate does not establish reversal
2026_all5mer	5mers_A_RNA_sparse_seq_20	variable	equal_class	0.5	0.95	-0.049158452645493726	-0.030291176639050926	CERTIFIED_DECREASE	Sufficient marginal-envelope certificate; non-certificate does not establish reversal
2026_all5mer	5mers_A_RNA_sparse_seq_21	fixed	observed	0.5	0.95	-0.05940558581933375	-0.058252611445491556	CERTIFIED_DECREASE	Sufficient marginal-envelope certificate; non-certificate does not establish reversal
2026_all5mer	5mers_A_RNA_sparse_seq_21	fixed	equal_class	0.5	0.95	-0.05578327902936231	-0.054260826523185424	CERTIFIED_DECREASE	Sufficient marginal-envelope certificate; non-certificate does not establish reversal
2026_all5mer	5mers_A_RNA_sparse_seq_21	variable	observed	0.5	0.95	-0.06067348822243323	-0.058169339608795605	CERTIFIED_DECREASE	Sufficient marginal-envelope certificate; non-certificate does not establish reversal
2026_all5mer	5mers_A_RNA_sparse_seq_21	variable	equal_class	0.5	0.95	-0.05793478623383097	-0.050798558036717886	CERTIFIED_DECREASE	Sufficient marginal-envelope certificate; non-certificate does not establish reversal
2026_all5mer	5mers_A_RNA_sparse_seq_22	fixed	observed	0.5	0.95	-0.09400118268387495	-0.0920843384886102	CERTIFIED_DECREASE	Sufficient marginal-envelope certificate; non-certificate does not establish reversal
2026_all5mer	5mers_A_RNA_sparse_seq_22	fixed	equal_class	0.5	0.95	-0.07586004636801214	-0.07368962337810633	CERTIFIED_DECREASE	Sufficient marginal-envelope certificate; non-certificate does not establish reversal
2026_all5mer	5mers_A_RNA_sparse_seq_22	variable	observed	0.5	0.95	-0.09682543387975567	-0.09139668105261467	CERTIFIED_DECREASE	Sufficient marginal-envelope certificate; non-certificate does not establish reversal
2026_all5mer	5mers_A_RNA_sparse_seq_22	variable	equal_class	0.5	0.95	-0.07952101762208685	-0.06549149110073733	CERTIFIED_DECREASE	Sufficient marginal-envelope certificate; non-certificate does not establish reversal
2026_all5mer	5mers_A_RNA_sparse_seq_23	fixed	observed	0.5	0.95	-0.08100210392890372	-0.07942760908872104	CERTIFIED_DECREASE	Sufficient marginal-envelope certificate; non-certificate does not establish reversal
2026_all5mer	5mers_A_RNA_sparse_seq_23	fixed	equal_class	0.5	0.95	-0.04842578159180175	-0.04628509174163849	CERTIFIED_DECREASE	Sufficient marginal-envelope certificate; non-certificate does not establish reversal
2026_all5mer	5mers_A_RNA_sparse_seq_23	variable	observed	0.5	0.95	-0.08264252155021587	-0.0791910601666737	CERTIFIED_DECREASE	Sufficient marginal-envelope certificate; non-certificate does not establish reversal
2026_all5mer	5mers_A_RNA_sparse_seq_23	variable	equal_class	0.5	0.95	-0.05148523992867841	-0.021740961312098683	CERTIFIED_DECREASE	Sufficient marginal-envelope certificate; non-certificate does not establish reversal
2026_all5mer	5mers_A_RNA_sparse_seq_24	fixed	observed	0.5	0.95	-0.06974059287671538	-0.06836329165234835	CERTIFIED_DECREASE	Sufficient marginal-envelope certificate; non-certificate does not establish reversal
2026_all5mer	5mers_A_RNA_sparse_seq_24	fixed	equal_class	0.5	0.95	-0.06266555031357701	-0.06085006674069217	CERTIFIED_DECREASE	Sufficient marginal-envelope certificate; non-certificate does not establish reversal
2026_all5mer	5mers_A_RNA_sparse_seq_24	variable	observed	0.5	0.95	-0.07109633016477024	-0.0682031480775738	CERTIFIED_DECREASE	Sufficient marginal-envelope certificate; non-certificate does not establish reversal
2026_all5mer	5mers_A_RNA_sparse_seq_24	variable	equal_class	0.5	0.95	-0.0656982071206026	-0.05578719013235037	CERTIFIED_DECREASE	Sufficient marginal-envelope certificate; non-certificate does not establish reversal
2026_all5mer	5mers_A_RNA_sparse_seq_25	fixed	observed	0.5	0.95	-0.08146741664593317	-0.08001021605086056	CERTIFIED_DECREASE	Sufficient marginal-envelope certificate; non-certificate does not establish reversal
2026_all5mer	5mers_A_RNA_sparse_seq_25	fixed	equal_class	0.5	0.95	-0.06973472805154023	-0.06795444954959871	CERTIFIED_DECREASE	Sufficient marginal-envelope certificate; non-certificate does not establish reversal
2026_all5mer	5mers_A_RNA_sparse_seq_25	variable	observed	0.5	0.95	-0.08378853825291162	-0.0798329918179878	CERTIFIED_DECREASE	Sufficient marginal-envelope certificate; non-certificate does not establish reversal
2026_all5mer	5mers_A_RNA_sparse_seq_25	variable	equal_class	0.5	0.95	-0.07343386609173246	-0.06208761061882179	CERTIFIED_DECREASE	Sufficient marginal-envelope certificate; non-certificate does not establish reversal
2026_all5mer	5mers_A_RNA_sparse_seq_26	fixed	observed	0.5	0.95	-0.0705488305997295	-0.06919792221922358	CERTIFIED_DECREASE	Sufficient marginal-envelope certificate; non-certificate does not establish reversal
2026_all5mer	5mers_A_RNA_sparse_seq_26	fixed	equal_class	0.5	0.95	-0.06683529024419535	-0.06524759312248048	CERTIFIED_DECREASE	Sufficient marginal-envelope certificate; non-certificate does not establish reversal
2026_all5mer	5mers_A_RNA_sparse_seq_26	variable	observed	0.5	0.95	-0.07150284211424449	-0.06911241921406534	CERTIFIED_DECREASE	Sufficient marginal-envelope certificate; non-certificate does not establish reversal
2026_all5mer	5mers_A_RNA_sparse_seq_26	variable	equal_class	0.5	0.95	-0.06837200731398894	-0.0633425074850177	CERTIFIED_DECREASE	Sufficient marginal-envelope certificate; non-certificate does not establish reversal
2026_all5mer	5mers_A_RNA_sparse_seq_27	fixed	observed	0.5	0.95	-0.05928959486470762	-0.05813998352334983	CERTIFIED_DECREASE	Sufficient marginal-envelope certificate; non-certificate does not establish reversal
2026_all5mer	5mers_A_RNA_sparse_seq_27	fixed	equal_class	0.5	0.95	-0.05434127467086523	-0.0528200642062214	CERTIFIED_DECREASE	Sufficient marginal-envelope certificate; non-certificate does not establish reversal
2026_all5mer	5mers_A_RNA_sparse_seq_27	variable	observed	0.5	0.95	-0.060582391904982165	-0.05806122157710748	CERTIFIED_DECREASE	Sufficient marginal-envelope certificate; non-certificate does not establish reversal
2026_all5mer	5mers_A_RNA_sparse_seq_27	variable	equal_class	0.5	0.95	-0.05619237912147573	-0.049312426193469205	CERTIFIED_DECREASE	Sufficient marginal-envelope certificate; non-certificate does not establish reversal
2026_all5mer	5mers_A_RNA_sparse_seq_28	fixed	observed	0.5	0.95	-0.060571404300553494	-0.0593656524939167	CERTIFIED_DECREASE	Sufficient marginal-envelope certificate; non-certificate does not establish reversal
2026_all5mer	5mers_A_RNA_sparse_seq_28	fixed	equal_class	0.5	0.95	-0.058411283758687045	-0.057078109890321804	CERTIFIED_DECREASE	Sufficient marginal-envelope certificate; non-certificate does not establish reversal
2026_all5mer	5mers_A_RNA_sparse_seq_28	variable	observed	0.5	0.95	-0.06235498248897002	-0.059170200410550156	CERTIFIED_DECREASE	Sufficient marginal-envelope certificate; non-certificate does not establish reversal
2026_all5mer	5mers_A_RNA_sparse_seq_28	variable	equal_class	0.5	0.95	-0.05998033894361847	-0.05647999886669434	CERTIFIED_DECREASE	Sufficient marginal-envelope certificate; non-certificate does not establish reversal
2026_all5mer	5mers_A_RNA_sparse_seq_29	fixed	observed	0.5	0.95	-0.049473032838122884	-0.04847378185191598	CERTIFIED_DECREASE	Sufficient marginal-envelope certificate; non-certificate does not establish reversal
2026_all5mer	5mers_A_RNA_sparse_seq_29	fixed	equal_class	0.5	0.95	-0.04685387560528252	-0.04529630814717748	CERTIFIED_DECREASE	Sufficient marginal-envelope certificate; non-certificate does not establish reversal
2026_all5mer	5mers_A_RNA_sparse_seq_29	variable	observed	0.5	0.95	-0.05027785937157187	-0.04841685935142369	CERTIFIED_DECREASE	Sufficient marginal-envelope certificate; non-certificate does not establish reversal
2026_all5mer	5mers_A_RNA_sparse_seq_29	variable	equal_class	0.5	0.95	-0.049012927468680675	-0.039541283951967376	CERTIFIED_DECREASE	Sufficient marginal-envelope certificate; non-certificate does not establish reversal
2026_all5mer	5mers_A_RNA_sparse_seq_30	fixed	observed	0.5	0.95	-0.07640970833894872	-0.07484894759427707	CERTIFIED_DECREASE	Sufficient marginal-envelope certificate; non-certificate does not establish reversal
2026_all5mer	5mers_A_RNA_sparse_seq_30	fixed	equal_class	0.5	0.95	-0.07033218533225805	-0.06876006744942416	CERTIFIED_DECREASE	Sufficient marginal-envelope certificate; non-certificate does not establish reversal
2026_all5mer	5mers_A_RNA_sparse_seq_30	variable	observed	0.5	0.95	-0.07779228665638305	-0.0745220055840359	CERTIFIED_DECREASE	Sufficient marginal-envelope certificate; non-certificate does not establish reversal
2026_all5mer	5mers_A_RNA_sparse_seq_30	variable	equal_class	0.5	0.95	-0.07159143586821476	-0.06814136663239381	CERTIFIED_DECREASE	Sufficient marginal-envelope certificate; non-certificate does not establish reversal
2026_all5mer	5mers_A_RNA_sparse_seq_31	fixed	observed	0.5	0.95	-0.05314006839472245	-0.052101667077699865	CERTIFIED_DECREASE	Sufficient marginal-envelope certificate; non-certificate does not establish reversal
2026_all5mer	5mers_A_RNA_sparse_seq_31	fixed	equal_class	0.5	0.95	-0.05406143640195207	-0.05259051395628798	CERTIFIED_DECREASE	Sufficient marginal-envelope certificate; non-certificate does not establish reversal
2026_all5mer	5mers_A_RNA_sparse_seq_31	variable	observed	0.5	0.95	-0.05435430671924487	-0.05205739736875577	CERTIFIED_DECREASE	Sufficient marginal-envelope certificate; non-certificate does not establish reversal
2026_all5mer	5mers_A_RNA_sparse_seq_31	variable	equal_class	0.5	0.95	-0.055970897182962304	-0.049195504415088215	CERTIFIED_DECREASE	Sufficient marginal-envelope certificate; non-certificate does not establish reversal
2026_all5mer	5mers_A_RNA_sparse_seq_32	fixed	observed	0.5	0.95	-0.08180048023483379	-0.08017825124761162	CERTIFIED_DECREASE	Sufficient marginal-envelope certificate; non-certificate does not establish reversal
2026_all5mer	5mers_A_RNA_sparse_seq_32	fixed	equal_class	0.5	0.95	-0.06212717836523613	-0.06013387526395603	CERTIFIED_DECREASE	Sufficient marginal-envelope certificate; non-certificate does not establish reversal
2026_all5mer	5mers_A_RNA_sparse_seq_32	variable	observed	0.5	0.95	-0.0833404917592068	-0.07987731372653312	CERTIFIED_DECREASE	Sufficient marginal-envelope certificate; non-certificate does not establish reversal
2026_all5mer	5mers_A_RNA_sparse_seq_32	variable	equal_class	0.5	0.95	-0.0648407373853569	-0.050300106201250167	CERTIFIED_DECREASE	Sufficient marginal-envelope certificate; non-certificate does not establish reversal
2026_all5mer	ALL	fixed	observed	0.5	0.95	-0.06840348826694102	-0.06707855662522222	CERTIFIED_DECREASE	Sufficient marginal-envelope certificate; non-certificate does not establish reversal
2026_all5mer	ALL	fixed	equal_class	0.5	0.95	-0.062061416503777056	-0.060416361340441975	CERTIFIED_DECREASE	Sufficient marginal-envelope certificate; non-certificate does not establish reversal
2026_all5mer	ALL	variable	observed	0.5	0.95	-0.06979310017525063	-0.06693161635586475	CERTIFIED_DECREASE	Sufficient marginal-envelope certificate; non-certificate does not establish reversal
2026_all5mer	ALL	variable	equal_class	0.5	0.95	-0.06419383407934116	-0.05707713365177311	CERTIFIED_DECREASE	Sufficient marginal-envelope certificate; non-certificate does not establish reversal
2026_all5mer	FIXED_ALL_CONSTRUCTS	fixed	equal_construct_class	0.5	0.95	-0.05890874736014192	-0.057243226205615366	CERTIFIED_DECREASE	Fixed original K; sufficient certificate only
2026_all5mer	FIXED_ALL_CONSTRUCTS	variable	equal_construct_class	0.5	0.95	-0.061215792902092066	-0.051905817395983406	CERTIFIED_DECREASE	Fixed original K; sufficient certificate only
2026_all5mer	5mers_A_RNA_sparse_seq_01	fixed	observed	0.5	0.99	-0.06517331809662275	-0.06404685443878759	CERTIFIED_DECREASE	Sufficient marginal-envelope certificate; non-certificate does not establish reversal
2026_all5mer	5mers_A_RNA_sparse_seq_01	fixed	equal_class	0.5	0.99	-0.06581501424059728	-0.06451385212625259	CERTIFIED_DECREASE	Sufficient marginal-envelope certificate; non-certificate does not establish reversal
2026_all5mer	5mers_A_RNA_sparse_seq_01	variable	observed	0.5	0.99	-0.0658064316594399	-0.06360839812031975	CERTIFIED_DECREASE	Sufficient marginal-envelope certificate; non-certificate does not establish reversal
2026_all5mer	5mers_A_RNA_sparse_seq_01	variable	equal_class	0.5	0.99	-0.06759620753484129	-0.06318426697584875	CERTIFIED_DECREASE	Sufficient marginal-envelope certificate; non-certificate does not establish reversal
2026_all5mer	5mers_A_RNA_sparse_seq_02	fixed	observed	0.5	0.99	-0.08294593481614256	-0.08159539031162195	CERTIFIED_DECREASE	Sufficient marginal-envelope certificate; non-certificate does not establish reversal
2026_all5mer	5mers_A_RNA_sparse_seq_02	fixed	equal_class	0.5	0.99	-0.07798144142221111	-0.07652559147404936	CERTIFIED_DECREASE	Sufficient marginal-envelope certificate; non-certificate does not establish reversal
2026_all5mer	5mers_A_RNA_sparse_seq_02	variable	observed	0.5	0.99	-0.08353391715598685	-0.08131879367495075	CERTIFIED_DECREASE	Sufficient marginal-envelope certificate; non-certificate does not establish reversal
2026_all5mer	5mers_A_RNA_sparse_seq_02	variable	equal_class	0.5	0.99	-0.08065705383692791	-0.07531091606442791	CERTIFIED_DECREASE	Sufficient marginal-envelope certificate; non-certificate does not establish reversal
2026_all5mer	5mers_A_RNA_sparse_seq_03	fixed	observed	0.5	0.99	-0.0685921825595238	-0.0674416276033465	CERTIFIED_DECREASE	Sufficient marginal-envelope certificate; non-certificate does not establish reversal
2026_all5mer	5mers_A_RNA_sparse_seq_03	fixed	equal_class	0.5	0.99	-0.06678251945617741	-0.06531764708996085	CERTIFIED_DECREASE	Sufficient marginal-envelope certificate; non-certificate does not establish reversal
2026_all5mer	5mers_A_RNA_sparse_seq_03	variable	observed	0.5	0.99	-0.06905861385474894	-0.0672675013287497	CERTIFIED_DECREASE	Sufficient marginal-envelope certificate; non-certificate does not establish reversal
2026_all5mer	5mers_A_RNA_sparse_seq_03	variable	equal_class	0.5	0.99	-0.07180698060337402	-0.05994455344652008	CERTIFIED_DECREASE	Sufficient marginal-envelope certificate; non-certificate does not establish reversal
2026_all5mer	5mers_A_RNA_sparse_seq_04	fixed	observed	0.5	0.99	-0.08267661294295085	-0.0813450491342751	CERTIFIED_DECREASE	Sufficient marginal-envelope certificate; non-certificate does not establish reversal
2026_all5mer	5mers_A_RNA_sparse_seq_04	fixed	equal_class	0.5	0.99	-0.06032937836192053	-0.05851211180897672	CERTIFIED_DECREASE	Sufficient marginal-envelope certificate; non-certificate does not establish reversal
2026_all5mer	5mers_A_RNA_sparse_seq_04	variable	observed	0.5	0.99	-0.08403436338713058	-0.08086329343882559	CERTIFIED_DECREASE	Sufficient marginal-envelope certificate; non-certificate does not establish reversal
2026_all5mer	5mers_A_RNA_sparse_seq_04	variable	equal_class	0.5	0.99	-0.07526408649769281	-0.04739566548391725	CERTIFIED_DECREASE	Sufficient marginal-envelope certificate; non-certificate does not establish reversal
2026_all5mer	5mers_A_RNA_sparse_seq_05	fixed	observed	0.5	0.99	-0.06713907186544575	-0.06599906979713102	CERTIFIED_DECREASE	Sufficient marginal-envelope certificate; non-certificate does not establish reversal
2026_all5mer	5mers_A_RNA_sparse_seq_05	fixed	equal_class	0.5	0.99	-0.06678620990124391	-0.06533290792971187	CERTIFIED_DECREASE	Sufficient marginal-envelope certificate; non-certificate does not establish reversal
2026_all5mer	5mers_A_RNA_sparse_seq_05	variable	observed	0.5	0.99	-0.0678591229274642	-0.0658337655001463	CERTIFIED_DECREASE	Sufficient marginal-envelope certificate; non-certificate does not establish reversal
2026_all5mer	5mers_A_RNA_sparse_seq_05	variable	equal_class	0.5	0.99	-0.07387435501053145	-0.06107380998810126	CERTIFIED_DECREASE	Sufficient marginal-envelope certificate; non-certificate does not establish reversal
2026_all5mer	5mers_A_RNA_sparse_seq_06	fixed	observed	0.5	0.99	-0.07215635276441797	-0.07097501103857758	CERTIFIED_DECREASE	Sufficient marginal-envelope certificate; non-certificate does not establish reversal
2026_all5mer	5mers_A_RNA_sparse_seq_06	fixed	equal_class	0.5	0.99	-0.071203024274937	-0.0699017228922894	CERTIFIED_DECREASE	Sufficient marginal-envelope certificate; non-certificate does not establish reversal
2026_all5mer	5mers_A_RNA_sparse_seq_06	variable	observed	0.5	0.99	-0.07269193277249078	-0.07071020671610588	CERTIFIED_DECREASE	Sufficient marginal-envelope certificate; non-certificate does not establish reversal
2026_all5mer	5mers_A_RNA_sparse_seq_06	variable	equal_class	0.5	0.99	-0.07214595099784554	-0.06912734808940102	CERTIFIED_DECREASE	Sufficient marginal-envelope certificate; non-certificate does not establish reversal
2026_all5mer	5mers_A_RNA_sparse_seq_07	fixed	observed	0.5	0.99	-0.08437625095201844	-0.08305195799932673	CERTIFIED_DECREASE	Sufficient marginal-envelope certificate; non-certificate does not establish reversal
2026_all5mer	5mers_A_RNA_sparse_seq_07	fixed	equal_class	0.5	0.99	-0.07435297153807578	-0.07276497298747482	CERTIFIED_DECREASE	Sufficient marginal-envelope certificate; non-certificate does not establish reversal
2026_all5mer	5mers_A_RNA_sparse_seq_07	variable	observed	0.5	0.99	-0.08502412126942906	-0.08288221879349712	CERTIFIED_DECREASE	Sufficient marginal-envelope certificate; non-certificate does not establish reversal
2026_all5mer	5mers_A_RNA_sparse_seq_07	variable	equal_class	0.5	0.99	-0.0821499691481726	-0.0694989921801126	CERTIFIED_DECREASE	Sufficient marginal-envelope certificate; non-certificate does not establish reversal
2026_all5mer	5mers_A_RNA_sparse_seq_08	fixed	observed	0.5	0.99	-0.06759962656031725	-0.06651390124932301	CERTIFIED_DECREASE	Sufficient marginal-envelope certificate; non-certificate does not establish reversal
2026_all5mer	5mers_A_RNA_sparse_seq_08	fixed	equal_class	0.5	0.99	-0.07474975881685512	-0.07336288141093779	CERTIFIED_DECREASE	Sufficient marginal-envelope certificate; non-certificate does not establish reversal
2026_all5mer	5mers_A_RNA_sparse_seq_08	variable	observed	0.5	0.99	-0.06790610788408862	-0.06638761561586112	CERTIFIED_DECREASE	Sufficient marginal-envelope certificate; non-certificate does not establish reversal
2026_all5mer	5mers_A_RNA_sparse_seq_08	variable	equal_class	0.5	0.99	-0.07594512306716505	-0.07165051801750154	CERTIFIED_DECREASE	Sufficient marginal-envelope certificate; non-certificate does not establish reversal
2026_all5mer	5mers_A_RNA_sparse_seq_09	fixed	observed	0.5	0.99	-0.07743700918028973	-0.0761815031972661	CERTIFIED_DECREASE	Sufficient marginal-envelope certificate; non-certificate does not establish reversal
2026_all5mer	5mers_A_RNA_sparse_seq_09	fixed	equal_class	0.5	0.99	-0.07296325127236905	-0.07163883301747309	CERTIFIED_DECREASE	Sufficient marginal-envelope certificate; non-certificate does not establish reversal
2026_all5mer	5mers_A_RNA_sparse_seq_09	variable	observed	0.5	0.99	-0.07818806426719985	-0.0758868352427267	CERTIFIED_DECREASE	Sufficient marginal-envelope certificate; non-certificate does not establish reversal
2026_all5mer	5mers_A_RNA_sparse_seq_09	variable	equal_class	0.5	0.99	-0.07417864059871628	-0.07081058604075045	CERTIFIED_DECREASE	Sufficient marginal-envelope certificate; non-certificate does not establish reversal
2026_all5mer	5mers_A_RNA_sparse_seq_10	fixed	observed	0.5	0.99	-0.05706805720823156	-0.05607012300115314	CERTIFIED_DECREASE	Sufficient marginal-envelope certificate; non-certificate does not establish reversal
2026_all5mer	5mers_A_RNA_sparse_seq_10	fixed	equal_class	0.5	0.99	-0.04120320890934443	-0.03965015116450662	CERTIFIED_DECREASE	Sufficient marginal-envelope certificate; non-certificate does not establish reversal
2026_all5mer	5mers_A_RNA_sparse_seq_10	variable	observed	0.5	0.99	-0.057529528138959625	-0.055906857312722574	CERTIFIED_DECREASE	Sufficient marginal-envelope certificate; non-certificate does not establish reversal
2026_all5mer	5mers_A_RNA_sparse_seq_10	variable	equal_class	0.5	0.99	-0.049101741613612984	-0.02548204547970486	CERTIFIED_DECREASE	Sufficient marginal-envelope certificate; non-certificate does not establish reversal
2026_all5mer	5mers_A_RNA_sparse_seq_11	fixed	observed	0.5	0.99	-0.06466119893326165	-0.06357359535151999	CERTIFIED_DECREASE	Sufficient marginal-envelope certificate; non-certificate does not establish reversal
2026_all5mer	5mers_A_RNA_sparse_seq_11	fixed	equal_class	0.5	0.99	-0.0686640592057156	-0.06738708556590232	CERTIFIED_DECREASE	Sufficient marginal-envelope certificate; non-certificate does not establish reversal
2026_all5mer	5mers_A_RNA_sparse_seq_11	variable	observed	0.5	0.99	-0.06539771355152037	-0.0632459218429184	CERTIFIED_DECREASE	Sufficient marginal-envelope certificate; non-certificate does not establish reversal
2026_all5mer	5mers_A_RNA_sparse_seq_11	variable	equal_class	0.5	0.99	-0.07025713384144594	-0.0662397253504972	CERTIFIED_DECREASE	Sufficient marginal-envelope certificate; non-certificate does not establish reversal
2026_all5mer	5mers_A_RNA_sparse_seq_12	fixed	observed	0.5	0.99	-0.07472258714703067	-0.07346242390758441	CERTIFIED_DECREASE	Sufficient marginal-envelope certificate; non-certificate does not establish reversal
2026_all5mer	5mers_A_RNA_sparse_seq_12	fixed	equal_class	0.5	0.99	-0.06591445554856126	-0.0642329405593824	CERTIFIED_DECREASE	Sufficient marginal-envelope certificate; non-certificate does not establish reversal
2026_all5mer	5mers_A_RNA_sparse_seq_12	variable	observed	0.5	0.99	-0.07593369333368011	-0.07292402808440507	CERTIFIED_DECREASE	Sufficient marginal-envelope certificate; non-certificate does not establish reversal
2026_all5mer	5mers_A_RNA_sparse_seq_12	variable	equal_class	0.5	0.99	-0.07883699649935177	-0.056795662688848586	CERTIFIED_DECREASE	Sufficient marginal-envelope certificate; non-certificate does not establish reversal
2026_all5mer	5mers_A_RNA_sparse_seq_13	fixed	observed	0.5	0.99	-0.0626610586715579	-0.061636154396727164	CERTIFIED_DECREASE	Sufficient marginal-envelope certificate; non-certificate does not establish reversal
2026_all5mer	5mers_A_RNA_sparse_seq_13	fixed	equal_class	0.5	0.99	-0.062152528087636244	-0.06071860559290637	CERTIFIED_DECREASE	Sufficient marginal-envelope certificate; non-certificate does not establish reversal
2026_all5mer	5mers_A_RNA_sparse_seq_13	variable	observed	0.5	0.99	-0.06306374406309717	-0.06148859495228474	CERTIFIED_DECREASE	Sufficient marginal-envelope certificate; non-certificate does not establish reversal
2026_all5mer	5mers_A_RNA_sparse_seq_13	variable	equal_class	0.5	0.99	-0.06597073496026905	-0.05573443877228118	CERTIFIED_DECREASE	Sufficient marginal-envelope certificate; non-certificate does not establish reversal
2026_all5mer	5mers_A_RNA_sparse_seq_14	fixed	observed	0.5	0.99	-0.06514566332180008	-0.06406009779379915	CERTIFIED_DECREASE	Sufficient marginal-envelope certificate; non-certificate does not establish reversal
2026_all5mer	5mers_A_RNA_sparse_seq_14	fixed	equal_class	0.5	0.99	-0.06767451641876918	-0.06639602064794013	CERTIFIED_DECREASE	Sufficient marginal-envelope certificate; non-certificate does not establish reversal
2026_all5mer	5mers_A_RNA_sparse_seq_14	variable	observed	0.5	0.99	-0.06552684137507098	-0.06392311500155388	CERTIFIED_DECREASE	Sufficient marginal-envelope certificate; non-certificate does not establish reversal
2026_all5mer	5mers_A_RNA_sparse_seq_14	variable	equal_class	0.5	0.99	-0.06937933489256522	-0.0654254345660502	CERTIFIED_DECREASE	Sufficient marginal-envelope certificate; non-certificate does not establish reversal
2026_all5mer	5mers_A_RNA_sparse_seq_15	fixed	observed	0.5	0.99	-0.09932057714569272	-0.09770597639616377	CERTIFIED_DECREASE	Sufficient marginal-envelope certificate; non-certificate does not establish reversal
2026_all5mer	5mers_A_RNA_sparse_seq_15	fixed	equal_class	0.5	0.99	-0.07888763868586793	-0.07697065025407135	CERTIFIED_DECREASE	Sufficient marginal-envelope certificate; non-certificate does not establish reversal
2026_all5mer	5mers_A_RNA_sparse_seq_15	variable	observed	0.5	0.99	-0.1011999441779339	-0.09674539675135839	CERTIFIED_DECREASE	Sufficient marginal-envelope certificate; non-certificate does not establish reversal
2026_all5mer	5mers_A_RNA_sparse_seq_15	variable	equal_class	0.5	0.99	-0.09525703333223628	-0.06365556856305424	CERTIFIED_DECREASE	Sufficient marginal-envelope certificate; non-certificate does not establish reversal
2026_all5mer	5mers_A_RNA_sparse_seq_16	fixed	observed	0.5	0.99	-0.08069682770703318	-0.07933039922436014	CERTIFIED_DECREASE	Sufficient marginal-envelope certificate; non-certificate does not establish reversal
2026_all5mer	5mers_A_RNA_sparse_seq_16	fixed	equal_class	0.5	0.99	-0.08141013037686867	-0.07992655649554682	CERTIFIED_DECREASE	Sufficient marginal-envelope certificate; non-certificate does not establish reversal
2026_all5mer	5mers_A_RNA_sparse_seq_16	variable	observed	0.5	0.99	-0.08150783096015639	-0.07861731019594492	CERTIFIED_DECREASE	Sufficient marginal-envelope certificate; non-certificate does not establish reversal
2026_all5mer	5mers_A_RNA_sparse_seq_16	variable	equal_class	0.5	0.99	-0.08276315727975654	-0.07867774135956332	CERTIFIED_DECREASE	Sufficient marginal-envelope certificate; non-certificate does not establish reversal
2026_all5mer	5mers_A_RNA_sparse_seq_17	fixed	observed	0.5	0.99	-0.05567781387075724	-0.05472603727561678	CERTIFIED_DECREASE	Sufficient marginal-envelope certificate; non-certificate does not establish reversal
2026_all5mer	5mers_A_RNA_sparse_seq_17	fixed	equal_class	0.5	0.99	-0.05966759426541608	-0.05855591504655363	CERTIFIED_DECREASE	Sufficient marginal-envelope certificate; non-certificate does not establish reversal
2026_all5mer	5mers_A_RNA_sparse_seq_17	variable	observed	0.5	0.99	-0.05618880636803038	-0.05454521039023801	CERTIFIED_DECREASE	Sufficient marginal-envelope certificate; non-certificate does not establish reversal
2026_all5mer	5mers_A_RNA_sparse_seq_17	variable	equal_class	0.5	0.99	-0.060824836806299964	-0.05791695302978546	CERTIFIED_DECREASE	Sufficient marginal-envelope certificate; non-certificate does not establish reversal
2026_all5mer	5mers_A_RNA_sparse_seq_18	fixed	observed	0.5	0.99	-0.06112672812709868	-0.06008370943377751	CERTIFIED_DECREASE	Sufficient marginal-envelope certificate; non-certificate does not establish reversal
2026_all5mer	5mers_A_RNA_sparse_seq_18	fixed	equal_class	0.5	0.99	-0.06517629104677042	-0.06376058412194262	CERTIFIED_DECREASE	Sufficient marginal-envelope certificate; non-certificate does not establish reversal
2026_all5mer	5mers_A_RNA_sparse_seq_18	variable	observed	0.5	0.99	-0.06158132486947077	-0.059895651682100585	CERTIFIED_DECREASE	Sufficient marginal-envelope certificate; non-certificate does not establish reversal
2026_all5mer	5mers_A_RNA_sparse_seq_18	variable	equal_class	0.5	0.99	-0.06913856841987726	-0.059916846768568524	CERTIFIED_DECREASE	Sufficient marginal-envelope certificate; non-certificate does not establish reversal
2026_all5mer	5mers_A_RNA_sparse_seq_19	fixed	observed	0.5	0.99	-0.06671367639038281	-0.06566031621598266	CERTIFIED_DECREASE	Sufficient marginal-envelope certificate; non-certificate does not establish reversal
2026_all5mer	5mers_A_RNA_sparse_seq_19	fixed	equal_class	0.5	0.99	-0.06329332107018568	-0.06192194834352432	CERTIFIED_DECREASE	Sufficient marginal-envelope certificate; non-certificate does not establish reversal
2026_all5mer	5mers_A_RNA_sparse_seq_19	variable	observed	0.5	0.99	-0.06715962927756228	-0.06557351867022562	CERTIFIED_DECREASE	Sufficient marginal-envelope certificate; non-certificate does not establish reversal
2026_all5mer	5mers_A_RNA_sparse_seq_19	variable	equal_class	0.5	0.99	-0.06764986765699779	-0.05883913456407897	CERTIFIED_DECREASE	Sufficient marginal-envelope certificate; non-certificate does not establish reversal
2026_all5mer	5mers_A_RNA_sparse_seq_20	fixed	observed	0.5	0.99	-0.09128332911334099	-0.08981516177276185	CERTIFIED_DECREASE	Sufficient marginal-envelope certificate; non-certificate does not establish reversal
2026_all5mer	5mers_A_RNA_sparse_seq_20	fixed	equal_class	0.5	0.99	-0.0696339242557035	-0.06769404612333396	CERTIFIED_DECREASE	Sufficient marginal-envelope certificate; non-certificate does not establish reversal
2026_all5mer	5mers_A_RNA_sparse_seq_20	variable	observed	0.5	0.99	-0.09313141228493035	-0.08914581370150665	CERTIFIED_DECREASE	Sufficient marginal-envelope certificate; non-certificate does not establish reversal
2026_all5mer	5mers_A_RNA_sparse_seq_20	variable	equal_class	0.5	0.99	-0.08406945756038522	-0.05519024149200156	CERTIFIED_DECREASE	Sufficient marginal-envelope certificate; non-certificate does not establish reversal
2026_all5mer	5mers_A_RNA_sparse_seq_21	fixed	observed	0.5	0.99	-0.06389000534208783	-0.06282253816751135	CERTIFIED_DECREASE	Sufficient marginal-envelope certificate; non-certificate does not establish reversal
2026_all5mer	5mers_A_RNA_sparse_seq_21	fixed	equal_class	0.5	0.99	-0.06526748074890057	-0.0639048637904404	CERTIFIED_DECREASE	Sufficient marginal-envelope certificate; non-certificate does not establish reversal
2026_all5mer	5mers_A_RNA_sparse_seq_21	variable	observed	0.5	0.99	-0.0644357218164213	-0.06262224921077515	CERTIFIED_DECREASE	Sufficient marginal-envelope certificate; non-certificate does not establish reversal
2026_all5mer	5mers_A_RNA_sparse_seq_21	variable	equal_class	0.5	0.99	-0.06867487149628536	-0.061003945910514015	CERTIFIED_DECREASE	Sufficient marginal-envelope certificate; non-certificate does not establish reversal
2026_all5mer	5mers_A_RNA_sparse_seq_22	fixed	observed	0.5	0.99	-0.10581056461647752	-0.10406934326401865	CERTIFIED_DECREASE	Sufficient marginal-envelope certificate; non-certificate does not establish reversal
2026_all5mer	5mers_A_RNA_sparse_seq_22	fixed	equal_class	0.5	0.99	-0.09842005949237007	-0.09653348070497432	CERTIFIED_DECREASE	Sufficient marginal-envelope certificate; non-certificate does not establish reversal
2026_all5mer	5mers_A_RNA_sparse_seq_22	variable	observed	0.5	0.99	-0.10739232616909367	-0.10279290722998335	CERTIFIED_DECREASE	Sufficient marginal-envelope certificate; non-certificate does not establish reversal
2026_all5mer	5mers_A_RNA_sparse_seq_22	variable	equal_class	0.5	0.99	-0.10382905924778091	-0.09331834128818896	CERTIFIED_DECREASE	Sufficient marginal-envelope certificate; non-certificate does not establish reversal
2026_all5mer	5mers_A_RNA_sparse_seq_23	fixed	observed	0.5	0.99	-0.08806489734578996	-0.08661303283037292	CERTIFIED_DECREASE	Sufficient marginal-envelope certificate; non-certificate does not establish reversal
2026_all5mer	5mers_A_RNA_sparse_seq_23	fixed	equal_class	0.5	0.99	-0.06471390899556931	-0.06282605263791108	CERTIFIED_DECREASE	Sufficient marginal-envelope certificate; non-certificate does not establish reversal
2026_all5mer	5mers_A_RNA_sparse_seq_23	variable	observed	0.5	0.99	-0.08859861501094811	-0.08621855157578713	CERTIFIED_DECREASE	Sufficient marginal-envelope certificate; non-certificate does not establish reversal
2026_all5mer	5mers_A_RNA_sparse_seq_23	variable	equal_class	0.5	0.99	-0.07397001086348842	-0.05493540604977303	CERTIFIED_DECREASE	Sufficient marginal-envelope certificate; non-certificate does not establish reversal
2026_all5mer	5mers_A_RNA_sparse_seq_24	fixed	observed	0.5	0.99	-0.0762027525908456	-0.07493514983921717	CERTIFIED_DECREASE	Sufficient marginal-envelope certificate; non-certificate does not establish reversal
2026_all5mer	5mers_A_RNA_sparse_seq_24	fixed	equal_class	0.5	0.99	-0.08202631904615419	-0.08045370582422882	CERTIFIED_DECREASE	Sufficient marginal-envelope certificate; non-certificate does not establish reversal
2026_all5mer	5mers_A_RNA_sparse_seq_24	variable	observed	0.5	0.99	-0.07663744743401245	-0.07468997662654668	CERTIFIED_DECREASE	Sufficient marginal-envelope certificate; non-certificate does not establish reversal
2026_all5mer	5mers_A_RNA_sparse_seq_24	variable	equal_class	0.5	0.99	-0.0851174867760671	-0.07757930799066522	CERTIFIED_DECREASE	Sufficient marginal-envelope certificate; non-certificate does not establish reversal
2026_all5mer	5mers_A_RNA_sparse_seq_25	fixed	observed	0.5	0.99	-0.08896216775015608	-0.08761646246412927	CERTIFIED_DECREASE	Sufficient marginal-envelope certificate; non-certificate does not establish reversal
2026_all5mer	5mers_A_RNA_sparse_seq_25	fixed	equal_class	0.5	0.99	-0.08388366149871067	-0.08231309459004829	CERTIFIED_DECREASE	Sufficient marginal-envelope certificate; non-certificate does not establish reversal
2026_all5mer	5mers_A_RNA_sparse_seq_25	variable	observed	0.5	0.99	-0.08950368866135089	-0.08739780378315316	CERTIFIED_DECREASE	Sufficient marginal-envelope certificate; non-certificate does not establish reversal
2026_all5mer	5mers_A_RNA_sparse_seq_25	variable	equal_class	0.5	0.99	-0.0864217571484954	-0.07798861846198327	CERTIFIED_DECREASE	Sufficient marginal-envelope certificate; non-certificate does not establish reversal
2026_all5mer	5mers_A_RNA_sparse_seq_26	fixed	observed	0.5	0.99	-0.07478214339409575	-0.07352758002685722	CERTIFIED_DECREASE	Sufficient marginal-envelope certificate; non-certificate does not establish reversal
2026_all5mer	5mers_A_RNA_sparse_seq_26	fixed	equal_class	0.5	0.99	-0.07507599141663962	-0.0736474542269918	CERTIFIED_DECREASE	Sufficient marginal-envelope certificate; non-certificate does not establish reversal
2026_all5mer	5mers_A_RNA_sparse_seq_26	variable	observed	0.5	0.99	-0.07516524210818373	-0.0733640978265699	CERTIFIED_DECREASE	Sufficient marginal-envelope certificate; non-certificate does not establish reversal
2026_all5mer	5mers_A_RNA_sparse_seq_26	variable	equal_class	0.5	0.99	-0.07652363285739298	-0.07192628844414678	CERTIFIED_DECREASE	Sufficient marginal-envelope certificate; non-certificate does not establish reversal
2026_all5mer	5mers_A_RNA_sparse_seq_27	fixed	observed	0.5	0.99	-0.06364927010288303	-0.06258321288372745	CERTIFIED_DECREASE	Sufficient marginal-envelope certificate; non-certificate does not establish reversal
2026_all5mer	5mers_A_RNA_sparse_seq_27	fixed	equal_class	0.5	0.99	-0.06540463356192361	-0.06405414677262877	CERTIFIED_DECREASE	Sufficient marginal-envelope certificate; non-certificate does not establish reversal
2026_all5mer	5mers_A_RNA_sparse_seq_27	variable	observed	0.5	0.99	-0.06425417927501986	-0.06237448434755024	CERTIFIED_DECREASE	Sufficient marginal-envelope certificate; non-certificate does not establish reversal
2026_all5mer	5mers_A_RNA_sparse_seq_27	variable	equal_class	0.5	0.99	-0.06924814725649546	-0.061525092172013865	CERTIFIED_DECREASE	Sufficient marginal-envelope certificate; non-certificate does not establish reversal
2026_all5mer	5mers_A_RNA_sparse_seq_28	fixed	observed	0.5	0.99	-0.06818848060249334	-0.06708534125953433	CERTIFIED_DECREASE	Sufficient marginal-envelope certificate; non-certificate does not establish reversal
2026_all5mer	5mers_A_RNA_sparse_seq_28	fixed	equal_class	0.5	0.99	-0.0650635615143412	-0.06385075126179808	CERTIFIED_DECREASE	Sufficient marginal-envelope certificate; non-certificate does not establish reversal
2026_all5mer	5mers_A_RNA_sparse_seq_28	variable	observed	0.5	0.99	-0.06989355431249747	-0.06645171744855007	CERTIFIED_DECREASE	Sufficient marginal-envelope certificate; non-certificate does not establish reversal
2026_all5mer	5mers_A_RNA_sparse_seq_28	variable	equal_class	0.5	0.99	-0.06765672827770819	-0.0627600405547812	CERTIFIED_DECREASE	Sufficient marginal-envelope certificate; non-certificate does not establish reversal
2026_all5mer	5mers_A_RNA_sparse_seq_29	fixed	observed	0.5	0.99	-0.053330567770928095	-0.05240738048302083	CERTIFIED_DECREASE	Sufficient marginal-envelope certificate; non-certificate does not establish reversal
2026_all5mer	5mers_A_RNA_sparse_seq_29	fixed	equal_class	0.5	0.99	-0.051457288405544616	-0.050029546709226255	CERTIFIED_DECREASE	Sufficient marginal-envelope certificate; non-certificate does not establish reversal
2026_all5mer	5mers_A_RNA_sparse_seq_29	variable	observed	0.5	0.99	-0.053832874926504855	-0.052230086396478845	CERTIFIED_DECREASE	Sufficient marginal-envelope certificate; non-certificate does not establish reversal
2026_all5mer	5mers_A_RNA_sparse_seq_29	variable	equal_class	0.5	0.99	-0.0579782340348228	-0.04196254740728709	CERTIFIED_DECREASE	Sufficient marginal-envelope certificate; non-certificate does not establish reversal
2026_all5mer	5mers_A_RNA_sparse_seq_30	fixed	observed	0.5	0.99	-0.0844432072322431	-0.0830161235957616	CERTIFIED_DECREASE	Sufficient marginal-envelope certificate; non-certificate does not establish reversal
2026_all5mer	5mers_A_RNA_sparse_seq_30	fixed	equal_class	0.5	0.99	-0.07803517686258833	-0.07660779834332117	CERTIFIED_DECREASE	Sufficient marginal-envelope certificate; non-certificate does not establish reversal
2026_all5mer	5mers_A_RNA_sparse_seq_30	variable	observed	0.5	0.99	-0.0857801047697676	-0.08220698471382681	CERTIFIED_DECREASE	Sufficient marginal-envelope certificate; non-certificate does not establish reversal
2026_all5mer	5mers_A_RNA_sparse_seq_30	variable	equal_class	0.5	0.99	-0.07976955311317152	-0.0755933234468396	CERTIFIED_DECREASE	Sufficient marginal-envelope certificate; non-certificate does not establish reversal
2026_all5mer	5mers_A_RNA_sparse_seq_31	fixed	observed	0.5	0.99	-0.05685499485567554	-0.05589365020615675	CERTIFIED_DECREASE	Sufficient marginal-envelope certificate; non-certificate does not establish reversal
2026_all5mer	5mers_A_RNA_sparse_seq_31	fixed	equal_class	0.5	0.99	-0.06349853980720009	-0.06218830378223812	CERTIFIED_DECREASE	Sufficient marginal-envelope certificate; non-certificate does not establish reversal
2026_all5mer	5mers_A_RNA_sparse_seq_31	variable	observed	0.5	0.99	-0.05715608305365759	-0.05576216674949586	CERTIFIED_DECREASE	Sufficient marginal-envelope certificate; non-certificate does not establish reversal
2026_all5mer	5mers_A_RNA_sparse_seq_31	variable	equal_class	0.5	0.99	-0.06645342477006454	-0.059572388670892214	CERTIFIED_DECREASE	Sufficient marginal-envelope certificate; non-certificate does not establish reversal
2026_all5mer	5mers_A_RNA_sparse_seq_32	fixed	observed	0.5	0.99	-0.0889385409869954	-0.08744155949049442	CERTIFIED_DECREASE	Sufficient marginal-envelope certificate; non-certificate does not establish reversal
2026_all5mer	5mers_A_RNA_sparse_seq_32	fixed	equal_class	0.5	0.99	-0.0793540268570221	-0.07760358771535988	CERTIFIED_DECREASE	Sufficient marginal-envelope certificate; non-certificate does not establish reversal
2026_all5mer	5mers_A_RNA_sparse_seq_32	variable	observed	0.5	0.99	-0.09041204251337724	-0.08639430753990335	CERTIFIED_DECREASE	Sufficient marginal-envelope certificate; non-certificate does not establish reversal
2026_all5mer	5mers_A_RNA_sparse_seq_32	variable	equal_class	0.5	0.99	-0.08917606556850453	-0.07236048762270784	CERTIFIED_DECREASE	Sufficient marginal-envelope certificate; non-certificate does not establish reversal
2026_all5mer	ALL	fixed	observed	0.5	0.99	-0.07427027818009098	-0.07304674984926476	CERTIFIED_DECREASE	Sufficient marginal-envelope certificate; non-certificate does not establish reversal
2026_all5mer	ALL	fixed	equal_class	0.5	0.99	-0.07416476138941208	-0.07270056111652723	CERTIFIED_DECREASE	Sufficient marginal-envelope certificate; non-certificate does not establish reversal
2026_all5mer	ALL	variable	observed	0.5	0.99	-0.07501187015770423	-0.07273540211158262	CERTIFIED_DECREASE	Sufficient marginal-envelope certificate; non-certificate does not establish reversal
2026_all5mer	ALL	variable	equal_class	0.5	0.99	-0.07777574736788083	-0.07029163338661458	CERTIFIED_DECREASE	Sufficient marginal-envelope certificate; non-certificate does not establish reversal
2026_all5mer	FIXED_ALL_CONSTRUCTS	fixed	equal_construct_class	0.5	0.99	-0.06958880891756845	-0.068096806594122	CERTIFIED_DECREASE	Fixed original K; sufficient certificate only
2026_all5mer	FIXED_ALL_CONSTRUCTS	variable	equal_construct_class	0.5	0.99	-0.07474019379901069	-0.06382488240440025	CERTIFIED_DECREASE	Fixed original K; sufficient certificate only
2026_all5mer	5mers_A_RNA_sparse_seq_01	fixed	observed	0.6	0.7	-0.010891388297902975	-0.009205955440171922	CERTIFIED_DECREASE	Sufficient marginal-envelope certificate; non-certificate does not establish reversal
2026_all5mer	5mers_A_RNA_sparse_seq_01	fixed	equal_class	0.6	0.7	-0.012127641461155622	-0.010201357591362419	CERTIFIED_DECREASE	Sufficient marginal-envelope certificate; non-certificate does not establish reversal
2026_all5mer	5mers_A_RNA_sparse_seq_01	variable	observed	0.6	0.7	-0.011699500687289748	-0.009206949954231207	CERTIFIED_DECREASE	Sufficient marginal-envelope certificate; non-certificate does not establish reversal
2026_all5mer	5mers_A_RNA_sparse_seq_01	variable	equal_class	0.6	0.7	-0.012997774187040213	-0.01020263131661319	CERTIFIED_DECREASE	Sufficient marginal-envelope certificate; non-certificate does not establish reversal
2026_all5mer	5mers_A_RNA_sparse_seq_02	fixed	observed	0.6	0.7	-0.014228885327339104	-0.012202568648934209	CERTIFIED_DECREASE	Sufficient marginal-envelope certificate; non-certificate does not establish reversal
2026_all5mer	5mers_A_RNA_sparse_seq_02	fixed	equal_class	0.6	0.7	-0.014654822326589635	-0.01250025091877481	CERTIFIED_DECREASE	Sufficient marginal-envelope certificate; non-certificate does not establish reversal
2026_all5mer	5mers_A_RNA_sparse_seq_02	variable	observed	0.6	0.7	-0.015253919857213208	-0.012203707132407614	CERTIFIED_DECREASE	Sufficient marginal-envelope certificate; non-certificate does not establish reversal
2026_all5mer	5mers_A_RNA_sparse_seq_02	variable	equal_class	0.6	0.7	-0.015677037919289677	-0.012501570997110252	CERTIFIED_DECREASE	Sufficient marginal-envelope certificate; non-certificate does not establish reversal
2026_all5mer	5mers_A_RNA_sparse_seq_03	fixed	observed	0.6	0.7	-0.012417160628815524	-0.010702340359592957	CERTIFIED_DECREASE	Sufficient marginal-envelope certificate; non-certificate does not establish reversal
2026_all5mer	5mers_A_RNA_sparse_seq_03	fixed	equal_class	0.6	0.7	-0.013887034016037449	-0.011775515838154837	CERTIFIED_DECREASE	Sufficient marginal-envelope certificate; non-certificate does not establish reversal
2026_all5mer	5mers_A_RNA_sparse_seq_03	variable	observed	0.6	0.7	-0.013289124552227409	-0.010703370028571885	CERTIFIED_DECREASE	Sufficient marginal-envelope certificate; non-certificate does not establish reversal
2026_all5mer	5mers_A_RNA_sparse_seq_03	variable	equal_class	0.6	0.7	-0.014782935729914529	-0.011777023762351908	CERTIFIED_DECREASE	Sufficient marginal-envelope certificate; non-certificate does not establish reversal
2026_all5mer	5mers_A_RNA_sparse_seq_04	fixed	observed	0.6	0.7	-0.013110634817540427	-0.01109290925352134	CERTIFIED_DECREASE	Sufficient marginal-envelope certificate; non-certificate does not establish reversal
2026_all5mer	5mers_A_RNA_sparse_seq_04	fixed	equal_class	0.6	0.7	-0.013413898907269822	-0.010981057403895794	CERTIFIED_DECREASE	Sufficient marginal-envelope certificate; non-certificate does not establish reversal
2026_all5mer	5mers_A_RNA_sparse_seq_04	variable	observed	0.6	0.7	-0.014209722820476355	-0.011094086775727971	CERTIFIED_DECREASE	Sufficient marginal-envelope certificate; non-certificate does not establish reversal
2026_all5mer	5mers_A_RNA_sparse_seq_04	variable	equal_class	0.6	0.7	-0.01455005986948911	-0.010972450330635555	CERTIFIED_DECREASE	Sufficient marginal-envelope certificate; non-certificate does not establish reversal
2026_all5mer	5mers_A_RNA_sparse_seq_05	fixed	observed	0.6	0.7	-0.012859015408463965	-0.011184195086187391	CERTIFIED_DECREASE	Sufficient marginal-envelope certificate; non-certificate does not establish reversal
2026_all5mer	5mers_A_RNA_sparse_seq_05	fixed	equal_class	0.6	0.7	-0.014249432336989748	-0.012168426517492045	CERTIFIED_DECREASE	Sufficient marginal-envelope certificate; non-certificate does not establish reversal
2026_all5mer	5mers_A_RNA_sparse_seq_05	variable	observed	0.6	0.7	-0.013863443929850332	-0.011185403657042944	CERTIFIED_DECREASE	Sufficient marginal-envelope certificate; non-certificate does not establish reversal
2026_all5mer	5mers_A_RNA_sparse_seq_05	variable	equal_class	0.6	0.7	-0.015328885347492209	-0.012170064673473556	CERTIFIED_DECREASE	Sufficient marginal-envelope certificate; non-certificate does not establish reversal
2026_all5mer	5mers_A_RNA_sparse_seq_06	fixed	observed	0.6	0.7	-0.012368889419174897	-0.010600020507035894	CERTIFIED_DECREASE	Sufficient marginal-envelope certificate; non-certificate does not establish reversal
2026_all5mer	5mers_A_RNA_sparse_seq_06	fixed	equal_class	0.6	0.7	-0.013301538141293812	-0.01135333363802496	CERTIFIED_DECREASE	Sufficient marginal-envelope certificate; non-certificate does not establish reversal
2026_all5mer	5mers_A_RNA_sparse_seq_06	variable	observed	0.6	0.7	-0.013356513836580375	-0.010600904980060201	CERTIFIED_DECREASE	Sufficient marginal-envelope certificate; non-certificate does not establish reversal
2026_all5mer	5mers_A_RNA_sparse_seq_06	variable	equal_class	0.6	0.7	-0.014307200843809487	-0.01135450883631725	CERTIFIED_DECREASE	Sufficient marginal-envelope certificate; non-certificate does not establish reversal
2026_all5mer	5mers_A_RNA_sparse_seq_07	fixed	observed	0.6	0.7	-0.014612586277747572	-0.012620903484060766	CERTIFIED_DECREASE	Sufficient marginal-envelope certificate; non-certificate does not establish reversal
2026_all5mer	5mers_A_RNA_sparse_seq_07	fixed	equal_class	0.6	0.7	-0.015674738838229743	-0.013399659611058073	CERTIFIED_DECREASE	Sufficient marginal-envelope certificate; non-certificate does not establish reversal
2026_all5mer	5mers_A_RNA_sparse_seq_07	variable	observed	0.6	0.7	-0.01567504318100104	-0.012622078322893443	CERTIFIED_DECREASE	Sufficient marginal-envelope certificate; non-certificate does not establish reversal
2026_all5mer	5mers_A_RNA_sparse_seq_07	variable	equal_class	0.6	0.7	-0.01677882447142881	-0.013401327948064437	CERTIFIED_DECREASE	Sufficient marginal-envelope certificate; non-certificate does not establish reversal
2026_all5mer	5mers_A_RNA_sparse_seq_08	fixed	observed	0.6	0.7	-0.011241442917640086	-0.0096265852892062	CERTIFIED_DECREASE	Sufficient marginal-envelope certificate; non-certificate does not establish reversal
2026_all5mer	5mers_A_RNA_sparse_seq_08	fixed	equal_class	0.6	0.7	-0.01356815032125036	-0.011516246691445055	CERTIFIED_DECREASE	Sufficient marginal-envelope certificate; non-certificate does not establish reversal
2026_all5mer	5mers_A_RNA_sparse_seq_08	variable	observed	0.6	0.7	-0.012049216696602971	-0.009627355407690469	CERTIFIED_DECREASE	Sufficient marginal-envelope certificate; non-certificate does not establish reversal
2026_all5mer	5mers_A_RNA_sparse_seq_08	variable	equal_class	0.6	0.7	-0.014513991567140484	-0.011517400177814899	CERTIFIED_DECREASE	Sufficient marginal-envelope certificate; non-certificate does not establish reversal
2026_all5mer	5mers_A_RNA_sparse_seq_09	fixed	observed	0.6	0.7	-0.013156605739950256	-0.011279043231389854	CERTIFIED_DECREASE	Sufficient marginal-envelope certificate; non-certificate does not establish reversal
2026_all5mer	5mers_A_RNA_sparse_seq_09	fixed	equal_class	0.6	0.7	-0.01348760207519304	-0.011527024312894665	CERTIFIED_DECREASE	Sufficient marginal-envelope certificate; non-certificate does not establish reversal
2026_all5mer	5mers_A_RNA_sparse_seq_09	variable	observed	0.6	0.7	-0.014072582097559766	-0.011280009344946877	CERTIFIED_DECREASE	Sufficient marginal-envelope certificate; non-certificate does not establish reversal
2026_all5mer	5mers_A_RNA_sparse_seq_09	variable	equal_class	0.6	0.7	-0.014421678740963569	-0.011528240827883576	CERTIFIED_DECREASE	Sufficient marginal-envelope certificate; non-certificate does not establish reversal
2026_all5mer	5mers_A_RNA_sparse_seq_10	fixed	observed	0.6	0.7	-0.011362627402769603	-0.009931710368982119	CERTIFIED_DECREASE	Sufficient marginal-envelope certificate; non-certificate does not establish reversal
2026_all5mer	5mers_A_RNA_sparse_seq_10	fixed	equal_class	0.6	0.7	-0.01384160783183861	-0.011870980113308588	CERTIFIED_DECREASE	Sufficient marginal-envelope certificate; non-certificate does not establish reversal
2026_all5mer	5mers_A_RNA_sparse_seq_10	variable	observed	0.6	0.7	-0.012278948945361835	-0.009932712451154263	CERTIFIED_DECREASE	Sufficient marginal-envelope certificate; non-certificate does not establish reversal
2026_all5mer	5mers_A_RNA_sparse_seq_10	variable	equal_class	0.6	0.7	-0.014909521693954576	-0.011872625963970151	CERTIFIED_DECREASE	Sufficient marginal-envelope certificate; non-certificate does not establish reversal
2026_all5mer	5mers_A_RNA_sparse_seq_11	fixed	observed	0.6	0.7	-0.010987254383340965	-0.009374025731824547	CERTIFIED_DECREASE	Sufficient marginal-envelope certificate; non-certificate does not establish reversal
2026_all5mer	5mers_A_RNA_sparse_seq_11	fixed	equal_class	0.6	0.7	-0.01235986708715435	-0.010466446545812205	CERTIFIED_DECREASE	Sufficient marginal-envelope certificate; non-certificate does not establish reversal
2026_all5mer	5mers_A_RNA_sparse_seq_11	variable	observed	0.6	0.7	-0.011750754989117325	-0.009374947203894785	CERTIFIED_DECREASE	Sufficient marginal-envelope certificate; non-certificate does not establish reversal
2026_all5mer	5mers_A_RNA_sparse_seq_11	variable	equal_class	0.6	0.7	-0.013194200754050062	-0.010467686550437165	CERTIFIED_DECREASE	Sufficient marginal-envelope certificate; non-certificate does not establish reversal
2026_all5mer	5mers_A_RNA_sparse_seq_12	fixed	observed	0.6	0.7	-0.013474730776914454	-0.011622828359634456	CERTIFIED_DECREASE	Sufficient marginal-envelope certificate; non-certificate does not establish reversal
2026_all5mer	5mers_A_RNA_sparse_seq_12	fixed	equal_class	0.6	0.7	-0.014676894965470491	-0.01237223598410886	CERTIFIED_DECREASE	Sufficient marginal-envelope certificate; non-certificate does not establish reversal
2026_all5mer	5mers_A_RNA_sparse_seq_12	variable	observed	0.6	0.7	-0.014440761942414657	-0.011623914882278916	CERTIFIED_DECREASE	Sufficient marginal-envelope certificate; non-certificate does not establish reversal
2026_all5mer	5mers_A_RNA_sparse_seq_12	variable	equal_class	0.6	0.7	-0.015783151430385042	-0.012373725469870006	CERTIFIED_DECREASE	Sufficient marginal-envelope certificate; non-certificate does not establish reversal
2026_all5mer	5mers_A_RNA_sparse_seq_13	fixed	observed	0.6	0.7	-0.011402301026681765	-0.009903008975795574	CERTIFIED_DECREASE	Sufficient marginal-envelope certificate; non-certificate does not establish reversal
2026_all5mer	5mers_A_RNA_sparse_seq_13	fixed	equal_class	0.6	0.7	-0.013536485839574106	-0.011526952737126048	CERTIFIED_DECREASE	Sufficient marginal-envelope certificate; non-certificate does not establish reversal
2026_all5mer	5mers_A_RNA_sparse_seq_13	variable	observed	0.6	0.7	-0.012295528390634254	-0.009903821413577152	CERTIFIED_DECREASE	Sufficient marginal-envelope certificate; non-certificate does not establish reversal
2026_all5mer	5mers_A_RNA_sparse_seq_13	variable	equal_class	0.6	0.7	-0.014567758791380087	-0.011528267286180095	CERTIFIED_DECREASE	Sufficient marginal-envelope certificate; non-certificate does not establish reversal
2026_all5mer	5mers_A_RNA_sparse_seq_14	fixed	observed	0.6	0.7	-0.011930888214570196	-0.010331913865883342	CERTIFIED_DECREASE	Sufficient marginal-envelope certificate; non-certificate does not establish reversal
2026_all5mer	5mers_A_RNA_sparse_seq_14	fixed	equal_class	0.6	0.7	-0.012916849145589965	-0.011026738773446537	CERTIFIED_DECREASE	Sufficient marginal-envelope certificate; non-certificate does not establish reversal
2026_all5mer	5mers_A_RNA_sparse_seq_14	variable	observed	0.6	0.7	-0.012874878494146882	-0.010332970983792267	CERTIFIED_DECREASE	Sufficient marginal-envelope certificate; non-certificate does not establish reversal
2026_all5mer	5mers_A_RNA_sparse_seq_14	variable	equal_class	0.6	0.7	-0.013904600522269828	-0.011028033970130968	CERTIFIED_DECREASE	Sufficient marginal-envelope certificate; non-certificate does not establish reversal
2026_all5mer	5mers_A_RNA_sparse_seq_15	fixed	observed	0.6	0.7	-0.0158092128941429	-0.013363593409040073	CERTIFIED_DECREASE	Sufficient marginal-envelope certificate; non-certificate does not establish reversal
2026_all5mer	5mers_A_RNA_sparse_seq_15	fixed	equal_class	0.6	0.7	-0.01678836071517048	-0.014130223488971444	CERTIFIED_DECREASE	Sufficient marginal-envelope certificate; non-certificate does not establish reversal
2026_all5mer	5mers_A_RNA_sparse_seq_15	variable	observed	0.6	0.7	-0.017024613480867132	-0.01336503140031324	CERTIFIED_DECREASE	Sufficient marginal-envelope certificate; non-certificate does not establish reversal
2026_all5mer	5mers_A_RNA_sparse_seq_15	variable	equal_class	0.6	0.7	-0.01802914943518437	-0.014131996292717067	CERTIFIED_DECREASE	Sufficient marginal-envelope certificate; non-certificate does not establish reversal
2026_all5mer	5mers_A_RNA_sparse_seq_16	fixed	observed	0.6	0.7	-0.01380547224837167	-0.011775104482864049	CERTIFIED_DECREASE	Sufficient marginal-envelope certificate; non-certificate does not establish reversal
2026_all5mer	5mers_A_RNA_sparse_seq_16	fixed	equal_class	0.6	0.7	-0.014637656918416522	-0.012427664867207582	CERTIFIED_DECREASE	Sufficient marginal-envelope certificate; non-certificate does not establish reversal
2026_all5mer	5mers_A_RNA_sparse_seq_16	variable	observed	0.6	0.7	-0.01492386211770013	-0.011776219097711177	CERTIFIED_DECREASE	Sufficient marginal-envelope certificate; non-certificate does not establish reversal
2026_all5mer	5mers_A_RNA_sparse_seq_16	variable	equal_class	0.6	0.7	-0.01582669201394185	-0.012429024503542704	CERTIFIED_DECREASE	Sufficient marginal-envelope certificate; non-certificate does not establish reversal
2026_all5mer	5mers_A_RNA_sparse_seq_17	fixed	observed	0.6	0.7	-0.01040012576103086	-0.009006404845021306	CERTIFIED_DECREASE	Sufficient marginal-envelope certificate; non-certificate does not establish reversal
2026_all5mer	5mers_A_RNA_sparse_seq_17	fixed	equal_class	0.6	0.7	-0.011445298438467713	-0.009817279285187525	CERTIFIED_DECREASE	Sufficient marginal-envelope certificate; non-certificate does not establish reversal
2026_all5mer	5mers_A_RNA_sparse_seq_17	variable	observed	0.6	0.7	-0.011259146573268673	-0.009007092635745194	CERTIFIED_DECREASE	Sufficient marginal-envelope certificate; non-certificate does not establish reversal
2026_all5mer	5mers_A_RNA_sparse_seq_17	variable	equal_class	0.6	0.7	-0.012458219622778474	-0.009818189891678944	CERTIFIED_DECREASE	Sufficient marginal-envelope certificate; non-certificate does not establish reversal
2026_all5mer	5mers_A_RNA_sparse_seq_18	fixed	observed	0.6	0.7	-0.01141709879380591	-0.009893685738310676	CERTIFIED_DECREASE	Sufficient marginal-envelope certificate; non-certificate does not establish reversal
2026_all5mer	5mers_A_RNA_sparse_seq_18	fixed	equal_class	0.6	0.7	-0.012798344389076663	-0.010771228100322286	CERTIFIED_DECREASE	Sufficient marginal-envelope certificate; non-certificate does not establish reversal
2026_all5mer	5mers_A_RNA_sparse_seq_18	variable	observed	0.6	0.7	-0.012265501475777117	-0.009894556461848523	CERTIFIED_DECREASE	Sufficient marginal-envelope certificate; non-certificate does not establish reversal
2026_all5mer	5mers_A_RNA_sparse_seq_18	variable	equal_class	0.6	0.7	-0.01379587351033787	-0.010772430968811378	CERTIFIED_DECREASE	Sufficient marginal-envelope certificate; non-certificate does not establish reversal
2026_all5mer	5mers_A_RNA_sparse_seq_19	fixed	observed	0.6	0.7	-0.012334022736322808	-0.010798327486380058	CERTIFIED_DECREASE	Sufficient marginal-envelope certificate; non-certificate does not establish reversal
2026_all5mer	5mers_A_RNA_sparse_seq_19	fixed	equal_class	0.6	0.7	-0.014225792521731007	-0.012292793315135067	CERTIFIED_DECREASE	Sufficient marginal-envelope certificate; non-certificate does not establish reversal
2026_all5mer	5mers_A_RNA_sparse_seq_19	variable	observed	0.6	0.7	-0.013216242023526129	-0.010799197606322503	CERTIFIED_DECREASE	Sufficient marginal-envelope certificate; non-certificate does not establish reversal
2026_all5mer	5mers_A_RNA_sparse_seq_19	variable	equal_class	0.6	0.7	-0.015164952691586547	-0.012294277045021368	CERTIFIED_DECREASE	Sufficient marginal-envelope certificate; non-certificate does not establish reversal
2026_all5mer	5mers_A_RNA_sparse_seq_20	fixed	observed	0.6	0.7	-0.014042346526947205	-0.01181533763939649	CERTIFIED_DECREASE	Sufficient marginal-envelope certificate; non-certificate does not establish reversal
2026_all5mer	5mers_A_RNA_sparse_seq_20	fixed	equal_class	0.6	0.7	-0.013935329929091814	-0.011307265009050382	CERTIFIED_DECREASE	Sufficient marginal-envelope certificate; non-certificate does not establish reversal
2026_all5mer	5mers_A_RNA_sparse_seq_20	variable	observed	0.6	0.7	-0.015103791682900075	-0.011816644376916915	CERTIFIED_DECREASE	Sufficient marginal-envelope certificate; non-certificate does not establish reversal
2026_all5mer	5mers_A_RNA_sparse_seq_20	variable	equal_class	0.6	0.7	-0.015014798677981306	-0.011262590174671266	CERTIFIED_DECREASE	Sufficient marginal-envelope certificate; non-certificate does not establish reversal
2026_all5mer	5mers_A_RNA_sparse_seq_21	fixed	observed	0.6	0.7	-0.011430350599287972	-0.009843695636241392	CERTIFIED_DECREASE	Sufficient marginal-envelope certificate; non-certificate does not establish reversal
2026_all5mer	5mers_A_RNA_sparse_seq_21	fixed	equal_class	0.6	0.7	-0.013309542072489404	-0.011327134035042	CERTIFIED_DECREASE	Sufficient marginal-envelope certificate; non-certificate does not establish reversal
2026_all5mer	5mers_A_RNA_sparse_seq_21	variable	observed	0.6	0.7	-0.012192869819944677	-0.009844502845685082	CERTIFIED_DECREASE	Sufficient marginal-envelope certificate; non-certificate does not establish reversal
2026_all5mer	5mers_A_RNA_sparse_seq_21	variable	equal_class	0.6	0.7	-0.014171506714005876	-0.011328266603626215	CERTIFIED_DECREASE	Sufficient marginal-envelope certificate; non-certificate does not establish reversal
2026_all5mer	5mers_A_RNA_sparse_seq_22	fixed	observed	0.6	0.7	-0.017159346815972087	-0.014509731935954479	CERTIFIED_DECREASE	Sufficient marginal-envelope certificate; non-certificate does not establish reversal
2026_all5mer	5mers_A_RNA_sparse_seq_22	fixed	equal_class	0.6	0.7	-0.017634051931032735	-0.01484141061237619	CERTIFIED_DECREASE	Sufficient marginal-envelope certificate; non-certificate does not establish reversal
2026_all5mer	5mers_A_RNA_sparse_seq_22	variable	observed	0.6	0.7	-0.018380028674959276	-0.014511411891892853	CERTIFIED_DECREASE	Sufficient marginal-envelope certificate; non-certificate does not establish reversal
2026_all5mer	5mers_A_RNA_sparse_seq_22	variable	equal_class	0.6	0.7	-0.018840137969321907	-0.014843333062762476	CERTIFIED_DECREASE	Sufficient marginal-envelope certificate; non-certificate does not establish reversal
2026_all5mer	5mers_A_RNA_sparse_seq_23	fixed	observed	0.6	0.7	-0.015373586272636255	-0.013205159863161432	CERTIFIED_DECREASE	Sufficient marginal-envelope certificate; non-certificate does not establish reversal
2026_all5mer	5mers_A_RNA_sparse_seq_23	fixed	equal_class	0.6	0.7	-0.01584668464964921	-0.013316933650462187	CERTIFIED_DECREASE	Sufficient marginal-envelope certificate; non-certificate does not establish reversal
2026_all5mer	5mers_A_RNA_sparse_seq_23	variable	observed	0.6	0.7	-0.016477603242664902	-0.013206460013819518	CERTIFIED_DECREASE	Sufficient marginal-envelope certificate; non-certificate does not establish reversal
2026_all5mer	5mers_A_RNA_sparse_seq_23	variable	equal_class	0.6	0.7	-0.016983068480148536	-0.013318576892250023	CERTIFIED_DECREASE	Sufficient marginal-envelope certificate; non-certificate does not establish reversal
2026_all5mer	5mers_A_RNA_sparse_seq_24	fixed	observed	0.6	0.7	-0.013864690478547055	-0.01199624399588721	CERTIFIED_DECREASE	Sufficient marginal-envelope certificate; non-certificate does not establish reversal
2026_all5mer	5mers_A_RNA_sparse_seq_24	fixed	equal_class	0.6	0.7	-0.014933462651374727	-0.012620156736748975	CERTIFIED_DECREASE	Sufficient marginal-envelope certificate; non-certificate does not establish reversal
2026_all5mer	5mers_A_RNA_sparse_seq_24	variable	observed	0.6	0.7	-0.01485323942757552	-0.011997420309938236	CERTIFIED_DECREASE	Sufficient marginal-envelope certificate; non-certificate does not establish reversal
2026_all5mer	5mers_A_RNA_sparse_seq_24	variable	equal_class	0.6	0.7	-0.015946888069916454	-0.012621807097404125	CERTIFIED_DECREASE	Sufficient marginal-envelope certificate; non-certificate does not establish reversal
2026_all5mer	5mers_A_RNA_sparse_seq_25	fixed	observed	0.6	0.7	-0.013067201088736463	-0.011001770789943396	CERTIFIED_DECREASE	Sufficient marginal-envelope certificate; non-certificate does not establish reversal
2026_all5mer	5mers_A_RNA_sparse_seq_25	fixed	equal_class	0.6	0.7	-0.01449418594882862	-0.012160746768288572	CERTIFIED_DECREASE	Sufficient marginal-envelope certificate; non-certificate does not establish reversal
2026_all5mer	5mers_A_RNA_sparse_seq_25	variable	observed	0.6	0.7	-0.014044229884778464	-0.011002817224399858	CERTIFIED_DECREASE	Sufficient marginal-envelope certificate; non-certificate does not establish reversal
2026_all5mer	5mers_A_RNA_sparse_seq_25	variable	equal_class	0.6	0.7	-0.015587242737254245	-0.012162193504157731	CERTIFIED_DECREASE	Sufficient marginal-envelope certificate; non-certificate does not establish reversal
2026_all5mer	5mers_A_RNA_sparse_seq_26	fixed	observed	0.6	0.7	-0.014340526061731196	-0.012492078977540816	CERTIFIED_DECREASE	Sufficient marginal-envelope certificate; non-certificate does not establish reversal
2026_all5mer	5mers_A_RNA_sparse_seq_26	fixed	equal_class	0.6	0.7	-0.015198345009774968	-0.013096193794247556	CERTIFIED_DECREASE	Sufficient marginal-envelope certificate; non-certificate does not establish reversal
2026_all5mer	5mers_A_RNA_sparse_seq_26	variable	observed	0.6	0.7	-0.01540399131068855	-0.012493083559322354	CERTIFIED_DECREASE	Sufficient marginal-envelope certificate; non-certificate does not establish reversal
2026_all5mer	5mers_A_RNA_sparse_seq_26	variable	equal_class	0.6	0.7	-0.01636298531549607	-0.013097505596549347	CERTIFIED_DECREASE	Sufficient marginal-envelope certificate; non-certificate does not establish reversal
2026_all5mer	5mers_A_RNA_sparse_seq_27	fixed	observed	0.6	0.7	-0.011583258585985787	-0.010007517538595176	CERTIFIED_DECREASE	Sufficient marginal-envelope certificate; non-certificate does not establish reversal
2026_all5mer	5mers_A_RNA_sparse_seq_27	fixed	equal_class	0.6	0.7	-0.013387542838479372	-0.011420820256321795	CERTIFIED_DECREASE	Sufficient marginal-envelope certificate; non-certificate does not establish reversal
2026_all5mer	5mers_A_RNA_sparse_seq_27	variable	observed	0.6	0.7	-0.012445356229217289	-0.010008421095399726	CERTIFIED_DECREASE	Sufficient marginal-envelope certificate; non-certificate does not establish reversal
2026_all5mer	5mers_A_RNA_sparse_seq_27	variable	equal_class	0.6	0.7	-0.01432726181548262	-0.011422179443987157	CERTIFIED_DECREASE	Sufficient marginal-envelope certificate; non-certificate does not establish reversal
2026_all5mer	5mers_A_RNA_sparse_seq_28	fixed	observed	0.6	0.7	-0.010391287080323976	-0.00874675477251044	CERTIFIED_DECREASE	Sufficient marginal-envelope certificate; non-certificate does not establish reversal
2026_all5mer	5mers_A_RNA_sparse_seq_28	fixed	equal_class	0.6	0.7	-0.012094130551159571	-0.010299989473589774	CERTIFIED_DECREASE	Sufficient marginal-envelope certificate; non-certificate does not establish reversal
2026_all5mer	5mers_A_RNA_sparse_seq_28	variable	observed	0.6	0.7	-0.011128000722220949	-0.008747472979674084	CERTIFIED_DECREASE	Sufficient marginal-envelope certificate; non-certificate does not establish reversal
2026_all5mer	5mers_A_RNA_sparse_seq_28	variable	equal_class	0.6	0.7	-0.013020763036336841	-0.01030110042248917	CERTIFIED_DECREASE	Sufficient marginal-envelope certificate; non-certificate does not establish reversal
2026_all5mer	5mers_A_RNA_sparse_seq_29	fixed	observed	0.6	0.7	-0.010107102449304559	-0.00876101015907945	CERTIFIED_DECREASE	Sufficient marginal-envelope certificate; non-certificate does not establish reversal
2026_all5mer	5mers_A_RNA_sparse_seq_29	fixed	equal_class	0.6	0.7	-0.012297532697158206	-0.01035172022551576	CERTIFIED_DECREASE	Sufficient marginal-envelope certificate; non-certificate does not establish reversal
2026_all5mer	5mers_A_RNA_sparse_seq_29	variable	observed	0.6	0.7	-0.010804504622721929	-0.008761857595376898	CERTIFIED_DECREASE	Sufficient marginal-envelope certificate; non-certificate does not establish reversal
2026_all5mer	5mers_A_RNA_sparse_seq_29	variable	equal_class	0.6	0.7	-0.013179999048697932	-0.010352958025866811	CERTIFIED_DECREASE	Sufficient marginal-envelope certificate; non-certificate does not establish reversal
2026_all5mer	5mers_A_RNA_sparse_seq_30	fixed	observed	0.6	0.7	-0.014675957076794657	-0.012550120009225618	CERTIFIED_DECREASE	Sufficient marginal-envelope certificate; non-certificate does not establish reversal
2026_all5mer	5mers_A_RNA_sparse_seq_30	fixed	equal_class	0.6	0.7	-0.014689113775404258	-0.012566429817885458	CERTIFIED_DECREASE	Sufficient marginal-envelope certificate; non-certificate does not establish reversal
2026_all5mer	5mers_A_RNA_sparse_seq_30	variable	observed	0.6	0.7	-0.015771267748208785	-0.012551366666033126	CERTIFIED_DECREASE	Sufficient marginal-envelope certificate; non-certificate does not establish reversal
2026_all5mer	5mers_A_RNA_sparse_seq_30	variable	equal_class	0.6	0.7	-0.0158493256541843	-0.012567835849438325	CERTIFIED_DECREASE	Sufficient marginal-envelope certificate; non-certificate does not establish reversal
2026_all5mer	5mers_A_RNA_sparse_seq_31	fixed	observed	0.6	0.7	-0.010446842420520616	-0.009035943487329633	CERTIFIED_DECREASE	Sufficient marginal-envelope certificate; non-certificate does not establish reversal
2026_all5mer	5mers_A_RNA_sparse_seq_31	fixed	equal_class	0.6	0.7	-0.013205525492751384	-0.011297379849870365	CERTIFIED_DECREASE	Sufficient marginal-envelope certificate; non-certificate does not establish reversal
2026_all5mer	5mers_A_RNA_sparse_seq_31	variable	observed	0.6	0.7	-0.011235126202026331	-0.009036881264282697	CERTIFIED_DECREASE	Sufficient marginal-envelope certificate; non-certificate does not establish reversal
2026_all5mer	5mers_A_RNA_sparse_seq_31	variable	equal_class	0.6	0.7	-0.014214322976155179	-0.011299108376110159	CERTIFIED_DECREASE	Sufficient marginal-envelope certificate; non-certificate does not establish reversal
2026_all5mer	5mers_A_RNA_sparse_seq_32	fixed	observed	0.6	0.7	-0.01551677997473172	-0.013282921795031405	CERTIFIED_DECREASE	Sufficient marginal-envelope certificate; non-certificate does not establish reversal
2026_all5mer	5mers_A_RNA_sparse_seq_32	fixed	equal_class	0.6	0.7	-0.015911026424975647	-0.01341112077227706	CERTIFIED_DECREASE	Sufficient marginal-envelope certificate; non-certificate does not establish reversal
2026_all5mer	5mers_A_RNA_sparse_seq_32	variable	observed	0.6	0.7	-0.016745943410583386	-0.013284318121761882	CERTIFIED_DECREASE	Sufficient marginal-envelope certificate; non-certificate does not establish reversal
2026_all5mer	5mers_A_RNA_sparse_seq_32	variable	equal_class	0.6	0.7	-0.017140545076023306	-0.01341278042020308	CERTIFIED_DECREASE	Sufficient marginal-envelope certificate; non-certificate does not establish reversal
2026_all5mer	ALL	fixed	observed	0.6	0.7	-0.012975231415250553	-0.011157018479918922	CERTIFIED_DECREASE	Sufficient marginal-envelope certificate; non-certificate does not establish reversal
2026_all5mer	ALL	fixed	equal_class	0.6	0.7	-0.01417653987644052	-0.012035797741704726	CERTIFIED_DECREASE	Sufficient marginal-envelope certificate; non-certificate does not establish reversal
2026_all5mer	ALL	variable	observed	0.6	0.7	-0.01394415542043869	-0.011158068995954971	CERTIFIED_DECREASE	Sufficient marginal-envelope certificate; non-certificate does not establish reversal
2026_all5mer	ALL	variable	equal_class	0.6	0.7	-0.015221600704208638	-0.012037210039521892	CERTIFIED_DECREASE	Sufficient marginal-envelope certificate; non-certificate does not establish reversal
2026_all5mer	FIXED_ALL_CONSTRUCTS	fixed	equal_construct_class	0.6	0.7	-0.014016515320270907	-0.011879459897981406	CERTIFIED_DECREASE	Fixed original K; sufficient certificate only
2026_all5mer	FIXED_ALL_CONSTRUCTS	variable	equal_construct_class	0.6	0.7	-0.015050979834795038	-0.011879116008816887	CERTIFIED_DECREASE	Fixed original K; sufficient certificate only
2026_all5mer	5mers_A_RNA_sparse_seq_01	fixed	observed	0.7	0.8	-0.012834552158638296	-0.011500980958005974	CERTIFIED_DECREASE	Sufficient marginal-envelope certificate; non-certificate does not establish reversal
2026_all5mer	5mers_A_RNA_sparse_seq_01	fixed	equal_class	0.7	0.8	-0.013676604833179028	-0.012132716714843048	CERTIFIED_DECREASE	Sufficient marginal-envelope certificate; non-certificate does not establish reversal
2026_all5mer	5mers_A_RNA_sparse_seq_01	variable	observed	0.7	0.8	-0.01283355764457901	-0.010655609668620086	CERTIFIED_DECREASE	Sufficient marginal-envelope certificate; non-certificate does not establish reversal
2026_all5mer	5mers_A_RNA_sparse_seq_01	variable	equal_class	0.7	0.8	-0.013679925923170286	-0.01130487914649076	CERTIFIED_DECREASE	Sufficient marginal-envelope certificate; non-certificate does not establish reversal
2026_all5mer	5mers_A_RNA_sparse_seq_02	fixed	observed	0.7	0.8	-0.016740357189119225	-0.01516398625172228	CERTIFIED_DECREASE	Sufficient marginal-envelope certificate; non-certificate does not establish reversal
2026_all5mer	5mers_A_RNA_sparse_seq_02	fixed	equal_class	0.7	0.8	-0.016401953415247826	-0.014701525500691384	CERTIFIED_DECREASE	Sufficient marginal-envelope certificate; non-certificate does not establish reversal
2026_all5mer	5mers_A_RNA_sparse_seq_02	variable	observed	0.7	0.8	-0.01675216724088728	-0.01392990396471179	CERTIFIED_DECREASE	Sufficient marginal-envelope certificate; non-certificate does not establish reversal
2026_all5mer	5mers_A_RNA_sparse_seq_02	variable	equal_class	0.7	0.8	-0.01640798730812571	-0.013569085917895421	CERTIFIED_DECREASE	Sufficient marginal-envelope certificate; non-certificate does not establish reversal
2026_all5mer	5mers_A_RNA_sparse_seq_03	fixed	observed	0.7	0.8	-0.014288223494975112	-0.012962644589045703	CERTIFIED_DECREASE	Sufficient marginal-envelope certificate; non-certificate does not establish reversal
2026_all5mer	5mers_A_RNA_sparse_seq_03	fixed	equal_class	0.7	0.8	-0.015412711734814302	-0.013723444074851106	CERTIFIED_DECREASE	Sufficient marginal-envelope certificate; non-certificate does not establish reversal
2026_all5mer	5mers_A_RNA_sparse_seq_03	variable	observed	0.7	0.8	-0.014287193825996185	-0.012018291316176204	CERTIFIED_DECREASE	Sufficient marginal-envelope certificate; non-certificate does not establish reversal
2026_all5mer	5mers_A_RNA_sparse_seq_03	variable	equal_class	0.7	0.8	-0.01545410718699583	-0.012696611124272172	CERTIFIED_DECREASE	Sufficient marginal-envelope certificate; non-certificate does not establish reversal
2026_all5mer	5mers_A_RNA_sparse_seq_04	fixed	observed	0.7	0.8	-0.015993087249184544	-0.014396764040983563	CERTIFIED_DECREASE	Sufficient marginal-envelope certificate; non-certificate does not establish reversal
2026_all5mer	5mers_A_RNA_sparse_seq_04	fixed	equal_class	0.7	0.8	-0.0155031108922902	-0.01349955412055897	CERTIFIED_DECREASE	Sufficient marginal-envelope certificate; non-certificate does not establish reversal
2026_all5mer	5mers_A_RNA_sparse_seq_04	variable	observed	0.7	0.8	-0.0160190540469123	-0.013145456076698703	CERTIFIED_DECREASE	Sufficient marginal-envelope certificate; non-certificate does not establish reversal
2026_all5mer	5mers_A_RNA_sparse_seq_04	variable	equal_class	0.7	0.8	-0.01568897908336421	-0.01216815724017821	CERTIFIED_DECREASE	Sufficient marginal-envelope certificate; non-certificate does not establish reversal
2026_all5mer	5mers_A_RNA_sparse_seq_05	fixed	observed	0.7	0.8	-0.015002369407346346	-0.01373248192302377	CERTIFIED_DECREASE	Sufficient marginal-envelope certificate; non-certificate does not establish reversal
2026_all5mer	5mers_A_RNA_sparse_seq_05	fixed	equal_class	0.7	0.8	-0.015743959991575553	-0.014099098792052928	CERTIFIED_DECREASE	Sufficient marginal-envelope certificate; non-certificate does not establish reversal
2026_all5mer	5mers_A_RNA_sparse_seq_05	variable	observed	0.7	0.8	-0.015001160836490793	-0.012548446020216084	CERTIFIED_DECREASE	Sufficient marginal-envelope certificate; non-certificate does not establish reversal
2026_all5mer	5mers_A_RNA_sparse_seq_05	variable	equal_class	0.7	0.8	-0.015784281020860838	-0.012957010323199812	CERTIFIED_DECREASE	Sufficient marginal-envelope certificate; non-certificate does not establish reversal
2026_all5mer	5mers_A_RNA_sparse_seq_06	fixed	observed	0.7	0.8	-0.015102732005143983	-0.013731889033785673	CERTIFIED_DECREASE	Sufficient marginal-envelope certificate; non-certificate does not establish reversal
2026_all5mer	5mers_A_RNA_sparse_seq_06	fixed	equal_class	0.7	0.8	-0.01458774539199311	-0.013052086239532391	CERTIFIED_DECREASE	Sufficient marginal-envelope certificate; non-certificate does not establish reversal
2026_all5mer	5mers_A_RNA_sparse_seq_06	variable	observed	0.7	0.8	-0.015101847532119676	-0.012628836702156053	CERTIFIED_DECREASE	Sufficient marginal-envelope certificate; non-certificate does not establish reversal
2026_all5mer	5mers_A_RNA_sparse_seq_06	variable	equal_class	0.7	0.8	-0.01458657019370082	-0.012017567020001424	CERTIFIED_DECREASE	Sufficient marginal-envelope certificate; non-certificate does not establish reversal
2026_all5mer	5mers_A_RNA_sparse_seq_07	fixed	observed	0.7	0.8	-0.01797422431280595	-0.016442737541784817	CERTIFIED_DECREASE	Sufficient marginal-envelope certificate; non-certificate does not establish reversal
2026_all5mer	5mers_A_RNA_sparse_seq_07	fixed	equal_class	0.7	0.8	-0.018070238692019278	-0.01627148511077066	CERTIFIED_DECREASE	Sufficient marginal-envelope certificate; non-certificate does not establish reversal
2026_all5mer	5mers_A_RNA_sparse_seq_07	variable	observed	0.7	0.8	-0.017982546913073848	-0.015142691311691124	CERTIFIED_DECREASE	Sufficient marginal-envelope certificate; non-certificate does not establish reversal
2026_all5mer	5mers_A_RNA_sparse_seq_07	variable	equal_class	0.7	0.8	-0.018096782847305946	-0.014858975205925995	CERTIFIED_DECREASE	Sufficient marginal-envelope certificate; non-certificate does not establish reversal
2026_all5mer	5mers_A_RNA_sparse_seq_08	fixed	observed	0.7	0.8	-0.013690024211336374	-0.012434866439346874	CERTIFIED_DECREASE	Sufficient marginal-envelope certificate; non-certificate does not establish reversal
2026_all5mer	5mers_A_RNA_sparse_seq_08	fixed	equal_class	0.7	0.8	-0.015787183261625405	-0.014156482792377127	CERTIFIED_DECREASE	Sufficient marginal-envelope certificate; non-certificate does not establish reversal
2026_all5mer	5mers_A_RNA_sparse_seq_08	variable	observed	0.7	0.8	-0.013689254092852106	-0.011466136007772881	CERTIFIED_DECREASE	Sufficient marginal-envelope certificate; non-certificate does not establish reversal
2026_all5mer	5mers_A_RNA_sparse_seq_08	variable	equal_class	0.7	0.8	-0.01582378034921996	-0.01306866105202182	CERTIFIED_DECREASE	Sufficient marginal-envelope certificate; non-certificate does not establish reversal
2026_all5mer	5mers_A_RNA_sparse_seq_09	fixed	observed	0.7	0.8	-0.01632602222807423	-0.014873072710576252	CERTIFIED_DECREASE	Sufficient marginal-envelope certificate; non-certificate does not establish reversal
2026_all5mer	5mers_A_RNA_sparse_seq_09	fixed	equal_class	0.7	0.8	-0.015776184253931833	-0.01424554538862454	CERTIFIED_DECREASE	Sufficient marginal-envelope certificate; non-certificate does not establish reversal
2026_all5mer	5mers_A_RNA_sparse_seq_09	variable	observed	0.7	0.8	-0.016325056114517206	-0.013752903771011925	CERTIFIED_DECREASE	Sufficient marginal-envelope certificate; non-certificate does not establish reversal
2026_all5mer	5mers_A_RNA_sparse_seq_09	variable	equal_class	0.7	0.8	-0.015778100060489825	-0.013164245444617771	CERTIFIED_DECREASE	Sufficient marginal-envelope certificate; non-certificate does not establish reversal
2026_all5mer	5mers_A_RNA_sparse_seq_10	fixed	observed	0.7	0.8	-0.01268093228367552	-0.011604139526417635	CERTIFIED_DECREASE	Sufficient marginal-envelope certificate; non-certificate does not establish reversal
2026_all5mer	5mers_A_RNA_sparse_seq_10	fixed	equal_class	0.7	0.8	-0.014444447784822755	-0.01288620478271111	CERTIFIED_DECREASE	Sufficient marginal-envelope certificate; non-certificate does not establish reversal
2026_all5mer	5mers_A_RNA_sparse_seq_10	variable	observed	0.7	0.8	-0.012679930201503375	-0.010790839739688984	CERTIFIED_DECREASE	Sufficient marginal-envelope certificate; non-certificate does not establish reversal
2026_all5mer	5mers_A_RNA_sparse_seq_10	variable	equal_class	0.7	0.8	-0.014472135138681848	-0.011860982355355883	CERTIFIED_DECREASE	Sufficient marginal-envelope certificate; non-certificate does not establish reversal
2026_all5mer	5mers_A_RNA_sparse_seq_11	fixed	observed	0.7	0.8	-0.013230259147594618	-0.01196912052508	CERTIFIED_DECREASE	Sufficient marginal-envelope certificate; non-certificate does not establish reversal
2026_all5mer	5mers_A_RNA_sparse_seq_11	fixed	equal_class	0.7	0.8	-0.014119244538631365	-0.0126131555400337	CERTIFIED_DECREASE	Sufficient marginal-envelope certificate; non-certificate does not establish reversal
2026_all5mer	5mers_A_RNA_sparse_seq_11	variable	observed	0.7	0.8	-0.01322933767552438	-0.011028163022439932	CERTIFIED_DECREASE	Sufficient marginal-envelope certificate; non-certificate does not establish reversal
2026_all5mer	5mers_A_RNA_sparse_seq_11	variable	equal_class	0.7	0.8	-0.01413462146427625	-0.0117067331359728	CERTIFIED_DECREASE	Sufficient marginal-envelope certificate; non-certificate does not establish reversal
2026_all5mer	5mers_A_RNA_sparse_seq_12	fixed	observed	0.7	0.8	-0.015274768755381134	-0.013844833357872906	CERTIFIED_DECREASE	Sufficient marginal-envelope certificate; non-certificate does not establish reversal
2026_all5mer	5mers_A_RNA_sparse_seq_12	fixed	equal_class	0.7	0.8	-0.015676162400361356	-0.013822146829726004	CERTIFIED_DECREASE	Sufficient marginal-envelope certificate; non-certificate does not establish reversal
2026_all5mer	5mers_A_RNA_sparse_seq_12	variable	observed	0.7	0.8	-0.015273682232736674	-0.012685063657672746	CERTIFIED_DECREASE	Sufficient marginal-envelope certificate; non-certificate does not establish reversal
2026_all5mer	5mers_A_RNA_sparse_seq_12	variable	equal_class	0.7	0.8	-0.015825857354721203	-0.012482424991271716	CERTIFIED_DECREASE	Sufficient marginal-envelope certificate; non-certificate does not establish reversal
2026_all5mer	5mers_A_RNA_sparse_seq_13	fixed	observed	0.7	0.8	-0.013492817571260137	-0.012352315059653205	CERTIFIED_DECREASE	Sufficient marginal-envelope certificate; non-certificate does not establish reversal
2026_all5mer	5mers_A_RNA_sparse_seq_13	fixed	equal_class	0.7	0.8	-0.014610604110149819	-0.013013104807437288	CERTIFIED_DECREASE	Sufficient marginal-envelope certificate; non-certificate does not establish reversal
2026_all5mer	5mers_A_RNA_sparse_seq_13	variable	observed	0.7	0.8	-0.01349200513347856	-0.011305054601999032	CERTIFIED_DECREASE	Sufficient marginal-envelope certificate; non-certificate does not establish reversal
2026_all5mer	5mers_A_RNA_sparse_seq_13	variable	equal_class	0.7	0.8	-0.014653692129395705	-0.011901851965240441	CERTIFIED_DECREASE	Sufficient marginal-envelope certificate; non-certificate does not establish reversal
2026_all5mer	5mers_A_RNA_sparse_seq_14	fixed	observed	0.7	0.8	-0.013835674325010316	-0.012610414980949093	CERTIFIED_DECREASE	Sufficient marginal-envelope certificate; non-certificate does not establish reversal
2026_all5mer	5mers_A_RNA_sparse_seq_14	fixed	equal_class	0.7	0.8	-0.014402139805206014	-0.012914001291587159	CERTIFIED_DECREASE	Sufficient marginal-envelope certificate; non-certificate does not establish reversal
2026_all5mer	5mers_A_RNA_sparse_seq_14	variable	observed	0.7	0.8	-0.013834617207101392	-0.011535666518301103	CERTIFIED_DECREASE	Sufficient marginal-envelope certificate; non-certificate does not establish reversal
2026_all5mer	5mers_A_RNA_sparse_seq_14	variable	equal_class	0.7	0.8	-0.014404753724611308	-0.011802517494298913	CERTIFIED_DECREASE	Sufficient marginal-envelope certificate; non-certificate does not establish reversal
2026_all5mer	5mers_A_RNA_sparse_seq_15	fixed	observed	0.7	0.8	-0.019844091556539024	-0.017914326526315597	CERTIFIED_DECREASE	Sufficient marginal-envelope certificate; non-certificate does not establish reversal
2026_all5mer	5mers_A_RNA_sparse_seq_15	fixed	equal_class	0.7	0.8	-0.01954922916580769	-0.01741212188739706	CERTIFIED_DECREASE	Sufficient marginal-envelope certificate; non-certificate does not establish reversal
2026_all5mer	5mers_A_RNA_sparse_seq_15	variable	observed	0.7	0.8	-0.019924865105861715	-0.016228802948349802	CERTIFIED_DECREASE	Sufficient marginal-envelope certificate; non-certificate does not establish reversal
2026_all5mer	5mers_A_RNA_sparse_seq_15	variable	equal_class	0.7	0.8	-0.019673605353241246	-0.01579874605607881	CERTIFIED_DECREASE	Sufficient marginal-envelope certificate; non-certificate does not establish reversal
2026_all5mer	5mers_A_RNA_sparse_seq_16	fixed	observed	0.7	0.8	-0.01651157022745406	-0.01492786671228992	CERTIFIED_DECREASE	Sufficient marginal-envelope certificate; non-certificate does not establish reversal
2026_all5mer	5mers_A_RNA_sparse_seq_16	fixed	equal_class	0.7	0.8	-0.01695289274738202	-0.015208834400813984	CERTIFIED_DECREASE	Sufficient marginal-envelope certificate; non-certificate does not establish reversal
2026_all5mer	5mers_A_RNA_sparse_seq_16	variable	observed	0.7	0.8	-0.0165210778733356	-0.013601488028002769	CERTIFIED_DECREASE	Sufficient marginal-envelope certificate; non-certificate does not establish reversal
2026_all5mer	5mers_A_RNA_sparse_seq_16	variable	equal_class	0.7	0.8	-0.01697434738905014	-0.013870670506651653	CERTIFIED_DECREASE	Sufficient marginal-envelope certificate; non-certificate does not establish reversal
2026_all5mer	5mers_A_RNA_sparse_seq_17	fixed	observed	0.7	0.8	-0.011383041526705107	-0.010310541443688186	CERTIFIED_DECREASE	Sufficient marginal-envelope certificate; non-certificate does not establish reversal
2026_all5mer	5mers_A_RNA_sparse_seq_17	fixed	equal_class	0.7	0.8	-0.011922156905571593	-0.010646659220593657	CERTIFIED_DECREASE	Sufficient marginal-envelope certificate; non-certificate does not establish reversal
2026_all5mer	5mers_A_RNA_sparse_seq_17	variable	observed	0.7	0.8	-0.011382353735981218	-0.009380533616636131	CERTIFIED_DECREASE	Sufficient marginal-envelope certificate; non-certificate does not establish reversal
2026_all5mer	5mers_A_RNA_sparse_seq_17	variable	equal_class	0.7	0.8	-0.011921246299080174	-0.009624378971476416	CERTIFIED_DECREASE	Sufficient marginal-envelope certificate; non-certificate does not establish reversal
2026_all5mer	5mers_A_RNA_sparse_seq_18	fixed	observed	0.7	0.8	-0.012754653840238599	-0.011584438304746054	CERTIFIED_DECREASE	Sufficient marginal-envelope certificate; non-certificate does not establish reversal
2026_all5mer	5mers_A_RNA_sparse_seq_18	fixed	equal_class	0.7	0.8	-0.014253695162666356	-0.012623599529874935	CERTIFIED_DECREASE	Sufficient marginal-envelope certificate; non-certificate does not establish reversal
2026_all5mer	5mers_A_RNA_sparse_seq_18	variable	observed	0.7	0.8	-0.012753783116700751	-0.010639436968502593	CERTIFIED_DECREASE	Sufficient marginal-envelope certificate; non-certificate does not establish reversal
2026_all5mer	5mers_A_RNA_sparse_seq_18	variable	equal_class	0.7	0.8	-0.014326607007428244	-0.011429541527366235	CERTIFIED_DECREASE	Sufficient marginal-envelope certificate; non-certificate does not establish reversal
2026_all5mer	5mers_A_RNA_sparse_seq_19	fixed	observed	0.7	0.8	-0.014095310797029505	-0.012940917175774308	CERTIFIED_DECREASE	Sufficient marginal-envelope certificate; non-certificate does not establish reversal
2026_all5mer	5mers_A_RNA_sparse_seq_19	fixed	equal_class	0.7	0.8	-0.014817400647283749	-0.013311528725391653	CERTIFIED_DECREASE	Sufficient marginal-envelope certificate; non-certificate does not establish reversal
2026_all5mer	5mers_A_RNA_sparse_seq_19	variable	observed	0.7	0.8	-0.01409444067708706	-0.011901962960645274	CERTIFIED_DECREASE	Sufficient marginal-envelope certificate; non-certificate does not establish reversal
2026_all5mer	5mers_A_RNA_sparse_seq_19	variable	equal_class	0.7	0.8	-0.014815916917397448	-0.01226989903752506	CERTIFIED_DECREASE	Sufficient marginal-envelope certificate; non-certificate does not establish reversal
2026_all5mer	5mers_A_RNA_sparse_seq_20	fixed	observed	0.7	0.8	-0.01737475607787544	-0.015607092792835668	CERTIFIED_DECREASE	Sufficient marginal-envelope certificate; non-certificate does not establish reversal
2026_all5mer	5mers_A_RNA_sparse_seq_20	fixed	equal_class	0.7	0.8	-0.015876705165484964	-0.013699581863883079	CERTIFIED_DECREASE	Sufficient marginal-envelope certificate; non-certificate does not establish reversal
2026_all5mer	5mers_A_RNA_sparse_seq_20	variable	observed	0.7	0.8	-0.017430768859289916	-0.014328399063877582	CERTIFIED_DECREASE	Sufficient marginal-envelope certificate; non-certificate does not establish reversal
2026_all5mer	5mers_A_RNA_sparse_seq_20	variable	equal_class	0.7	0.8	-0.016175335623039203	-0.012380918118503587	CERTIFIED_DECREASE	Sufficient marginal-envelope certificate; non-certificate does not establish reversal
2026_all5mer	5mers_A_RNA_sparse_seq_21	fixed	observed	0.7	0.8	-0.013174797323284533	-0.01194441102558122	CERTIFIED_DECREASE	Sufficient marginal-envelope certificate; non-certificate does not establish reversal
2026_all5mer	5mers_A_RNA_sparse_seq_21	fixed	equal_class	0.7	0.8	-0.014359337777173069	-0.012776997022125126	CERTIFIED_DECREASE	Sufficient marginal-envelope certificate; non-certificate does not establish reversal
2026_all5mer	5mers_A_RNA_sparse_seq_21	variable	observed	0.7	0.8	-0.013173990113840843	-0.010981445991170465	CERTIFIED_DECREASE	Sufficient marginal-envelope certificate; non-certificate does not establish reversal
2026_all5mer	5mers_A_RNA_sparse_seq_21	variable	equal_class	0.7	0.8	-0.014391039239893079	-0.011725660568930256	CERTIFIED_DECREASE	Sufficient marginal-envelope certificate; non-certificate does not establish reversal
2026_all5mer	5mers_A_RNA_sparse_seq_22	fixed	observed	0.7	0.8	-0.020825031611359464	-0.0187318399288059	CERTIFIED_DECREASE	Sufficient marginal-envelope certificate; non-certificate does not establish reversal
2026_all5mer	5mers_A_RNA_sparse_seq_22	fixed	equal_class	0.7	0.8	-0.020466905393016682	-0.018231309699642692	CERTIFIED_DECREASE	Sufficient marginal-envelope certificate; non-certificate does not establish reversal
2026_all5mer	5mers_A_RNA_sparse_seq_22	variable	observed	0.7	0.8	-0.020947065388725122	-0.017113650225329	CERTIFIED_DECREASE	Sufficient marginal-envelope certificate; non-certificate does not establish reversal
2026_all5mer	5mers_A_RNA_sparse_seq_22	variable	equal_class	0.7	0.8	-0.020632139729147833	-0.01666266751863575	CERTIFIED_DECREASE	Sufficient marginal-envelope certificate; non-certificate does not establish reversal
2026_all5mer	5mers_A_RNA_sparse_seq_23	fixed	observed	0.7	0.8	-0.018373647031621164	-0.01669524611806423	CERTIFIED_DECREASE	Sufficient marginal-envelope certificate; non-certificate does not establish reversal
2026_all5mer	5mers_A_RNA_sparse_seq_23	fixed	equal_class	0.7	0.8	-0.018307861925868765	-0.016276238300553053	CERTIFIED_DECREASE	Sufficient marginal-envelope certificate; non-certificate does not establish reversal
2026_all5mer	5mers_A_RNA_sparse_seq_23	variable	observed	0.7	0.8	-0.018392945000735086	-0.015225340814655111	CERTIFIED_DECREASE	Sufficient marginal-envelope certificate; non-certificate does not establish reversal
2026_all5mer	5mers_A_RNA_sparse_seq_23	variable	equal_class	0.7	0.8	-0.018447079282319215	-0.014615552410105578	CERTIFIED_DECREASE	Sufficient marginal-envelope certificate; non-certificate does not establish reversal
2026_all5mer	5mers_A_RNA_sparse_seq_24	fixed	observed	0.7	0.8	-0.016199245435230478	-0.014769375660307636	CERTIFIED_DECREASE	Sufficient marginal-envelope certificate; non-certificate does not establish reversal
2026_all5mer	5mers_A_RNA_sparse_seq_24	fixed	equal_class	0.7	0.8	-0.017110680098100794	-0.015267708592980891	CERTIFIED_DECREASE	Sufficient marginal-envelope certificate; non-certificate does not establish reversal
2026_all5mer	5mers_A_RNA_sparse_seq_24	variable	observed	0.7	0.8	-0.01619806912117945	-0.013579025995369365	CERTIFIED_DECREASE	Sufficient marginal-envelope certificate; non-certificate does not establish reversal
2026_all5mer	5mers_A_RNA_sparse_seq_24	variable	equal_class	0.7	0.8	-0.017235253792141164	-0.013921834712667162	CERTIFIED_DECREASE	Sufficient marginal-envelope certificate; non-certificate does not establish reversal
2026_all5mer	5mers_A_RNA_sparse_seq_25	fixed	observed	0.7	0.8	-0.016348549624009258	-0.014705754830268501	CERTIFIED_DECREASE	Sufficient marginal-envelope certificate; non-certificate does not establish reversal
2026_all5mer	5mers_A_RNA_sparse_seq_25	fixed	equal_class	0.7	0.8	-0.017170521148307805	-0.015288142933938077	CERTIFIED_DECREASE	Sufficient marginal-envelope certificate; non-certificate does not establish reversal
2026_all5mer	5mers_A_RNA_sparse_seq_25	variable	observed	0.7	0.8	-0.016390990886396666	-0.01340213133407507	CERTIFIED_DECREASE	Sufficient marginal-envelope certificate; non-certificate does not establish reversal
2026_all5mer	5mers_A_RNA_sparse_seq_25	variable	equal_class	0.7	0.8	-0.017225427282205517	-0.013975572209378756	CERTIFIED_DECREASE	Sufficient marginal-envelope certificate; non-certificate does not establish reversal
2026_all5mer	5mers_A_RNA_sparse_seq_26	fixed	observed	0.7	0.8	-0.01663522903472063	-0.015235865209211476	CERTIFIED_DECREASE	Sufficient marginal-envelope certificate; non-certificate does not establish reversal
2026_all5mer	5mers_A_RNA_sparse_seq_26	fixed	equal_class	0.7	0.8	-0.017207400648913622	-0.015574993695974947	CERTIFIED_DECREASE	Sufficient marginal-envelope certificate; non-certificate does not establish reversal
2026_all5mer	5mers_A_RNA_sparse_seq_26	variable	observed	0.7	0.8	-0.016634224452939092	-0.013946511503510853	CERTIFIED_DECREASE	Sufficient marginal-envelope certificate; non-certificate does not establish reversal
2026_all5mer	5mers_A_RNA_sparse_seq_26	variable	equal_class	0.7	0.8	-0.01720608884661183	-0.014189969380179551	CERTIFIED_DECREASE	Sufficient marginal-envelope certificate; non-certificate does not establish reversal
2026_all5mer	5mers_A_RNA_sparse_seq_27	fixed	observed	0.7	0.8	-0.013357120386380674	-0.012143745136553107	CERTIFIED_DECREASE	Sufficient marginal-envelope certificate; non-certificate does not establish reversal
2026_all5mer	5mers_A_RNA_sparse_seq_27	fixed	equal_class	0.7	0.8	-0.014583502427953664	-0.013025075600422424	CERTIFIED_DECREASE	Sufficient marginal-envelope certificate; non-certificate does not establish reversal
2026_all5mer	5mers_A_RNA_sparse_seq_27	variable	observed	0.7	0.8	-0.013356216829576124	-0.011164466571100304	CERTIFIED_DECREASE	Sufficient marginal-envelope certificate; non-certificate does not establish reversal
2026_all5mer	5mers_A_RNA_sparse_seq_27	variable	equal_class	0.7	0.8	-0.014595600086059701	-0.01200221795182261	CERTIFIED_DECREASE	Sufficient marginal-envelope certificate; non-certificate does not establish reversal
2026_all5mer	5mers_A_RNA_sparse_seq_28	fixed	observed	0.7	0.8	-0.012402562968257876	-0.01108777004842891	CERTIFIED_DECREASE	Sufficient marginal-envelope certificate; non-certificate does not establish reversal
2026_all5mer	5mers_A_RNA_sparse_seq_28	fixed	equal_class	0.7	0.8	-0.013148774097844484	-0.011726221776004561	CERTIFIED_DECREASE	Sufficient marginal-envelope certificate; non-certificate does not establish reversal
2026_all5mer	5mers_A_RNA_sparse_seq_28	variable	observed	0.7	0.8	-0.012410027380690816	-0.010251564057260631	CERTIFIED_DECREASE	Sufficient marginal-envelope certificate; non-certificate does not establish reversal
2026_all5mer	5mers_A_RNA_sparse_seq_28	variable	equal_class	0.7	0.8	-0.01315350369583513	-0.010727444156064435	CERTIFIED_DECREASE	Sufficient marginal-envelope certificate; non-certificate does not establish reversal
2026_all5mer	5mers_A_RNA_sparse_seq_29	fixed	observed	0.7	0.8	-0.0116448730515148	-0.010614790902095207	CERTIFIED_DECREASE	Sufficient marginal-envelope certificate; non-certificate does not establish reversal
2026_all5mer	5mers_A_RNA_sparse_seq_29	fixed	equal_class	0.7	0.8	-0.013791521457786907	-0.012227476888509753	CERTIFIED_DECREASE	Sufficient marginal-envelope certificate; non-certificate does not establish reversal
2026_all5mer	5mers_A_RNA_sparse_seq_29	variable	observed	0.7	0.8	-0.011644025615217352	-0.009846530567269345	CERTIFIED_DECREASE	Sufficient marginal-envelope certificate; non-certificate does not establish reversal
2026_all5mer	5mers_A_RNA_sparse_seq_29	variable	equal_class	0.7	0.8	-0.013854146472841042	-0.011410393896564272	CERTIFIED_DECREASE	Sufficient marginal-envelope certificate; non-certificate does not establish reversal
2026_all5mer	5mers_A_RNA_sparse_seq_30	fixed	observed	0.7	0.8	-0.01695781052212285	-0.015297438416048192	CERTIFIED_DECREASE	Sufficient marginal-envelope certificate; non-certificate does not establish reversal
2026_all5mer	5mers_A_RNA_sparse_seq_30	fixed	equal_class	0.7	0.8	-0.01622861017288471	-0.01456527779158956	CERTIFIED_DECREASE	Sufficient marginal-envelope certificate; non-certificate does not establish reversal
2026_all5mer	5mers_A_RNA_sparse_seq_30	variable	observed	0.7	0.8	-0.016982773565036663	-0.01392531890788793	CERTIFIED_DECREASE	Sufficient marginal-envelope certificate; non-certificate does not establish reversal
2026_all5mer	5mers_A_RNA_sparse_seq_30	variable	equal_class	0.7	0.8	-0.016249361385648413	-0.0132199016609411	CERTIFIED_DECREASE	Sufficient marginal-envelope certificate; non-certificate does not establish reversal
2026_all5mer	5mers_A_RNA_sparse_seq_31	fixed	observed	0.7	0.8	-0.011233082874993743	-0.010141874574220066	CERTIFIED_DECREASE	Sufficient marginal-envelope certificate; non-certificate does not establish reversal
2026_all5mer	5mers_A_RNA_sparse_seq_31	fixed	equal_class	0.7	0.8	-0.013445016154930524	-0.011930077798358162	CERTIFIED_DECREASE	Sufficient marginal-envelope certificate; non-certificate does not establish reversal
2026_all5mer	5mers_A_RNA_sparse_seq_31	variable	observed	0.7	0.8	-0.011232145098040679	-0.009208788304456868	CERTIFIED_DECREASE	Sufficient marginal-envelope certificate; non-certificate does not establish reversal
2026_all5mer	5mers_A_RNA_sparse_seq_31	variable	equal_class	0.7	0.8	-0.013455956111241646	-0.010870051668140743	CERTIFIED_DECREASE	Sufficient marginal-envelope certificate; non-certificate does not establish reversal
2026_all5mer	5mers_A_RNA_sparse_seq_32	fixed	observed	0.7	0.8	-0.018935940762398212	-0.017198834082831786	CERTIFIED_DECREASE	Sufficient marginal-envelope certificate; non-certificate does not establish reversal
2026_all5mer	5mers_A_RNA_sparse_seq_32	fixed	equal_class	0.7	0.8	-0.018450521723698154	-0.01644900012568741	CERTIFIED_DECREASE	Sufficient marginal-envelope certificate; non-certificate does not establish reversal
2026_all5mer	5mers_A_RNA_sparse_seq_32	variable	observed	0.7	0.8	-0.01896137587704319	-0.01568771365708998	CERTIFIED_DECREASE	Sufficient marginal-envelope certificate; non-certificate does not establish reversal
2026_all5mer	5mers_A_RNA_sparse_seq_32	variable	equal_class	0.7	0.8	-0.018552152437769337	-0.01487021595277653	CERTIFIED_DECREASE	Sufficient marginal-envelope certificate; non-certificate does not establish reversal
2026_all5mer	ALL	fixed	observed	0.7	0.8	-0.015306406067769895	-0.013899201867146903	CERTIFIED_DECREASE	Sufficient marginal-envelope certificate; non-certificate does not establish reversal
2026_all5mer	ALL	fixed	equal_class	0.7	0.8	-0.015876274981603468	-0.014174624732730068	CERTIFIED_DECREASE	Sufficient marginal-envelope certificate; non-certificate does not establish reversal
2026_all5mer	ALL	variable	observed	0.7	0.8	-0.015305355551733846	-0.012763982208244054	CERTIFIED_DECREASE	Sufficient marginal-envelope certificate; non-certificate does not establish reversal
2026_all5mer	ALL	variable	equal_class	0.7	0.8	-0.015918462718313056	-0.012978220306702398	CERTIFIED_DECREASE	Sufficient marginal-envelope certificate; non-certificate does not establish reversal
2026_all5mer	FIXED_ALL_CONSTRUCTS	fixed	equal_construct_class	0.7	0.8	-0.015682969497703855	-0.013980356182485575	CERTIFIED_DECREASE	Fixed original K; sufficient certificate only
2026_all5mer	FIXED_ALL_CONSTRUCTS	variable	equal_construct_class	0.7	0.8	-0.015739886897995943	-0.012785166835017236	CERTIFIED_DECREASE	Fixed original K; sufficient certificate only
2026_all5mer	5mers_A_RNA_sparse_seq_01	fixed	observed	0.8	0.9	-0.014888773820430561	-0.013979540807264088	CERTIFIED_DECREASE	Sufficient marginal-envelope certificate; non-certificate does not establish reversal
2026_all5mer	5mers_A_RNA_sparse_seq_01	fixed	equal_class	0.8	0.9	-0.013869880155895895	-0.01277776593971007	CERTIFIED_DECREASE	Sufficient marginal-envelope certificate; non-certificate does not establish reversal
2026_all5mer	5mers_A_RNA_sparse_seq_01	variable	observed	0.8	0.9	-0.016166192125009474	-0.013878692379755624	CERTIFIED_DECREASE	Sufficient marginal-envelope certificate; non-certificate does not establish reversal
2026_all5mer	5mers_A_RNA_sparse_seq_01	variable	equal_class	0.8	0.9	-0.015209663609647366	-0.012483513624542524	CERTIFIED_DECREASE	Sufficient marginal-envelope certificate; non-certificate does not establish reversal
2026_all5mer	5mers_A_RNA_sparse_seq_02	fixed	observed	0.8	0.9	-0.02076548617920705	-0.019733099726371942	CERTIFIED_DECREASE	Sufficient marginal-envelope certificate; non-certificate does not establish reversal
2026_all5mer	5mers_A_RNA_sparse_seq_02	fixed	equal_class	0.8	0.9	-0.01840848329172575	-0.01724792246104697	CERTIFIED_DECREASE	Sufficient marginal-envelope certificate; non-certificate does not establish reversal
2026_all5mer	5mers_A_RNA_sparse_seq_02	variable	observed	0.8	0.9	-0.022682201664396686	-0.019573063226037656	CERTIFIED_DECREASE	Sufficient marginal-envelope certificate; non-certificate does not establish reversal
2026_all5mer	5mers_A_RNA_sparse_seq_02	variable	equal_class	0.8	0.9	-0.020280590064418312	-0.016978163505093173	CERTIFIED_DECREASE	Sufficient marginal-envelope certificate; non-certificate does not establish reversal
2026_all5mer	5mers_A_RNA_sparse_seq_03	fixed	observed	0.8	0.9	-0.01672044912906304	-0.01585330652782128	CERTIFIED_DECREASE	Sufficient marginal-envelope certificate; non-certificate does not establish reversal
2026_all5mer	5mers_A_RNA_sparse_seq_03	fixed	equal_class	0.8	0.9	-0.015460717027740375	-0.014258893371009215	CERTIFIED_DECREASE	Sufficient marginal-envelope certificate; non-certificate does not establish reversal
2026_all5mer	5mers_A_RNA_sparse_seq_03	variable	observed	0.8	0.9	-0.018113277042951965	-0.015783867686919344	CERTIFIED_DECREASE	Sufficient marginal-envelope certificate; non-certificate does not establish reversal
2026_all5mer	5mers_A_RNA_sparse_seq_03	variable	equal_class	0.8	0.9	-0.017079673852986726	-0.013728945867264843	CERTIFIED_DECREASE	Sufficient marginal-envelope certificate; non-certificate does not establish reversal
2026_all5mer	5mers_A_RNA_sparse_seq_04	fixed	observed	0.8	0.9	-0.021718200501581297	-0.020649552489649437	CERTIFIED_DECREASE	Sufficient marginal-envelope certificate; non-certificate does not establish reversal
2026_all5mer	5mers_A_RNA_sparse_seq_04	fixed	equal_class	0.8	0.9	-0.017988085361336753	-0.01650328008619257	CERTIFIED_DECREASE	Sufficient marginal-envelope certificate; non-certificate does not establish reversal
2026_all5mer	5mers_A_RNA_sparse_seq_04	variable	observed	0.8	0.9	-0.023599076759548532	-0.020453063379904577	CERTIFIED_DECREASE	Sufficient marginal-envelope certificate; non-certificate does not establish reversal
2026_all5mer	5mers_A_RNA_sparse_seq_04	variable	equal_class	0.8	0.9	-0.020266709358953215	-0.015355278411778174	CERTIFIED_DECREASE	Sufficient marginal-envelope certificate; non-certificate does not establish reversal
2026_all5mer	5mers_A_RNA_sparse_seq_05	fixed	observed	0.8	0.9	-0.015108307494689152	-0.014293420835090349	CERTIFIED_DECREASE	Sufficient marginal-envelope certificate; non-certificate does not establish reversal
2026_all5mer	5mers_A_RNA_sparse_seq_05	fixed	equal_class	0.8	0.9	-0.013422521875855298	-0.012257594427256966	CERTIFIED_DECREASE	Sufficient marginal-envelope certificate; non-certificate does not establish reversal
2026_all5mer	5mers_A_RNA_sparse_seq_05	variable	observed	0.8	0.9	-0.01632264983549158	-0.014238632895575722	CERTIFIED_DECREASE	Sufficient marginal-envelope certificate; non-certificate does not establish reversal
2026_all5mer	5mers_A_RNA_sparse_seq_05	variable	equal_class	0.8	0.9	-0.014687569231147498	-0.011717642842689276	CERTIFIED_DECREASE	Sufficient marginal-envelope certificate; non-certificate does not establish reversal
2026_all5mer	5mers_A_RNA_sparse_seq_06	fixed	observed	0.8	0.9	-0.016981851856025635	-0.0160751193924698	CERTIFIED_DECREASE	Sufficient marginal-envelope certificate; non-certificate does not establish reversal
2026_all5mer	5mers_A_RNA_sparse_seq_06	fixed	equal_class	0.8	0.9	-0.015359760566334205	-0.014299792102971526	CERTIFIED_DECREASE	Sufficient marginal-envelope certificate; non-certificate does not establish reversal
2026_all5mer	5mers_A_RNA_sparse_seq_06	variable	observed	0.8	0.9	-0.018401912462584963	-0.015976351876812452	CERTIFIED_DECREASE	Sufficient marginal-envelope certificate; non-certificate does not establish reversal
2026_all5mer	5mers_A_RNA_sparse_seq_06	variable	equal_class	0.8	0.9	-0.016679254774218194	-0.0140636756836015	CERTIFIED_DECREASE	Sufficient marginal-envelope certificate; non-certificate does not establish reversal
2026_all5mer	5mers_A_RNA_sparse_seq_07	fixed	observed	0.8	0.9	-0.021420196589022642	-0.02043683284862844	CERTIFIED_DECREASE	Sufficient marginal-envelope certificate; non-certificate does not establish reversal
2026_all5mer	5mers_A_RNA_sparse_seq_07	fixed	equal_class	0.8	0.9	-0.018063741510819638	-0.01681060313432655	CERTIFIED_DECREASE	Sufficient marginal-envelope certificate; non-certificate does not establish reversal
2026_all5mer	5mers_A_RNA_sparse_seq_07	variable	observed	0.8	0.9	-0.023230247815178125	-0.020306032334534378	CERTIFIED_DECREASE	Sufficient marginal-envelope certificate; non-certificate does not establish reversal
2026_all5mer	5mers_A_RNA_sparse_seq_07	variable	equal_class	0.8	0.9	-0.020096005832895576	-0.0163019079609728	CERTIFIED_DECREASE	Sufficient marginal-envelope certificate; non-certificate does not establish reversal
2026_all5mer	5mers_A_RNA_sparse_seq_08	fixed	observed	0.8	0.9	-0.017216352413355528	-0.016398813945437164	CERTIFIED_DECREASE	Sufficient marginal-envelope certificate; non-certificate does not establish reversal
2026_all5mer	5mers_A_RNA_sparse_seq_08	fixed	equal_class	0.8	0.9	-0.01591949258072409	-0.014779894712501896	CERTIFIED_DECREASE	Sufficient marginal-envelope certificate; non-certificate does not establish reversal
2026_all5mer	5mers_A_RNA_sparse_seq_08	variable	observed	0.8	0.9	-0.0185343665595184	-0.016339196758930266	CERTIFIED_DECREASE	Sufficient marginal-envelope certificate; non-certificate does not establish reversal
2026_all5mer	5mers_A_RNA_sparse_seq_08	variable	equal_class	0.8	0.9	-0.01739463810433939	-0.014351924629910036	CERTIFIED_DECREASE	Sufficient marginal-envelope certificate; non-certificate does not establish reversal
2026_all5mer	5mers_A_RNA_sparse_seq_09	fixed	observed	0.8	0.9	-0.018895750803551638	-0.017945408961408414	CERTIFIED_DECREASE	Sufficient marginal-envelope certificate; non-certificate does not establish reversal
2026_all5mer	5mers_A_RNA_sparse_seq_09	fixed	equal_class	0.8	0.9	-0.016500012255423517	-0.015469388888424786	CERTIFIED_DECREASE	Sufficient marginal-envelope certificate; non-certificate does not establish reversal
2026_all5mer	5mers_A_RNA_sparse_seq_09	variable	observed	0.8	0.9	-0.020502321140099068	-0.017840235955187335	CERTIFIED_DECREASE	Sufficient marginal-envelope certificate; non-certificate does not establish reversal
2026_all5mer	5mers_A_RNA_sparse_seq_09	variable	equal_class	0.8	0.9	-0.01780463564244939	-0.015323979262600602	CERTIFIED_DECREASE	Sufficient marginal-envelope certificate; non-certificate does not establish reversal
2026_all5mer	5mers_A_RNA_sparse_seq_10	fixed	observed	0.8	0.9	-0.01304238960815174	-0.012358197970846266	CERTIFIED_DECREASE	Sufficient marginal-envelope certificate; non-certificate does not establish reversal
2026_all5mer	5mers_A_RNA_sparse_seq_10	fixed	equal_class	0.8	0.9	-0.013199569270804932	-0.012092967296680704	CERTIFIED_DECREASE	Sufficient marginal-envelope certificate; non-certificate does not establish reversal
2026_all5mer	5mers_A_RNA_sparse_seq_10	variable	observed	0.8	0.9	-0.013830696568507522	-0.01234313213507081	CERTIFIED_DECREASE	Sufficient marginal-envelope certificate; non-certificate does not establish reversal
2026_all5mer	5mers_A_RNA_sparse_seq_10	variable	equal_class	0.8	0.9	-0.014449727944816665	-0.011667699734905307	CERTIFIED_DECREASE	Sufficient marginal-envelope certificate; non-certificate does not establish reversal
2026_all5mer	5mers_A_RNA_sparse_seq_11	fixed	observed	0.8	0.9	-0.015383723258238877	-0.014541997374505355	CERTIFIED_DECREASE	Sufficient marginal-envelope certificate; non-certificate does not establish reversal
2026_all5mer	5mers_A_RNA_sparse_seq_11	fixed	equal_class	0.8	0.9	-0.01522911215152551	-0.014181238657352817	CERTIFIED_DECREASE	Sufficient marginal-envelope certificate; non-certificate does not establish reversal
2026_all5mer	5mers_A_RNA_sparse_seq_11	variable	observed	0.8	0.9	-0.01669043974767282	-0.014475064783034789	CERTIFIED_DECREASE	Sufficient marginal-envelope certificate; non-certificate does not establish reversal
2026_all5mer	5mers_A_RNA_sparse_seq_11	variable	equal_class	0.8	0.9	-0.016702513779300467	-0.013941014228939876	CERTIFIED_DECREASE	Sufficient marginal-envelope certificate; non-certificate does not establish reversal
2026_all5mer	5mers_A_RNA_sparse_seq_12	fixed	observed	0.8	0.9	-0.0177548522984558	-0.016814304800070234	CERTIFIED_DECREASE	Sufficient marginal-envelope certificate; non-certificate does not establish reversal
2026_all5mer	5mers_A_RNA_sparse_seq_12	fixed	equal_class	0.8	0.9	-0.01592724365168078	-0.014584664833887949	CERTIFIED_DECREASE	Sufficient marginal-envelope certificate; non-certificate does not establish reversal
2026_all5mer	5mers_A_RNA_sparse_seq_12	variable	observed	0.8	0.9	-0.019295259049842466	-0.016708532109782237	CERTIFIED_DECREASE	Sufficient marginal-envelope certificate; non-certificate does not establish reversal
2026_all5mer	5mers_A_RNA_sparse_seq_12	variable	equal_class	0.8	0.9	-0.017881469862464257	-0.013746167089692063	CERTIFIED_DECREASE	Sufficient marginal-envelope certificate; non-certificate does not establish reversal
2026_all5mer	5mers_A_RNA_sparse_seq_13	fixed	observed	0.8	0.9	-0.015117493712391187	-0.014388020236147044	CERTIFIED_DECREASE	Sufficient marginal-envelope certificate; non-certificate does not establish reversal
2026_all5mer	5mers_A_RNA_sparse_seq_13	fixed	equal_class	0.8	0.9	-0.013426243697192794	-0.012287406132231875	CERTIFIED_DECREASE	Sufficient marginal-envelope certificate; non-certificate does not establish reversal
2026_all5mer	5mers_A_RNA_sparse_seq_13	variable	observed	0.8	0.9	-0.016466526303501244	-0.014350430605752952	CERTIFIED_DECREASE	Sufficient marginal-envelope certificate; non-certificate does not establish reversal
2026_all5mer	5mers_A_RNA_sparse_seq_13	variable	equal_class	0.8	0.9	-0.014702476048927451	-0.01176331962495044	CERTIFIED_DECREASE	Sufficient marginal-envelope certificate; non-certificate does not establish reversal
2026_all5mer	5mers_A_RNA_sparse_seq_14	fixed	observed	0.8	0.9	-0.015844683056951074	-0.015058294293574293	CERTIFIED_DECREASE	Sufficient marginal-envelope certificate; non-certificate does not establish reversal
2026_all5mer	5mers_A_RNA_sparse_seq_14	fixed	equal_class	0.8	0.9	-0.014906766770637594	-0.013890814556757392	CERTIFIED_DECREASE	Sufficient marginal-envelope certificate; non-certificate does not establish reversal
2026_all5mer	5mers_A_RNA_sparse_seq_14	variable	observed	0.8	0.9	-0.016998400300238463	-0.01501539420304961	CERTIFIED_DECREASE	Sufficient marginal-envelope certificate; non-certificate does not establish reversal
2026_all5mer	5mers_A_RNA_sparse_seq_14	variable	equal_class	0.8	0.9	-0.01625467886960636	-0.013662715615032968	CERTIFIED_DECREASE	Sufficient marginal-envelope certificate; non-certificate does not establish reversal
2026_all5mer	5mers_A_RNA_sparse_seq_15	fixed	observed	0.8	0.9	-0.024775556987708308	-0.023481144066840792	CERTIFIED_DECREASE	Sufficient marginal-envelope certificate; non-certificate does not establish reversal
2026_all5mer	5mers_A_RNA_sparse_seq_15	fixed	equal_class	0.8	0.9	-0.021606306906485878	-0.020084358295621003	CERTIFIED_DECREASE	Sufficient marginal-envelope certificate; non-certificate does not establish reversal
2026_all5mer	5mers_A_RNA_sparse_seq_15	variable	observed	0.8	0.9	-0.0273297220857507	-0.023090778974717632	CERTIFIED_DECREASE	Sufficient marginal-envelope certificate; non-certificate does not establish reversal
2026_all5mer	5mers_A_RNA_sparse_seq_15	variable	equal_class	0.8	0.9	-0.02436079120937397	-0.019167433810544553	CERTIFIED_DECREASE	Sufficient marginal-envelope certificate; non-certificate does not establish reversal
2026_all5mer	5mers_A_RNA_sparse_seq_16	fixed	observed	0.8	0.9	-0.018816791668991605	-0.01776135341883933	CERTIFIED_DECREASE	Sufficient marginal-envelope certificate; non-certificate does not establish reversal
2026_all5mer	5mers_A_RNA_sparse_seq_16	fixed	equal_class	0.8	0.9	-0.017556199736440983	-0.016356423682172147	CERTIFIED_DECREASE	Sufficient marginal-envelope certificate; non-certificate does not establish reversal
2026_all5mer	5mers_A_RNA_sparse_seq_16	variable	observed	0.8	0.9	-0.020558945214219013	-0.017586943635786792	CERTIFIED_DECREASE	Sufficient marginal-envelope certificate; non-certificate does not establish reversal
2026_all5mer	5mers_A_RNA_sparse_seq_16	variable	equal_class	0.8	0.9	-0.019316360611853073	-0.016005491083587935	CERTIFIED_DECREASE	Sufficient marginal-envelope certificate; non-certificate does not establish reversal
2026_all5mer	5mers_A_RNA_sparse_seq_17	fixed	observed	0.8	0.9	-0.012874888440738554	-0.012167333764451756	CERTIFIED_DECREASE	Sufficient marginal-envelope certificate; non-certificate does not establish reversal
2026_all5mer	5mers_A_RNA_sparse_seq_17	fixed	equal_class	0.8	0.9	-0.012566614918297827	-0.011689799100329232	CERTIFIED_DECREASE	Sufficient marginal-envelope certificate; non-certificate does not establish reversal
2026_all5mer	5mers_A_RNA_sparse_seq_17	variable	observed	0.8	0.9	-0.01397332654342276	-0.012133558403189419	CERTIFIED_DECREASE	Sufficient marginal-envelope certificate; non-certificate does not establish reversal
2026_all5mer	5mers_A_RNA_sparse_seq_17	variable	equal_class	0.8	0.9	-0.013717140954396335	-0.011555575812853297	CERTIFIED_DECREASE	Sufficient marginal-envelope certificate; non-certificate does not establish reversal
2026_all5mer	5mers_A_RNA_sparse_seq_18	fixed	observed	0.8	0.9	-0.014081324865080088	-0.013315386344371537	CERTIFIED_DECREASE	Sufficient marginal-envelope certificate; non-certificate does not establish reversal
2026_all5mer	5mers_A_RNA_sparse_seq_18	fixed	equal_class	0.8	0.9	-0.014845948040129293	-0.01367843187385365	CERTIFIED_DECREASE	Sufficient marginal-envelope certificate; non-certificate does not establish reversal
2026_all5mer	5mers_A_RNA_sparse_seq_18	variable	observed	0.8	0.9	-0.015522676577285573	-0.013269473912527089	CERTIFIED_DECREASE	Sufficient marginal-envelope certificate; non-certificate does not establish reversal
2026_all5mer	5mers_A_RNA_sparse_seq_18	variable	equal_class	0.8	0.9	-0.016893981520183253	-0.013090163342740858	CERTIFIED_DECREASE	Sufficient marginal-envelope certificate; non-certificate does not establish reversal
2026_all5mer	5mers_A_RNA_sparse_seq_19	fixed	observed	0.8	0.9	-0.01670838050177975	-0.015988004222796233	CERTIFIED_DECREASE	Sufficient marginal-envelope certificate; non-certificate does not establish reversal
2026_all5mer	5mers_A_RNA_sparse_seq_19	fixed	equal_class	0.8	0.9	-0.013550163673543066	-0.012513796410233303	CERTIFIED_DECREASE	Sufficient marginal-envelope certificate; non-certificate does not establish reversal
2026_all5mer	5mers_A_RNA_sparse_seq_19	variable	observed	0.8	0.9	-0.018034599696641625	-0.01595290344076826	CERTIFIED_DECREASE	Sufficient marginal-envelope certificate; non-certificate does not establish reversal
2026_all5mer	5mers_A_RNA_sparse_seq_19	variable	equal_class	0.8	0.9	-0.015034528317267315	-0.012231985523927423	CERTIFIED_DECREASE	Sufficient marginal-envelope certificate; non-certificate does not establish reversal
2026_all5mer	5mers_A_RNA_sparse_seq_20	fixed	observed	0.8	0.9	-0.02177437816953212	-0.02057181563236466	CERTIFIED_DECREASE	Sufficient marginal-envelope certificate; non-certificate does not establish reversal
2026_all5mer	5mers_A_RNA_sparse_seq_20	fixed	equal_class	0.8	0.9	-0.01596097807483396	-0.014307890211946811	CERTIFIED_DECREASE	Sufficient marginal-envelope certificate; non-certificate does not establish reversal
2026_all5mer	5mers_A_RNA_sparse_seq_20	variable	observed	0.8	0.9	-0.023729617466572456	-0.020259321561339014	CERTIFIED_DECREASE	Sufficient marginal-envelope certificate; non-certificate does not establish reversal
2026_all5mer	5mers_A_RNA_sparse_seq_20	variable	equal_class	0.8	0.9	-0.018176961046491434	-0.012735961397804293	CERTIFIED_DECREASE	Sufficient marginal-envelope certificate; non-certificate does not establish reversal
2026_all5mer	5mers_A_RNA_sparse_seq_21	fixed	observed	0.8	0.9	-0.015593228773767977	-0.014784553235502384	CERTIFIED_DECREASE	Sufficient marginal-envelope certificate; non-certificate does not establish reversal
2026_all5mer	5mers_A_RNA_sparse_seq_21	fixed	equal_class	0.8	0.9	-0.014756380717901592	-0.01363509054663261	CERTIFIED_DECREASE	Sufficient marginal-envelope certificate; non-certificate does not establish reversal
2026_all5mer	5mers_A_RNA_sparse_seq_21	variable	observed	0.8	0.9	-0.016883327003726384	-0.01472880171737901	CERTIFIED_DECREASE	Sufficient marginal-envelope certificate; non-certificate does not establish reversal
2026_all5mer	5mers_A_RNA_sparse_seq_21	variable	equal_class	0.8	0.9	-0.016120716331373835	-0.013233975473404217	CERTIFIED_DECREASE	Sufficient marginal-envelope certificate; non-certificate does not establish reversal
2026_all5mer	5mers_A_RNA_sparse_seq_22	fixed	observed	0.8	0.9	-0.024250936179963614	-0.022822809670426387	CERTIFIED_DECREASE	Sufficient marginal-envelope certificate; non-certificate does not establish reversal
2026_all5mer	5mers_A_RNA_sparse_seq_22	fixed	equal_class	0.8	0.9	-0.020998068949448237	-0.019405255674436905	CERTIFIED_DECREASE	Sufficient marginal-envelope certificate; non-certificate does not establish reversal
2026_all5mer	5mers_A_RNA_sparse_seq_22	variable	observed	0.8	0.9	-0.027013506143033134	-0.0222728963449935	CERTIFIED_DECREASE	Sufficient marginal-envelope certificate; non-certificate does not establish reversal
2026_all5mer	5mers_A_RNA_sparse_seq_22	variable	equal_class	0.8	0.9	-0.023792560501679272	-0.018463539845358486	CERTIFIED_DECREASE	Sufficient marginal-envelope certificate; non-certificate does not establish reversal
2026_all5mer	5mers_A_RNA_sparse_seq_23	fixed	observed	0.8	0.9	-0.021772898910314264	-0.020680453387708166	CERTIFIED_DECREASE	Sufficient marginal-envelope certificate; non-certificate does not establish reversal
2026_all5mer	5mers_A_RNA_sparse_seq_23	fixed	equal_class	0.8	0.9	-0.01825756054167077	-0.016798942010384538	CERTIFIED_DECREASE	Sufficient marginal-envelope certificate; non-certificate does not establish reversal
2026_all5mer	5mers_A_RNA_sparse_seq_23	variable	observed	0.8	0.9	-0.023725322853472022	-0.020491801564943967	CERTIFIED_DECREASE	Sufficient marginal-envelope certificate; non-certificate does not establish reversal
2026_all5mer	5mers_A_RNA_sparse_seq_23	variable	equal_class	0.8	0.9	-0.02073946628905484	-0.015678162417623542	CERTIFIED_DECREASE	Sufficient marginal-envelope certificate; non-certificate does not establish reversal
2026_all5mer	5mers_A_RNA_sparse_seq_24	fixed	observed	0.8	0.9	-0.017443766019195492	-0.016516579047913323	CERTIFIED_DECREASE	Sufficient marginal-envelope certificate; non-certificate does not establish reversal
2026_all5mer	5mers_A_RNA_sparse_seq_24	fixed	equal_class	0.8	0.9	-0.01732091938211295	-0.016019565428016427	CERTIFIED_DECREASE	Sufficient marginal-envelope certificate; non-certificate does not establish reversal
2026_all5mer	5mers_A_RNA_sparse_seq_24	variable	observed	0.8	0.9	-0.019128713271934203	-0.016418399567046403	CERTIFIED_DECREASE	Sufficient marginal-envelope certificate; non-certificate does not establish reversal
2026_all5mer	5mers_A_RNA_sparse_seq_24	variable	equal_class	0.8	0.9	-0.019542598805458083	-0.015233259281550164	CERTIFIED_DECREASE	Sufficient marginal-envelope certificate; non-certificate does not establish reversal
2026_all5mer	5mers_A_RNA_sparse_seq_25	fixed	observed	0.8	0.9	-0.023404958414567002	-0.02230326358076338	CERTIFIED_DECREASE	Sufficient marginal-envelope certificate; non-certificate does not establish reversal
2026_all5mer	5mers_A_RNA_sparse_seq_25	fixed	equal_class	0.8	0.9	-0.019704448128004856	-0.018366325138770664	CERTIFIED_DECREASE	Sufficient marginal-envelope certificate; non-certificate does not establish reversal
2026_all5mer	5mers_A_RNA_sparse_seq_25	variable	observed	0.8	0.9	-0.025524208858446206	-0.022092831101679995	CERTIFIED_DECREASE	Sufficient marginal-envelope certificate; non-certificate does not establish reversal
2026_all5mer	5mers_A_RNA_sparse_seq_25	variable	equal_class	0.8	0.9	-0.021705094561266534	-0.01783246042052413	CERTIFIED_DECREASE	Sufficient marginal-envelope certificate; non-certificate does not establish reversal
2026_all5mer	5mers_A_RNA_sparse_seq_26	fixed	observed	0.8	0.9	-0.017484161361312065	-0.016590418007259754	CERTIFIED_DECREASE	Sufficient marginal-envelope certificate; non-certificate does not establish reversal
2026_all5mer	5mers_A_RNA_sparse_seq_26	fixed	equal_class	0.8	0.9	-0.016571395665376455	-0.015468093703121882	CERTIFIED_DECREASE	Sufficient marginal-envelope certificate; non-certificate does not establish reversal
2026_all5mer	5mers_A_RNA_sparse_seq_26	variable	observed	0.8	0.9	-0.018836018529974623	-0.016515892029691868	CERTIFIED_DECREASE	Sufficient marginal-envelope certificate; non-certificate does not establish reversal
2026_all5mer	5mers_A_RNA_sparse_seq_26	variable	equal_class	0.8	0.9	-0.01797817097395007	-0.015219867036053294	CERTIFIED_DECREASE	Sufficient marginal-envelope certificate; non-certificate does not establish reversal
2026_all5mer	5mers_A_RNA_sparse_seq_27	fixed	observed	0.8	0.9	-0.015800985260835086	-0.015013408372948601	CERTIFIED_DECREASE	Sufficient marginal-envelope certificate; non-certificate does not establish reversal
2026_all5mer	5mers_A_RNA_sparse_seq_27	fixed	equal_class	0.8	0.9	-0.014426396059808444	-0.01333636419127636	CERTIFIED_DECREASE	Sufficient marginal-envelope certificate; non-certificate does not establish reversal
2026_all5mer	5mers_A_RNA_sparse_seq_27	variable	observed	0.8	0.9	-0.017163322488336536	-0.014965856172540152	CERTIFIED_DECREASE	Sufficient marginal-envelope certificate; non-certificate does not establish reversal
2026_all5mer	5mers_A_RNA_sparse_seq_27	variable	equal_class	0.8	0.9	-0.015803434902037384	-0.012997759711448034	CERTIFIED_DECREASE	Sufficient marginal-envelope certificate; non-certificate does not establish reversal
2026_all5mer	5mers_A_RNA_sparse_seq_28	fixed	observed	0.8	0.9	-0.01638718541807382	-0.015470668380260115	CERTIFIED_DECREASE	Sufficient marginal-envelope certificate; non-certificate does not establish reversal
2026_all5mer	5mers_A_RNA_sparse_seq_28	fixed	equal_class	0.8	0.9	-0.014644933429889383	-0.013655095380685683	CERTIFIED_DECREASE	Sufficient marginal-envelope certificate; non-certificate does not establish reversal
2026_all5mer	5mers_A_RNA_sparse_seq_28	variable	observed	0.8	0.9	-0.017767870159032244	-0.015355645983552872	CERTIFIED_DECREASE	Sufficient marginal-envelope certificate; non-certificate does not establish reversal
2026_all5mer	5mers_A_RNA_sparse_seq_28	variable	equal_class	0.8	0.9	-0.01577944396454036	-0.013554890284986888	CERTIFIED_DECREASE	Sufficient marginal-envelope certificate; non-certificate does not establish reversal
2026_all5mer	5mers_A_RNA_sparse_seq_29	fixed	observed	0.8	0.9	-0.01231326692070274	-0.011641462884834655	CERTIFIED_DECREASE	Sufficient marginal-envelope certificate; non-certificate does not establish reversal
2026_all5mer	5mers_A_RNA_sparse_seq_29	fixed	equal_class	0.8	0.9	-0.012171016451573667	-0.011035861487672476	CERTIFIED_DECREASE	Sufficient marginal-envelope certificate; non-certificate does not establish reversal
2026_all5mer	5mers_A_RNA_sparse_seq_29	variable	observed	0.8	0.9	-0.013388553420130754	-0.011621428750554379	CERTIFIED_DECREASE	Sufficient marginal-envelope certificate; non-certificate does not establish reversal
2026_all5mer	5mers_A_RNA_sparse_seq_29	variable	equal_class	0.8	0.9	-0.013662154653511713	-0.010448345000047918	CERTIFIED_DECREASE	Sufficient marginal-envelope certificate; non-certificate does not establish reversal
2026_all5mer	5mers_A_RNA_sparse_seq_30	fixed	observed	0.8	0.9	-0.020021357991527048	-0.018908745876290354	CERTIFIED_DECREASE	Sufficient marginal-envelope certificate; non-certificate does not establish reversal
2026_all5mer	5mers_A_RNA_sparse_seq_30	fixed	equal_class	0.8	0.9	-0.01755898948529988	-0.0164284999982984	CERTIFIED_DECREASE	Sufficient marginal-envelope certificate; non-certificate does not establish reversal
2026_all5mer	5mers_A_RNA_sparse_seq_30	variable	observed	0.8	0.9	-0.02194479848933741	-0.01868277409540804	CERTIFIED_DECREASE	Sufficient marginal-envelope certificate; non-certificate does not establish reversal
2026_all5mer	5mers_A_RNA_sparse_seq_30	variable	equal_class	0.8	0.9	-0.019108637543424706	-0.016233026529659356	CERTIFIED_DECREASE	Sufficient marginal-envelope certificate; non-certificate does not establish reversal
2026_all5mer	5mers_A_RNA_sparse_seq_31	fixed	observed	0.8	0.9	-0.01328177180352366	-0.012555955407620532	CERTIFIED_DECREASE	Sufficient marginal-envelope certificate; non-certificate does not establish reversal
2026_all5mer	5mers_A_RNA_sparse_seq_31	fixed	equal_class	0.8	0.9	-0.01345502248392455	-0.01238134540546356	CERTIFIED_DECREASE	Sufficient marginal-envelope certificate; non-certificate does not establish reversal
2026_all5mer	5mers_A_RNA_sparse_seq_31	variable	observed	0.8	0.9	-0.014304849214925792	-0.012521339249743349	CERTIFIED_DECREASE	Sufficient marginal-envelope certificate; non-certificate does not establish reversal
2026_all5mer	5mers_A_RNA_sparse_seq_31	variable	equal_class	0.8	0.9	-0.014565495093880568	-0.012072265586079541	CERTIFIED_DECREASE	Sufficient marginal-envelope certificate; non-certificate does not establish reversal
2026_all5mer	5mers_A_RNA_sparse_seq_32	fixed	observed	0.8	0.9	-0.02191017717865715	-0.02076658997863509	CERTIFIED_DECREASE	Sufficient marginal-envelope certificate; non-certificate does not establish reversal
2026_all5mer	5mers_A_RNA_sparse_seq_32	fixed	equal_class	0.8	0.9	-0.018604024147015313	-0.01718069767916392	CERTIFIED_DECREASE	Sufficient marginal-envelope certificate; non-certificate does not establish reversal
2026_all5mer	5mers_A_RNA_sparse_seq_32	variable	observed	0.8	0.9	-0.024004913762600624	-0.020543288483309108	CERTIFIED_DECREASE	Sufficient marginal-envelope certificate; non-certificate does not establish reversal
2026_all5mer	5mers_A_RNA_sparse_seq_32	variable	equal_class	0.8	0.9	-0.020840102101577287	-0.016311943237260124	CERTIFIED_DECREASE	Sufficient marginal-envelope certificate; non-certificate does not establish reversal
2026_all5mer	ALL	fixed	observed	0.8	0.9	-0.01791784620195557	-0.01699447470270293	CERTIFIED_DECREASE	Sufficient marginal-envelope certificate; non-certificate does not establish reversal
2026_all5mer	ALL	fixed	equal_class	0.8	0.9	-0.016359283139379115	-0.015165240950262754	CERTIFIED_DECREASE	Sufficient marginal-envelope certificate; non-certificate does not establish reversal
2026_all5mer	ALL	variable	observed	0.8	0.9	-0.019463398219233527	-0.016894313757069526	CERTIFIED_DECREASE	Sufficient marginal-envelope certificate; non-certificate does not establish reversal
2026_all5mer	ALL	variable	equal_class	0.8	0.9	-0.01804572620703338	-0.014699898920702198	CERTIFIED_DECREASE	Sufficient marginal-envelope certificate; non-certificate does not establish reversal
2026_all5mer	FIXED_ALL_CONSTRUCTS	fixed	equal_construct_class	0.8	0.9	-0.016007406154982945	-0.014805751963075965	CERTIFIED_DECREASE	Fixed original K; sufficient certificate only
2026_all5mer	FIXED_ALL_CONSTRUCTS	variable	equal_construct_class	0.8	0.9	-0.017707101448671592	-0.014286001683669614	CERTIFIED_DECREASE	Fixed original K; sufficient certificate only
2026_all5mer	5mers_A_RNA_sparse_seq_01	fixed	observed	0.9	0.95	-0.012175358871074198	-0.011674246569659447	CERTIFIED_DECREASE	Sufficient marginal-envelope certificate; non-certificate does not establish reversal
2026_all5mer	5mers_A_RNA_sparse_seq_01	fixed	equal_class	0.9	0.95	-0.0061726339913987585	-0.005494205332619906	CERTIFIED_DECREASE	Sufficient marginal-envelope certificate; non-certificate does not establish reversal
2026_all5mer	5mers_A_RNA_sparse_seq_01	variable	observed	0.9	0.95	-0.013691689681131988	-0.010640647901074133	CERTIFIED_DECREASE	Sufficient marginal-envelope certificate; non-certificate does not establish reversal
2026_all5mer	5mers_A_RNA_sparse_seq_01	variable	equal_class	0.9	0.95	-0.008026428223398628	-0.002446690420368835	CERTIFIED_DECREASE	Sufficient marginal-envelope certificate; non-certificate does not establish reversal
2026_all5mer	5mers_A_RNA_sparse_seq_02	fixed	observed	0.9	0.95	-0.015423942860072268	-0.014905675084592394	CERTIFIED_DECREASE	Sufficient marginal-envelope certificate; non-certificate does not establish reversal
2026_all5mer	5mers_A_RNA_sparse_seq_02	fixed	equal_class	0.9	0.95	-0.00948756738183636	-0.008825619141930467	CERTIFIED_DECREASE	Sufficient marginal-envelope certificate; non-certificate does not establish reversal
2026_all5mer	5mers_A_RNA_sparse_seq_02	variable	observed	0.9	0.95	-0.017183047014976725	-0.013546128835194373	CERTIFIED_DECREASE	Sufficient marginal-envelope certificate; non-certificate does not establish reversal
2026_all5mer	5mers_A_RNA_sparse_seq_02	variable	equal_class	0.9	0.95	-0.011315122404770523	-0.005986563460970019	CERTIFIED_DECREASE	Sufficient marginal-envelope certificate; non-certificate does not establish reversal
2026_all5mer	5mers_A_RNA_sparse_seq_03	fixed	observed	0.9	0.95	-0.011225658834830059	-0.010777909302904731	CERTIFIED_DECREASE	Sufficient marginal-envelope certificate; non-certificate does not establish reversal
2026_all5mer	5mers_A_RNA_sparse_seq_03	fixed	equal_class	0.9	0.95	-0.0001808473722867028	0.0006307457548201181	NOT_CERTIFIED_BY_MARGINAL_ENVELOPES	Sufficient marginal-envelope certificate; non-certificate does not establish reversal
2026_all5mer	5mers_A_RNA_sparse_seq_03	variable	observed	0.9	0.95	-0.012566304556656995	-0.009814217985044702	CERTIFIED_DECREASE	Sufficient marginal-envelope certificate; non-certificate does not establish reversal
2026_all5mer	5mers_A_RNA_sparse_seq_03	variable	equal_class	0.9	0.95	-0.0036405216594321277	0.008903349893354312	NOT_CERTIFIED_BY_MARGINAL_ENVELOPES	Sufficient marginal-envelope certificate; non-certificate does not establish reversal
2026_all5mer	5mers_A_RNA_sparse_seq_04	fixed	observed	0.9	0.95	-0.016000803723774715	-0.015444075867415195	CERTIFIED_DECREASE	Sufficient marginal-envelope certificate; non-certificate does not establish reversal
2026_all5mer	5mers_A_RNA_sparse_seq_04	fixed	equal_class	0.9	0.95	0.005812460167494357	0.006927440948150468	CERTIFIED_INCREASE	Sufficient marginal-envelope certificate; non-certificate does not establish reversal
2026_all5mer	5mers_A_RNA_sparse_seq_04	variable	observed	0.9	0.95	-0.01793259148220397	-0.013969140684506227	CERTIFIED_DECREASE	Sufficient marginal-envelope certificate; non-certificate does not establish reversal
2026_all5mer	5mers_A_RNA_sparse_seq_04	variable	equal_class	0.9	0.95	0.0007021137508346972	0.02030634646185151	CERTIFIED_INCREASE	Sufficient marginal-envelope certificate; non-certificate does not establish reversal
2026_all5mer	5mers_A_RNA_sparse_seq_05	fixed	observed	0.9	0.95	-0.01046034301203597	-0.010043318532018631	CERTIFIED_DECREASE	Sufficient marginal-envelope certificate; non-certificate does not establish reversal
2026_all5mer	5mers_A_RNA_sparse_seq_05	fixed	equal_class	0.9	0.95	-0.002065467495760514	-0.0012925648840571465	CERTIFIED_DECREASE	Sufficient marginal-envelope certificate; non-certificate does not establish reversal
2026_all5mer	5mers_A_RNA_sparse_seq_05	variable	observed	0.9	0.95	-0.011289591403030916	-0.009371050566120996	CERTIFIED_DECREASE	Sufficient marginal-envelope certificate; non-certificate does not establish reversal
2026_all5mer	5mers_A_RNA_sparse_seq_05	variable	equal_class	0.9	0.95	-0.004201518683282231	0.004536618627153485	NOT_CERTIFIED_BY_MARGINAL_ENVELOPES	Sufficient marginal-envelope certificate; non-certificate does not establish reversal
2026_all5mer	5mers_A_RNA_sparse_seq_06	fixed	observed	0.9	0.95	-0.012948265382471132	-0.012467099697709417	CERTIFIED_DECREASE	Sufficient marginal-envelope certificate; non-certificate does not establish reversal
2026_all5mer	5mers_A_RNA_sparse_seq_06	fixed	equal_class	0.9	0.95	-0.009918738116976175	-0.009307639525173866	CERTIFIED_DECREASE	Sufficient marginal-envelope certificate; non-certificate does not establish reversal
2026_all5mer	5mers_A_RNA_sparse_seq_06	variable	observed	0.9	0.95	-0.014450017684636097	-0.011469650104697672	CERTIFIED_DECREASE	Sufficient marginal-envelope certificate; non-certificate does not establish reversal
2026_all5mer	5mers_A_RNA_sparse_seq_06	variable	equal_class	0.9	0.95	-0.011779206512565761	-0.00745413525812175	CERTIFIED_DECREASE	Sufficient marginal-envelope certificate; non-certificate does not establish reversal
2026_all5mer	5mers_A_RNA_sparse_seq_07	fixed	observed	0.9	0.95	-0.01484098472406447	-0.014357538177612069	CERTIFIED_DECREASE	Sufficient marginal-envelope certificate; non-certificate does not establish reversal
2026_all5mer	5mers_A_RNA_sparse_seq_07	fixed	equal_class	0.9	0.95	-0.0019248710468511426	-0.0011136892740834028	CERTIFIED_DECREASE	Sufficient marginal-envelope certificate; non-certificate does not establish reversal
2026_all5mer	5mers_A_RNA_sparse_seq_07	variable	observed	0.9	0.95	-0.016729096619605848	-0.01315843946733109	CERTIFIED_DECREASE	Sufficient marginal-envelope certificate; non-certificate does not establish reversal
2026_all5mer	5mers_A_RNA_sparse_seq_07	variable	equal_class	0.9	0.95	-0.004906575358123569	0.007088229283555989	NOT_CERTIFIED_BY_MARGINAL_ENVELOPES	Sufficient marginal-envelope certificate; non-certificate does not establish reversal
2026_all5mer	5mers_A_RNA_sparse_seq_08	fixed	observed	0.9	0.95	-0.012236683252474763	-0.011826172278196097	CERTIFIED_DECREASE	Sufficient marginal-envelope certificate; non-certificate does not establish reversal
2026_all5mer	5mers_A_RNA_sparse_seq_08	fixed	equal_class	0.9	0.95	-0.006073402356320336	-0.005366537807920173	CERTIFIED_DECREASE	Sufficient marginal-envelope certificate; non-certificate does not establish reversal
2026_all5mer	5mers_A_RNA_sparse_seq_08	variable	observed	0.9	0.95	-0.013629551309989897	-0.010973309333461904	CERTIFIED_DECREASE	Sufficient marginal-envelope certificate; non-certificate does not establish reversal
2026_all5mer	5mers_A_RNA_sparse_seq_08	variable	equal_class	0.9	0.95	-0.008553153063934747	-0.0015457635485867927	CERTIFIED_DECREASE	Sufficient marginal-envelope certificate; non-certificate does not establish reversal
2026_all5mer	5mers_A_RNA_sparse_seq_09	fixed	observed	0.9	0.95	-0.014371640357598935	-0.013883241813090972	CERTIFIED_DECREASE	Sufficient marginal-envelope certificate; non-certificate does not establish reversal
2026_all5mer	5mers_A_RNA_sparse_seq_09	fixed	equal_class	0.9	0.95	-0.010111415906339228	-0.009535678466947865	CERTIFIED_DECREASE	Sufficient marginal-envelope certificate; non-certificate does not establish reversal
2026_all5mer	5mers_A_RNA_sparse_seq_09	variable	observed	0.9	0.95	-0.01610022257975527	-0.012740372276300215	CERTIFIED_DECREASE	Sufficient marginal-envelope certificate; non-certificate does not establish reversal
2026_all5mer	5mers_A_RNA_sparse_seq_09	variable	equal_class	0.9	0.95	-0.011598172367438446	-0.008053462320731888	CERTIFIED_DECREASE	Sufficient marginal-envelope certificate; non-certificate does not establish reversal
2026_all5mer	5mers_A_RNA_sparse_seq_10	fixed	observed	0.9	0.95	-0.007639359432120134	-0.007287175594264337	CERTIFIED_DECREASE	Sufficient marginal-envelope certificate; non-certificate does not establish reversal
2026_all5mer	5mers_A_RNA_sparse_seq_10	fixed	equal_class	0.9	0.95	0.006331982625088536	0.0071301402193268415	CERTIFIED_INCREASE	Sufficient marginal-envelope certificate; non-certificate does not establish reversal
2026_all5mer	5mers_A_RNA_sparse_seq_10	variable	observed	0.9	0.95	-0.008337680197197387	-0.0067913490509331305	CERTIFIED_DECREASE	Sufficient marginal-envelope certificate; non-certificate does not establish reversal
2026_all5mer	5mers_A_RNA_sparse_seq_10	variable	equal_class	0.9	0.95	0.0035885299899287015	0.01753644484843648	CERTIFIED_INCREASE	Sufficient marginal-envelope certificate; non-certificate does not establish reversal
2026_all5mer	5mers_A_RNA_sparse_seq_11	fixed	observed	0.9	0.95	-0.010713374200041361	-0.010255713314242658	CERTIFIED_DECREASE	Sufficient marginal-envelope certificate; non-certificate does not establish reversal
2026_all5mer	5mers_A_RNA_sparse_seq_11	fixed	equal_class	0.9	0.95	-0.008516756456850828	-0.007895731617797462	CERTIFIED_DECREASE	Sufficient marginal-envelope certificate; non-certificate does not establish reversal
2026_all5mer	5mers_A_RNA_sparse_seq_11	variable	observed	0.9	0.95	-0.011867457987438487	-0.009327948977731287	CERTIFIED_DECREASE	Sufficient marginal-envelope certificate; non-certificate does not establish reversal
2026_all5mer	5mers_A_RNA_sparse_seq_11	variable	equal_class	0.9	0.95	-0.010248674305421415	-0.005585824814311618	CERTIFIED_DECREASE	Sufficient marginal-envelope certificate; non-certificate does not establish reversal
2026_all5mer	5mers_A_RNA_sparse_seq_12	fixed	observed	0.9	0.95	-0.012171552827470115	-0.011672000018098334	CERTIFIED_DECREASE	Sufficient marginal-envelope certificate; non-certificate does not establish reversal
2026_all5mer	5mers_A_RNA_sparse_seq_12	fixed	equal_class	0.9	0.95	0.001620499892093244	0.0025720245818867116	CERTIFIED_INCREASE	Sufficient marginal-envelope certificate; non-certificate does not establish reversal
2026_all5mer	5mers_A_RNA_sparse_seq_12	variable	observed	0.9	0.95	-0.014153482712624735	-0.010629312389571268	CERTIFIED_DECREASE	Sufficient marginal-envelope certificate; non-certificate does not establish reversal
2026_all5mer	5mers_A_RNA_sparse_seq_12	variable	equal_class	0.9	0.95	-0.0032278050581282663	0.01140471869320532	NOT_CERTIFIED_BY_MARGINAL_ENVELOPES	Sufficient marginal-envelope certificate; non-certificate does not establish reversal
2026_all5mer	5mers_A_RNA_sparse_seq_13	fixed	observed	0.9	0.95	-0.010303738091283491	-0.009934818512714702	CERTIFIED_DECREASE	Sufficient marginal-envelope certificate; non-certificate does not establish reversal
2026_all5mer	5mers_A_RNA_sparse_seq_13	fixed	equal_class	0.9	0.95	-0.00194648435324404	-0.0011814921138484993	CERTIFIED_DECREASE	Sufficient marginal-envelope certificate; non-certificate does not establish reversal
2026_all5mer	5mers_A_RNA_sparse_seq_13	variable	observed	0.9	0.95	-0.011185310748767111	-0.009050396409928515	CERTIFIED_DECREASE	Sufficient marginal-envelope certificate; non-certificate does not establish reversal
2026_all5mer	5mers_A_RNA_sparse_seq_13	variable	equal_class	0.9	0.95	-0.0045083044667261415	0.004440619605967817	NOT_CERTIFIED_BY_MARGINAL_ENVELOPES	Sufficient marginal-envelope certificate; non-certificate does not establish reversal
2026_all5mer	5mers_A_RNA_sparse_seq_14	fixed	observed	0.9	0.95	-0.01024861010921544	-0.009850513283889166	CERTIFIED_DECREASE	Sufficient marginal-envelope certificate; non-certificate does not establish reversal
2026_all5mer	5mers_A_RNA_sparse_seq_14	fixed	equal_class	0.9	0.95	-0.007342942835564581	-0.006753057499430589	CERTIFIED_DECREASE	Sufficient marginal-envelope certificate; non-certificate does not establish reversal
2026_all5mer	5mers_A_RNA_sparse_seq_14	variable	observed	0.9	0.95	-0.011430045842755771	-0.009175386273757219	CERTIFIED_DECREASE	Sufficient marginal-envelope certificate; non-certificate does not establish reversal
2026_all5mer	5mers_A_RNA_sparse_seq_14	variable	equal_class	0.9	0.95	-0.008935934508999169	-0.004647022863306899	CERTIFIED_DECREASE	Sufficient marginal-envelope certificate; non-certificate does not establish reversal
2026_all5mer	5mers_A_RNA_sparse_seq_15	fixed	observed	0.9	0.95	-0.01866410862620934	-0.01797443585583993	CERTIFIED_DECREASE	Sufficient marginal-envelope certificate; non-certificate does not establish reversal
2026_all5mer	5mers_A_RNA_sparse_seq_15	fixed	equal_class	0.9	0.95	-0.0013828255182931973	-0.0003465847209728548	CERTIFIED_DECREASE	Sufficient marginal-envelope certificate; non-certificate does not establish reversal
2026_all5mer	5mers_A_RNA_sparse_seq_15	variable	observed	0.9	0.95	-0.02145782719936512	-0.015965735430022415	CERTIFIED_DECREASE	Sufficient marginal-envelope certificate; non-certificate does not establish reversal
2026_all5mer	5mers_A_RNA_sparse_seq_15	variable	equal_class	0.9	0.95	-0.006056256021953629	0.01354486585124838	NOT_CERTIFIED_BY_MARGINAL_ENVELOPES	Sufficient marginal-envelope certificate; non-certificate does not establish reversal
2026_all5mer	5mers_A_RNA_sparse_seq_16	fixed	observed	0.9	0.95	-0.014228620228932435	-0.01365856105690167	CERTIFIED_DECREASE	Sufficient marginal-envelope certificate; non-certificate does not establish reversal
2026_all5mer	5mers_A_RNA_sparse_seq_16	fixed	equal_class	0.9	0.95	-0.00992303872374925	-0.009215492669462214	CERTIFIED_DECREASE	Sufficient marginal-envelope certificate; non-certificate does not establish reversal
2026_all5mer	5mers_A_RNA_sparse_seq_16	variable	observed	0.9	0.95	-0.015982924020164404	-0.012435167223391629	CERTIFIED_DECREASE	Sufficient marginal-envelope certificate; non-certificate does not establish reversal
2026_all5mer	5mers_A_RNA_sparse_seq_16	variable	equal_class	0.9	0.95	-0.012130980486314785	-0.006668822310877294	CERTIFIED_DECREASE	Sufficient marginal-envelope certificate; non-certificate does not establish reversal
2026_all5mer	5mers_A_RNA_sparse_seq_17	fixed	observed	0.9	0.95	-0.008830185273548211	-0.008449977028195362	CERTIFIED_DECREASE	Sufficient marginal-envelope certificate; non-certificate does not establish reversal
2026_all5mer	5mers_A_RNA_sparse_seq_17	fixed	equal_class	0.9	0.95	-0.007272396189280671	-0.006757826367492328	CERTIFIED_DECREASE	Sufficient marginal-envelope certificate; non-certificate does not establish reversal
2026_all5mer	5mers_A_RNA_sparse_seq_17	variable	observed	0.9	0.95	-0.009856997941316531	-0.007762681435391353	CERTIFIED_DECREASE	Sufficient marginal-envelope certificate; non-certificate does not establish reversal
2026_all5mer	5mers_A_RNA_sparse_seq_17	variable	equal_class	0.9	0.95	-0.008792149153241162	-0.0054812536653238465	CERTIFIED_DECREASE	Sufficient marginal-envelope certificate; non-certificate does not establish reversal
2026_all5mer	5mers_A_RNA_sparse_seq_18	fixed	observed	0.9	0.95	-0.009477199121031074	-0.00907511719673168	CERTIFIED_DECREASE	Sufficient marginal-envelope certificate; non-certificate does not establish reversal
2026_all5mer	5mers_A_RNA_sparse_seq_18	fixed	equal_class	0.9	0.95	-0.000869636856988168	-8.39448644673231e-05	CERTIFIED_DECREASE	Sufficient marginal-envelope certificate; non-certificate does not establish reversal
2026_all5mer	5mers_A_RNA_sparse_seq_18	variable	observed	0.9	0.95	-0.010303647158199205	-0.008085024599118936	CERTIFIED_DECREASE	Sufficient marginal-envelope certificate; non-certificate does not establish reversal
2026_all5mer	5mers_A_RNA_sparse_seq_18	variable	equal_class	0.9	0.95	-0.0032085105338023924	0.006290345827282395	NOT_CERTIFIED_BY_MARGINAL_ENVELOPES	Sufficient marginal-envelope certificate; non-certificate does not establish reversal
2026_all5mer	5mers_A_RNA_sparse_seq_19	fixed	observed	0.9	0.95	-0.011217957784309477	-0.010875705825924217	CERTIFIED_DECREASE	Sufficient marginal-envelope certificate; non-certificate does not establish reversal
2026_all5mer	5mers_A_RNA_sparse_seq_19	fixed	equal_class	0.9	0.95	-0.006395520098975481	-0.005771012625704643	CERTIFIED_DECREASE	Sufficient marginal-envelope certificate; non-certificate does not establish reversal
2026_all5mer	5mers_A_RNA_sparse_seq_19	variable	observed	0.9	0.95	-0.012180243315800867	-0.010105237520937347	CERTIFIED_DECREASE	Sufficient marginal-envelope certificate; non-certificate does not establish reversal
2026_all5mer	5mers_A_RNA_sparse_seq_19	variable	equal_class	0.9	0.95	-0.007769383380841056	-0.002843259863375431	CERTIFIED_DECREASE	Sufficient marginal-envelope certificate; non-certificate does not establish reversal
2026_all5mer	5mers_A_RNA_sparse_seq_20	fixed	observed	0.9	0.95	-0.0164651816852212	-0.015797652046249593	CERTIFIED_DECREASE	Sufficient marginal-envelope certificate; non-certificate does not establish reversal
2026_all5mer	5mers_A_RNA_sparse_seq_20	fixed	equal_class	0.9	0.95	0.009642456544480801	0.010961003999996999	CERTIFIED_INCREASE	Sufficient marginal-envelope certificate; non-certificate does not establish reversal
2026_all5mer	5mers_A_RNA_sparse_seq_20	variable	observed	0.9	0.95	-0.01851276147329019	-0.014092985397540937	CERTIFIED_DECREASE	Sufficient marginal-envelope certificate; non-certificate does not establish reversal
2026_all5mer	5mers_A_RNA_sparse_seq_20	variable	equal_class	0.9	0.95	0.004072660779659822	0.024866092902184285	CERTIFIED_INCREASE	Sufficient marginal-envelope certificate; non-certificate does not establish reversal
2026_all5mer	5mers_A_RNA_sparse_seq_21	fixed	observed	0.9	0.95	-0.011015123426952801	-0.010597525715274867	CERTIFIED_DECREASE	Sufficient marginal-envelope certificate; non-certificate does not establish reversal
2026_all5mer	5mers_A_RNA_sparse_seq_21	fixed	equal_class	0.9	0.95	-0.004461255891360854	-0.0037482347808036227	CERTIFIED_DECREASE	Sufficient marginal-envelope certificate; non-certificate does not establish reversal
2026_all5mer	5mers_A_RNA_sparse_seq_21	variable	observed	0.9	0.95	-0.012338777348175659	-0.009785883593890675	CERTIFIED_DECREASE	Sufficient marginal-envelope certificate; non-certificate does not establish reversal
2026_all5mer	5mers_A_RNA_sparse_seq_21	variable	equal_class	0.9	0.95	-0.006981044137753686	0.0004883831461420067	NOT_CERTIFIED_BY_MARGINAL_ENVELOPES	Sufficient marginal-envelope certificate; non-certificate does not establish reversal
2026_all5mer	5mers_A_RNA_sparse_seq_22	fixed	observed	0.9	0.95	-0.020736525733671202	-0.019950379528611104	CERTIFIED_DECREASE	Sufficient marginal-envelope certificate; non-certificate does not establish reversal
2026_all5mer	5mers_A_RNA_sparse_seq_22	fixed	equal_class	0.9	0.95	-0.005542140653508769	-0.00448458905503573	CERTIFIED_DECREASE	Sufficient marginal-envelope certificate; non-certificate does not establish reversal
2026_all5mer	5mers_A_RNA_sparse_seq_22	variable	observed	0.9	0.95	-0.023986976521680782	-0.017463129549907763	CERTIFIED_DECREASE	Sufficient marginal-envelope certificate; non-certificate does not establish reversal
2026_all5mer	5mers_A_RNA_sparse_seq_22	variable	equal_class	0.9	0.95	-0.009977670950144464	0.0055761800311495	NOT_CERTIFIED_BY_MARGINAL_ENVELOPES	Sufficient marginal-envelope certificate; non-certificate does not establish reversal
2026_all5mer	5mers_A_RNA_sparse_seq_23	fixed	observed	0.9	0.95	-0.01429472516212394	-0.013732597352608804	CERTIFIED_DECREASE	Sufficient marginal-envelope certificate; non-certificate does not establish reversal
2026_all5mer	5mers_A_RNA_sparse_seq_23	fixed	equal_class	0.9	0.95	0.015149165444784687	0.016284432834710233	CERTIFIED_INCREASE	Sufficient marginal-envelope certificate; non-certificate does not establish reversal
2026_all5mer	5mers_A_RNA_sparse_seq_23	variable	observed	0.9	0.95	-0.01610319648642828	-0.012404283241824547	CERTIFIED_DECREASE	Sufficient marginal-envelope certificate; non-certificate does not establish reversal
2026_all5mer	5mers_A_RNA_sparse_seq_23	variable	equal_class	0.9	0.95	0.011109788113385317	0.042297665637786024	CERTIFIED_INCREASE	Sufficient marginal-envelope certificate; non-certificate does not establish reversal
2026_all5mer	5mers_A_RNA_sparse_seq_24	fixed	observed	0.9	0.95	-0.011763498122319256	-0.011278060966690534	CERTIFIED_DECREASE	Sufficient marginal-envelope certificate; non-certificate does not establish reversal
2026_all5mer	5mers_A_RNA_sparse_seq_24	fixed	equal_class	0.9	0.95	-0.0028414179470866927	-0.0019773492050646248	CERTIFIED_DECREASE	Sufficient marginal-envelope certificate; non-certificate does not establish reversal
2026_all5mer	5mers_A_RNA_sparse_seq_24	variable	observed	0.9	0.95	-0.013217414891241031	-0.010123792274637293	CERTIFIED_DECREASE	Sufficient marginal-envelope certificate; non-certificate does not establish reversal
2026_all5mer	5mers_A_RNA_sparse_seq_24	variable	equal_class	0.9	0.95	-0.006534156845883023	0.004462768958769257	NOT_CERTIFIED_BY_MARGINAL_ENVELOPES	Sufficient marginal-envelope certificate; non-certificate does not establish reversal
2026_all5mer	5mers_A_RNA_sparse_seq_25	fixed	observed	0.9	0.95	-0.019801664743081433	-0.01924908424383761	CERTIFIED_DECREASE	Sufficient marginal-envelope certificate; non-certificate does not establish reversal
2026_all5mer	5mers_A_RNA_sparse_seq_25	fixed	equal_class	0.9	0.95	-0.008121262280763989	-0.007277697304307003	CERTIFIED_DECREASE	Sufficient marginal-envelope certificate; non-certificate does not establish reversal
2026_all5mer	5mers_A_RNA_sparse_seq_25	variable	observed	0.9	0.95	-0.022289731132299387	-0.01770404987969982	CERTIFIED_DECREASE	Sufficient marginal-envelope certificate; non-certificate does not establish reversal
2026_all5mer	5mers_A_RNA_sparse_seq_25	variable	equal_class	0.9	0.95	-0.012297912169435873	-0.0001120001333895157	CERTIFIED_DECREASE	Sufficient marginal-envelope certificate; non-certificate does not establish reversal
2026_all5mer	5mers_A_RNA_sparse_seq_26	fixed	observed	0.9	0.95	-0.011623315396131633	-0.011170384421993959	CERTIFIED_DECREASE	Sufficient marginal-envelope certificate; non-certificate does not establish reversal
2026_all5mer	5mers_A_RNA_sparse_seq_26	fixed	equal_class	0.9	0.95	-0.006764132594598803	-0.006114364807303664	CERTIFIED_DECREASE	Sufficient marginal-envelope certificate; non-certificate does not establish reversal
2026_all5mer	5mers_A_RNA_sparse_seq_26	variable	observed	0.9	0.95	-0.012651852888214516	-0.010442141468635317	CERTIFIED_DECREASE	Sufficient marginal-envelope certificate; non-certificate does not establish reversal
2026_all5mer	5mers_A_RNA_sparse_seq_26	variable	equal_class	0.9	0.95	-0.008549076331460986	-0.00353366502759362	CERTIFIED_DECREASE	Sufficient marginal-envelope certificate; non-certificate does not establish reversal
2026_all5mer	5mers_A_RNA_sparse_seq_27	fixed	observed	0.9	0.95	-0.010211551732425293	-0.009805412496217868	CERTIFIED_DECREASE	Sufficient marginal-envelope certificate; non-certificate does not establish reversal
2026_all5mer	5mers_A_RNA_sparse_seq_27	fixed	equal_class	0.9	0.95	-0.0024917622585277008	-0.0017949273009695947	CERTIFIED_DECREASE	Sufficient marginal-envelope certificate; non-certificate does not establish reversal
2026_all5mer	5mers_A_RNA_sparse_seq_27	variable	observed	0.9	0.95	-0.011551900973108292	-0.008907624387696699	CERTIFIED_DECREASE	Sufficient marginal-envelope certificate; non-certificate does not establish reversal
2026_all5mer	5mers_A_RNA_sparse_seq_27	variable	equal_class	0.9	0.95	-0.004668014343195123	0.0025017157618665298	NOT_CERTIFIED_BY_MARGINAL_ENVELOPES	Sufficient marginal-envelope certificate; non-certificate does not establish reversal
2026_all5mer	5mers_A_RNA_sparse_seq_28	fixed	observed	0.9	0.95	-0.014601293239496561	-0.014080519729195945	CERTIFIED_DECREASE	Sufficient marginal-envelope certificate; non-certificate does not establish reversal
2026_all5mer	5mers_A_RNA_sparse_seq_28	fixed	equal_class	0.9	0.95	-0.010188279793662318	-0.009611645450920973	CERTIFIED_DECREASE	Sufficient marginal-envelope certificate; non-certificate does not establish reversal
2026_all5mer	5mers_A_RNA_sparse_seq_28	variable	observed	0.9	0.95	-0.016491711205023747	-0.01293899539277873	CERTIFIED_DECREASE	Sufficient marginal-envelope certificate; non-certificate does not establish reversal
2026_all5mer	5mers_A_RNA_sparse_seq_28	variable	equal_class	0.9	0.95	-0.011851699527402499	-0.008355879000776154	CERTIFIED_DECREASE	Sufficient marginal-envelope certificate; non-certificate does not establish reversal
2026_all5mer	5mers_A_RNA_sparse_seq_29	fixed	observed	0.9	0.95	-0.00788274933768286	-0.007521766073680162	CERTIFIED_DECREASE	Sufficient marginal-envelope certificate; non-certificate does not establish reversal
2026_all5mer	5mers_A_RNA_sparse_seq_29	fixed	equal_class	0.9	0.95	1.678569591635759e-05	0.0008151502170376246	CERTIFIED_INCREASE	Sufficient marginal-envelope certificate; non-certificate does not establish reversal
2026_all5mer	5mers_A_RNA_sparse_seq_29	variable	observed	0.9	0.95	-0.008707610005412127	-0.006803259376033238	CERTIFIED_DECREASE	Sufficient marginal-envelope certificate; non-certificate does not establish reversal
2026_all5mer	5mers_A_RNA_sparse_seq_29	variable	equal_class	0.9	0.95	-0.002665919839701169	0.007664581779046137	NOT_CERTIFIED_BY_MARGINAL_ENVELOPES	Sufficient marginal-envelope certificate; non-certificate does not establish reversal
2026_all5mer	5mers_A_RNA_sparse_seq_30	fixed	observed	0.9	0.95	-0.014469243201998673	-0.013860546020370098	CERTIFIED_DECREASE	Sufficient marginal-envelope certificate; non-certificate does not establish reversal
2026_all5mer	5mers_A_RNA_sparse_seq_30	fixed	equal_class	0.9	0.95	-0.011356839626626362	-0.010718209969236846	CERTIFIED_DECREASE	Sufficient marginal-envelope certificate; non-certificate does not establish reversal
2026_all5mer	5mers_A_RNA_sparse_seq_30	variable	observed	0.9	0.95	-0.016051583600593985	-0.012433832245424195	CERTIFIED_DECREASE	Sufficient marginal-envelope certificate; non-certificate does not establish reversal
2026_all5mer	5mers_A_RNA_sparse_seq_30	variable	equal_class	0.9	0.95	-0.012789406386905565	-0.009300683332463859	CERTIFIED_DECREASE	Sufficient marginal-envelope certificate; non-certificate does not establish reversal
2026_all5mer	5mers_A_RNA_sparse_seq_31	fixed	observed	0.9	0.95	-0.010431488339556826	-0.010050152428415764	CERTIFIED_DECREASE	Sufficient marginal-envelope certificate; non-certificate does not establish reversal
2026_all5mer	5mers_A_RNA_sparse_seq_31	fixed	equal_class	0.9	0.95	-0.004481789168454164	-0.003804697198691233	CERTIFIED_DECREASE	Sufficient marginal-envelope certificate; non-certificate does not establish reversal
2026_all5mer	5mers_A_RNA_sparse_seq_31	variable	observed	0.9	0.95	-0.011680342821956432	-0.009476518002268867	CERTIFIED_DECREASE	Sufficient marginal-envelope certificate; non-certificate does not establish reversal
2026_all5mer	5mers_A_RNA_sparse_seq_31	variable	equal_class	0.9	0.95	-0.006687661286297502	0.00019671015944798878	NOT_CERTIFIED_BY_MARGINAL_ENVELOPES	Sufficient marginal-envelope certificate; non-certificate does not establish reversal
2026_all5mer	5mers_A_RNA_sparse_seq_32	fixed	observed	0.9	0.95	-0.014716917125360636	-0.014109171956521591	CERTIFIED_DECREASE	Sufficient marginal-envelope certificate; non-certificate does not establish reversal
2026_all5mer	5mers_A_RNA_sparse_seq_32	fixed	equal_class	0.9	0.95	0.001636552117804571	0.002626271909137723	CERTIFIED_INCREASE	Sufficient marginal-envelope certificate; non-certificate does not establish reversal
2026_all5mer	5mers_A_RNA_sparse_seq_32	variable	observed	0.9	0.95	-0.016453398703684178	-0.012548122952978094	CERTIFIED_DECREASE	Sufficient marginal-envelope certificate; non-certificate does not establish reversal
2026_all5mer	5mers_A_RNA_sparse_seq_32	variable	equal_class	0.9	0.95	-0.001842470982222781	0.013824938159126887	NOT_CERTIFIED_BY_MARGINAL_ENVELOPES	Sufficient marginal-envelope certificate; non-certificate does not establish reversal
2026_all5mer	ALL	fixed	observed	0.9	0.95	-0.012825860247493097	-0.012344848307146779	CERTIFIED_DECREASE	Sufficient marginal-envelope certificate; non-certificate does not establish reversal
2026_all5mer	ALL	fixed	equal_class	0.9	0.95	-0.005578574319696033	-0.004825870412722727	CERTIFIED_DECREASE	Sufficient marginal-envelope certificate; non-certificate does not establish reversal
2026_all5mer	ALL	variable	observed	0.9	0.95	-0.01431563310143611	-0.011270901195580942	CERTIFIED_DECREASE	Sufficient marginal-envelope certificate; non-certificate does not establish reversal
2026_all5mer	ALL	variable	equal_class	0.9	0.95	-0.008132733890293939	-0.00044497939727960317	CERTIFIED_DECREASE	Sufficient marginal-envelope certificate; non-certificate does not establish reversal
2026_all5mer	FIXED_ALL_CONSTRUCTS	fixed	equal_construct_class	0.9	0.95	-0.003300735075863828	-0.002516424422474229	CERTIFIED_DECREASE	Fixed original K; sufficient certificate only
2026_all5mer	FIXED_ALL_CONSTRUCTS	variable	equal_construct_class	0.9	0.95	-0.006070957386092757	0.0038723609252305224	NOT_CERTIFIED_BY_MARGINAL_ENVELOPES	Fixed original K; sufficient certificate only
2026_all5mer	5mers_A_RNA_sparse_seq_01	fixed	observed	0.95	0.99	-0.006390092508090942	-0.006174157131193665	CERTIFIED_DECREASE	Sufficient marginal-envelope certificate; non-certificate does not establish reversal
2026_all5mer	5mers_A_RNA_sparse_seq_01	fixed	equal_class	0.95	0.99	-0.011195734348749938	-0.010853473275927318	CERTIFIED_DECREASE	Sufficient marginal-envelope certificate; non-certificate does not establish reversal
2026_all5mer	5mers_A_RNA_sparse_seq_01	variable	observed	0.95	0.99	-0.007198362388071776	-0.0043202184301764975	CERTIFIED_DECREASE	Sufficient marginal-envelope certificate; non-certificate does not establish reversal
2026_all5mer	5mers_A_RNA_sparse_seq_01	variable	equal_class	0.95	0.99	-0.015075007901627635	-0.007959751393449137	CERTIFIED_DECREASE	Sufficient marginal-envelope certificate; non-certificate does not establish reversal
2026_all5mer	5mers_A_RNA_sparse_seq_02	fixed	observed	0.95	0.99	-0.005755582316095702	-0.005557565969990181	CERTIFIED_DECREASE	Sufficient marginal-envelope certificate; non-certificate does not establish reversal
2026_all5mer	5mers_A_RNA_sparse_seq_02	fixed	equal_class	0.95	0.99	-0.008530170466694506	-0.008220252481818364	CERTIFIED_DECREASE	Sufficient marginal-envelope certificate; non-certificate does not establish reversal
2026_all5mer	5mers_A_RNA_sparse_seq_02	variable	observed	0.95	0.99	-0.0065055890165240755	-0.0036689531435073414	CERTIFIED_DECREASE	Sufficient marginal-envelope certificate; non-certificate does not establish reversal
2026_all5mer	5mers_A_RNA_sparse_seq_02	variable	equal_class	0.95	0.99	-0.012811054758143323	-0.005440427034003213	CERTIFIED_DECREASE	Sufficient marginal-envelope certificate; non-certificate does not establish reversal
2026_all5mer	5mers_A_RNA_sparse_seq_03	fixed	observed	0.95	0.99	-0.005119912921754147	-0.004940413226540426	CERTIFIED_DECREASE	Sufficient marginal-envelope certificate; non-certificate does not establish reversal
2026_all5mer	5mers_A_RNA_sparse_seq_03	fixed	equal_class	0.95	0.99	-0.012634347283735694	-0.012154945724238002	CERTIFIED_DECREASE	Sufficient marginal-envelope certificate; non-certificate does not establish reversal
2026_all5mer	5mers_A_RNA_sparse_seq_03	variable	observed	0.95	0.99	-0.005697199660706687	-0.0034950800710186252	CERTIFIED_DECREASE	Sufficient marginal-envelope certificate; non-certificate does not establish reversal
2026_all5mer	5mers_A_RNA_sparse_seq_03	variable	equal_class	0.95	0.99	-0.024946538514882592	-0.0038092219210175797	CERTIFIED_DECREASE	Sufficient marginal-envelope certificate; non-certificate does not establish reversal
2026_all5mer	5mers_A_RNA_sparse_seq_04	fixed	observed	0.95	0.99	-0.00711397790960999	-0.006887756273610927	CERTIFIED_DECREASE	Sufficient marginal-envelope certificate; non-certificate does not establish reversal
2026_all5mer	5mers_A_RNA_sparse_seq_04	fixed	equal_class	0.95	0.99	-0.011084580078001435	-0.01024203837688914	CERTIFIED_DECREASE	Sufficient marginal-envelope certificate; non-certificate does not establish reversal
2026_all5mer	5mers_A_RNA_sparse_seq_04	variable	observed	0.95	0.99	-0.008701873671292156	-0.004643557609542642	CERTIFIED_DECREASE	Sufficient marginal-envelope certificate; non-certificate does not establish reversal
2026_all5mer	5mers_A_RNA_sparse_seq_04	variable	equal_class	0.95	0.99	-0.037819038147419624	0.005014013808229363	NOT_CERTIFIED_BY_MARGINAL_ENVELOPES	Sufficient marginal-envelope certificate; non-certificate does not establish reversal
2026_all5mer	5mers_A_RNA_sparse_seq_05	fixed	observed	0.95	0.99	-0.004357168438478133	-0.004187915582904921	CERTIFIED_DECREASE	Sufficient marginal-envelope certificate; non-certificate does not establish reversal
2026_all5mer	5mers_A_RNA_sparse_seq_05	fixed	equal_class	0.95	0.99	-0.011431811919104662	-0.010987276129486202	CERTIFIED_DECREASE	Sufficient marginal-envelope certificate; non-certificate does not establish reversal
2026_all5mer	5mers_A_RNA_sparse_seq_05	variable	observed	0.95	0.99	-0.005155483519637668	-0.003248150834439887	CERTIFIED_DECREASE	Sufficient marginal-envelope certificate; non-certificate does not establish reversal
2026_all5mer	5mers_A_RNA_sparse_seq_05	variable	equal_class	0.95	0.99	-0.02364211063085379	-0.005090119399654761	CERTIFIED_DECREASE	Sufficient marginal-envelope certificate; non-certificate does not establish reversal
2026_all5mer	5mers_A_RNA_sparse_seq_06	fixed	observed	0.95	0.99	-0.006145492322800848	-0.0059498356618616	CERTIFIED_DECREASE	Sufficient marginal-envelope certificate; non-certificate does not establish reversal
2026_all5mer	5mers_A_RNA_sparse_seq_06	fixed	equal_class	0.95	0.99	-0.00883521574280995	-0.008565162092448	CERTIFIED_DECREASE	Sufficient marginal-envelope certificate; non-certificate does not establish reversal
2026_all5mer	5mers_A_RNA_sparse_seq_06	variable	observed	0.95	0.99	-0.006819109312240145	-0.004282046552882284	CERTIFIED_DECREASE	Sufficient marginal-envelope certificate; non-certificate does not establish reversal
2026_all5mer	5mers_A_RNA_sparse_seq_06	variable	equal_class	0.95	0.99	-0.010820690401836253	-0.006166435313340062	CERTIFIED_DECREASE	Sufficient marginal-envelope certificate; non-certificate does not establish reversal
2026_all5mer	5mers_A_RNA_sparse_seq_07	fixed	observed	0.95	0.99	-0.005818144105011894	-0.005638182833877518	CERTIFIED_DECREASE	Sufficient marginal-envelope certificate; non-certificate does not establish reversal
2026_all5mer	5mers_A_RNA_sparse_seq_07	fixed	equal_class	0.95	0.99	-0.010298240531721703	-0.009821810051871431	CERTIFIED_DECREASE	Sufficient marginal-envelope certificate; non-certificate does not establish reversal
2026_all5mer	5mers_A_RNA_sparse_seq_07	variable	observed	0.95	0.99	-0.006593603054142766	-0.0037016348075000214	CERTIFIED_DECREASE	Sufficient marginal-envelope certificate; non-certificate does not establish reversal
2026_all5mer	5mers_A_RNA_sparse_seq_07	variable	equal_class	0.95	0.99	-0.02511160257938293	-0.004054607614297507	CERTIFIED_DECREASE	Sufficient marginal-envelope certificate; non-certificate does not establish reversal
2026_all5mer	5mers_A_RNA_sparse_seq_08	fixed	observed	0.95	0.99	-0.004681454689905917	-0.004521381703932476	CERTIFIED_DECREASE	Sufficient marginal-envelope certificate; non-certificate does not establish reversal
2026_all5mer	5mers_A_RNA_sparse_seq_08	fixed	equal_class	0.95	0.99	-0.013484307172459532	-0.013134797944311131	CERTIFIED_DECREASE	Sufficient marginal-envelope certificate; non-certificate does not establish reversal
2026_all5mer	5mers_A_RNA_sparse_seq_08	variable	observed	0.95	0.99	-0.005058227696304363	-0.0030618451994623595	CERTIFIED_DECREASE	Sufficient marginal-envelope certificate; non-certificate does not establish reversal
2026_all5mer	5mers_A_RNA_sparse_seq_08	variable	equal_class	0.95	0.99	-0.017648703113721916	-0.009332903351887937	CERTIFIED_DECREASE	Sufficient marginal-envelope certificate; non-certificate does not establish reversal
2026_all5mer	5mers_A_RNA_sparse_seq_09	fixed	observed	0.95	0.99	-0.005437912710878439	-0.005243329882706665	CERTIFIED_DECREASE	Sufficient marginal-envelope certificate; non-certificate does not establish reversal
2026_all5mer	5mers_A_RNA_sparse_seq_09	fixed	equal_class	0.95	0.99	-0.0070641962372621665	-0.006807210173263173	CERTIFIED_DECREASE	Sufficient marginal-envelope certificate; non-certificate does not establish reversal
2026_all5mer	5mers_A_RNA_sparse_seq_09	variable	observed	0.95	0.99	-0.006318163209698608	-0.003325252712232007	CERTIFIED_DECREASE	Sufficient marginal-envelope certificate; non-certificate does not establish reversal
2026_all5mer	5mers_A_RNA_sparse_seq_09	variable	equal_class	0.95	0.99	-0.009003449263939034	-0.004634484039718607	CERTIFIED_DECREASE	Sufficient marginal-envelope certificate; non-certificate does not establish reversal
2026_all5mer	5mers_A_RNA_sparse_seq_10	fixed	observed	0.95	0.99	-0.003378470915456587	-0.003225767664375624	CERTIFIED_DECREASE	Sufficient marginal-envelope certificate; non-certificate does not establish reversal
2026_all5mer	5mers_A_RNA_sparse_seq_10	fixed	equal_class	0.95	0.99	0.003930420241719936	0.004582889531374881	CERTIFIED_INCREASE	Sufficient marginal-envelope certificate; non-certificate does not establish reversal
2026_all5mer	5mers_A_RNA_sparse_seq_10	variable	observed	0.95	0.99	-0.0038898246763275236	-0.0023792470466432606	CERTIFIED_DECREASE	Sufficient marginal-envelope certificate; non-certificate does not establish reversal
2026_all5mer	5mers_A_RNA_sparse_seq_10	variable	equal_class	0.95	0.99	-0.013614612565320365	0.021098513494081733	NOT_CERTIFIED_BY_MARGINAL_ENVELOPES	Sufficient marginal-envelope certificate; non-certificate does not establish reversal
2026_all5mer	5mers_A_RNA_sparse_seq_11	fixed	observed	0.95	0.99	-0.006207478050469357	-0.006008779388368647	CERTIFIED_DECREASE	Sufficient marginal-envelope certificate; non-certificate does not establish reversal
2026_all5mer	5mers_A_RNA_sparse_seq_11	fixed	equal_class	0.95	0.99	-0.009521630069180302	-0.009225415059247483	CERTIFIED_DECREASE	Sufficient marginal-envelope certificate; non-certificate does not establish reversal
2026_all5mer	5mers_A_RNA_sparse_seq_11	variable	observed	0.95	0.99	-0.00708864659363837	-0.0045939546838404954	CERTIFIED_DECREASE	Sufficient marginal-envelope certificate; non-certificate does not establish reversal
2026_all5mer	5mers_A_RNA_sparse_seq_11	variable	equal_class	0.95	0.99	-0.012412503412639251	-0.006569744493414875	CERTIFIED_DECREASE	Sufficient marginal-envelope certificate; non-certificate does not establish reversal
2026_all5mer	5mers_A_RNA_sparse_seq_12	fixed	observed	0.95	0.99	-0.006229459389524471	-0.006013849227278278	CERTIFIED_DECREASE	Sufficient marginal-envelope certificate; non-certificate does not establish reversal
2026_all5mer	5mers_A_RNA_sparse_seq_12	fixed	equal_class	0.95	0.99	-0.01155721848351008	-0.010907319879948082	CERTIFIED_DECREASE	Sufficient marginal-envelope certificate; non-certificate does not establish reversal
2026_all5mer	5mers_A_RNA_sparse_seq_12	variable	observed	0.95	0.99	-0.00761751865194504	-0.003599296209232313	CERTIFIED_DECREASE	Sufficient marginal-envelope certificate; non-certificate does not establish reversal
2026_all5mer	5mers_A_RNA_sparse_seq_12	variable	equal_class	0.95	0.99	-0.03212890158277027	0.0006909496367323506	NOT_CERTIFIED_BY_MARGINAL_ENVELOPES	Sufficient marginal-envelope certificate; non-certificate does not establish reversal
2026_all5mer	5mers_A_RNA_sparse_seq_13	fixed	observed	0.95	0.99	-0.00399266150761511	-0.0038404476986374212	CERTIFIED_DECREASE	Sufficient marginal-envelope certificate; non-certificate does not establish reversal
2026_all5mer	5mers_A_RNA_sparse_seq_13	fixed	equal_class	0.95	0.99	-0.009375370838982478	-0.008900830296697932	CERTIFIED_DECREASE	Sufficient marginal-envelope certificate; non-certificate does not establish reversal
2026_all5mer	5mers_A_RNA_sparse_seq_13	variable	observed	0.95	0.99	-0.004451851717915768	-0.0028489052271054643	CERTIFIED_DECREASE	Sufficient marginal-envelope certificate; non-certificate does not establish reversal
2026_all5mer	5mers_A_RNA_sparse_seq_13	variable	equal_class	0.95	0.99	-0.018020482845339	-0.0018345273015721482	CERTIFIED_DECREASE	Sufficient marginal-envelope certificate; non-certificate does not establish reversal
2026_all5mer	5mers_A_RNA_sparse_seq_14	fixed	observed	0.95	0.99	-0.004450833170787711	-0.00428870459285406	CERTIFIED_DECREASE	Sufficient marginal-envelope certificate; non-certificate does not establish reversal
2026_all5mer	5mers_A_RNA_sparse_seq_14	fixed	equal_class	0.95	0.99	-0.008669897514418351	-0.008391565512128964	CERTIFIED_DECREASE	Sufficient marginal-envelope certificate; non-certificate does not establish reversal
2026_all5mer	5mers_A_RNA_sparse_seq_14	variable	observed	0.95	0.99	-0.004901880544733676	-0.0030131861575931574	CERTIFIED_DECREASE	Sufficient marginal-envelope certificate; non-certificate does not establish reversal
2026_all5mer	5mers_A_RNA_sparse_seq_14	variable	equal_class	0.95	0.99	-0.011685695044271102	-0.006052177582439142	CERTIFIED_DECREASE	Sufficient marginal-envelope certificate; non-certificate does not establish reversal
2026_all5mer	5mers_A_RNA_sparse_seq_15	fixed	observed	0.95	0.99	-0.010004479151258731	-0.009714473602604754	CERTIFIED_DECREASE	Sufficient marginal-envelope certificate; non-certificate does not establish reversal
2026_all5mer	5mers_A_RNA_sparse_seq_15	fixed	equal_class	0.95	0.99	-0.008986174663895043	-0.008285326422914643	CERTIFIED_DECREASE	Sufficient marginal-envelope certificate; non-certificate does not establish reversal
2026_all5mer	5mers_A_RNA_sparse_seq_15	variable	observed	0.95	0.99	-0.01234682659861089	-0.0062683289361709065	CERTIFIED_DECREASE	Sufficient marginal-envelope certificate; non-certificate does not establish reversal
2026_all5mer	5mers_A_RNA_sparse_seq_15	variable	equal_class	0.95	0.99	-0.037439434143580634	0.008912410277865622	NOT_CERTIFIED_BY_MARGINAL_ENVELOPES	Sufficient marginal-envelope certificate; non-certificate does not establish reversal
2026_all5mer	5mers_A_RNA_sparse_seq_16	fixed	observed	0.95	0.99	-0.0072959623746868055	-0.007050398601783949	CERTIFIED_DECREASE	Sufficient marginal-envelope certificate; non-certificate does not establish reversal
2026_all5mer	5mers_A_RNA_sparse_seq_16	fixed	equal_class	0.95	0.99	-0.01174767635406256	-0.01141810418894841	CERTIFIED_DECREASE	Sufficient marginal-envelope certificate; non-certificate does not establish reversal
2026_all5mer	5mers_A_RNA_sparse_seq_16	variable	observed	0.95	0.99	-0.008357495809475044	-0.004746793304460637	CERTIFIED_DECREASE	Sufficient marginal-envelope certificate; non-certificate does not establish reversal
2026_all5mer	5mers_A_RNA_sparse_seq_16	variable	equal_class	0.95	0.99	-0.014667017074468816	-0.00828946561098035	CERTIFIED_DECREASE	Sufficient marginal-envelope certificate; non-certificate does not establish reversal
2026_all5mer	5mers_A_RNA_sparse_seq_17	fixed	observed	0.95	0.99	-0.004629824747257936	-0.0044652109490717655	CERTIFIED_DECREASE	Sufficient marginal-envelope certificate; non-certificate does not establish reversal
2026_all5mer	5mers_A_RNA_sparse_seq_17	fixed	equal_class	0.95	0.99	-0.008085183398186462	-0.007841901085481346	CERTIFIED_DECREASE	Sufficient marginal-envelope certificate; non-certificate does not establish reversal
2026_all5mer	5mers_A_RNA_sparse_seq_17	variable	observed	0.95	0.99	-0.0052113102425378095	-0.003291346757187022	CERTIFIED_DECREASE	Sufficient marginal-envelope certificate; non-certificate does not establish reversal
2026_all5mer	5mers_A_RNA_sparse_seq_17	variable	equal_class	0.95	0.99	-0.009842171698774927	-0.005817409392228617	CERTIFIED_DECREASE	Sufficient marginal-envelope certificate; non-certificate does not establish reversal
2026_all5mer	5mers_A_RNA_sparse_seq_18	fixed	observed	0.95	0.99	-0.004687037149231363	-0.00451856387916413	CERTIFIED_DECREASE	Sufficient marginal-envelope certificate; non-certificate does not establish reversal
2026_all5mer	5mers_A_RNA_sparse_seq_18	fixed	equal_class	0.95	0.99	-0.0131838428432341	-0.012720614420743693	CERTIFIED_DECREASE	Sufficient marginal-envelope certificate; non-certificate does not establish reversal
2026_all5mer	5mers_A_RNA_sparse_seq_18	variable	observed	0.95	0.99	-0.005227575896769748	-0.0035499705221635255	CERTIFIED_DECREASE	Sufficient marginal-envelope certificate; non-certificate does not establish reversal
2026_all5mer	5mers_A_RNA_sparse_seq_18	variable	equal_class	0.95	0.99	-0.022164204878849035	-0.00705215720841719	CERTIFIED_DECREASE	Sufficient marginal-envelope certificate; non-certificate does not establish reversal
2026_all5mer	5mers_A_RNA_sparse_seq_19	fixed	observed	0.95	0.99	-0.0034861952440449757	-0.003354924214749874	CERTIFIED_DECREASE	Sufficient marginal-envelope certificate; non-certificate does not establish reversal
2026_all5mer	5mers_A_RNA_sparse_seq_19	fixed	equal_class	0.95	0.99	-0.004106626479124048	-0.003756786710869228	CERTIFIED_DECREASE	Sufficient marginal-envelope certificate; non-certificate does not establish reversal
2026_all5mer	5mers_A_RNA_sparse_seq_19	variable	observed	0.95	0.99	-0.003964865910537961	-0.002340941919529417	CERTIFIED_DECREASE	Sufficient marginal-envelope certificate; non-certificate does not establish reversal
2026_all5mer	5mers_A_RNA_sparse_seq_19	variable	equal_class	0.95	0.99	-0.010466241467462056	0.0004180794641358114	NOT_CERTIFIED_BY_MARGINAL_ENVELOPES	Sufficient marginal-envelope certificate; non-certificate does not establish reversal
2026_all5mer	5mers_A_RNA_sparse_seq_20	fixed	observed	0.95	0.99	-0.012395410459046782	-0.012107455704434979	CERTIFIED_DECREASE	Sufficient marginal-envelope certificate; non-certificate does not establish reversal
2026_all5mer	5mers_A_RNA_sparse_seq_20	fixed	equal_class	0.95	0.99	-0.025358393230452185	-0.024389469695867153	CERTIFIED_DECREASE	Sufficient marginal-envelope certificate; non-certificate does not establish reversal
2026_all5mer	5mers_A_RNA_sparse_seq_20	variable	observed	0.95	0.99	-0.014664765227261699	-0.009645702397201535	CERTIFIED_DECREASE	Sufficient marginal-envelope certificate; non-certificate does not establish reversal
2026_all5mer	5mers_A_RNA_sparse_seq_20	variable	equal_class	0.95	0.99	-0.052176227277160966	-0.007633842490681164	CERTIFIED_DECREASE	Sufficient marginal-envelope certificate; non-certificate does not establish reversal
2026_all5mer	5mers_A_RNA_sparse_seq_21	fixed	observed	0.95	0.99	-0.004612531133535757	-0.004441815111238123	CERTIFIED_DECREASE	Sufficient marginal-envelope certificate; non-certificate does not establish reversal
2026_all5mer	5mers_A_RNA_sparse_seq_21	fixed	equal_class	0.95	0.99	-0.00976016235723811	-0.009368076629555135	CERTIFIED_DECREASE	Sufficient marginal-envelope certificate; non-certificate does not establish reversal
2026_all5mer	5mers_A_RNA_sparse_seq_21	variable	observed	0.95	0.99	-0.005241519444565177	-0.002973623751402443	CERTIFIED_DECREASE	Sufficient marginal-envelope certificate; non-certificate does not establish reversal
2026_all5mer	5mers_A_RNA_sparse_seq_21	variable	equal_class	0.95	0.99	-0.016629821591090433	-0.004315651545160084	CERTIFIED_DECREASE	Sufficient marginal-envelope certificate; non-certificate does not establish reversal
2026_all5mer	5mers_A_RNA_sparse_seq_22	fixed	observed	0.95	0.99	-0.012060500454258211	-0.011733886253752804	CERTIFIED_DECREASE	Sufficient marginal-envelope certificate; non-certificate does not establish reversal
2026_all5mer	5mers_A_RNA_sparse_seq_22	fixed	equal_class	0.95	0.99	-0.022990201890517592	-0.022413668560708335	CERTIFIED_DECREASE	Sufficient marginal-envelope certificate; non-certificate does not establish reversal
2026_all5mer	5mers_A_RNA_sparse_seq_22	variable	observed	0.95	0.99	-0.014329919442869887	-0.0076331990238367835	CERTIFIED_DECREASE	Sufficient marginal-envelope certificate; non-certificate does not establish reversal
2026_all5mer	5mers_A_RNA_sparse_seq_22	variable	equal_class	0.95	0.99	-0.03659733392329742	-0.015537557889848258	CERTIFIED_DECREASE	Sufficient marginal-envelope certificate; non-certificate does not establish reversal
2026_all5mer	5mers_A_RNA_sparse_seq_23	fixed	observed	0.95	0.99	-0.007237525483738599	-0.007010691674799504	CERTIFIED_DECREASE	Sufficient marginal-envelope certificate; non-certificate does not establish reversal
2026_all5mer	5mers_A_RNA_sparse_seq_23	fixed	equal_class	0.95	0.99	-0.01684435390452113	-0.01598473439551902	CERTIFIED_DECREASE	Sufficient marginal-envelope certificate; non-certificate does not establish reversal
2026_all5mer	5mers_A_RNA_sparse_seq_23	variable	observed	0.95	0.99	-0.008007792070944098	-0.0049757927989015766	CERTIFIED_DECREASE	Sufficient marginal-envelope certificate; non-certificate does not establish reversal
2026_all5mer	5mers_A_RNA_sparse_seq_23	variable	equal_class	0.95	0.99	-0.050644586201980056	-0.005034629470504315	CERTIFIED_DECREASE	Sufficient marginal-envelope certificate; non-certificate does not establish reversal
2026_all5mer	5mers_A_RNA_sparse_seq_24	fixed	observed	0.95	0.99	-0.0066161868184258146	-0.006417831082573222	CERTIFIED_DECREASE	Sufficient marginal-envelope certificate; non-certificate does not establish reversal
2026_all5mer	5mers_A_RNA_sparse_seq_24	fixed	equal_class	0.95	0.99	-0.01971671075678793	-0.019247697059325906	CERTIFIED_DECREASE	Sufficient marginal-envelope certificate; non-certificate does not establish reversal
2026_all5mer	5mers_A_RNA_sparse_seq_24	variable	observed	0.95	0.99	-0.007211025236367214	-0.004816920581847881	CERTIFIED_DECREASE	Sufficient marginal-envelope certificate; non-certificate does not establish reversal
2026_all5mer	5mers_A_RNA_sparse_seq_24	variable	equal_class	0.95	0.99	-0.027870755095042644	-0.013340642418736717	CERTIFIED_DECREASE	Sufficient marginal-envelope certificate; non-certificate does not establish reversal
2026_all5mer	5mers_A_RNA_sparse_seq_25	fixed	observed	0.95	0.99	-0.00765046735288287	-0.007450530164608747	CERTIFIED_DECREASE	Sufficient marginal-envelope certificate; non-certificate does not establish reversal
2026_all5mer	5mers_A_RNA_sparse_seq_25	fixed	equal_class	0.95	0.99	-0.014471610363338733	-0.014035968124281288	CERTIFIED_DECREASE	Sufficient marginal-envelope certificate; non-certificate does not establish reversal
2026_all5mer	5mers_A_RNA_sparse_seq_25	variable	observed	0.95	0.99	-0.00836921249695043	-0.004910749876654198	CERTIFIED_DECREASE	Sufficient marginal-envelope certificate; non-certificate does not establish reversal
2026_all5mer	5mers_A_RNA_sparse_seq_25	variable	equal_class	0.95	0.99	-0.02287654494390038	-0.006012353956024032	CERTIFIED_DECREASE	Sufficient marginal-envelope certificate; non-certificate does not establish reversal
2026_all5mer	5mers_A_RNA_sparse_seq_26	fixed	observed	0.95	0.99	-0.004370844960266635	-0.0041921256417332756	CERTIFIED_DECREASE	Sufficient marginal-envelope certificate; non-certificate does not establish reversal
2026_all5mer	5mers_A_RNA_sparse_seq_26	fixed	equal_class	0.95	0.99	-0.008476009720899012	-0.00816455255605658	CERTIFIED_DECREASE	Sufficient marginal-envelope certificate; non-certificate does not establish reversal
2026_all5mer	5mers_A_RNA_sparse_seq_26	variable	observed	0.95	0.99	-0.004839446679512847	-0.003074631926930964	CERTIFIED_DECREASE	Sufficient marginal-envelope certificate; non-certificate does not establish reversal
2026_all5mer	5mers_A_RNA_sparse_seq_26	variable	equal_class	0.95	0.99	-0.011828736799115157	-0.00490666970341797	CERTIFIED_DECREASE	Sufficient marginal-envelope certificate; non-certificate does not establish reversal
2026_all5mer	5mers_A_RNA_sparse_seq_27	fixed	observed	0.95	0.99	-0.004486813569880358	-0.004316091028672675	CERTIFIED_DECREASE	Sufficient marginal-envelope certificate; non-certificate does not establish reversal
2026_all5mer	5mers_A_RNA_sparse_seq_27	fixed	equal_class	0.95	0.99	-0.011339034845351323	-0.010958406612114419	CERTIFIED_DECREASE	Sufficient marginal-envelope certificate; non-certificate does not establish reversal
2026_all5mer	5mers_A_RNA_sparse_seq_27	variable	observed	0.95	0.99	-0.005170484688259537	-0.0028145654522209185	CERTIFIED_DECREASE	Sufficient marginal-envelope certificate; non-certificate does not establish reversal
2026_all5mer	5mers_A_RNA_sparse_seq_27	variable	equal_class	0.95	0.99	-0.018690186552675382	-0.006578247560889018	CERTIFIED_DECREASE	Sufficient marginal-envelope certificate; non-certificate does not establish reversal
2026_all5mer	5mers_A_RNA_sparse_seq_28	fixed	observed	0.95	0.99	-0.007789781356266029	-0.00754698371129145	CERTIFIED_DECREASE	Sufficient marginal-envelope certificate; non-certificate does not establish reversal
2026_all5mer	5mers_A_RNA_sparse_seq_28	fixed	equal_class	0.95	0.99	-0.006850700920093607	-0.00657421820703683	CERTIFIED_DECREASE	Sufficient marginal-envelope certificate; non-certificate does not establish reversal
2026_all5mer	5mers_A_RNA_sparse_seq_28	variable	observed	0.95	0.99	-0.009690307149636694	-0.005129781711890662	CERTIFIED_DECREASE	Sufficient marginal-envelope certificate; non-certificate does not establish reversal
2026_all5mer	5mers_A_RNA_sparse_seq_28	variable	equal_class	0.95	0.99	-0.010041978707088057	-0.003914452315088518	CERTIFIED_DECREASE	Sufficient marginal-envelope certificate; non-certificate does not establish reversal
2026_all5mer	5mers_A_RNA_sparse_seq_29	fixed	observed	0.95	0.99	-0.0039760686031724175	-0.003815064960737642	CERTIFIED_DECREASE	Sufficient marginal-envelope certificate; non-certificate does not establish reversal
2026_all5mer	5mers_A_RNA_sparse_seq_29	fixed	equal_class	0.95	0.99	-0.0049436740956715144	-0.004392977266639359	CERTIFIED_DECREASE	Sufficient marginal-envelope certificate; non-certificate does not establish reversal
2026_all5mer	5mers_A_RNA_sparse_seq_29	variable	observed	0.95	0.99	-0.0045352982592414695	-0.0028329443407466735	CERTIFIED_DECREASE	Sufficient marginal-envelope certificate; non-certificate does not establish reversal
2026_all5mer	5mers_A_RNA_sparse_seq_29	variable	equal_class	0.95	0.99	-0.017219643920159802	0.005833073898697961	NOT_CERTIFIED_BY_MARGINAL_ENVELOPES	Sufficient marginal-envelope certificate; non-certificate does not establish reversal
2026_all5mer	5mers_A_RNA_sparse_seq_30	fixed	observed	0.95	0.99	-0.008233353275393889	-0.007967321619385015	CERTIFIED_DECREASE	Sufficient marginal-envelope certificate; non-certificate does not establish reversal
2026_all5mer	5mers_A_RNA_sparse_seq_30	fixed	equal_class	0.95	0.99	-0.007918459300096761	-0.007632263124130541	CERTIFIED_DECREASE	Sufficient marginal-envelope certificate; non-certificate does not establish reversal
2026_all5mer	5mers_A_RNA_sparse_seq_30	variable	observed	0.95	0.99	-0.00989719282315957	-0.005775604420015908	CERTIFIED_DECREASE	Sufficient marginal-envelope certificate; non-certificate does not establish reversal
2026_all5mer	5mers_A_RNA_sparse_seq_30	variable	equal_class	0.95	0.99	-0.01027153636771029	-0.005358537691692247	CERTIFIED_DECREASE	Sufficient marginal-envelope certificate; non-certificate does not establish reversal
2026_all5mer	5mers_A_RNA_sparse_seq_31	fixed	observed	0.95	0.99	-0.003831980429812779	-0.003674929159597202	CERTIFIED_DECREASE	Sufficient marginal-envelope certificate; non-certificate does not establish reversal
2026_all5mer	5mers_A_RNA_sparse_seq_31	fixed	equal_class	0.95	0.99	-0.009694386654172401	-0.009340506577025759	CERTIFIED_DECREASE	Sufficient marginal-envelope certificate; non-certificate does not establish reversal
2026_all5mer	5mers_A_RNA_sparse_seq_31	variable	observed	0.95	0.99	-0.004177338336738915	-0.0023292073784139	CERTIFIED_DECREASE	Sufficient marginal-envelope certificate; non-certificate does not establish reversal
2026_all5mer	5mers_A_RNA_sparse_seq_31	variable	equal_class	0.95	0.99	-0.016044281158236612	-0.004815130684669619	CERTIFIED_DECREASE	Sufficient marginal-envelope certificate; non-certificate does not establish reversal
2026_all5mer	5mers_A_RNA_sparse_seq_32	fixed	observed	0.95	0.99	-0.007333465013476785	-0.007067903981567629	CERTIFIED_DECREASE	Sufficient marginal-envelope certificate; non-certificate does not establish reversal
2026_all5mer	5mers_A_RNA_sparse_seq_32	fixed	equal_class	0.95	0.99	-0.01765696580309345	-0.017039595140096384	CERTIFIED_DECREASE	Sufficient marginal-envelope certificate; non-certificate does not establish reversal
2026_all5mer	5mers_A_RNA_sparse_seq_32	variable	observed	0.95	0.99	-0.009107904060937139	-0.004480640506603548	CERTIFIED_DECREASE	Sufficient marginal-envelope certificate; non-certificate does not establish reversal
2026_all5mer	5mers_A_RNA_sparse_seq_32	variable	equal_class	0.95	0.99	-0.03731277357728175	-0.00908293602732358	CERTIFIED_DECREASE	Sufficient marginal-envelope certificate; non-certificate does not establish reversal
2026_all5mer	ALL	fixed	observed	0.95	0.99	-0.006016305967297296	-0.0058186771698952085	CERTIFIED_DECREASE	Sufficient marginal-envelope certificate; non-certificate does not establish reversal
2026_all5mer	ALL	fixed	equal_class	0.95	0.99	-0.01239389825378367	-0.011993646407936607	CERTIFIED_DECREASE	Sufficient marginal-envelope certificate; non-certificate does not establish reversal
2026_all5mer	ALL	variable	observed	0.95	0.99	-0.0069048382142680165	-0.004117717523903452	CERTIFIED_DECREASE	Sufficient marginal-envelope certificate; non-certificate does not establish reversal
2026_all5mer	ALL	variable	equal_class	0.95	0.99	-0.019344111920921277	-0.007452301102459856	CERTIFIED_DECREASE	Sufficient marginal-envelope certificate; non-certificate does not establish reversal
2026_all5mer	FIXED_ALL_CONSTRUCTS	fixed	equal_construct_class	0.95	0.99	-0.010996327125801463	-0.010537314820131698	CERTIFIED_DECREASE	Fixed original K; sufficient certificate only
2026_all5mer	FIXED_ALL_CONSTRUCTS	variable	equal_construct_class	0.95	0.99	-0.021485120816875668	-0.003958345088459804	CERTIFIED_DECREASE	Fixed original K; sufficient certificate only
