release	construct	truth_class	threshold	metric	old	new	match
2025_DRACH	DRACH_oligo_0	0	0.5	midpoint_Brier	0.12306261284406796	0.12306261284406796	True
2025_DRACH	DRACH_oligo_0	0	0.5	midpoint_S	3655.0	3655	True
2025_DRACH	DRACH_oligo_0	0	0.5	minimum_S	3655.0	3655	True
2025_DRACH	DRACH_oligo_0	0	0.5	maximum_S	3655.0	3655	True
2025_DRACH	DRACH_oligo_0	1	0.5	midpoint_Brier	0.0366810693063068	0.0366810693063068	True
2025_DRACH	DRACH_oligo_0	1	0.5	midpoint_S	38849.0	38849	True
2025_DRACH	DRACH_oligo_0	1	0.5	minimum_S	38849.0	38849	True
2025_DRACH	DRACH_oligo_0	1	0.5	maximum_S	38849.0	38849	True
2025_DRACH	DRACH_oligo_1	0	0.5	midpoint_Brier	0.11466407074449424	0.11466407074449424	True
2025_DRACH	DRACH_oligo_1	0	0.5	midpoint_S	3535.0	3535	True
2025_DRACH	DRACH_oligo_1	0	0.5	minimum_S	3535.0	3535	True
2025_DRACH	DRACH_oligo_1	0	0.5	maximum_S	3535.0	3535	True
2025_DRACH	DRACH_oligo_1	1	0.5	midpoint_Brier	0.030832121371043564	0.030832121371043564	True
2025_DRACH	DRACH_oligo_1	1	0.5	midpoint_S	38411.0	38411	True
2025_DRACH	DRACH_oligo_1	1	0.5	minimum_S	38411.0	38411	True
2025_DRACH	DRACH_oligo_1	1	0.5	maximum_S	38411.0	38411	True
2025_DRACH	DRACH_oligo_2	0	0.5	midpoint_Brier	0.11647083352787703	0.11647083352787703	True
2025_DRACH	DRACH_oligo_2	0	0.5	midpoint_S	6944.0	6944	True
2025_DRACH	DRACH_oligo_2	0	0.5	minimum_S	6944.0	6944	True
2025_DRACH	DRACH_oligo_2	0	0.5	maximum_S	6944.0	6944	True
2025_DRACH	DRACH_oligo_2	1	0.5	midpoint_Brier	0.04219315980888269	0.04219315980888269	True
2025_DRACH	DRACH_oligo_2	1	0.5	midpoint_S	38253.0	38253	True
2025_DRACH	DRACH_oligo_2	1	0.5	minimum_S	38253.0	38253	True
2025_DRACH	DRACH_oligo_2	1	0.5	maximum_S	38253.0	38253	True
2025_DRACH	DRACH_oligo_3	0	0.5	midpoint_Brier	0.1489173055078439	0.1489173055078439	True
2025_DRACH	DRACH_oligo_3	0	0.5	midpoint_S	3732.0	3732	True
2025_DRACH	DRACH_oligo_3	0	0.5	minimum_S	3732.0	3732	True
2025_DRACH	DRACH_oligo_3	0	0.5	maximum_S	3732.0	3732	True
2025_DRACH	DRACH_oligo_3	1	0.5	midpoint_Brier	0.022404819216648792	0.022404819216648792	True
2025_DRACH	DRACH_oligo_3	1	0.5	midpoint_S	38487.0	38487	True
2025_DRACH	DRACH_oligo_3	1	0.5	minimum_S	38487.0	38487	True
2025_DRACH	DRACH_oligo_3	1	0.5	maximum_S	38487.0	38487	True
2025_DRACH	DRACH_oligo_4	0	0.5	midpoint_Brier	0.10931565111477642	0.10931565111477642	True
2025_DRACH	DRACH_oligo_4	0	0.5	midpoint_S	3011.0	3011	True
2025_DRACH	DRACH_oligo_4	0	0.5	minimum_S	3011.0	3011	True
2025_DRACH	DRACH_oligo_4	0	0.5	maximum_S	3011.0	3011	True
2025_DRACH	DRACH_oligo_4	1	0.5	midpoint_Brier	0.023668970518537058	0.023668970518537058	True
2025_DRACH	DRACH_oligo_4	1	0.5	midpoint_S	38495.0	38495	True
2025_DRACH	DRACH_oligo_4	1	0.5	minimum_S	38495.0	38495	True
2025_DRACH	DRACH_oligo_4	1	0.5	maximum_S	38495.0	38495	True
2025_DRACH	ALL	0	0.5	midpoint_Brier	0.12208715896471231	0.12208715896471231	True
2025_DRACH	ALL	0	0.5	midpoint_S	20877.0	20877	True
2025_DRACH	ALL	0	0.5	minimum_S	20877.0	20877	True
2025_DRACH	ALL	0	0.5	maximum_S	20877.0	20877	True
2025_DRACH	ALL	1	0.5	midpoint_Brier	0.03115281807286061	0.03115281807286061	True
2025_DRACH	ALL	1	0.5	midpoint_S	192495.0	192495	True
2025_DRACH	ALL	1	0.5	minimum_S	192495.0	192495	True
2025_DRACH	ALL	1	0.5	maximum_S	192495.0	192495	True
2025_DRACH	DRACH_oligo_0	0	0.6	midpoint_Brier	0.11062261395422637	0.11062261395422637	True
2025_DRACH	DRACH_oligo_0	0	0.6	midpoint_S	3302.0	3302	True
2025_DRACH	DRACH_oligo_0	0	0.6	minimum_S	3302.0	3302	True
2025_DRACH	DRACH_oligo_0	0	0.6	maximum_S	3315.0	3315	True
2025_DRACH	DRACH_oligo_0	1	0.6	midpoint_Brier	0.03078236021039398	0.03078236021039398	True
2025_DRACH	DRACH_oligo_0	1	0.6	midpoint_S	37807.0	37807	True
2025_DRACH	DRACH_oligo_0	1	0.6	minimum_S	37807.0	37807	True
2025_DRACH	DRACH_oligo_0	1	0.6	maximum_S	37844.0	37844	True
2025_DRACH	DRACH_oligo_1	0	0.6	midpoint_Brier	0.10144316841399242	0.10144316841399242	True
2025_DRACH	DRACH_oligo_1	0	0.6	midpoint_S	3205.0	3205	True
2025_DRACH	DRACH_oligo_1	0	0.6	minimum_S	3205.0	3205	True
2025_DRACH	DRACH_oligo_1	0	0.6	maximum_S	3222.0	3222	True
2025_DRACH	DRACH_oligo_1	1	0.6	midpoint_Brier	0.025904770309663074	0.025904770309663074	True
2025_DRACH	DRACH_oligo_1	1	0.6	midpoint_S	37573.0	37573	True
2025_DRACH	DRACH_oligo_1	1	0.6	minimum_S	37573.0	37573	True
2025_DRACH	DRACH_oligo_1	1	0.6	maximum_S	37609.0	37609	True
2025_DRACH	DRACH_oligo_2	0	0.6	midpoint_Brier	0.10148208283832612	0.10148208283832612	True
2025_DRACH	DRACH_oligo_2	0	0.6	midpoint_S	6207.0	6207	True
2025_DRACH	DRACH_oligo_2	0	0.6	minimum_S	6207.0	6207	True
2025_DRACH	DRACH_oligo_2	0	0.6	maximum_S	6249.0	6249	True
2025_DRACH	DRACH_oligo_2	1	0.6	midpoint_Brier	0.0350413557148967	0.0350413557148967	True
2025_DRACH	DRACH_oligo_2	1	0.6	midpoint_S	36997.0	36997	True
2025_DRACH	DRACH_oligo_2	1	0.6	minimum_S	36997.0	36997	True
2025_DRACH	DRACH_oligo_2	1	0.6	maximum_S	37049.0	37049	True
2025_DRACH	DRACH_oligo_3	0	0.6	midpoint_Brier	0.13962981862656135	0.13962981862656135	True
2025_DRACH	DRACH_oligo_3	0	0.6	midpoint_S	3390.0	3390	True
2025_DRACH	DRACH_oligo_3	0	0.6	minimum_S	3390.0	3390	True
2025_DRACH	DRACH_oligo_3	0	0.6	maximum_S	3398.0	3398	True
2025_DRACH	DRACH_oligo_3	1	0.6	midpoint_Brier	0.019005423240252197	0.019005423240252197	True
2025_DRACH	DRACH_oligo_3	1	0.6	midpoint_S	37921.0	37921	True
2025_DRACH	DRACH_oligo_3	1	0.6	minimum_S	37921.0	37921	True
2025_DRACH	DRACH_oligo_3	1	0.6	maximum_S	37938.0	37938	True
2025_DRACH	DRACH_oligo_4	0	0.6	midpoint_Brier	0.0930068263142217	0.0930068263142217	True
2025_DRACH	DRACH_oligo_4	0	0.6	midpoint_S	2667.0	2667	True
2025_DRACH	DRACH_oligo_4	0	0.6	minimum_S	2667.0	2667	True
2025_DRACH	DRACH_oligo_4	0	0.6	maximum_S	2681.0	2681	True
2025_DRACH	DRACH_oligo_4	1	0.6	midpoint_Brier	0.020018193367365246	0.020018193367365246	True
2025_DRACH	DRACH_oligo_4	1	0.6	midpoint_S	37888.0	37888	True
2025_DRACH	DRACH_oligo_4	1	0.6	minimum_S	37888.0	37888	True
2025_DRACH	DRACH_oligo_4	1	0.6	maximum_S	37920.0	37920	True
2025_DRACH	ALL	0	0.6	midpoint_Brier	0.10876856881067944	0.10876856881067944	True
2025_DRACH	ALL	0	0.6	midpoint_S	18771.0	18771	True
2025_DRACH	ALL	0	0.6	minimum_S	18771.0	18771	True
2025_DRACH	ALL	0	0.6	maximum_S	18865.0	18865	True
2025_DRACH	ALL	1	0.6	midpoint_Brier	0.026105489407818365	0.026105489407818365	True
2025_DRACH	ALL	1	0.6	midpoint_S	188186.0	188186	True
2025_DRACH	ALL	1	0.6	minimum_S	188186.0	188186	True
2025_DRACH	ALL	1	0.6	maximum_S	188360.0	188360	True
2025_DRACH	DRACH_oligo_0	0	0.7	midpoint_Brier	0.0969910886645192	0.0969910886645192	True
2025_DRACH	DRACH_oligo_0	0	0.7	midpoint_S	2861.0	2861	True
2025_DRACH	DRACH_oligo_0	0	0.7	minimum_S	2845.0	2845	True
2025_DRACH	DRACH_oligo_0	0	0.7	maximum_S	2861.0	2861	True
2025_DRACH	DRACH_oligo_0	1	0.7	midpoint_Brier	0.023947060104936427	0.023947060104936427	True
2025_DRACH	DRACH_oligo_0	1	0.7	midpoint_S	36698.0	36698	True
2025_DRACH	DRACH_oligo_0	1	0.7	minimum_S	36643.0	36643	True
2025_DRACH	DRACH_oligo_0	1	0.7	maximum_S	36698.0	36698	True
2025_DRACH	DRACH_oligo_1	0	0.7	midpoint_Brier	0.08989605588416677	0.08989605588416677	True
2025_DRACH	DRACH_oligo_1	0	0.7	midpoint_S	2844.0	2844	True
2025_DRACH	DRACH_oligo_1	0	0.7	minimum_S	2828.0	2828	True
2025_DRACH	DRACH_oligo_1	0	0.7	maximum_S	2844.0	2844	True
2025_DRACH	DRACH_oligo_1	1	0.7	midpoint_Brier	0.021102063037908726	0.021102063037908726	True
2025_DRACH	DRACH_oligo_1	1	0.7	midpoint_S	36773.0	36773	True
2025_DRACH	DRACH_oligo_1	1	0.7	minimum_S	36747.0	36747	True
2025_DRACH	DRACH_oligo_1	1	0.7	maximum_S	36773.0	36773	True
2025_DRACH	DRACH_oligo_2	0	0.7	midpoint_Brier	0.08713404009781628	0.08713404009781628	True
2025_DRACH	DRACH_oligo_2	0	0.7	midpoint_S	5431.0	5431	True
2025_DRACH	DRACH_oligo_2	0	0.7	minimum_S	5391.0	5391	True
2025_DRACH	DRACH_oligo_2	0	0.7	maximum_S	5431.0	5431	True
2025_DRACH	DRACH_oligo_2	1	0.7	midpoint_Brier	0.02700503206115396	0.02700503206115396	True
2025_DRACH	DRACH_oligo_2	1	0.7	midpoint_S	35679.0	35679	True
2025_DRACH	DRACH_oligo_2	1	0.7	minimum_S	35629.0	35629	True
2025_DRACH	DRACH_oligo_2	1	0.7	maximum_S	35679.0	35679	True
2025_DRACH	DRACH_oligo_3	0	0.7	midpoint_Brier	0.1318583885693542	0.1318583885693542	True
2025_DRACH	DRACH_oligo_3	0	0.7	midpoint_S	2941.0	2941	True
2025_DRACH	DRACH_oligo_3	0	0.7	minimum_S	2925.0	2925	True
2025_DRACH	DRACH_oligo_3	0	0.7	maximum_S	2941.0	2941	True
2025_DRACH	DRACH_oligo_3	1	0.7	midpoint_Brier	0.014802685039612308	0.014802685039612308	True
2025_DRACH	DRACH_oligo_3	1	0.7	midpoint_S	37300.0	37300	True
2025_DRACH	DRACH_oligo_3	1	0.7	minimum_S	37267.0	37267	True
2025_DRACH	DRACH_oligo_3	1	0.7	maximum_S	37300.0	37300	True
2025_DRACH	DRACH_oligo_4	0	0.7	midpoint_Brier	0.0765407104224724	0.0765407104224724	True
2025_DRACH	DRACH_oligo_4	0	0.7	midpoint_S	2282.0	2282	True
2025_DRACH	DRACH_oligo_4	0	0.7	minimum_S	2265.0	2265	True
2025_DRACH	DRACH_oligo_4	0	0.7	maximum_S	2282.0	2282	True
2025_DRACH	DRACH_oligo_4	1	0.7	midpoint_Brier	0.0153683573207965	0.0153683573207965	True
2025_DRACH	DRACH_oligo_4	1	0.7	midpoint_S	37182.0	37182	True
2025_DRACH	DRACH_oligo_4	1	0.7	minimum_S	37155.0	37155	True
2025_DRACH	DRACH_oligo_4	1	0.7	maximum_S	37182.0	37182	True
2025_DRACH	ALL	0	0.7	midpoint_Brier	0.09590086688315623	0.09590086688315623	True
2025_DRACH	ALL	0	0.7	midpoint_S	16359.0	16359	True
2025_DRACH	ALL	0	0.7	minimum_S	16254.0	16254	True
2025_DRACH	ALL	0	0.7	maximum_S	16359.0	16359	True
2025_DRACH	ALL	1	0.7	midpoint_Brier	0.020377027580232646	0.020377027580232646	True
2025_DRACH	ALL	1	0.7	midpoint_S	183632.0	183632	True
2025_DRACH	ALL	1	0.7	minimum_S	183441.0	183441	True
2025_DRACH	ALL	1	0.7	maximum_S	183632.0	183632	True
2025_DRACH	DRACH_oligo_0	0	0.8	midpoint_Brier	0.09148740582732295	0.09148740582732295	True
2025_DRACH	DRACH_oligo_0	0	0.8	midpoint_S	2311.0	2311	True
2025_DRACH	DRACH_oligo_0	0	0.8	minimum_S	2311.0	2311	True
2025_DRACH	DRACH_oligo_0	0	0.8	maximum_S	2342.0	2342	True
2025_DRACH	DRACH_oligo_0	1	0.8	midpoint_Brier	0.015874399292744812	0.015874399292744812	True
2025_DRACH	DRACH_oligo_0	1	0.8	midpoint_S	35358.0	35358	True
2025_DRACH	DRACH_oligo_0	1	0.8	minimum_S	35358.0	35358	True
2025_DRACH	DRACH_oligo_0	1	0.8	maximum_S	35417.0	35417	True
2025_DRACH	DRACH_oligo_1	0	0.8	midpoint_Brier	0.07867400602405779	0.07867400602405779	True
2025_DRACH	DRACH_oligo_1	0	0.8	midpoint_S	2286.0	2286	True
2025_DRACH	DRACH_oligo_1	0	0.8	minimum_S	2286.0	2286	True
2025_DRACH	DRACH_oligo_1	0	0.8	maximum_S	2315.0	2315	True
2025_DRACH	DRACH_oligo_1	1	0.8	midpoint_Brier	0.013722330948955797	0.013722330948955797	True
2025_DRACH	DRACH_oligo_1	1	0.8	midpoint_S	35638.0	35638	True
2025_DRACH	DRACH_oligo_1	1	0.8	minimum_S	35638.0	35638	True
2025_DRACH	DRACH_oligo_1	1	0.8	maximum_S	35698.0	35698	True
2025_DRACH	DRACH_oligo_2	0	0.8	midpoint_Brier	0.07431902315129853	0.07431902315129853	True
2025_DRACH	DRACH_oligo_2	0	0.8	midpoint_S	4423.0	4423	True
2025_DRACH	DRACH_oligo_2	0	0.8	minimum_S	4423.0	4423	True
2025_DRACH	DRACH_oligo_2	0	0.8	maximum_S	4465.0	4465	True
2025_DRACH	DRACH_oligo_2	1	0.8	midpoint_Brier	0.01820505038393569	0.01820505038393569	True
2025_DRACH	DRACH_oligo_2	1	0.8	midpoint_S	34227.0	34227	True
2025_DRACH	DRACH_oligo_2	1	0.8	minimum_S	34227.0	34227	True
2025_DRACH	DRACH_oligo_2	1	0.8	maximum_S	34299.0	34299	True
2025_DRACH	DRACH_oligo_3	0	0.8	midpoint_Brier	0.1312336816846433	0.1312336816846433	True
2025_DRACH	DRACH_oligo_3	0	0.8	midpoint_S	2274.0	2274	True
2025_DRACH	DRACH_oligo_3	0	0.8	minimum_S	2274.0	2274	True
2025_DRACH	DRACH_oligo_3	0	0.8	maximum_S	2300.0	2300	True
2025_DRACH	DRACH_oligo_3	1	0.8	midpoint_Brier	0.008416836351989981	0.008416836351989981	True
2025_DRACH	DRACH_oligo_3	1	0.8	midpoint_S	36460.0	36460	True
2025_DRACH	DRACH_oligo_3	1	0.8	minimum_S	36460.0	36460	True
2025_DRACH	DRACH_oligo_3	1	0.8	maximum_S	36497.0	36497	True
2025_DRACH	DRACH_oligo_4	0	0.8	midpoint_Brier	0.06631444857265409	0.06631444857265409	True
2025_DRACH	DRACH_oligo_4	0	0.8	midpoint_S	1810.0	1810	True
2025_DRACH	DRACH_oligo_4	0	0.8	minimum_S	1810.0	1810	True
2025_DRACH	DRACH_oligo_4	0	0.8	maximum_S	1835.0	1835	True
2025_DRACH	DRACH_oligo_4	1	0.8	midpoint_Brier	0.009959975263444642	0.009959975263444642	True
2025_DRACH	DRACH_oligo_4	1	0.8	midpoint_S	36444.0	36444	True
2025_DRACH	DRACH_oligo_4	1	0.8	minimum_S	36444.0	36444	True
2025_DRACH	DRACH_oligo_4	1	0.8	maximum_S	36472.0	36472	True
2025_DRACH	ALL	0	0.8	midpoint_Brier	0.08687757601522555	0.08687757601522555	True
2025_DRACH	ALL	0	0.8	midpoint_S	13104.0	13104	True
2025_DRACH	ALL	0	0.8	minimum_S	13104.0	13104	True
2025_DRACH	ALL	0	0.8	maximum_S	13257.0	13257	True
2025_DRACH	ALL	1	0.8	midpoint_Brier	0.013155147125013367	0.013155147125013367	True
2025_DRACH	ALL	1	0.8	midpoint_S	178127.0	178127	True
2025_DRACH	ALL	1	0.8	minimum_S	178127.0	178127	True
2025_DRACH	ALL	1	0.8	maximum_S	178383.0	178383	True
2025_DRACH	DRACH_oligo_0	0	0.9	midpoint_Brier	0.09209229738454786	0.09209229738454786	True
2025_DRACH	DRACH_oligo_0	0	0.9	midpoint_S	1435.0	1435	True
2025_DRACH	DRACH_oligo_0	0	0.9	minimum_S	1399.0	1399	True
2025_DRACH	DRACH_oligo_0	0	0.9	maximum_S	1435.0	1435	True
2025_DRACH	DRACH_oligo_0	1	0.9	midpoint_Brier	0.007353797195873456	0.007353797195873456	True
2025_DRACH	DRACH_oligo_0	1	0.9	midpoint_S	33446.0	33446	True
2025_DRACH	DRACH_oligo_0	1	0.9	minimum_S	33329.0	33329	True
2025_DRACH	DRACH_oligo_0	1	0.9	maximum_S	33446.0	33446	True
2025_DRACH	DRACH_oligo_1	0	0.9	midpoint_Brier	0.0788017334229496	0.0788017334229496	True
2025_DRACH	DRACH_oligo_1	0	0.9	midpoint_S	1494.0	1494	True
2025_DRACH	DRACH_oligo_1	0	0.9	minimum_S	1438.0	1438	True
2025_DRACH	DRACH_oligo_1	0	0.9	maximum_S	1494.0	1494	True
2025_DRACH	DRACH_oligo_1	1	0.9	midpoint_Brier	0.005998820291345495	0.005998820291345495	True
2025_DRACH	DRACH_oligo_1	1	0.9	midpoint_S	34057.0	34057	True
2025_DRACH	DRACH_oligo_1	1	0.9	minimum_S	33963.0	33963	True
2025_DRACH	DRACH_oligo_1	1	0.9	maximum_S	34057.0	34057	True
2025_DRACH	DRACH_oligo_2	0	0.9	midpoint_Brier	0.0680306718304117	0.0680306718304117	True
2025_DRACH	DRACH_oligo_2	0	0.9	midpoint_S	2787.0	2787	True
2025_DRACH	DRACH_oligo_2	0	0.9	minimum_S	2668.0	2668	True
2025_DRACH	DRACH_oligo_2	0	0.9	maximum_S	2787.0	2787	True
2025_DRACH	DRACH_oligo_2	1	0.9	midpoint_Brier	0.008203719926659093	0.008203719926659093	True
2025_DRACH	DRACH_oligo_2	1	0.9	midpoint_S	32150.0	32150	True
2025_DRACH	DRACH_oligo_2	1	0.9	minimum_S	32043.0	32043	True
2025_DRACH	DRACH_oligo_2	1	0.9	maximum_S	32150.0	32150	True
2025_DRACH	DRACH_oligo_3	0	0.9	midpoint_Brier	0.1646273361716902	0.1646273361716902	True
2025_DRACH	DRACH_oligo_3	0	0.9	midpoint_S	1374.0	1374	True
2025_DRACH	DRACH_oligo_3	0	0.9	minimum_S	1324.0	1324	True
2025_DRACH	DRACH_oligo_3	0	0.9	maximum_S	1374.0	1374	True
2025_DRACH	DRACH_oligo_3	1	0.9	midpoint_Brier	0.003165327669726733	0.003165327669726733	True
2025_DRACH	DRACH_oligo_3	1	0.9	midpoint_S	35451.0	35451	True
2025_DRACH	DRACH_oligo_3	1	0.9	minimum_S	35397.0	35397	True
2025_DRACH	DRACH_oligo_3	1	0.9	maximum_S	35451.0	35451	True
2025_DRACH	DRACH_oligo_4	0	0.9	midpoint_Brier	0.05509082787085734	0.05509082787085734	True
2025_DRACH	DRACH_oligo_4	0	0.9	midpoint_S	1074.0	1074	True
2025_DRACH	DRACH_oligo_4	0	0.9	minimum_S	1038.0	1038	True
2025_DRACH	DRACH_oligo_4	0	0.9	maximum_S	1074.0	1074	True
2025_DRACH	DRACH_oligo_4	1	0.9	midpoint_Brier	0.004426308264933538	0.004426308264933538	True
2025_DRACH	DRACH_oligo_4	1	0.9	midpoint_S	35435.0	35435	True
2025_DRACH	DRACH_oligo_4	1	0.9	minimum_S	35387.0	35387	True
2025_DRACH	DRACH_oligo_4	1	0.9	maximum_S	35435.0	35435	True
2025_DRACH	ALL	0	0.9	midpoint_Brier	0.08878603967482526	0.08878603967482526	True
2025_DRACH	ALL	0	0.9	midpoint_S	8164.0	8164	True
2025_DRACH	ALL	0	0.9	minimum_S	7867.0	7867	True
2025_DRACH	ALL	0	0.9	maximum_S	8164.0	8164	True
2025_DRACH	ALL	1	0.9	midpoint_Brier	0.005764469029987448	0.005764469029987448	True
2025_DRACH	ALL	1	0.9	midpoint_S	170539.0	170539	True
2025_DRACH	ALL	1	0.9	minimum_S	170119.0	170119	True
2025_DRACH	ALL	1	0.9	maximum_S	170539.0	170539	True
2025_DRACH	DRACH_oligo_0	0	0.95	midpoint_Brier	0.19984378146754164	0.19984378146754164	True
2025_DRACH	DRACH_oligo_0	0	0.95	midpoint_S	514.0	514	True
2025_DRACH	DRACH_oligo_0	0	0.95	minimum_S	399.0	399	True
2025_DRACH	DRACH_oligo_0	0	0.95	maximum_S	514.0	514	True
2025_DRACH	DRACH_oligo_0	1	0.95	midpoint_Brier	0.001761043317008509	0.001761043317008509	True
2025_DRACH	DRACH_oligo_0	1	0.95	midpoint_S	31496.0	31496	True
2025_DRACH	DRACH_oligo_0	1	0.95	minimum_S	31278.0	31278	True
2025_DRACH	DRACH_oligo_0	1	0.95	maximum_S	31496.0	31496	True
2025_DRACH	DRACH_oligo_1	0	0.95	midpoint_Brier	0.13175126215890318	0.13175126215890318	True
2025_DRACH	DRACH_oligo_1	0	0.95	midpoint_S	558.0	558	True
2025_DRACH	DRACH_oligo_1	0	0.95	minimum_S	447.0	447	True
2025_DRACH	DRACH_oligo_1	0	0.95	maximum_S	558.0	558	True
2025_DRACH	DRACH_oligo_1	1	0.95	midpoint_Brier	0.0014128429698682472	0.0014128429698682472	True
2025_DRACH	DRACH_oligo_1	1	0.95	midpoint_S	32443.0	32443	True
2025_DRACH	DRACH_oligo_1	1	0.95	minimum_S	32249.0	32249	True
2025_DRACH	DRACH_oligo_1	1	0.95	maximum_S	32443.0	32443	True
2025_DRACH	DRACH_oligo_2	0	0.95	midpoint_Brier	0.13186204814475422	0.13186204814475422	True
2025_DRACH	DRACH_oligo_2	0	0.95	midpoint_S	876.0	876	True
2025_DRACH	DRACH_oligo_2	0	0.95	minimum_S	643.0	643	True
2025_DRACH	DRACH_oligo_2	0	0.95	maximum_S	876.0	876	True
2025_DRACH	DRACH_oligo_2	1	0.95	midpoint_Brier	0.0018265895005599886	0.0018265895005599886	True
2025_DRACH	DRACH_oligo_2	1	0.95	midpoint_S	30002.0	30002	True
2025_DRACH	DRACH_oligo_2	1	0.95	minimum_S	29718.0	29718	True
2025_DRACH	DRACH_oligo_2	1	0.95	maximum_S	30002.0	30002	True
2025_DRACH	DRACH_oligo_3	0	0.95	midpoint_Brier	0.45952116293350453	0.45952116293350453	True
2025_DRACH	DRACH_oligo_3	0	0.95	midpoint_S	394.0	394	True
2025_DRACH	DRACH_oligo_3	0	0.95	minimum_S	284.0	284	True
2025_DRACH	DRACH_oligo_3	0	0.95	maximum_S	394.0	394	True
2025_DRACH	DRACH_oligo_3	1	0.95	midpoint_Brier	0.0006002278111630681	0.0006002278111630681	True
2025_DRACH	DRACH_oligo_3	1	0.95	midpoint_S	34543.0	34543	True
2025_DRACH	DRACH_oligo_3	1	0.95	minimum_S	34429.0	34429	True
2025_DRACH	DRACH_oligo_3	1	0.95	maximum_S	34543.0	34543	True
2025_DRACH	DRACH_oligo_4	0	0.95	midpoint_Brier	0.08754972108922209	0.08754972108922209	True
2025_DRACH	DRACH_oligo_4	0	0.95	midpoint_S	399.0	399	True
2025_DRACH	DRACH_oligo_4	0	0.95	minimum_S	294.0	294	True
2025_DRACH	DRACH_oligo_4	0	0.95	maximum_S	399.0	399	True
2025_DRACH	DRACH_oligo_4	1	0.95	midpoint_Brier	0.0012629820779030772	0.0012629820779030772	True
2025_DRACH	DRACH_oligo_4	1	0.95	midpoint_S	34482.0	34482	True
2025_DRACH	DRACH_oligo_4	1	0.95	minimum_S	34389.0	34389	True
2025_DRACH	DRACH_oligo_4	1	0.95	maximum_S	34482.0	34482	True
2025_DRACH	ALL	0	0.95	midpoint_Brier	0.18523595003436316	0.18523595003436316	True
2025_DRACH	ALL	0	0.95	midpoint_S	2741.0	2741	True
2025_DRACH	ALL	0	0.95	minimum_S	2067.0	2067	True
2025_DRACH	ALL	0	0.95	maximum_S	2741.0	2741	True
2025_DRACH	ALL	1	0.95	midpoint_Brier	0.0013523547259612196	0.0013523547259612196	True
2025_DRACH	ALL	1	0.95	midpoint_S	162966.0	162966	True
2025_DRACH	ALL	1	0.95	minimum_S	162063.0	162063	True
2025_DRACH	ALL	1	0.95	maximum_S	162966.0	162966	True
2025_DRACH	DRACH_oligo_0	0	0.99	midpoint_Brier	0.3892640900193599	0.3892640900193599	True
2025_DRACH	DRACH_oligo_0	0	0.99	midpoint_S	171.0	171	True
2025_DRACH	DRACH_oligo_0	0	0.99	minimum_S	128.0	128	True
2025_DRACH	DRACH_oligo_0	0	0.99	maximum_S	171.0	171	True
2025_DRACH	DRACH_oligo_0	1	0.99	midpoint_Brier	0.0001971867626985898	0.0001971867626985898	True
2025_DRACH	DRACH_oligo_0	1	0.99	midpoint_S	26818.0	26818	True
2025_DRACH	DRACH_oligo_0	1	0.99	minimum_S	25258.0	25258	True
2025_DRACH	DRACH_oligo_0	1	0.99	maximum_S	26818.0	26818	True
2025_DRACH	DRACH_oligo_1	0	0.99	midpoint_Brier	0.16851008307073534	0.16851008307073534	True
2025_DRACH	DRACH_oligo_1	0	0.99	midpoint_S	194.0	194	True
2025_DRACH	DRACH_oligo_1	0	0.99	minimum_S	147.0	147	True
2025_DRACH	DRACH_oligo_1	0	0.99	maximum_S	194.0	194	True
2025_DRACH	DRACH_oligo_1	1	0.99	midpoint_Brier	0.0003583303783204224	0.0003583303783204224	True
2025_DRACH	DRACH_oligo_1	1	0.99	midpoint_S	28432.0	28432	True
2025_DRACH	DRACH_oligo_1	1	0.99	minimum_S	26921.0	26921	True
2025_DRACH	DRACH_oligo_1	1	0.99	maximum_S	28432.0	28432	True
2025_DRACH	DRACH_oligo_2	0	0.99	midpoint_Brier	0.1952286066971426	0.1952286066971426	True
2025_DRACH	DRACH_oligo_2	0	0.99	midpoint_S	254.0	254	True
2025_DRACH	DRACH_oligo_2	0	0.99	minimum_S	187.0	187	True
2025_DRACH	DRACH_oligo_2	0	0.99	maximum_S	254.0	254	True
2025_DRACH	DRACH_oligo_2	1	0.99	midpoint_Brier	0.0002541151962885879	0.0002541151962885879	True
2025_DRACH	DRACH_oligo_2	1	0.99	midpoint_S	24692.0	24692	True
2025_DRACH	DRACH_oligo_2	1	0.99	minimum_S	22931.0	22931	True
2025_DRACH	DRACH_oligo_2	1	0.99	maximum_S	24692.0	24692	True
2025_DRACH	DRACH_oligo_3	0	0.99	midpoint_Brier	0.7626023321795318	0.7626023321795318	True
2025_DRACH	DRACH_oligo_3	0	0.99	midpoint_S	163.0	163	True
2025_DRACH	DRACH_oligo_3	0	0.99	minimum_S	144.0	144	True
2025_DRACH	DRACH_oligo_3	0	0.99	maximum_S	163.0	163	True
2025_DRACH	DRACH_oligo_3	1	0.99	midpoint_Brier	0.00013140840695985642	0.00013140840695985642	True
2025_DRACH	DRACH_oligo_3	1	0.99	midpoint_S	32079.0	32079	True
2025_DRACH	DRACH_oligo_3	1	0.99	minimum_S	31121.0	31121	True
2025_DRACH	DRACH_oligo_3	1	0.99	maximum_S	32079.0	32079	True
2025_DRACH	DRACH_oligo_4	0	0.99	midpoint_Brier	0.14027709190291587	0.14027709190291587	True
2025_DRACH	DRACH_oligo_4	0	0.99	midpoint_S	99.0	99	True
2025_DRACH	DRACH_oligo_4	0	0.99	minimum_S	60.0	60	True
2025_DRACH	DRACH_oligo_4	0	0.99	maximum_S	99.0	99	True
2025_DRACH	DRACH_oligo_4	1	0.99	midpoint_Brier	0.0002558526569828331	0.0002558526569828331	True
2025_DRACH	DRACH_oligo_4	1	0.99	midpoint_S	32062.0	32062	True
2025_DRACH	DRACH_oligo_4	1	0.99	minimum_S	31133.0	31133	True
2025_DRACH	DRACH_oligo_4	1	0.99	maximum_S	32062.0	32062	True
2025_DRACH	ALL	0	0.99	midpoint_Brier	0.32580566839246283	0.32580566839246283	True
2025_DRACH	ALL	0	0.99	midpoint_S	881.0	881	True
2025_DRACH	ALL	0	0.99	minimum_S	666.0	666	True
2025_DRACH	ALL	0	0.99	maximum_S	881.0	881	True
2025_DRACH	ALL	1	0.99	midpoint_Brier	0.0002371509096858316	0.0002371509096858316	True
2025_DRACH	ALL	1	0.99	midpoint_S	144083.0	144083	True
2025_DRACH	ALL	1	0.99	minimum_S	137364.0	137364	True
2025_DRACH	ALL	1	0.99	maximum_S	144083.0	144083	True
2026_all5mer	5mers_A_RNA_sparse_seq_01	0	0.5	midpoint_Brier	0.08314942770450513	0.08314942770450513	True
2026_all5mer	5mers_A_RNA_sparse_seq_01	0	0.5	midpoint_S	24406.0	24406	True
2026_all5mer	5mers_A_RNA_sparse_seq_01	0	0.5	minimum_S	24406.0	24406	True
2026_all5mer	5mers_A_RNA_sparse_seq_01	0	0.5	maximum_S	24406.0	24406	True
2026_all5mer	5mers_A_RNA_sparse_seq_01	1	0.5	midpoint_Brier	0.06095011670340238	0.06095011670340238	True
2026_all5mer	5mers_A_RNA_sparse_seq_01	1	0.5	midpoint_S	69619.0	69619	True
2026_all5mer	5mers_A_RNA_sparse_seq_01	1	0.5	minimum_S	69619.0	69619	True
2026_all5mer	5mers_A_RNA_sparse_seq_01	1	0.5	maximum_S	69619.0	69619	True
2026_all5mer	5mers_A_RNA_sparse_seq_02	0	0.5	midpoint_Brier	0.0820536502236956	0.0820536502236956	True
2026_all5mer	5mers_A_RNA_sparse_seq_02	0	0.5	midpoint_S	22507.0	22507	True
2026_all5mer	5mers_A_RNA_sparse_seq_02	0	0.5	minimum_S	22507.0	22507	True
2026_all5mer	5mers_A_RNA_sparse_seq_02	0	0.5	maximum_S	22507.0	22507	True
2026_all5mer	5mers_A_RNA_sparse_seq_02	1	0.5	midpoint_Brier	0.08490117488177416	0.08490117488177416	True
2026_all5mer	5mers_A_RNA_sparse_seq_02	1	0.5	midpoint_S	70623.0	70623	True
2026_all5mer	5mers_A_RNA_sparse_seq_02	1	0.5	minimum_S	70623.0	70623	True
2026_all5mer	5mers_A_RNA_sparse_seq_02	1	0.5	maximum_S	70623.0	70623	True
2026_all5mer	5mers_A_RNA_sparse_seq_03	0	0.5	midpoint_Brier	0.09636007843017579	0.09636007843017579	True
2026_all5mer	5mers_A_RNA_sparse_seq_03	0	0.5	midpoint_S	20000.0	20000	True
2026_all5mer	5mers_A_RNA_sparse_seq_03	0	0.5	minimum_S	20000.0	20000	True
2026_all5mer	5mers_A_RNA_sparse_seq_03	0	0.5	maximum_S	20000.0	20000	True
2026_all5mer	5mers_A_RNA_sparse_seq_03	1	0.5	midpoint_Brier	0.06158243601395636	0.06158243601395636	True
2026_all5mer	5mers_A_RNA_sparse_seq_03	1	0.5	midpoint_S	71400.0	71400	True
2026_all5mer	5mers_A_RNA_sparse_seq_03	1	0.5	minimum_S	71400.0	71400	True
2026_all5mer	5mers_A_RNA_sparse_seq_03	1	0.5	maximum_S	71400.0	71400	True
2026_all5mer	5mers_A_RNA_sparse_seq_04	0	0.5	midpoint_Brier	0.1194626759792349	0.1194626759792349	True
2026_all5mer	5mers_A_RNA_sparse_seq_04	0	0.5	midpoint_S	21962.0	21962	True
2026_all5mer	5mers_A_RNA_sparse_seq_04	0	0.5	minimum_S	21962.0	21962	True
2026_all5mer	5mers_A_RNA_sparse_seq_04	0	0.5	maximum_S	21962.0	21962	True
2026_all5mer	5mers_A_RNA_sparse_seq_04	1	0.5	midpoint_Brier	0.07422002576662169	0.07422002576662169	True
2026_all5mer	5mers_A_RNA_sparse_seq_04	1	0.5	midpoint_S	69619.0	69619	True
2026_all5mer	5mers_A_RNA_sparse_seq_04	1	0.5	minimum_S	69619.0	69619	True
2026_all5mer	5mers_A_RNA_sparse_seq_04	1	0.5	maximum_S	69619.0	69619	True
2026_all5mer	5mers_A_RNA_sparse_seq_05	0	0.5	midpoint_Brier	0.09709696784456051	0.09709696784456051	True
2026_all5mer	5mers_A_RNA_sparse_seq_05	0	0.5	midpoint_S	21025.0	21025	True
2026_all5mer	5mers_A_RNA_sparse_seq_05	0	0.5	minimum_S	21025.0	21025	True
2026_all5mer	5mers_A_RNA_sparse_seq_05	0	0.5	maximum_S	21025.0	21025	True
2026_all5mer	5mers_A_RNA_sparse_seq_05	1	0.5	midpoint_Brier	0.0594106900169221	0.0594106900169221	True
2026_all5mer	5mers_A_RNA_sparse_seq_05	1	0.5	midpoint_S	73382.0	73382	True
2026_all5mer	5mers_A_RNA_sparse_seq_05	1	0.5	minimum_S	73382.0	73382	True
2026_all5mer	5mers_A_RNA_sparse_seq_05	1	0.5	maximum_S	73382.0	73382	True
2026_all5mer	5mers_A_RNA_sparse_seq_06	0	0.5	midpoint_Brier	0.0761719383965387	0.0761719383965387	True
2026_all5mer	5mers_A_RNA_sparse_seq_06	0	0.5	midpoint_S	20639.0	20639	True
2026_all5mer	5mers_A_RNA_sparse_seq_06	0	0.5	minimum_S	20639.0	20639	True
2026_all5mer	5mers_A_RNA_sparse_seq_06	0	0.5	maximum_S	20639.0	20639	True
2026_all5mer	5mers_A_RNA_sparse_seq_06	1	0.5	midpoint_Brier	0.07242201966795968	0.07242201966795968	True
2026_all5mer	5mers_A_RNA_sparse_seq_06	1	0.5	midpoint_S	73212.0	73212	True
2026_all5mer	5mers_A_RNA_sparse_seq_06	1	0.5	minimum_S	73212.0	73212	True
2026_all5mer	5mers_A_RNA_sparse_seq_06	1	0.5	maximum_S	73212.0	73212	True
2026_all5mer	5mers_A_RNA_sparse_seq_07	0	0.5	midpoint_Brier	0.09453552366501958	0.09453552366501958	True
2026_all5mer	5mers_A_RNA_sparse_seq_07	0	0.5	midpoint_S	19389.0	19389	True
2026_all5mer	5mers_A_RNA_sparse_seq_07	0	0.5	minimum_S	19389.0	19389	True
2026_all5mer	5mers_A_RNA_sparse_seq_07	0	0.5	maximum_S	19389.0	19389	True
2026_all5mer	5mers_A_RNA_sparse_seq_07	1	0.5	midpoint_Brier	0.08232063655277398	0.08232063655277398	True
2026_all5mer	5mers_A_RNA_sparse_seq_07	1	0.5	midpoint_S	69521.0	69521	True
2026_all5mer	5mers_A_RNA_sparse_seq_07	1	0.5	minimum_S	69521.0	69521	True
2026_all5mer	5mers_A_RNA_sparse_seq_07	1	0.5	maximum_S	69521.0	69521	True
2026_all5mer	5mers_A_RNA_sparse_seq_08	0	0.5	midpoint_Brier	0.09976132269551935	0.09976132269551935	True
2026_all5mer	5mers_A_RNA_sparse_seq_08	0	0.5	midpoint_S	16571.0	16571	True
2026_all5mer	5mers_A_RNA_sparse_seq_08	0	0.5	minimum_S	16571.0	16571	True
2026_all5mer	5mers_A_RNA_sparse_seq_08	0	0.5	maximum_S	16571.0	16571	True
2026_all5mer	5mers_A_RNA_sparse_seq_08	1	0.5	midpoint_Brier	0.06084532930258736	0.06084532930258736	True
2026_all5mer	5mers_A_RNA_sparse_seq_08	1	0.5	midpoint_S	71528.0	71528	True
2026_all5mer	5mers_A_RNA_sparse_seq_08	1	0.5	minimum_S	71528.0	71528	True
2026_all5mer	5mers_A_RNA_sparse_seq_08	1	0.5	maximum_S	71528.0	71528	True
2026_all5mer	5mers_A_RNA_sparse_seq_09	0	0.5	midpoint_Brier	0.07168568080953007	0.07168568080953007	True
2026_all5mer	5mers_A_RNA_sparse_seq_09	0	0.5	midpoint_S	20457.0	20457	True
2026_all5mer	5mers_A_RNA_sparse_seq_09	0	0.5	minimum_S	20457.0	20457	True
2026_all5mer	5mers_A_RNA_sparse_seq_09	0	0.5	maximum_S	20457.0	20457	True
2026_all5mer	5mers_A_RNA_sparse_seq_09	1	0.5	midpoint_Brier	0.0807888500036606	0.0807888500036606	True
2026_all5mer	5mers_A_RNA_sparse_seq_09	1	0.5	midpoint_S	70856.0	70856	True
2026_all5mer	5mers_A_RNA_sparse_seq_09	1	0.5	minimum_S	70856.0	70856	True
2026_all5mer	5mers_A_RNA_sparse_seq_09	1	0.5	maximum_S	70856.0	70856	True
2026_all5mer	5mers_A_RNA_sparse_seq_10	0	0.5	midpoint_Brier	0.09720891292154515	0.09720891292154515	True
2026_all5mer	5mers_A_RNA_sparse_seq_10	0	0.5	midpoint_S	16556.0	16556	True
2026_all5mer	5mers_A_RNA_sparse_seq_10	0	0.5	minimum_S	16556.0	16556	True
2026_all5mer	5mers_A_RNA_sparse_seq_10	0	0.5	maximum_S	16556.0	16556	True
2026_all5mer	5mers_A_RNA_sparse_seq_10	1	0.5	midpoint_Brier	0.048424776626222424	0.048424776626222424	True
2026_all5mer	5mers_A_RNA_sparse_seq_10	1	0.5	midpoint_S	67861.0	67861	True
2026_all5mer	5mers_A_RNA_sparse_seq_10	1	0.5	minimum_S	67861.0	67861	True
2026_all5mer	5mers_A_RNA_sparse_seq_10	1	0.5	maximum_S	67861.0	67861	True
2026_all5mer	5mers_A_RNA_sparse_seq_11	0	0.5	midpoint_Brier	0.08747760624798197	0.08747760624798197	True
2026_all5mer	5mers_A_RNA_sparse_seq_11	0	0.5	midpoint_S	23470.0	23470	True
2026_all5mer	5mers_A_RNA_sparse_seq_11	0	0.5	minimum_S	23470.0	23470	True
2026_all5mer	5mers_A_RNA_sparse_seq_11	0	0.5	maximum_S	23470.0	23470	True
2026_all5mer	5mers_A_RNA_sparse_seq_11	1	0.5	midpoint_Brier	0.059259373487888484	0.059259373487888484	True
2026_all5mer	5mers_A_RNA_sparse_seq_11	1	0.5	midpoint_S	71598.0	71598	True
2026_all5mer	5mers_A_RNA_sparse_seq_11	1	0.5	minimum_S	71598.0	71598	True
2026_all5mer	5mers_A_RNA_sparse_seq_11	1	0.5	maximum_S	71598.0	71598	True
2026_all5mer	5mers_A_RNA_sparse_seq_12	0	0.5	midpoint_Brier	0.11447516927613306	0.11447516927613306	True
2026_all5mer	5mers_A_RNA_sparse_seq_12	0	0.5	midpoint_S	20730.0	20730	True
2026_all5mer	5mers_A_RNA_sparse_seq_12	0	0.5	minimum_S	20730.0	20730	True
2026_all5mer	5mers_A_RNA_sparse_seq_12	0	0.5	maximum_S	20730.0	20730	True
2026_all5mer	5mers_A_RNA_sparse_seq_12	1	0.5	midpoint_Brier	0.06589981430256722	0.06589981430256722	True
2026_all5mer	5mers_A_RNA_sparse_seq_12	1	0.5	midpoint_S	72306.0	72306	True
2026_all5mer	5mers_A_RNA_sparse_seq_12	1	0.5	minimum_S	72306.0	72306	True
2026_all5mer	5mers_A_RNA_sparse_seq_12	1	0.5	maximum_S	72306.0	72306	True
2026_all5mer	5mers_A_RNA_sparse_seq_13	0	0.5	midpoint_Brier	0.1003757543538704	0.1003757543538704	True
2026_all5mer	5mers_A_RNA_sparse_seq_13	0	0.5	midpoint_S	16692.0	16692	True
2026_all5mer	5mers_A_RNA_sparse_seq_13	0	0.5	minimum_S	16692.0	16692	True
2026_all5mer	5mers_A_RNA_sparse_seq_13	0	0.5	maximum_S	16692.0	16692	True
2026_all5mer	5mers_A_RNA_sparse_seq_13	1	0.5	midpoint_Brier	0.05479985869087829	0.05479985869087829	True
2026_all5mer	5mers_A_RNA_sparse_seq_13	1	0.5	midpoint_S	70381.0	70381	True
2026_all5mer	5mers_A_RNA_sparse_seq_13	1	0.5	minimum_S	70381.0	70381	True
2026_all5mer	5mers_A_RNA_sparse_seq_13	1	0.5	maximum_S	70381.0	70381	True
2026_all5mer	5mers_A_RNA_sparse_seq_14	0	0.5	midpoint_Brier	0.08312526095487167	0.08312526095487167	True
2026_all5mer	5mers_A_RNA_sparse_seq_14	0	0.5	midpoint_S	20738.0	20738	True
2026_all5mer	5mers_A_RNA_sparse_seq_14	0	0.5	minimum_S	20738.0	20738	True
2026_all5mer	5mers_A_RNA_sparse_seq_14	0	0.5	maximum_S	20738.0	20738	True
2026_all5mer	5mers_A_RNA_sparse_seq_14	1	0.5	midpoint_Brier	0.06066276444693958	0.06066276444693958	True
2026_all5mer	5mers_A_RNA_sparse_seq_14	1	0.5	midpoint_S	71165.0	71165	True
2026_all5mer	5mers_A_RNA_sparse_seq_14	1	0.5	minimum_S	71165.0	71165	True
2026_all5mer	5mers_A_RNA_sparse_seq_14	1	0.5	maximum_S	71165.0	71165	True
2026_all5mer	5mers_A_RNA_sparse_seq_15	0	0.5	midpoint_Brier	0.11193679448119613	0.11193679448119613	True
2026_all5mer	5mers_A_RNA_sparse_seq_15	0	0.5	midpoint_S	26849.0	26849	True
2026_all5mer	5mers_A_RNA_sparse_seq_15	0	0.5	minimum_S	26849.0	26849	True
2026_all5mer	5mers_A_RNA_sparse_seq_15	0	0.5	maximum_S	26849.0	26849	True
2026_all5mer	5mers_A_RNA_sparse_seq_15	1	0.5	midpoint_Brier	0.09955178620765372	0.09955178620765372	True
2026_all5mer	5mers_A_RNA_sparse_seq_15	1	0.5	midpoint_S	71088.0	71088	True
2026_all5mer	5mers_A_RNA_sparse_seq_15	1	0.5	minimum_S	71088.0	71088	True
2026_all5mer	5mers_A_RNA_sparse_seq_15	1	0.5	maximum_S	71088.0	71088	True
2026_all5mer	5mers_A_RNA_sparse_seq_16	0	0.5	midpoint_Brier	0.09255521810701664	0.09255521810701664	True
2026_all5mer	5mers_A_RNA_sparse_seq_16	0	0.5	midpoint_S	27974.0	27974	True
2026_all5mer	5mers_A_RNA_sparse_seq_16	0	0.5	minimum_S	27974.0	27974	True
2026_all5mer	5mers_A_RNA_sparse_seq_16	0	0.5	maximum_S	27974.0	27974	True
2026_all5mer	5mers_A_RNA_sparse_seq_16	1	0.5	midpoint_Brier	0.07938312604146641	0.07938312604146641	True
2026_all5mer	5mers_A_RNA_sparse_seq_16	1	0.5	midpoint_S	68596.0	68596	True
2026_all5mer	5mers_A_RNA_sparse_seq_16	1	0.5	minimum_S	68596.0	68596	True
2026_all5mer	5mers_A_RNA_sparse_seq_16	1	0.5	maximum_S	68596.0	68596	True
2026_all5mer	5mers_A_RNA_sparse_seq_17	0	0.5	midpoint_Brier	0.07428366533159941	0.07428366533159941	True
2026_all5mer	5mers_A_RNA_sparse_seq_17	0	0.5	midpoint_S	19109.0	19109	True
2026_all5mer	5mers_A_RNA_sparse_seq_17	0	0.5	minimum_S	19109.0	19109	True
2026_all5mer	5mers_A_RNA_sparse_seq_17	0	0.5	maximum_S	19109.0	19109	True
2026_all5mer	5mers_A_RNA_sparse_seq_17	1	0.5	midpoint_Brier	0.05182475524541189	0.05182475524541189	True
2026_all5mer	5mers_A_RNA_sparse_seq_17	1	0.5	midpoint_S	67600.0	67600	True
2026_all5mer	5mers_A_RNA_sparse_seq_17	1	0.5	minimum_S	67600.0	67600	True
2026_all5mer	5mers_A_RNA_sparse_seq_17	1	0.5	maximum_S	67600.0	67600	True
2026_all5mer	5mers_A_RNA_sparse_seq_18	0	0.5	midpoint_Brier	0.10444462404439404	0.10444462404439404	True
2026_all5mer	5mers_A_RNA_sparse_seq_18	0	0.5	midpoint_S	19397.0	19397	True
2026_all5mer	5mers_A_RNA_sparse_seq_18	0	0.5	minimum_S	19397.0	19397	True
2026_all5mer	5mers_A_RNA_sparse_seq_18	0	0.5	maximum_S	19397.0	19397	True
2026_all5mer	5mers_A_RNA_sparse_seq_18	1	0.5	midpoint_Brier	0.05069987115610267	0.05069987115610267	True
2026_all5mer	5mers_A_RNA_sparse_seq_18	1	0.5	midpoint_S	71759.0	71759	True
2026_all5mer	5mers_A_RNA_sparse_seq_18	1	0.5	minimum_S	71759.0	71759	True
2026_all5mer	5mers_A_RNA_sparse_seq_18	1	0.5	maximum_S	71759.0	71759	True
2026_all5mer	5mers_A_RNA_sparse_seq_19	0	0.5	midpoint_Brier	0.08451945101551288	0.08451945101551288	True
2026_all5mer	5mers_A_RNA_sparse_seq_19	0	0.5	midpoint_S	13762.0	13762	True
2026_all5mer	5mers_A_RNA_sparse_seq_19	0	0.5	minimum_S	13762.0	13762	True
2026_all5mer	5mers_A_RNA_sparse_seq_19	0	0.5	maximum_S	13762.0	13762	True
2026_all5mer	5mers_A_RNA_sparse_seq_19	1	0.5	midpoint_Brier	0.06396724646398597	0.06396724646398597	True
2026_all5mer	5mers_A_RNA_sparse_seq_19	1	0.5	midpoint_S	70027.0	70027	True
2026_all5mer	5mers_A_RNA_sparse_seq_19	1	0.5	minimum_S	70027.0	70027	True
2026_all5mer	5mers_A_RNA_sparse_seq_19	1	0.5	maximum_S	70027.0	70027	True
2026_all5mer	5mers_A_RNA_sparse_seq_20	0	0.5	midpoint_Brier	0.13466752590730452	0.13466752590730452	True
2026_all5mer	5mers_A_RNA_sparse_seq_20	0	0.5	midpoint_S	27734.0	27734	True
2026_all5mer	5mers_A_RNA_sparse_seq_20	0	0.5	minimum_S	27734.0	27734	True
2026_all5mer	5mers_A_RNA_sparse_seq_20	0	0.5	maximum_S	27734.0	27734	True
2026_all5mer	5mers_A_RNA_sparse_seq_20	1	0.5	midpoint_Brier	0.07972357645096338	0.07972357645096338	True
2026_all5mer	5mers_A_RNA_sparse_seq_20	1	0.5	midpoint_S	72206.0	72206	True
2026_all5mer	5mers_A_RNA_sparse_seq_20	1	0.5	minimum_S	72206.0	72206	True
2026_all5mer	5mers_A_RNA_sparse_seq_20	1	0.5	maximum_S	72206.0	72206	True
2026_all5mer	5mers_A_RNA_sparse_seq_21	0	0.5	midpoint_Brier	0.09332003865462841	0.09332003865462841	True
2026_all5mer	5mers_A_RNA_sparse_seq_21	0	0.5	midpoint_S	20124.0	20124	True
2026_all5mer	5mers_A_RNA_sparse_seq_21	0	0.5	minimum_S	20124.0	20124	True
2026_all5mer	5mers_A_RNA_sparse_seq_21	0	0.5	maximum_S	20124.0	20124	True
2026_all5mer	5mers_A_RNA_sparse_seq_21	1	0.5	midpoint_Brier	0.05662171513659699	0.05662171513659699	True
2026_all5mer	5mers_A_RNA_sparse_seq_21	1	0.5	midpoint_S	70175.0	70175	True
2026_all5mer	5mers_A_RNA_sparse_seq_21	1	0.5	minimum_S	70175.0	70175	True
2026_all5mer	5mers_A_RNA_sparse_seq_21	1	0.5	maximum_S	70175.0	70175	True
2026_all5mer	5mers_A_RNA_sparse_seq_22	0	0.5	midpoint_Brier	0.11567316820358264	0.11567316820358264	True
2026_all5mer	5mers_A_RNA_sparse_seq_22	0	0.5	midpoint_S	27698.0	27698	True
2026_all5mer	5mers_A_RNA_sparse_seq_22	0	0.5	minimum_S	27698.0	27698	True
2026_all5mer	5mers_A_RNA_sparse_seq_22	0	0.5	maximum_S	27698.0	27698	True
2026_all5mer	5mers_A_RNA_sparse_seq_22	1	0.5	midpoint_Brier	0.10722879623402488	0.10722879623402488	True
2026_all5mer	5mers_A_RNA_sparse_seq_22	1	0.5	midpoint_S	67673.0	67673	True
2026_all5mer	5mers_A_RNA_sparse_seq_22	1	0.5	minimum_S	67673.0	67673	True
2026_all5mer	5mers_A_RNA_sparse_seq_22	1	0.5	maximum_S	67673.0	67673	True
2026_all5mer	5mers_A_RNA_sparse_seq_23	0	0.5	midpoint_Brier	0.11423811488830825	0.11423811488830825	True
2026_all5mer	5mers_A_RNA_sparse_seq_23	0	0.5	midpoint_S	22688.0	22688	True
2026_all5mer	5mers_A_RNA_sparse_seq_23	0	0.5	minimum_S	22688.0	22688	True
2026_all5mer	5mers_A_RNA_sparse_seq_23	0	0.5	maximum_S	22688.0	22688	True
2026_all5mer	5mers_A_RNA_sparse_seq_23	1	0.5	midpoint_Brier	0.08118944320025057	0.08118944320025057	True
2026_all5mer	5mers_A_RNA_sparse_seq_23	1	0.5	midpoint_S	70615.0	70615	True
2026_all5mer	5mers_A_RNA_sparse_seq_23	1	0.5	minimum_S	70615.0	70615	True
2026_all5mer	5mers_A_RNA_sparse_seq_23	1	0.5	maximum_S	70615.0	70615	True
2026_all5mer	5mers_A_RNA_sparse_seq_24	0	0.5	midpoint_Brier	0.12149717916708476	0.12149717916708476	True
2026_all5mer	5mers_A_RNA_sparse_seq_24	0	0.5	midpoint_S	26394.0	26394	True
2026_all5mer	5mers_A_RNA_sparse_seq_24	0	0.5	minimum_S	26394.0	26394	True
2026_all5mer	5mers_A_RNA_sparse_seq_24	0	0.5	maximum_S	26394.0	26394	True
2026_all5mer	5mers_A_RNA_sparse_seq_24	1	0.5	midpoint_Brier	0.06089308669987146	0.06089308669987146	True
2026_all5mer	5mers_A_RNA_sparse_seq_24	1	0.5	midpoint_S	71996.0	71996	True
2026_all5mer	5mers_A_RNA_sparse_seq_24	1	0.5	minimum_S	71996.0	71996	True
2026_all5mer	5mers_A_RNA_sparse_seq_24	1	0.5	maximum_S	71996.0	71996	True
2026_all5mer	5mers_A_RNA_sparse_seq_25	0	0.5	midpoint_Brier	0.09787075368343988	0.09787075368343988	True
2026_all5mer	5mers_A_RNA_sparse_seq_25	0	0.5	midpoint_S	21884.0	21884	True
2026_all5mer	5mers_A_RNA_sparse_seq_25	0	0.5	minimum_S	21884.0	21884	True
2026_all5mer	5mers_A_RNA_sparse_seq_25	0	0.5	maximum_S	21884.0	21884	True
2026_all5mer	5mers_A_RNA_sparse_seq_25	1	0.5	midpoint_Brier	0.08728670615894658	0.08728670615894658	True
2026_all5mer	5mers_A_RNA_sparse_seq_25	1	0.5	midpoint_S	71887.0	71887	True
2026_all5mer	5mers_A_RNA_sparse_seq_25	1	0.5	minimum_S	71887.0	71887	True
2026_all5mer	5mers_A_RNA_sparse_seq_25	1	0.5	maximum_S	71887.0	71887	True
2026_all5mer	5mers_A_RNA_sparse_seq_26	0	0.5	midpoint_Brier	0.08723986381720394	0.08723986381720394	True
2026_all5mer	5mers_A_RNA_sparse_seq_26	0	0.5	midpoint_S	21806.0	21806	True
2026_all5mer	5mers_A_RNA_sparse_seq_26	0	0.5	minimum_S	21806.0	21806	True
2026_all5mer	5mers_A_RNA_sparse_seq_26	0	0.5	maximum_S	21806.0	21806	True
2026_all5mer	5mers_A_RNA_sparse_seq_26	1	0.5	midpoint_Brier	0.07144020049239642	0.07144020049239642	True
2026_all5mer	5mers_A_RNA_sparse_seq_26	1	0.5	midpoint_S	71845.0	71845	True
2026_all5mer	5mers_A_RNA_sparse_seq_26	1	0.5	minimum_S	71845.0	71845	True
2026_all5mer	5mers_A_RNA_sparse_seq_26	1	0.5	maximum_S	71845.0	71845	True
2026_all5mer	5mers_A_RNA_sparse_seq_27	0	0.5	midpoint_Brier	0.0889883583318417	0.0889883583318417	True
2026_all5mer	5mers_A_RNA_sparse_seq_27	0	0.5	midpoint_S	18495.0	18495	True
2026_all5mer	5mers_A_RNA_sparse_seq_27	0	0.5	minimum_S	18495.0	18495	True
2026_all5mer	5mers_A_RNA_sparse_seq_27	0	0.5	maximum_S	18495.0	18495	True
2026_all5mer	5mers_A_RNA_sparse_seq_27	1	0.5	midpoint_Brier	0.058454629748253696	0.058454629748253696	True
2026_all5mer	5mers_A_RNA_sparse_seq_27	1	0.5	midpoint_S	72733.0	72733	True
2026_all5mer	5mers_A_RNA_sparse_seq_27	1	0.5	minimum_S	72733.0	72733	True
2026_all5mer	5mers_A_RNA_sparse_seq_27	1	0.5	maximum_S	72733.0	72733	True
2026_all5mer	5mers_A_RNA_sparse_seq_28	0	0.5	midpoint_Brier	0.06612930929140888	0.06612930929140888	True
2026_all5mer	5mers_A_RNA_sparse_seq_28	0	0.5	midpoint_S	17403.0	17403	True
2026_all5mer	5mers_A_RNA_sparse_seq_28	0	0.5	minimum_S	17403.0	17403	True
2026_all5mer	5mers_A_RNA_sparse_seq_28	0	0.5	maximum_S	17403.0	17403	True
2026_all5mer	5mers_A_RNA_sparse_seq_28	1	0.5	midpoint_Brier	0.07438984970778524	0.07438984970778524	True
2026_all5mer	5mers_A_RNA_sparse_seq_28	1	0.5	midpoint_S	69357.0	69357	True
2026_all5mer	5mers_A_RNA_sparse_seq_28	1	0.5	minimum_S	69357.0	69357	True
2026_all5mer	5mers_A_RNA_sparse_seq_28	1	0.5	maximum_S	69357.0	69357	True
2026_all5mer	5mers_A_RNA_sparse_seq_29	0	0.5	midpoint_Brier	0.1024455119560199	0.1024455119560199	True
2026_all5mer	5mers_A_RNA_sparse_seq_29	0	0.5	midpoint_S	15919.0	15919	True
2026_all5mer	5mers_A_RNA_sparse_seq_29	0	0.5	minimum_S	15919.0	15919	True
2026_all5mer	5mers_A_RNA_sparse_seq_29	0	0.5	maximum_S	15919.0	15919	True
2026_all5mer	5mers_A_RNA_sparse_seq_29	1	0.5	midpoint_Brier	0.04340425769372561	0.04340425769372561	True
2026_all5mer	5mers_A_RNA_sparse_seq_29	1	0.5	midpoint_S	70555.0	70555	True
2026_all5mer	5mers_A_RNA_sparse_seq_29	1	0.5	minimum_S	70555.0	70555	True
2026_all5mer	5mers_A_RNA_sparse_seq_29	1	0.5	maximum_S	70555.0	70555	True
2026_all5mer	5mers_A_RNA_sparse_seq_30	0	0.5	midpoint_Brier	0.06883758021256035	0.06883758021256035	True
2026_all5mer	5mers_A_RNA_sparse_seq_30	0	0.5	midpoint_S	25263.0	25263	True
2026_all5mer	5mers_A_RNA_sparse_seq_30	0	0.5	minimum_S	25263.0	25263	True
2026_all5mer	5mers_A_RNA_sparse_seq_30	0	0.5	maximum_S	25263.0	25263	True
2026_all5mer	5mers_A_RNA_sparse_seq_30	1	0.5	midpoint_Brier	0.09499124223674502	0.09499124223674502	True
2026_all5mer	5mers_A_RNA_sparse_seq_30	1	0.5	midpoint_S	67464.0	67464	True
2026_all5mer	5mers_A_RNA_sparse_seq_30	1	0.5	minimum_S	67464.0	67464	True
2026_all5mer	5mers_A_RNA_sparse_seq_30	1	0.5	maximum_S	67464.0	67464	True
2026_all5mer	5mers_A_RNA_sparse_seq_31	0	0.5	midpoint_Brier	0.09078668316207944	0.09078668316207944	True
2026_all5mer	5mers_A_RNA_sparse_seq_31	0	0.5	midpoint_S	15271.0	15271	True
2026_all5mer	5mers_A_RNA_sparse_seq_31	0	0.5	minimum_S	15271.0	15271	True
2026_all5mer	5mers_A_RNA_sparse_seq_31	0	0.5	maximum_S	15271.0	15271	True
2026_all5mer	5mers_A_RNA_sparse_seq_31	1	0.5	midpoint_Brier	0.05014682219523364	0.05014682219523364	True
2026_all5mer	5mers_A_RNA_sparse_seq_31	1	0.5	midpoint_S	71628.0	71628	True
2026_all5mer	5mers_A_RNA_sparse_seq_31	1	0.5	minimum_S	71628.0	71628	True
2026_all5mer	5mers_A_RNA_sparse_seq_31	1	0.5	maximum_S	71628.0	71628	True
2026_all5mer	5mers_A_RNA_sparse_seq_32	0	0.5	midpoint_Brier	0.10980524088556663	0.10980524088556663	True
2026_all5mer	5mers_A_RNA_sparse_seq_32	0	0.5	midpoint_S	27134.0	27134	True
2026_all5mer	5mers_A_RNA_sparse_seq_32	0	0.5	minimum_S	27134.0	27134	True
2026_all5mer	5mers_A_RNA_sparse_seq_32	0	0.5	maximum_S	27134.0	27134	True
2026_all5mer	5mers_A_RNA_sparse_seq_32	1	0.5	midpoint_Brier	0.08439638437512068	0.08439638437512068	True
2026_all5mer	5mers_A_RNA_sparse_seq_32	1	0.5	midpoint_S	70001.0	70001	True
2026_all5mer	5mers_A_RNA_sparse_seq_32	1	0.5	minimum_S	70001.0	70001	True
2026_all5mer	5mers_A_RNA_sparse_seq_32	1	0.5	maximum_S	70001.0	70001	True
2026_all5mer	ALL	0	0.5	midpoint_Brier	0.09679205090608	0.09679205090608	True
2026_all5mer	ALL	0	0.5	midpoint_S	680046.0	680046	True
2026_all5mer	ALL	0	0.5	minimum_S	680046.0	680046	True
2026_all5mer	ALL	0	0.5	maximum_S	680046.0	680046	True
2026_all5mer	ALL	1	0.5	midpoint_Brier	0.06935819024613475	0.06935819024613475	True
2026_all5mer	ALL	1	0.5	midpoint_S	2260276.0	2260276	True
2026_all5mer	ALL	1	0.5	minimum_S	2260276.0	2260276	True
2026_all5mer	ALL	1	0.5	maximum_S	2260276.0	2260276	True
2026_all5mer	5mers_A_RNA_sparse_seq_01	0	0.6	midpoint_Brier	0.06957149442084948	0.06957149442084948	True
2026_all5mer	5mers_A_RNA_sparse_seq_01	0	0.6	midpoint_S	22517.0	22517	True
2026_all5mer	5mers_A_RNA_sparse_seq_01	0	0.6	minimum_S	22517.0	22517	True
2026_all5mer	5mers_A_RNA_sparse_seq_01	0	0.6	maximum_S	22594.0	22594	True
2026_all5mer	5mers_A_RNA_sparse_seq_01	1	0.6	midpoint_Brier	0.05270119726505019	0.05270119726505019	True
2026_all5mer	5mers_A_RNA_sparse_seq_01	1	0.6	midpoint_S	66683.0	66683	True
2026_all5mer	5mers_A_RNA_sparse_seq_01	1	0.6	minimum_S	66683.0	66683	True
2026_all5mer	5mers_A_RNA_sparse_seq_01	1	0.6	maximum_S	66793.0	66793	True
2026_all5mer	5mers_A_RNA_sparse_seq_02	0	0.6	midpoint_Brier	0.0679076236688509	0.0679076236688509	True
2026_all5mer	5mers_A_RNA_sparse_seq_02	0	0.6	midpoint_S	20677.0	20677	True
2026_all5mer	5mers_A_RNA_sparse_seq_02	0	0.6	minimum_S	20677.0	20677	True
2026_all5mer	5mers_A_RNA_sparse_seq_02	0	0.6	maximum_S	20747.0	20747	True
2026_all5mer	5mers_A_RNA_sparse_seq_02	1	0.6	midpoint_Brier	0.07351873592671444	0.07351873592671444	True
2026_all5mer	5mers_A_RNA_sparse_seq_02	1	0.6	midpoint_S	66047.0	66047	True
2026_all5mer	5mers_A_RNA_sparse_seq_02	1	0.6	minimum_S	66047.0	66047	True
2026_all5mer	5mers_A_RNA_sparse_seq_02	1	0.6	maximum_S	66238.0	66238	True
2026_all5mer	5mers_A_RNA_sparse_seq_03	0	0.6	midpoint_Brier	0.08238839043511284	0.08238839043511284	True
2026_all5mer	5mers_A_RNA_sparse_seq_03	0	0.6	midpoint_S	18270.0	18270	True
2026_all5mer	5mers_A_RNA_sparse_seq_03	0	0.6	minimum_S	18270.0	18270	True
2026_all5mer	5mers_A_RNA_sparse_seq_03	0	0.6	maximum_S	18346.0	18346	True
2026_all5mer	5mers_A_RNA_sparse_seq_03	1	0.6	midpoint_Brier	0.05231166815092859	0.05231166815092859	True
2026_all5mer	5mers_A_RNA_sparse_seq_03	1	0.6	midpoint_S	68023.0	68023	True
2026_all5mer	5mers_A_RNA_sparse_seq_03	1	0.6	minimum_S	68023.0	68023	True
2026_all5mer	5mers_A_RNA_sparse_seq_03	1	0.6	maximum_S	68170.0	68170	True
2026_all5mer	5mers_A_RNA_sparse_seq_04	0	0.6	midpoint_Brier	0.10696616710038202	0.10696616710038202	True
2026_all5mer	5mers_A_RNA_sparse_seq_04	0	0.6	midpoint_S	19970.0	19970	True
2026_all5mer	5mers_A_RNA_sparse_seq_04	0	0.6	minimum_S	19970.0	19970	True
2026_all5mer	5mers_A_RNA_sparse_seq_04	0	0.6	maximum_S	20052.0	20052	True
2026_all5mer	5mers_A_RNA_sparse_seq_04	1	0.6	midpoint_Brier	0.0643507485853672	0.0643507485853672	True
2026_all5mer	5mers_A_RNA_sparse_seq_04	1	0.6	midpoint_S	65889.0	65889	True
2026_all5mer	5mers_A_RNA_sparse_seq_04	1	0.6	minimum_S	65889.0	65889	True
2026_all5mer	5mers_A_RNA_sparse_seq_04	1	0.6	maximum_S	66052.0	66052	True
2026_all5mer	5mers_A_RNA_sparse_seq_05	0	0.6	midpoint_Brier	0.0821669738180994	0.0821669738180994	True
2026_all5mer	5mers_A_RNA_sparse_seq_05	0	0.6	midpoint_S	19082.0	19082	True
2026_all5mer	5mers_A_RNA_sparse_seq_05	0	0.6	minimum_S	19082.0	19082	True
2026_all5mer	5mers_A_RNA_sparse_seq_05	0	0.6	maximum_S	19155.0	19155	True
2026_all5mer	5mers_A_RNA_sparse_seq_05	1	0.6	midpoint_Brier	0.049939720582058485	0.049939720582058485	True
2026_all5mer	5mers_A_RNA_sparse_seq_05	1	0.6	midpoint_S	69925.0	69925	True
2026_all5mer	5mers_A_RNA_sparse_seq_05	1	0.6	minimum_S	69925.0	69925	True
2026_all5mer	5mers_A_RNA_sparse_seq_05	1	0.6	maximum_S	70056.0	70056	True
2026_all5mer	5mers_A_RNA_sparse_seq_06	0	0.6	midpoint_Brier	0.06333195267831421	0.06333195267831421	True
2026_all5mer	5mers_A_RNA_sparse_seq_06	0	0.6	midpoint_S	19146.0	19146	True
2026_all5mer	5mers_A_RNA_sparse_seq_06	0	0.6	minimum_S	19146.0	19146	True
2026_all5mer	5mers_A_RNA_sparse_seq_06	0	0.6	maximum_S	19210.0	19210	True
2026_all5mer	5mers_A_RNA_sparse_seq_06	1	0.6	midpoint_Brier	0.06273826977651578	0.06273826977651578	True
2026_all5mer	5mers_A_RNA_sparse_seq_06	1	0.6	midpoint_S	69435.0	69435	True
2026_all5mer	5mers_A_RNA_sparse_seq_06	1	0.6	minimum_S	69435.0	69435	True
2026_all5mer	5mers_A_RNA_sparse_seq_06	1	0.6	maximum_S	69590.0	69590	True
2026_all5mer	5mers_A_RNA_sparse_seq_07	0	0.6	midpoint_Brier	0.07948527896068704	0.07948527896068704	True
2026_all5mer	5mers_A_RNA_sparse_seq_07	0	0.6	midpoint_S	17585.0	17585	True
2026_all5mer	5mers_A_RNA_sparse_seq_07	0	0.6	minimum_S	17585.0	17585	True
2026_all5mer	5mers_A_RNA_sparse_seq_07	0	0.6	maximum_S	17656.0	17656	True
2026_all5mer	5mers_A_RNA_sparse_seq_07	1	0.6	midpoint_Brier	0.07170201453330755	0.07170201453330755	True
2026_all5mer	5mers_A_RNA_sparse_seq_07	1	0.6	midpoint_S	65394.0	65394	True
2026_all5mer	5mers_A_RNA_sparse_seq_07	1	0.6	minimum_S	65394.0	65394	True
2026_all5mer	5mers_A_RNA_sparse_seq_07	1	0.6	maximum_S	65561.0	65561	True
2026_all5mer	5mers_A_RNA_sparse_seq_08	0	0.6	midpoint_Brier	0.08386447133331043	0.08386447133331043	True
2026_all5mer	5mers_A_RNA_sparse_seq_08	0	0.6	midpoint_S	14925.0	14925	True
2026_all5mer	5mers_A_RNA_sparse_seq_08	0	0.6	minimum_S	14925.0	14925	True
2026_all5mer	5mers_A_RNA_sparse_seq_08	0	0.6	maximum_S	14991.0	14991	True
2026_all5mer	5mers_A_RNA_sparse_seq_08	1	0.6	midpoint_Brier	0.05241603607793846	0.05241603607793846	True
2026_all5mer	5mers_A_RNA_sparse_seq_08	1	0.6	midpoint_S	68454.0	68454	True
2026_all5mer	5mers_A_RNA_sparse_seq_08	1	0.6	minimum_S	68454.0	68454	True
2026_all5mer	5mers_A_RNA_sparse_seq_08	1	0.6	maximum_S	68565.0	68565	True
2026_all5mer	5mers_A_RNA_sparse_seq_09	0	0.6	midpoint_Brier	0.0580222525523042	0.0580222525523042	True
2026_all5mer	5mers_A_RNA_sparse_seq_09	0	0.6	midpoint_S	18924.0	18924	True
2026_all5mer	5mers_A_RNA_sparse_seq_09	0	0.6	minimum_S	18924.0	18924	True
2026_all5mer	5mers_A_RNA_sparse_seq_09	0	0.6	maximum_S	18972.0	18972	True
2026_all5mer	5mers_A_RNA_sparse_seq_09	1	0.6	midpoint_Brier	0.07037445192934913	0.07037445192934913	True
2026_all5mer	5mers_A_RNA_sparse_seq_09	1	0.6	midpoint_S	66755.0	66755	True
2026_all5mer	5mers_A_RNA_sparse_seq_09	1	0.6	minimum_S	66755.0	66755	True
2026_all5mer	5mers_A_RNA_sparse_seq_09	1	0.6	maximum_S	66899.0	66899	True
2026_all5mer	5mers_A_RNA_sparse_seq_10	0	0.6	midpoint_Brier	0.08110905609305034	0.08110905609305034	True
2026_all5mer	5mers_A_RNA_sparse_seq_10	0	0.6	midpoint_S	14893.0	14893	True
2026_all5mer	5mers_A_RNA_sparse_seq_10	0	0.6	minimum_S	14893.0	14893	True
2026_all5mer	5mers_A_RNA_sparse_seq_10	0	0.6	maximum_S	14963.0	14963	True
2026_all5mer	5mers_A_RNA_sparse_seq_10	1	0.6	midpoint_Brier	0.0400316178435227	0.0400316178435227	True
2026_all5mer	5mers_A_RNA_sparse_seq_10	1	0.6	midpoint_S	65107.0	65107	True
2026_all5mer	5mers_A_RNA_sparse_seq_10	1	0.6	minimum_S	65107.0	65107	True
2026_all5mer	5mers_A_RNA_sparse_seq_10	1	0.6	maximum_S	65219.0	65219	True
2026_all5mer	5mers_A_RNA_sparse_seq_11	0	0.6	midpoint_Brier	0.07383812189124284	0.07383812189124284	True
2026_all5mer	5mers_A_RNA_sparse_seq_11	0	0.6	midpoint_S	21566.0	21566	True
2026_all5mer	5mers_A_RNA_sparse_seq_11	0	0.6	minimum_S	21566.0	21566	True
2026_all5mer	5mers_A_RNA_sparse_seq_11	0	0.6	maximum_S	21637.0	21637	True
2026_all5mer	5mers_A_RNA_sparse_seq_11	1	0.6	midpoint_Brier	0.05097631079659574	0.05097631079659574	True
2026_all5mer	5mers_A_RNA_sparse_seq_11	1	0.6	midpoint_S	68603.0	68603	True
2026_all5mer	5mers_A_RNA_sparse_seq_11	1	0.6	minimum_S	68603.0	68603	True
2026_all5mer	5mers_A_RNA_sparse_seq_11	1	0.6	maximum_S	68710.0	68710	True
2026_all5mer	5mers_A_RNA_sparse_seq_12	0	0.6	midpoint_Brier	0.1000114603811538	0.1000114603811538	True
2026_all5mer	5mers_A_RNA_sparse_seq_12	0	0.6	midpoint_S	18641.0	18641	True
2026_all5mer	5mers_A_RNA_sparse_seq_12	0	0.6	minimum_S	18641.0	18641	True
2026_all5mer	5mers_A_RNA_sparse_seq_12	0	0.6	maximum_S	18726.0	18726	True
2026_all5mer	5mers_A_RNA_sparse_seq_12	1	0.6	midpoint_Brier	0.05554748964431645	0.05554748964431645	True
2026_all5mer	5mers_A_RNA_sparse_seq_12	1	0.6	midpoint_S	68425.0	68425	True
2026_all5mer	5mers_A_RNA_sparse_seq_12	1	0.6	minimum_S	68425.0	68425	True
2026_all5mer	5mers_A_RNA_sparse_seq_12	1	0.6	maximum_S	68573.0	68573	True
2026_all5mer	5mers_A_RNA_sparse_seq_13	0	0.6	midpoint_Brier	0.08544412709898867	0.08544412709898867	True
2026_all5mer	5mers_A_RNA_sparse_seq_13	0	0.6	midpoint_S	15104.0	15104	True
2026_all5mer	5mers_A_RNA_sparse_seq_13	0	0.6	minimum_S	15104.0	15104	True
2026_all5mer	5mers_A_RNA_sparse_seq_13	0	0.6	maximum_S	15157.0	15157	True
2026_all5mer	5mers_A_RNA_sparse_seq_13	1	0.6	midpoint_Brier	0.046665327191702285	0.046665327191702285	True
2026_all5mer	5mers_A_RNA_sparse_seq_13	1	0.6	midpoint_S	67546.0	67546	True
2026_all5mer	5mers_A_RNA_sparse_seq_13	1	0.6	minimum_S	67546.0	67546	True
2026_all5mer	5mers_A_RNA_sparse_seq_13	1	0.6	maximum_S	67662.0	67662	True
2026_all5mer	5mers_A_RNA_sparse_seq_14	0	0.6	midpoint_Brier	0.06959093718340309	0.06959093718340309	True
2026_all5mer	5mers_A_RNA_sparse_seq_14	0	0.6	midpoint_S	19105.0	19105	True
2026_all5mer	5mers_A_RNA_sparse_seq_14	0	0.6	minimum_S	19105.0	19105	True
2026_all5mer	5mers_A_RNA_sparse_seq_14	0	0.6	maximum_S	19164.0	19164	True
2026_all5mer	5mers_A_RNA_sparse_seq_14	1	0.6	midpoint_Brier	0.051341324856466	0.051341324856466	True
2026_all5mer	5mers_A_RNA_sparse_seq_14	1	0.6	midpoint_S	67788.0	67788	True
2026_all5mer	5mers_A_RNA_sparse_seq_14	1	0.6	minimum_S	67788.0	67788	True
2026_all5mer	5mers_A_RNA_sparse_seq_14	1	0.6	maximum_S	67927.0	67927	True
2026_all5mer	5mers_A_RNA_sparse_seq_15	0	0.6	midpoint_Brier	0.09615569138147148	0.09615569138147148	True
2026_all5mer	5mers_A_RNA_sparse_seq_15	0	0.6	midpoint_S	23982.0	23982	True
2026_all5mer	5mers_A_RNA_sparse_seq_15	0	0.6	minimum_S	23982.0	23982	True
2026_all5mer	5mers_A_RNA_sparse_seq_15	0	0.6	maximum_S	24099.0	24099	True
2026_all5mer	5mers_A_RNA_sparse_seq_15	1	0.6	midpoint_Brier	0.08804611215296837	0.08804611215296837	True
2026_all5mer	5mers_A_RNA_sparse_seq_15	1	0.6	midpoint_S	66040.0	66040	True
2026_all5mer	5mers_A_RNA_sparse_seq_15	1	0.6	minimum_S	66040.0	66040	True
2026_all5mer	5mers_A_RNA_sparse_seq_15	1	0.6	maximum_S	66244.0	66244	True
2026_all5mer	5mers_A_RNA_sparse_seq_16	0	0.6	midpoint_Brier	0.07743988755191245	0.07743988755191245	True
2026_all5mer	5mers_A_RNA_sparse_seq_16	0	0.6	midpoint_S	25393.0	25393	True
2026_all5mer	5mers_A_RNA_sparse_seq_16	0	0.6	minimum_S	25393.0	25393	True
2026_all5mer	5mers_A_RNA_sparse_seq_16	0	0.6	maximum_S	25522.0	25522	True
2026_all5mer	5mers_A_RNA_sparse_seq_16	1	0.6	midpoint_Brier	0.06860575401281079	0.06860575401281079	True
2026_all5mer	5mers_A_RNA_sparse_seq_16	1	0.6	midpoint_S	64508.0	64508	True
2026_all5mer	5mers_A_RNA_sparse_seq_16	1	0.6	minimum_S	64508.0	64508	True
2026_all5mer	5mers_A_RNA_sparse_seq_16	1	0.6	maximum_S	64671.0	64671	True
2026_all5mer	5mers_A_RNA_sparse_seq_17	0	0.6	midpoint_Brier	0.06197030659880328	0.06197030659880328	True
2026_all5mer	5mers_A_RNA_sparse_seq_17	0	0.6	midpoint_S	17799.0	17799	True
2026_all5mer	5mers_A_RNA_sparse_seq_17	0	0.6	minimum_S	17799.0	17799	True
2026_all5mer	5mers_A_RNA_sparse_seq_17	0	0.6	maximum_S	17864.0	17864	True
2026_all5mer	5mers_A_RNA_sparse_seq_17	1	0.6	midpoint_Brier	0.043959719575126656	0.043959719575126656	True
2026_all5mer	5mers_A_RNA_sparse_seq_17	1	0.6	midpoint_S	65006.0	65006	True
2026_all5mer	5mers_A_RNA_sparse_seq_17	1	0.6	minimum_S	65006.0	65006	True
2026_all5mer	5mers_A_RNA_sparse_seq_17	1	0.6	maximum_S	65114.0	65114	True
2026_all5mer	5mers_A_RNA_sparse_seq_18	0	0.6	midpoint_Brier	0.08977157538962795	0.08977157538962795	True
2026_all5mer	5mers_A_RNA_sparse_seq_18	0	0.6	midpoint_S	17581.0	17581	True
2026_all5mer	5mers_A_RNA_sparse_seq_18	0	0.6	minimum_S	17581.0	17581	True
2026_all5mer	5mers_A_RNA_sparse_seq_18	0	0.6	maximum_S	17654.0	17654	True
2026_all5mer	5mers_A_RNA_sparse_seq_18	1	0.6	midpoint_Brier	0.04226533072351219	0.04226533072351219	True
2026_all5mer	5mers_A_RNA_sparse_seq_18	1	0.6	midpoint_S	68809.0	68809	True
2026_all5mer	5mers_A_RNA_sparse_seq_18	1	0.6	minimum_S	68809.0	68809	True
2026_all5mer	5mers_A_RNA_sparse_seq_18	1	0.6	maximum_S	68931.0	68931	True
2026_all5mer	5mers_A_RNA_sparse_seq_19	0	0.6	midpoint_Brier	0.06924468485961163	0.06924468485961163	True
2026_all5mer	5mers_A_RNA_sparse_seq_19	0	0.6	midpoint_S	12521.0	12521	True
2026_all5mer	5mers_A_RNA_sparse_seq_19	0	0.6	minimum_S	12521.0	12521	True
2026_all5mer	5mers_A_RNA_sparse_seq_19	0	0.6	maximum_S	12559.0	12559	True
2026_all5mer	5mers_A_RNA_sparse_seq_19	1	0.6	midpoint_Brier	0.05476816441416848	0.05476816441416848	True
2026_all5mer	5mers_A_RNA_sparse_seq_19	1	0.6	midpoint_S	66716.0	66716	True
2026_all5mer	5mers_A_RNA_sparse_seq_19	1	0.6	minimum_S	66716.0	66716	True
2026_all5mer	5mers_A_RNA_sparse_seq_19	1	0.6	maximum_S	66847.0	66847	True
2026_all5mer	5mers_A_RNA_sparse_seq_20	0	0.6	midpoint_Brier	0.1220775192634102	0.1220775192634102	True
2026_all5mer	5mers_A_RNA_sparse_seq_20	0	0.6	midpoint_S	24930.0	24930	True
2026_all5mer	5mers_A_RNA_sparse_seq_20	0	0.6	minimum_S	24930.0	24930	True
2026_all5mer	5mers_A_RNA_sparse_seq_20	0	0.6	maximum_S	25034.0	25034	True
2026_all5mer	5mers_A_RNA_sparse_seq_20	1	0.6	midpoint_Brier	0.0692177653519528	0.0692177653519528	True
2026_all5mer	5mers_A_RNA_sparse_seq_20	1	0.6	midpoint_S	68006.0	68006	True
2026_all5mer	5mers_A_RNA_sparse_seq_20	1	0.6	minimum_S	68006.0	68006	True
2026_all5mer	5mers_A_RNA_sparse_seq_20	1	0.6	maximum_S	68170.0	68170	True
2026_all5mer	5mers_A_RNA_sparse_seq_21	0	0.6	midpoint_Brier	0.07989369343440977	0.07989369343440977	True
2026_all5mer	5mers_A_RNA_sparse_seq_21	0	0.6	midpoint_S	18468.0	18468	True
2026_all5mer	5mers_A_RNA_sparse_seq_21	0	0.6	minimum_S	18468.0	18468	True
2026_all5mer	5mers_A_RNA_sparse_seq_21	0	0.6	maximum_S	18528.0	18528	True
2026_all5mer	5mers_A_RNA_sparse_seq_21	1	0.6	midpoint_Brier	0.04837792764779617	0.04837792764779617	True
2026_all5mer	5mers_A_RNA_sparse_seq_21	1	0.6	midpoint_S	67313.0	67313	True
2026_all5mer	5mers_A_RNA_sparse_seq_21	1	0.6	minimum_S	67313.0	67313	True
2026_all5mer	5mers_A_RNA_sparse_seq_21	1	0.6	maximum_S	67417.0	67417	True
2026_all5mer	5mers_A_RNA_sparse_seq_22	0	0.6	midpoint_Brier	0.10061372782989011	0.10061372782989011	True
2026_all5mer	5mers_A_RNA_sparse_seq_22	0	0.6	midpoint_S	24766.0	24766	True
2026_all5mer	5mers_A_RNA_sparse_seq_22	0	0.6	minimum_S	24766.0	24766	True
2026_all5mer	5mers_A_RNA_sparse_seq_22	0	0.6	maximum_S	24875.0	24875	True
2026_all5mer	5mers_A_RNA_sparse_seq_22	1	0.6	midpoint_Brier	0.09434229883009689	0.09434229883009689	True
2026_all5mer	5mers_A_RNA_sparse_seq_22	1	0.6	midpoint_S	62029.0	62029	True
2026_all5mer	5mers_A_RNA_sparse_seq_22	1	0.6	minimum_S	62029.0	62029	True
2026_all5mer	5mers_A_RNA_sparse_seq_22	1	0.6	maximum_S	62243.0	62243	True
2026_all5mer	5mers_A_RNA_sparse_seq_23	0	0.6	midpoint_Brier	0.09912104565295016	0.09912104565295016	True
2026_all5mer	5mers_A_RNA_sparse_seq_23	0	0.6	midpoint_S	20304.0	20304	True
2026_all5mer	5mers_A_RNA_sparse_seq_23	0	0.6	minimum_S	20304.0	20304	True
2026_all5mer	5mers_A_RNA_sparse_seq_23	0	0.6	maximum_S	20391.0	20391	True
2026_all5mer	5mers_A_RNA_sparse_seq_23	1	0.6	midpoint_Brier	0.06896626190126202	0.06896626190126202	True
2026_all5mer	5mers_A_RNA_sparse_seq_23	1	0.6	midpoint_S	65824.0	65824	True
2026_all5mer	5mers_A_RNA_sparse_seq_23	1	0.6	minimum_S	65824.0	65824	True
2026_all5mer	5mers_A_RNA_sparse_seq_23	1	0.6	maximum_S	65998.0	65998	True
2026_all5mer	5mers_A_RNA_sparse_seq_24	0	0.6	midpoint_Brier	0.10593655852455507	0.10593655852455507	True
2026_all5mer	5mers_A_RNA_sparse_seq_24	0	0.6	midpoint_S	23375.0	23375	True
2026_all5mer	5mers_A_RNA_sparse_seq_24	0	0.6	minimum_S	23375.0	23375	True
2026_all5mer	5mers_A_RNA_sparse_seq_24	0	0.6	maximum_S	23490.0	23490	True
2026_all5mer	5mers_A_RNA_sparse_seq_24	1	0.6	midpoint_Brier	0.05102935032961804	0.05102935032961804	True
2026_all5mer	5mers_A_RNA_sparse_seq_24	1	0.6	midpoint_S	68398.0	68398	True
2026_all5mer	5mers_A_RNA_sparse_seq_24	1	0.6	minimum_S	68398.0	68398	True
2026_all5mer	5mers_A_RNA_sparse_seq_24	1	0.6	maximum_S	68535.0	68535	True
2026_all5mer	5mers_A_RNA_sparse_seq_25	0	0.6	midpoint_Brier	0.08196393223344962	0.08196393223344962	True
2026_all5mer	5mers_A_RNA_sparse_seq_25	0	0.6	midpoint_S	19745.0	19745	True
2026_all5mer	5mers_A_RNA_sparse_seq_25	0	0.6	minimum_S	19745.0	19745	True
2026_all5mer	5mers_A_RNA_sparse_seq_25	0	0.6	maximum_S	19823.0	19823	True
2026_all5mer	5mers_A_RNA_sparse_seq_25	1	0.6	midpoint_Brier	0.07808767965900748	0.07808767965900748	True
2026_all5mer	5mers_A_RNA_sparse_seq_25	1	0.6	midpoint_S	68086.0	68086	True
2026_all5mer	5mers_A_RNA_sparse_seq_25	1	0.6	minimum_S	68086.0	68086	True
2026_all5mer	5mers_A_RNA_sparse_seq_25	1	0.6	maximum_S	68227.0	68227	True
2026_all5mer	5mers_A_RNA_sparse_seq_26	0	0.6	midpoint_Brier	0.07227810372261566	0.07227810372261566	True
2026_all5mer	5mers_A_RNA_sparse_seq_26	0	0.6	midpoint_S	19873.0	19873	True
2026_all5mer	5mers_A_RNA_sparse_seq_26	0	0.6	minimum_S	19873.0	19873	True
2026_all5mer	5mers_A_RNA_sparse_seq_26	0	0.6	maximum_S	19952.0	19952	True
2026_all5mer	5mers_A_RNA_sparse_seq_26	1	0.6	midpoint_Brier	0.06031399713962078	0.06031399713962078	True
2026_all5mer	5mers_A_RNA_sparse_seq_26	1	0.6	midpoint_S	67615.0	67615	True
2026_all5mer	5mers_A_RNA_sparse_seq_26	1	0.6	minimum_S	67615.0	67615	True
2026_all5mer	5mers_A_RNA_sparse_seq_26	1	0.6	maximum_S	67783.0	67783	True
2026_all5mer	5mers_A_RNA_sparse_seq_27	0	0.6	midpoint_Brier	0.07465559179686057	0.07465559179686057	True
2026_all5mer	5mers_A_RNA_sparse_seq_27	0	0.6	midpoint_S	16919.0	16919	True
2026_all5mer	5mers_A_RNA_sparse_seq_27	0	0.6	minimum_S	16919.0	16919	True
2026_all5mer	5mers_A_RNA_sparse_seq_27	0	0.6	maximum_S	16995.0	16995	True
2026_all5mer	5mers_A_RNA_sparse_seq_27	1	0.6	midpoint_Brier	0.050092448339907523	0.050092448339907523	True
2026_all5mer	5mers_A_RNA_sparse_seq_27	1	0.6	midpoint_S	69677.0	69677	True
2026_all5mer	5mers_A_RNA_sparse_seq_27	1	0.6	minimum_S	69677.0	69677	True
2026_all5mer	5mers_A_RNA_sparse_seq_27	1	0.6	maximum_S	69802.0	69802	True
2026_all5mer	5mers_A_RNA_sparse_seq_28	0	0.6	midpoint_Brier	0.053375329433825336	0.053375329433825336	True
2026_all5mer	5mers_A_RNA_sparse_seq_28	0	0.6	midpoint_S	16235.0	16235	True
2026_all5mer	5mers_A_RNA_sparse_seq_28	0	0.6	minimum_S	16235.0	16235	True
2026_all5mer	5mers_A_RNA_sparse_seq_28	0	0.6	maximum_S	16276.0	16276	True
2026_all5mer	5mers_A_RNA_sparse_seq_28	1	0.6	midpoint_Brier	0.06702350587011668	0.06702350587011668	True
2026_all5mer	5mers_A_RNA_sparse_seq_28	1	0.6	midpoint_S	66594.0	66594	True
2026_all5mer	5mers_A_RNA_sparse_seq_28	1	0.6	minimum_S	66594.0	66594	True
2026_all5mer	5mers_A_RNA_sparse_seq_28	1	0.6	maximum_S	66686.0	66686	True
2026_all5mer	5mers_A_RNA_sparse_seq_29	0	0.6	midpoint_Brier	0.08825250375174408	0.08825250375174408	True
2026_all5mer	5mers_A_RNA_sparse_seq_29	0	0.6	midpoint_S	14463.0	14463	True
2026_all5mer	5mers_A_RNA_sparse_seq_29	0	0.6	minimum_S	14463.0	14463	True
2026_all5mer	5mers_A_RNA_sparse_seq_29	0	0.6	maximum_S	14526.0	14526	True
2026_all5mer	5mers_A_RNA_sparse_seq_29	1	0.6	midpoint_Brier	0.036490275440804215	0.036490275440804215	True
2026_all5mer	5mers_A_RNA_sparse_seq_29	1	0.6	midpoint_S	68232.0	68232	True
2026_all5mer	5mers_A_RNA_sparse_seq_29	1	0.6	minimum_S	68232.0	68232	True
2026_all5mer	5mers_A_RNA_sparse_seq_29	1	0.6	maximum_S	68310.0	68310	True
2026_all5mer	5mers_A_RNA_sparse_seq_30	0	0.6	midpoint_Brier	0.055826673352548796	0.055826673352548796	True
2026_all5mer	5mers_A_RNA_sparse_seq_30	0	0.6	midpoint_S	23482.0	23482	True
2026_all5mer	5mers_A_RNA_sparse_seq_30	0	0.6	minimum_S	23482.0	23482	True
2026_all5mer	5mers_A_RNA_sparse_seq_30	0	0.6	maximum_S	23568.0	23568	True
2026_all5mer	5mers_A_RNA_sparse_seq_30	1	0.6	midpoint_Brier	0.08302186695229985	0.08302186695229985	True
2026_all5mer	5mers_A_RNA_sparse_seq_30	1	0.6	midpoint_S	62643.0	62643	True
2026_all5mer	5mers_A_RNA_sparse_seq_30	1	0.6	minimum_S	62643.0	62643	True
2026_all5mer	5mers_A_RNA_sparse_seq_30	1	0.6	maximum_S	62839.0	62839	True
2026_all5mer	5mers_A_RNA_sparse_seq_31	0	0.6	midpoint_Brier	0.0754951384613288	0.0754951384613288	True
2026_all5mer	5mers_A_RNA_sparse_seq_31	0	0.6	midpoint_S	13866.0	13866	True
2026_all5mer	5mers_A_RNA_sparse_seq_31	0	0.6	minimum_S	13866.0	13866	True
2026_all5mer	5mers_A_RNA_sparse_seq_31	0	0.6	maximum_S	13922.0	13922	True
2026_all5mer	5mers_A_RNA_sparse_seq_31	1	0.6	midpoint_Brier	0.042787270090188186	0.042787270090188186	True
2026_all5mer	5mers_A_RNA_sparse_seq_31	1	0.6	midpoint_S	69061.0	69061	True
2026_all5mer	5mers_A_RNA_sparse_seq_31	1	0.6	minimum_S	69061.0	69061	True
2026_all5mer	5mers_A_RNA_sparse_seq_31	1	0.6	maximum_S	69162.0	69162	True
2026_all5mer	5mers_A_RNA_sparse_seq_32	0	0.6	midpoint_Brier	0.09507161330318119	0.09507161330318119	True
2026_all5mer	5mers_A_RNA_sparse_seq_32	0	0.6	midpoint_S	24435.0	24435	True
2026_all5mer	5mers_A_RNA_sparse_seq_32	0	0.6	minimum_S	24435.0	24435	True
2026_all5mer	5mers_A_RNA_sparse_seq_32	0	0.6	maximum_S	24526.0	24526	True
2026_all5mer	5mers_A_RNA_sparse_seq_32	1	0.6	midpoint_Brier	0.07261252517418917	0.07261252517418917	True
2026_all5mer	5mers_A_RNA_sparse_seq_32	1	0.6	midpoint_S	65369.0	65369	True
2026_all5mer	5mers_A_RNA_sparse_seq_32	1	0.6	minimum_S	65369.0	65369	True
2026_all5mer	5mers_A_RNA_sparse_seq_32	1	0.6	maximum_S	65575.0	65575	True
2026_all5mer	ALL	0	0.6	midpoint_Brier	0.08226847180758325	0.08226847180758325	True
2026_all5mer	ALL	0	0.6	midpoint_S	618542.0	618542	True
2026_all5mer	ALL	0	0.6	minimum_S	618542.0	618542	True
2026_all5mer	ALL	0	0.6	maximum_S	620974.0	620974	True
2026_all5mer	ALL	1	0.6	midpoint_Brier	0.05959619765495187	0.05959619765495187	True
2026_all5mer	ALL	1	0.6	midpoint_S	2144000.0	2144000	True
2026_all5mer	ALL	1	0.6	minimum_S	2144000.0	2144000	True
2026_all5mer	ALL	1	0.6	maximum_S	2148569.0	2148569	True
2026_all5mer	5mers_A_RNA_sparse_seq_01	0	0.7	midpoint_Brier	0.055925230293249625	0.055925230293249625	True
2026_all5mer	5mers_A_RNA_sparse_seq_01	0	0.7	midpoint_S	20409.0	20409	True
2026_all5mer	5mers_A_RNA_sparse_seq_01	0	0.7	minimum_S	20314.0	20314	True
2026_all5mer	5mers_A_RNA_sparse_seq_01	0	0.7	maximum_S	20409.0	20409	True
2026_all5mer	5mers_A_RNA_sparse_seq_01	1	0.7	midpoint_Brier	0.044018462340132	0.044018462340132	True
2026_all5mer	5mers_A_RNA_sparse_seq_01	1	0.7	midpoint_S	63598.0	63598	True
2026_all5mer	5mers_A_RNA_sparse_seq_01	1	0.7	minimum_S	63451.0	63451	True
2026_all5mer	5mers_A_RNA_sparse_seq_01	1	0.7	maximum_S	63598.0	63598	True
2026_all5mer	5mers_A_RNA_sparse_seq_02	0	0.7	midpoint_Brier	0.05370620675193302	0.05370620675193302	True
2026_all5mer	5mers_A_RNA_sparse_seq_02	0	0.7	midpoint_S	18656.0	18656	True
2026_all5mer	5mers_A_RNA_sparse_seq_02	0	0.7	minimum_S	18576.0	18576	True
2026_all5mer	5mers_A_RNA_sparse_seq_02	0	0.7	maximum_S	18656.0	18656	True
2026_all5mer	5mers_A_RNA_sparse_seq_02	1	0.7	midpoint_Brier	0.06056507959826788	0.06056507959826788	True
2026_all5mer	5mers_A_RNA_sparse_seq_02	1	0.7	midpoint_S	61324.0	61324	True
2026_all5mer	5mers_A_RNA_sparse_seq_02	1	0.7	minimum_S	61128.0	61128	True
2026_all5mer	5mers_A_RNA_sparse_seq_02	1	0.7	maximum_S	61324.0	61324	True
2026_all5mer	5mers_A_RNA_sparse_seq_03	0	0.7	midpoint_Brier	0.06691408799543687	0.06691408799543687	True
2026_all5mer	5mers_A_RNA_sparse_seq_03	0	0.7	midpoint_S	16261.0	16261	True
2026_all5mer	5mers_A_RNA_sparse_seq_03	0	0.7	minimum_S	16170.0	16170	True
2026_all5mer	5mers_A_RNA_sparse_seq_03	0	0.7	maximum_S	16261.0	16261	True
2026_all5mer	5mers_A_RNA_sparse_seq_03	1	0.7	midpoint_Brier	0.04212342073641229	0.04212342073641229	True
2026_all5mer	5mers_A_RNA_sparse_seq_03	1	0.7	midpoint_S	64422.0	64422	True
2026_all5mer	5mers_A_RNA_sparse_seq_03	1	0.7	minimum_S	64279.0	64279	True
2026_all5mer	5mers_A_RNA_sparse_seq_03	1	0.7	maximum_S	64422.0	64422	True
2026_all5mer	5mers_A_RNA_sparse_seq_04	0	0.7	midpoint_Brier	0.09382908198901448	0.09382908198901448	True
2026_all5mer	5mers_A_RNA_sparse_seq_04	0	0.7	midpoint_S	17746.0	17746	True
2026_all5mer	5mers_A_RNA_sparse_seq_04	0	0.7	minimum_S	17637.0	17637	True
2026_all5mer	5mers_A_RNA_sparse_seq_04	0	0.7	maximum_S	17746.0	17746	True
2026_all5mer	5mers_A_RNA_sparse_seq_04	1	0.7	midpoint_Brier	0.053092877385569136	0.053092877385569136	True
2026_all5mer	5mers_A_RNA_sparse_seq_04	1	0.7	midpoint_S	61974.0	61974	True
2026_all5mer	5mers_A_RNA_sparse_seq_04	1	0.7	minimum_S	61781.0	61781	True
2026_all5mer	5mers_A_RNA_sparse_seq_04	1	0.7	maximum_S	61974.0	61974	True
2026_all5mer	5mers_A_RNA_sparse_seq_05	0	0.7	midpoint_Brier	0.06635222565703618	0.06635222565703618	True
2026_all5mer	5mers_A_RNA_sparse_seq_05	0	0.7	midpoint_S	16891.0	16891	True
2026_all5mer	5mers_A_RNA_sparse_seq_05	0	0.7	minimum_S	16785.0	16785	True
2026_all5mer	5mers_A_RNA_sparse_seq_05	0	0.7	maximum_S	16891.0	16891	True
2026_all5mer	5mers_A_RNA_sparse_seq_05	1	0.7	midpoint_Brier	0.0393366098886399	0.0393366098886399	True
2026_all5mer	5mers_A_RNA_sparse_seq_05	1	0.7	midpoint_S	66218.0	66218	True
2026_all5mer	5mers_A_RNA_sparse_seq_05	1	0.7	minimum_S	66026.0	66026	True
2026_all5mer	5mers_A_RNA_sparse_seq_05	1	0.7	maximum_S	66218.0	66218	True
2026_all5mer	5mers_A_RNA_sparse_seq_06	0	0.7	midpoint_Brier	0.0495458626083904	0.0495458626083904	True
2026_all5mer	5mers_A_RNA_sparse_seq_06	0	0.7	midpoint_S	17363.0	17363	True
2026_all5mer	5mers_A_RNA_sparse_seq_06	0	0.7	minimum_S	17287.0	17287	True
2026_all5mer	5mers_A_RNA_sparse_seq_06	0	0.7	maximum_S	17363.0	17363	True
2026_all5mer	5mers_A_RNA_sparse_seq_06	1	0.7	midpoint_Brier	0.05186948806712082	0.05186948806712082	True
2026_all5mer	5mers_A_RNA_sparse_seq_06	1	0.7	midpoint_S	65421.0	65421	True
2026_all5mer	5mers_A_RNA_sparse_seq_06	1	0.7	minimum_S	65252.0	65252	True
2026_all5mer	5mers_A_RNA_sparse_seq_06	1	0.7	maximum_S	65421.0	65421	True
2026_all5mer	5mers_A_RNA_sparse_seq_07	0	0.7	midpoint_Brier	0.06328293620144132	0.06328293620144132	True
2026_all5mer	5mers_A_RNA_sparse_seq_07	0	0.7	midpoint_S	15585.0	15585	True
2026_all5mer	5mers_A_RNA_sparse_seq_07	0	0.7	minimum_S	15486.0	15486	True
2026_all5mer	5mers_A_RNA_sparse_seq_07	0	0.7	maximum_S	15585.0	15585	True
2026_all5mer	5mers_A_RNA_sparse_seq_07	1	0.7	midpoint_Brier	0.058829958843265466	0.058829958843265466	True
2026_all5mer	5mers_A_RNA_sparse_seq_07	1	0.7	midpoint_S	61121.0	61121	True
2026_all5mer	5mers_A_RNA_sparse_seq_07	1	0.7	minimum_S	60941.0	60941	True
2026_all5mer	5mers_A_RNA_sparse_seq_07	1	0.7	maximum_S	61121.0	61121	True
2026_all5mer	5mers_A_RNA_sparse_seq_08	0	0.7	midpoint_Brier	0.06765748794339586	0.06765748794339586	True
2026_all5mer	5mers_A_RNA_sparse_seq_08	0	0.7	midpoint_S	13276.0	13276	True
2026_all5mer	5mers_A_RNA_sparse_seq_08	0	0.7	minimum_S	13213.0	13213	True
2026_all5mer	5mers_A_RNA_sparse_seq_08	0	0.7	maximum_S	13276.0	13276	True
2026_all5mer	5mers_A_RNA_sparse_seq_08	1	0.7	midpoint_Brier	0.04353862245515763	0.04353862245515763	True
2026_all5mer	5mers_A_RNA_sparse_seq_08	1	0.7	midpoint_S	65345.0	65345	True
2026_all5mer	5mers_A_RNA_sparse_seq_08	1	0.7	minimum_S	65214.0	65214	True
2026_all5mer	5mers_A_RNA_sparse_seq_08	1	0.7	maximum_S	65345.0	65345	True
2026_all5mer	5mers_A_RNA_sparse_seq_09	0	0.7	midpoint_Brier	0.04509540483617915	0.04509540483617915	True
2026_all5mer	5mers_A_RNA_sparse_seq_09	0	0.7	midpoint_S	17264.0	17264	True
2026_all5mer	5mers_A_RNA_sparse_seq_09	0	0.7	minimum_S	17188.0	17188	True
2026_all5mer	5mers_A_RNA_sparse_seq_09	0	0.7	maximum_S	17264.0	17264	True
2026_all5mer	5mers_A_RNA_sparse_seq_09	1	0.7	midpoint_Brier	0.058286673257386484	0.058286673257386484	True
2026_all5mer	5mers_A_RNA_sparse_seq_09	1	0.7	midpoint_S	62411.0	62411	True
2026_all5mer	5mers_A_RNA_sparse_seq_09	1	0.7	minimum_S	62239.0	62239	True
2026_all5mer	5mers_A_RNA_sparse_seq_09	1	0.7	maximum_S	62411.0	62411	True
2026_all5mer	5mers_A_RNA_sparse_seq_10	0	0.7	midpoint_Brier	0.06403761927384372	0.06403761927384372	True
2026_all5mer	5mers_A_RNA_sparse_seq_10	0	0.7	midpoint_S	13030.0	13030	True
2026_all5mer	5mers_A_RNA_sparse_seq_10	0	0.7	minimum_S	12941.0	12941	True
2026_all5mer	5mers_A_RNA_sparse_seq_10	0	0.7	maximum_S	13030.0	13030	True
2026_all5mer	5mers_A_RNA_sparse_seq_10	1	0.7	midpoint_Brier	0.03139046671758213	0.03139046671758213	True
2026_all5mer	5mers_A_RNA_sparse_seq_10	1	0.7	midpoint_S	62380.0	62380	True
2026_all5mer	5mers_A_RNA_sparse_seq_10	1	0.7	minimum_S	62248.0	62248	True
2026_all5mer	5mers_A_RNA_sparse_seq_10	1	0.7	maximum_S	62380.0	62380	True
2026_all5mer	5mers_A_RNA_sparse_seq_11	0	0.7	midpoint_Brier	0.059733053558676544	0.059733053558676544	True
2026_all5mer	5mers_A_RNA_sparse_seq_11	0	0.7	midpoint_S	19509.0	19509	True
2026_all5mer	5mers_A_RNA_sparse_seq_11	0	0.7	minimum_S	19415.0	19415	True
2026_all5mer	5mers_A_RNA_sparse_seq_11	0	0.7	maximum_S	19509.0	19509	True
2026_all5mer	5mers_A_RNA_sparse_seq_11	1	0.7	midpoint_Brier	0.04225506549619547	0.04225506549619547	True
2026_all5mer	5mers_A_RNA_sparse_seq_11	1	0.7	midpoint_S	65554.0	65554	True
2026_all5mer	5mers_A_RNA_sparse_seq_11	1	0.7	minimum_S	65417.0	65417	True
2026_all5mer	5mers_A_RNA_sparse_seq_11	1	0.7	maximum_S	65554.0	65554	True
2026_all5mer	5mers_A_RNA_sparse_seq_12	0	0.7	midpoint_Brier	0.08390456560454539	0.08390456560454539	True
2026_all5mer	5mers_A_RNA_sparse_seq_12	0	0.7	midpoint_S	16266.0	16266	True
2026_all5mer	5mers_A_RNA_sparse_seq_12	0	0.7	minimum_S	16162.0	16162	True
2026_all5mer	5mers_A_RNA_sparse_seq_12	0	0.7	maximum_S	16266.0	16266	True
2026_all5mer	5mers_A_RNA_sparse_seq_12	1	0.7	midpoint_Brier	0.044605253471345536	0.044605253471345536	True
2026_all5mer	5mers_A_RNA_sparse_seq_12	1	0.7	midpoint_S	64515.0	64515	True
2026_all5mer	5mers_A_RNA_sparse_seq_12	1	0.7	minimum_S	64358.0	64358	True
2026_all5mer	5mers_A_RNA_sparse_seq_12	1	0.7	maximum_S	64515.0	64515	True
2026_all5mer	5mers_A_RNA_sparse_seq_13	0	0.7	midpoint_Brier	0.06936032008337778	0.06936032008337778	True
2026_all5mer	5mers_A_RNA_sparse_seq_13	0	0.7	midpoint_S	13330.0	13330	True
2026_all5mer	5mers_A_RNA_sparse_seq_13	0	0.7	minimum_S	13248.0	13248	True
2026_all5mer	5mers_A_RNA_sparse_seq_13	0	0.7	maximum_S	13330.0	13330	True
2026_all5mer	5mers_A_RNA_sparse_seq_13	1	0.7	midpoint_Brier	0.037685695630613025	0.037685695630613025	True
2026_all5mer	5mers_A_RNA_sparse_seq_13	1	0.7	midpoint_S	64662.0	64662	True
2026_all5mer	5mers_A_RNA_sparse_seq_13	1	0.7	minimum_S	64531.0	64531	True
2026_all5mer	5mers_A_RNA_sparse_seq_13	1	0.7	maximum_S	64662.0	64662	True
2026_all5mer	5mers_A_RNA_sparse_seq_14	0	0.7	midpoint_Brier	0.05590751485302816	0.05590751485302816	True
2026_all5mer	5mers_A_RNA_sparse_seq_14	0	0.7	midpoint_S	17309.0	17309	True
2026_all5mer	5mers_A_RNA_sparse_seq_14	0	0.7	minimum_S	17226.0	17226	True
2026_all5mer	5mers_A_RNA_sparse_seq_14	0	0.7	maximum_S	17309.0	17309	True
2026_all5mer	5mers_A_RNA_sparse_seq_14	1	0.7	midpoint_Brier	0.04108115926780442	0.04108115926780442	True
2026_all5mer	5mers_A_RNA_sparse_seq_14	1	0.7	midpoint_S	64387.0	64387	True
2026_all5mer	5mers_A_RNA_sparse_seq_14	1	0.7	minimum_S	64208.0	64208	True
2026_all5mer	5mers_A_RNA_sparse_seq_14	1	0.7	maximum_S	64387.0	64387	True
2026_all5mer	5mers_A_RNA_sparse_seq_15	0	0.7	midpoint_Brier	0.07872807002439648	0.07872807002439648	True
2026_all5mer	5mers_A_RNA_sparse_seq_15	0	0.7	midpoint_S	20825.0	20825	True
2026_all5mer	5mers_A_RNA_sparse_seq_15	0	0.7	minimum_S	20686.0	20686	True
2026_all5mer	5mers_A_RNA_sparse_seq_15	0	0.7	maximum_S	20825.0	20825	True
2026_all5mer	5mers_A_RNA_sparse_seq_15	1	0.7	midpoint_Brier	0.07455514930590147	0.07455514930590147	True
2026_all5mer	5mers_A_RNA_sparse_seq_15	1	0.7	midpoint_S	60775.0	60775	True
2026_all5mer	5mers_A_RNA_sparse_seq_15	1	0.7	minimum_S	60539.0	60539	True
2026_all5mer	5mers_A_RNA_sparse_seq_15	1	0.7	maximum_S	60775.0	60775	True
2026_all5mer	5mers_A_RNA_sparse_seq_16	0	0.7	midpoint_Brier	0.06207175010984594	0.06207175010984594	True
2026_all5mer	5mers_A_RNA_sparse_seq_16	0	0.7	midpoint_S	22528.0	22528	True
2026_all5mer	5mers_A_RNA_sparse_seq_16	0	0.7	minimum_S	22413.0	22413	True
2026_all5mer	5mers_A_RNA_sparse_seq_16	0	0.7	maximum_S	22528.0	22528	True
2026_all5mer	5mers_A_RNA_sparse_seq_16	1	0.7	midpoint_Brier	0.05690856966925321	0.05690856966925321	True
2026_all5mer	5mers_A_RNA_sparse_seq_16	1	0.7	midpoint_S	60428.0	60428	True
2026_all5mer	5mers_A_RNA_sparse_seq_16	1	0.7	minimum_S	60253.0	60253	True
2026_all5mer	5mers_A_RNA_sparse_seq_16	1	0.7	maximum_S	60428.0	60428	True
2026_all5mer	5mers_A_RNA_sparse_seq_17	0	0.7	midpoint_Brier	0.0495414164319877	0.0495414164319877	True
2026_all5mer	5mers_A_RNA_sparse_seq_17	0	0.7	midpoint_S	16342.0	16342	True
2026_all5mer	5mers_A_RNA_sparse_seq_17	0	0.7	minimum_S	16274.0	16274	True
2026_all5mer	5mers_A_RNA_sparse_seq_17	0	0.7	maximum_S	16342.0	16342	True
2026_all5mer	5mers_A_RNA_sparse_seq_17	1	0.7	midpoint_Brier	0.035126032018287005	0.035126032018287005	True
2026_all5mer	5mers_A_RNA_sparse_seq_17	1	0.7	midpoint_S	62136.0	62136	True
2026_all5mer	5mers_A_RNA_sparse_seq_17	1	0.7	minimum_S	62024.0	62024	True
2026_all5mer	5mers_A_RNA_sparse_seq_17	1	0.7	maximum_S	62136.0	62136	True
2026_all5mer	5mers_A_RNA_sparse_seq_18	0	0.7	midpoint_Brier	0.07526503868247052	0.07526503868247052	True
2026_all5mer	5mers_A_RNA_sparse_seq_18	0	0.7	midpoint_S	15627.0	15627	True
2026_all5mer	5mers_A_RNA_sparse_seq_18	0	0.7	minimum_S	15545.0	15545	True
2026_all5mer	5mers_A_RNA_sparse_seq_18	0	0.7	maximum_S	15627.0	15627	True
2026_all5mer	5mers_A_RNA_sparse_seq_18	1	0.7	midpoint_Brier	0.03320229494127069	0.03320229494127069	True
2026_all5mer	5mers_A_RNA_sparse_seq_18	1	0.7	midpoint_S	65769.0	65769	True
2026_all5mer	5mers_A_RNA_sparse_seq_18	1	0.7	minimum_S	65642.0	65642	True
2026_all5mer	5mers_A_RNA_sparse_seq_18	1	0.7	maximum_S	65769.0	65769	True
2026_all5mer	5mers_A_RNA_sparse_seq_19	0	0.7	midpoint_Brier	0.05339616128315403	0.05339616128315403	True
2026_all5mer	5mers_A_RNA_sparse_seq_19	0	0.7	midpoint_S	11140.0	11140	True
2026_all5mer	5mers_A_RNA_sparse_seq_19	0	0.7	minimum_S	11075.0	11075	True
2026_all5mer	5mers_A_RNA_sparse_seq_19	0	0.7	maximum_S	11140.0	11140	True
2026_all5mer	5mers_A_RNA_sparse_seq_19	1	0.7	midpoint_Brier	0.04409810215376	0.04409810215376	True
2026_all5mer	5mers_A_RNA_sparse_seq_19	1	0.7	midpoint_S	63300.0	63300	True
2026_all5mer	5mers_A_RNA_sparse_seq_19	1	0.7	minimum_S	63165.0	63165	True
2026_all5mer	5mers_A_RNA_sparse_seq_19	1	0.7	maximum_S	63300.0	63300	True
2026_all5mer	5mers_A_RNA_sparse_seq_20	0	0.7	midpoint_Brier	0.1087591087245087	0.1087591087245087	True
2026_all5mer	5mers_A_RNA_sparse_seq_20	0	0.7	midpoint_S	21884.0	21884	True
2026_all5mer	5mers_A_RNA_sparse_seq_20	0	0.7	minimum_S	21742.0	21742	True
2026_all5mer	5mers_A_RNA_sparse_seq_20	0	0.7	maximum_S	21884.0	21884	True
2026_all5mer	5mers_A_RNA_sparse_seq_20	1	0.7	midpoint_Brier	0.05729358095271209	0.05729358095271209	True
2026_all5mer	5mers_A_RNA_sparse_seq_20	1	0.7	midpoint_S	63602.0	63602	True
2026_all5mer	5mers_A_RNA_sparse_seq_20	1	0.7	minimum_S	63393.0	63393	True
2026_all5mer	5mers_A_RNA_sparse_seq_20	1	0.7	maximum_S	63602.0	63602	True
2026_all5mer	5mers_A_RNA_sparse_seq_21	0	0.7	midpoint_Brier	0.06412338499612566	0.06412338499612566	True
2026_all5mer	5mers_A_RNA_sparse_seq_21	0	0.7	midpoint_S	16467.0	16467	True
2026_all5mer	5mers_A_RNA_sparse_seq_21	0	0.7	minimum_S	16389.0	16389	True
2026_all5mer	5mers_A_RNA_sparse_seq_21	0	0.7	maximum_S	16467.0	16467	True
2026_all5mer	5mers_A_RNA_sparse_seq_21	1	0.7	midpoint_Brier	0.03951155997854889	0.03951155997854889	True
2026_all5mer	5mers_A_RNA_sparse_seq_21	1	0.7	midpoint_S	64356.0	64356	True
2026_all5mer	5mers_A_RNA_sparse_seq_21	1	0.7	minimum_S	64236.0	64236	True
2026_all5mer	5mers_A_RNA_sparse_seq_21	1	0.7	maximum_S	64356.0	64356	True
2026_all5mer	5mers_A_RNA_sparse_seq_22	0	0.7	midpoint_Brier	0.08335391557724342	0.08335391557724342	True
2026_all5mer	5mers_A_RNA_sparse_seq_22	0	0.7	midpoint_S	21508.0	21508	True
2026_all5mer	5mers_A_RNA_sparse_seq_22	0	0.7	minimum_S	21365.0	21365	True
2026_all5mer	5mers_A_RNA_sparse_seq_22	0	0.7	maximum_S	21508.0	21508	True
2026_all5mer	5mers_A_RNA_sparse_seq_22	1	0.7	midpoint_Brier	0.07912664853933467	0.07912664853933467	True
2026_all5mer	5mers_A_RNA_sparse_seq_22	1	0.7	midpoint_S	56162.0	56162	True
2026_all5mer	5mers_A_RNA_sparse_seq_22	1	0.7	minimum_S	55909.0	55909	True
2026_all5mer	5mers_A_RNA_sparse_seq_22	1	0.7	maximum_S	56162.0	56162	True
2026_all5mer	5mers_A_RNA_sparse_seq_23	0	0.7	midpoint_Brier	0.08336124036920803	0.08336124036920803	True
2026_all5mer	5mers_A_RNA_sparse_seq_23	0	0.7	midpoint_S	17618.0	17618	True
2026_all5mer	5mers_A_RNA_sparse_seq_23	0	0.7	minimum_S	17502.0	17502	True
2026_all5mer	5mers_A_RNA_sparse_seq_23	0	0.7	maximum_S	17618.0	17618	True
2026_all5mer	5mers_A_RNA_sparse_seq_23	1	0.7	midpoint_Brier	0.055562448884892764	0.055562448884892764	True
2026_all5mer	5mers_A_RNA_sparse_seq_23	1	0.7	midpoint_S	61081.0	61081	True
2026_all5mer	5mers_A_RNA_sparse_seq_23	1	0.7	minimum_S	60881.0	60881	True
2026_all5mer	5mers_A_RNA_sparse_seq_23	1	0.7	maximum_S	61081.0	61081	True
2026_all5mer	5mers_A_RNA_sparse_seq_24	0	0.7	midpoint_Brier	0.0887775817484566	0.0887775817484566	True
2026_all5mer	5mers_A_RNA_sparse_seq_24	0	0.7	midpoint_S	20212.0	20212	True
2026_all5mer	5mers_A_RNA_sparse_seq_24	0	0.7	minimum_S	20073.0	20073	True
2026_all5mer	5mers_A_RNA_sparse_seq_24	0	0.7	maximum_S	20212.0	20212	True
2026_all5mer	5mers_A_RNA_sparse_seq_24	1	0.7	midpoint_Brier	0.04063470771759282	0.04063470771759282	True
2026_all5mer	5mers_A_RNA_sparse_seq_24	1	0.7	midpoint_S	64777.0	64777	True
2026_all5mer	5mers_A_RNA_sparse_seq_24	1	0.7	minimum_S	64624.0	64624	True
2026_all5mer	5mers_A_RNA_sparse_seq_24	1	0.7	maximum_S	64777.0	64777	True
2026_all5mer	5mers_A_RNA_sparse_seq_25	0	0.7	midpoint_Brier	0.06630246266245515	0.06630246266245515	True
2026_all5mer	5mers_A_RNA_sparse_seq_25	0	0.7	midpoint_S	17488.0	17488	True
2026_all5mer	5mers_A_RNA_sparse_seq_25	0	0.7	minimum_S	17383.0	17383	True
2026_all5mer	5mers_A_RNA_sparse_seq_25	0	0.7	maximum_S	17488.0	17488	True
2026_all5mer	5mers_A_RNA_sparse_seq_25	1	0.7	midpoint_Brier	0.06709421651288477	0.06709421651288477	True
2026_all5mer	5mers_A_RNA_sparse_seq_25	1	0.7	midpoint_S	64145.0	64145	True
2026_all5mer	5mers_A_RNA_sparse_seq_25	1	0.7	minimum_S	63971.0	63971	True
2026_all5mer	5mers_A_RNA_sparse_seq_25	1	0.7	maximum_S	64145.0	64145	True
2026_all5mer	5mers_A_RNA_sparse_seq_26	0	0.7	midpoint_Brier	0.05665297730168707	0.05665297730168707	True
2026_all5mer	5mers_A_RNA_sparse_seq_26	0	0.7	midpoint_S	17683.0	17683	True
2026_all5mer	5mers_A_RNA_sparse_seq_26	0	0.7	minimum_S	17586.0	17586	True
2026_all5mer	5mers_A_RNA_sparse_seq_26	0	0.7	maximum_S	17683.0	17683	True
2026_all5mer	5mers_A_RNA_sparse_seq_26	1	0.7	midpoint_Brier	0.04764458475652685	0.04764458475652685	True
2026_all5mer	5mers_A_RNA_sparse_seq_26	1	0.7	midpoint_S	63146.0	63146	True
2026_all5mer	5mers_A_RNA_sparse_seq_26	1	0.7	minimum_S	62979.0	62979	True
2026_all5mer	5mers_A_RNA_sparse_seq_26	1	0.7	maximum_S	63146.0	63146	True
2026_all5mer	5mers_A_RNA_sparse_seq_27	0	0.7	midpoint_Brier	0.05929723156391449	0.05929723156391449	True
2026_all5mer	5mers_A_RNA_sparse_seq_27	0	0.7	midpoint_S	15099.0	15099	True
2026_all5mer	5mers_A_RNA_sparse_seq_27	0	0.7	minimum_S	15021.0	15021	True
2026_all5mer	5mers_A_RNA_sparse_seq_27	0	0.7	maximum_S	15099.0	15099	True
2026_all5mer	5mers_A_RNA_sparse_seq_27	1	0.7	midpoint_Brier	0.040642445478052444	0.040642445478052444	True
2026_all5mer	5mers_A_RNA_sparse_seq_27	1	0.7	midpoint_S	66456.0	66456	True
2026_all5mer	5mers_A_RNA_sparse_seq_27	1	0.7	minimum_S	66313.0	66313	True
2026_all5mer	5mers_A_RNA_sparse_seq_27	1	0.7	maximum_S	66456.0	66456	True
2026_all5mer	5mers_A_RNA_sparse_seq_28	0	0.7	midpoint_Brier	0.039716388336550314	0.039716388336550314	True
2026_all5mer	5mers_A_RNA_sparse_seq_28	0	0.7	midpoint_S	14817.0	14817	True
2026_all5mer	5mers_A_RNA_sparse_seq_28	0	0.7	minimum_S	14745.0	14745	True
2026_all5mer	5mers_A_RNA_sparse_seq_28	0	0.7	maximum_S	14817.0	14817	True
2026_all5mer	5mers_A_RNA_sparse_seq_28	1	0.7	midpoint_Brier	0.05828832694264236	0.05828832694264236	True
2026_all5mer	5mers_A_RNA_sparse_seq_28	1	0.7	midpoint_S	63605.0	63605	True
2026_all5mer	5mers_A_RNA_sparse_seq_28	1	0.7	minimum_S	63494.0	63494	True
2026_all5mer	5mers_A_RNA_sparse_seq_28	1	0.7	maximum_S	63605.0	63605	True
2026_all5mer	5mers_A_RNA_sparse_seq_29	0	0.7	midpoint_Brier	0.07327924206729343	0.07327924206729343	True
2026_all5mer	5mers_A_RNA_sparse_seq_29	0	0.7	midpoint_S	12903.0	12903	True
2026_all5mer	5mers_A_RNA_sparse_seq_29	0	0.7	minimum_S	12838.0	12838	True
2026_all5mer	5mers_A_RNA_sparse_seq_29	0	0.7	maximum_S	12903.0	12903	True
2026_all5mer	5mers_A_RNA_sparse_seq_29	1	0.7	midpoint_Brier	0.028814284202580906	0.028814284202580906	True
2026_all5mer	5mers_A_RNA_sparse_seq_29	1	0.7	midpoint_S	65745.0	65745	True
2026_all5mer	5mers_A_RNA_sparse_seq_29	1	0.7	minimum_S	65623.0	65623	True
2026_all5mer	5mers_A_RNA_sparse_seq_29	1	0.7	maximum_S	65745.0	65745	True
2026_all5mer	5mers_A_RNA_sparse_seq_30	0	0.7	midpoint_Brier	0.04227617782344055	0.04227617782344055	True
2026_all5mer	5mers_A_RNA_sparse_seq_30	0	0.7	midpoint_S	21411.0	21411	True
2026_all5mer	5mers_A_RNA_sparse_seq_30	0	0.7	minimum_S	21307.0	21307	True
2026_all5mer	5mers_A_RNA_sparse_seq_30	0	0.7	maximum_S	21411.0	21411	True
2026_all5mer	5mers_A_RNA_sparse_seq_30	1	0.7	midpoint_Brier	0.06931681888811839	0.06931681888811839	True
2026_all5mer	5mers_A_RNA_sparse_seq_30	1	0.7	midpoint_S	57653.0	57653	True
2026_all5mer	5mers_A_RNA_sparse_seq_30	1	0.7	minimum_S	57459.0	57459	True
2026_all5mer	5mers_A_RNA_sparse_seq_30	1	0.7	maximum_S	57653.0	57653	True
2026_all5mer	5mers_A_RNA_sparse_seq_31	0	0.7	midpoint_Brier	0.05905249758692651	0.05905249758692651	True
2026_all5mer	5mers_A_RNA_sparse_seq_31	0	0.7	midpoint_S	12236.0	12236	True
2026_all5mer	5mers_A_RNA_sparse_seq_31	0	0.7	minimum_S	12145.0	12145	True
2026_all5mer	5mers_A_RNA_sparse_seq_31	0	0.7	maximum_S	12236.0	12236	True
2026_all5mer	5mers_A_RNA_sparse_seq_31	1	0.7	midpoint_Brier	0.03472700562196873	0.03472700562196873	True
2026_all5mer	5mers_A_RNA_sparse_seq_31	1	0.7	midpoint_S	66343.0	66343	True
2026_all5mer	5mers_A_RNA_sparse_seq_31	1	0.7	minimum_S	66218.0	66218	True
2026_all5mer	5mers_A_RNA_sparse_seq_31	1	0.7	maximum_S	66343.0	66343	True
2026_all5mer	5mers_A_RNA_sparse_seq_32	0	0.7	midpoint_Brier	0.07935859180850291	0.07935859180850291	True
2026_all5mer	5mers_A_RNA_sparse_seq_32	0	0.7	midpoint_S	21437.0	21437	True
2026_all5mer	5mers_A_RNA_sparse_seq_32	0	0.7	minimum_S	21297.0	21297	True
2026_all5mer	5mers_A_RNA_sparse_seq_32	0	0.7	maximum_S	21437.0	21437	True
2026_all5mer	5mers_A_RNA_sparse_seq_32	1	0.7	midpoint_Brier	0.05900339947161474	0.05900339947161474	True
2026_all5mer	5mers_A_RNA_sparse_seq_32	1	0.7	midpoint_S	60581.0	60581	True
2026_all5mer	5mers_A_RNA_sparse_seq_32	1	0.7	minimum_S	60361.0	60361	True
2026_all5mer	5mers_A_RNA_sparse_seq_32	1	0.7	maximum_S	60581.0	60581	True
2026_all5mer	ALL	0	0.7	midpoint_Brier	0.06694393680805225	0.06694393680805225	True
2026_all5mer	ALL	0	0.7	midpoint_S	550120.0	550120	True
2026_all5mer	ALL	0	0.7	minimum_S	547034.0	547034	True
2026_all5mer	ALL	0	0.7	maximum_S	550120.0	550120	True
2026_all5mer	ALL	1	0.7	midpoint_Brier	0.048708395036337615	0.048708395036337615	True
2026_all5mer	ALL	1	0.7	midpoint_S	2023392.0	2023392	True
2026_all5mer	ALL	1	0.7	minimum_S	2018157.0	2018157	True
2026_all5mer	ALL	1	0.7	maximum_S	2023392.0	2023392	True
2026_all5mer	5mers_A_RNA_sparse_seq_01	0	0.8	midpoint_Brier	0.04130469809491467	0.04130469809491467	True
2026_all5mer	5mers_A_RNA_sparse_seq_01	0	0.8	midpoint_S	17340.0	17340	True
2026_all5mer	5mers_A_RNA_sparse_seq_01	0	0.8	minimum_S	17340.0	17340	True
2026_all5mer	5mers_A_RNA_sparse_seq_01	0	0.8	maximum_S	17484.0	17484	True
2026_all5mer	5mers_A_RNA_sparse_seq_01	1	0.8	midpoint_Brier	0.03282967299044489	0.03282967299044489	True
2026_all5mer	5mers_A_RNA_sparse_seq_01	1	0.8	midpoint_S	59452.0	59452	True
2026_all5mer	5mers_A_RNA_sparse_seq_01	1	0.8	minimum_S	59452.0	59452	True
2026_all5mer	5mers_A_RNA_sparse_seq_01	1	0.8	maximum_S	59640.0	59640	True
2026_all5mer	5mers_A_RNA_sparse_seq_02	0	0.8	midpoint_Brier	0.03901290797333291	0.03901290797333291	True
2026_all5mer	5mers_A_RNA_sparse_seq_02	0	0.8	midpoint_S	15858.0	15858	True
2026_all5mer	5mers_A_RNA_sparse_seq_02	0	0.8	minimum_S	15858.0	15858	True
2026_all5mer	5mers_A_RNA_sparse_seq_02	0	0.8	maximum_S	15984.0	15984	True
2026_all5mer	5mers_A_RNA_sparse_seq_02	1	0.8	midpoint_Brier	0.04415489946092878	0.04415489946092878	True
2026_all5mer	5mers_A_RNA_sparse_seq_02	1	0.8	midpoint_S	55552.0	55552	True
2026_all5mer	5mers_A_RNA_sparse_seq_02	1	0.8	minimum_S	55552.0	55552	True
2026_all5mer	5mers_A_RNA_sparse_seq_02	1	0.8	maximum_S	55822.0	55822	True
2026_all5mer	5mers_A_RNA_sparse_seq_03	0	0.8	midpoint_Brier	0.050142615145618026	0.050142615145618026	True
2026_all5mer	5mers_A_RNA_sparse_seq_03	0	0.8	midpoint_S	13459.0	13459	True
2026_all5mer	5mers_A_RNA_sparse_seq_03	0	0.8	minimum_S	13459.0	13459	True
2026_all5mer	5mers_A_RNA_sparse_seq_03	0	0.8	maximum_S	13594.0	13594	True
2026_all5mer	5mers_A_RNA_sparse_seq_03	1	0.8	midpoint_Brier	0.02975873777656572	0.02975873777656572	True
2026_all5mer	5mers_A_RNA_sparse_seq_03	1	0.8	midpoint_S	59982.0	59982	True
2026_all5mer	5mers_A_RNA_sparse_seq_03	1	0.8	minimum_S	59982.0	59982	True
2026_all5mer	5mers_A_RNA_sparse_seq_03	1	0.8	maximum_S	60160.0	60160	True
2026_all5mer	5mers_A_RNA_sparse_seq_04	0	0.8	midpoint_Brier	0.07911067164123833	0.07911067164123833	True
2026_all5mer	5mers_A_RNA_sparse_seq_04	0	0.8	midpoint_S	14537.0	14537	True
2026_all5mer	5mers_A_RNA_sparse_seq_04	0	0.8	minimum_S	14537.0	14537	True
2026_all5mer	5mers_A_RNA_sparse_seq_04	0	0.8	maximum_S	14692.0	14692	True
2026_all5mer	5mers_A_RNA_sparse_seq_04	1	0.8	midpoint_Brier	0.038808622720496094	0.038808622720496094	True
2026_all5mer	5mers_A_RNA_sparse_seq_04	1	0.8	midpoint_S	57284.0	57284	True
2026_all5mer	5mers_A_RNA_sparse_seq_04	1	0.8	minimum_S	57284.0	57284	True
2026_all5mer	5mers_A_RNA_sparse_seq_04	1	0.8	maximum_S	57488.0	57488	True
2026_all5mer	5mers_A_RNA_sparse_seq_05	0	0.8	midpoint_Brier	0.04973651139310024	0.04973651139310024	True
2026_all5mer	5mers_A_RNA_sparse_seq_05	0	0.8	midpoint_S	13886.0	13886	True
2026_all5mer	5mers_A_RNA_sparse_seq_05	0	0.8	minimum_S	13886.0	13886	True
2026_all5mer	5mers_A_RNA_sparse_seq_05	0	0.8	maximum_S	14020.0	14020	True
2026_all5mer	5mers_A_RNA_sparse_seq_05	1	0.8	midpoint_Brier	0.026109265368947365	0.026109265368947365	True
2026_all5mer	5mers_A_RNA_sparse_seq_05	1	0.8	midpoint_S	61527.0	61527	True
2026_all5mer	5mers_A_RNA_sparse_seq_05	1	0.8	minimum_S	61527.0	61527	True
2026_all5mer	5mers_A_RNA_sparse_seq_05	1	0.8	maximum_S	61727.0	61727	True
2026_all5mer	5mers_A_RNA_sparse_seq_06	0	0.8	midpoint_Brier	0.036760279558082656	0.036760279558082656	True
2026_all5mer	5mers_A_RNA_sparse_seq_06	0	0.8	midpoint_S	14877.0	14877	True
2026_all5mer	5mers_A_RNA_sparse_seq_06	0	0.8	minimum_S	14877.0	14877	True
2026_all5mer	5mers_A_RNA_sparse_seq_06	0	0.8	maximum_S	14987.0	14987	True
2026_all5mer	5mers_A_RNA_sparse_seq_06	1	0.8	midpoint_Brier	0.03701523948590306	0.03701523948590306	True
2026_all5mer	5mers_A_RNA_sparse_seq_06	1	0.8	midpoint_S	60358.0	60358	True
2026_all5mer	5mers_A_RNA_sparse_seq_06	1	0.8	minimum_S	60358.0	60358	True
2026_all5mer	5mers_A_RNA_sparse_seq_06	1	0.8	maximum_S	60566.0	60566	True
2026_all5mer	5mers_A_RNA_sparse_seq_07	0	0.8	midpoint_Brier	0.046051554349271454	0.046051554349271454	True
2026_all5mer	5mers_A_RNA_sparse_seq_07	0	0.8	midpoint_S	12808.0	12808	True
2026_all5mer	5mers_A_RNA_sparse_seq_07	0	0.8	minimum_S	12808.0	12808	True
2026_all5mer	5mers_A_RNA_sparse_seq_07	0	0.8	maximum_S	12944.0	12944	True
2026_all5mer	5mers_A_RNA_sparse_seq_07	1	0.8	midpoint_Brier	0.041719616892645396	0.041719616892645396	True
2026_all5mer	5mers_A_RNA_sparse_seq_07	1	0.8	midpoint_S	55978.0	55978	True
2026_all5mer	5mers_A_RNA_sparse_seq_07	1	0.8	minimum_S	55978.0	55978	True
2026_all5mer	5mers_A_RNA_sparse_seq_07	1	0.8	maximum_S	56187.0	56187	True
2026_all5mer	5mers_A_RNA_sparse_seq_08	0	0.8	midpoint_Brier	0.049363239501509434	0.049363239501509434	True
2026_all5mer	5mers_A_RNA_sparse_seq_08	0	0.8	midpoint_S	11005.0	11005	True
2026_all5mer	5mers_A_RNA_sparse_seq_08	0	0.8	minimum_S	11005.0	11005	True
2026_all5mer	5mers_A_RNA_sparse_seq_08	0	0.8	maximum_S	11110.0	11110	True
2026_all5mer	5mers_A_RNA_sparse_seq_08	1	0.8	midpoint_Brier	0.03188920484304152	0.03188920484304152	True
2026_all5mer	5mers_A_RNA_sparse_seq_08	1	0.8	midpoint_S	61297.0	61297	True
2026_all5mer	5mers_A_RNA_sparse_seq_08	1	0.8	minimum_S	61297.0	61297	True
2026_all5mer	5mers_A_RNA_sparse_seq_08	1	0.8	maximum_S	61501.0	61501	True
2026_all5mer	5mers_A_RNA_sparse_seq_09	0	0.8	midpoint_Brier	0.031291680914737066	0.031291680914737066	True
2026_all5mer	5mers_A_RNA_sparse_seq_09	0	0.8	midpoint_S	14946.0	14946	True
2026_all5mer	5mers_A_RNA_sparse_seq_09	0	0.8	minimum_S	14946.0	14946	True
2026_all5mer	5mers_A_RNA_sparse_seq_09	0	0.8	maximum_S	15040.0	15040	True
2026_all5mer	5mers_A_RNA_sparse_seq_09	1	0.8	midpoint_Brier	0.0420686675362722	0.0420686675362722	True
2026_all5mer	5mers_A_RNA_sparse_seq_09	1	0.8	midpoint_S	56967.0	56967	True
2026_all5mer	5mers_A_RNA_sparse_seq_09	1	0.8	minimum_S	56967.0	56967	True
2026_all5mer	5mers_A_RNA_sparse_seq_09	1	0.8	maximum_S	57199.0	57199	True
2026_all5mer	5mers_A_RNA_sparse_seq_10	0	0.8	midpoint_Brier	0.04724254906233635	0.04724254906233635	True
2026_all5mer	5mers_A_RNA_sparse_seq_10	0	0.8	midpoint_S	10622.0	10622	True
2026_all5mer	5mers_A_RNA_sparse_seq_10	0	0.8	minimum_S	10622.0	10622	True
2026_all5mer	5mers_A_RNA_sparse_seq_10	0	0.8	maximum_S	10724.0	10724	True
2026_all5mer	5mers_A_RNA_sparse_seq_10	1	0.8	midpoint_Brier	0.020854884361555633	0.020854884361555633	True
2026_all5mer	5mers_A_RNA_sparse_seq_10	1	0.8	midpoint_S	58858.0	58858	True
2026_all5mer	5mers_A_RNA_sparse_seq_10	1	0.8	minimum_S	58858.0	58858	True
2026_all5mer	5mers_A_RNA_sparse_seq_10	1	0.8	maximum_S	58986.0	58986	True
2026_all5mer	5mers_A_RNA_sparse_seq_11	0	0.8	midpoint_Brier	0.04453830770466818	0.04453830770466818	True
2026_all5mer	5mers_A_RNA_sparse_seq_11	0	0.8	midpoint_S	16675.0	16675	True
2026_all5mer	5mers_A_RNA_sparse_seq_11	0	0.8	minimum_S	16675.0	16675	True
2026_all5mer	5mers_A_RNA_sparse_seq_11	0	0.8	maximum_S	16811.0	16811	True
2026_all5mer	5mers_A_RNA_sparse_seq_11	1	0.8	midpoint_Brier	0.03071741127153877	0.03071741127153877	True
2026_all5mer	5mers_A_RNA_sparse_seq_11	1	0.8	midpoint_S	61541.0	61541	True
2026_all5mer	5mers_A_RNA_sparse_seq_11	1	0.8	minimum_S	61541.0	61541	True
2026_all5mer	5mers_A_RNA_sparse_seq_11	1	0.8	maximum_S	61743.0	61743	True
2026_all5mer	5mers_A_RNA_sparse_seq_12	0	0.8	midpoint_Brier	0.06768152780027954	0.06768152780027954	True
2026_all5mer	5mers_A_RNA_sparse_seq_12	0	0.8	midpoint_S	13279.0	13279	True
2026_all5mer	5mers_A_RNA_sparse_seq_12	0	0.8	minimum_S	13279.0	13279	True
2026_all5mer	5mers_A_RNA_sparse_seq_12	0	0.8	maximum_S	13448.0	13448	True
2026_all5mer	5mers_A_RNA_sparse_seq_12	1	0.8	midpoint_Brier	0.031329982045524	0.031329982045524	True
2026_all5mer	5mers_A_RNA_sparse_seq_12	1	0.8	midpoint_S	59542.0	59542	True
2026_all5mer	5mers_A_RNA_sparse_seq_12	1	0.8	minimum_S	59542.0	59542	True
2026_all5mer	5mers_A_RNA_sparse_seq_12	1	0.8	maximum_S	59777.0	59777	True
2026_all5mer	5mers_A_RNA_sparse_seq_13	0	0.8	midpoint_Brier	0.053418624439178566	0.053418624439178566	True
2026_all5mer	5mers_A_RNA_sparse_seq_13	0	0.8	midpoint_S	10955.0	10955	True
2026_all5mer	5mers_A_RNA_sparse_seq_13	0	0.8	minimum_S	10955.0	10955	True
2026_all5mer	5mers_A_RNA_sparse_seq_13	0	0.8	maximum_S	11037.0	11037	True
2026_all5mer	5mers_A_RNA_sparse_seq_13	1	0.8	midpoint_Brier	0.02600368235722513	0.02600368235722513	True
2026_all5mer	5mers_A_RNA_sparse_seq_13	1	0.8	midpoint_S	61013.0	61013	True
2026_all5mer	5mers_A_RNA_sparse_seq_13	1	0.8	minimum_S	61013.0	61013	True
2026_all5mer	5mers_A_RNA_sparse_seq_13	1	0.8	maximum_S	61155.0	61155	True
2026_all5mer	5mers_A_RNA_sparse_seq_14	0	0.8	midpoint_Brier	0.041141626767596806	0.041141626767596806	True
2026_all5mer	5mers_A_RNA_sparse_seq_14	0	0.8	midpoint_S	14637.0	14637	True
2026_all5mer	5mers_A_RNA_sparse_seq_14	0	0.8	minimum_S	14637.0	14637	True
2026_all5mer	5mers_A_RNA_sparse_seq_14	0	0.8	maximum_S	14762.0	14762	True
2026_all5mer	5mers_A_RNA_sparse_seq_14	1	0.8	midpoint_Brier	0.028530906256442595	0.028530906256442595	True
2026_all5mer	5mers_A_RNA_sparse_seq_14	1	0.8	midpoint_S	60139.0	60139	True
2026_all5mer	5mers_A_RNA_sparse_seq_14	1	0.8	minimum_S	60139.0	60139	True
2026_all5mer	5mers_A_RNA_sparse_seq_14	1	0.8	maximum_S	60323.0	60323	True
2026_all5mer	5mers_A_RNA_sparse_seq_15	0	0.8	midpoint_Brier	0.06084479750288391	0.06084479750288391	True
2026_all5mer	5mers_A_RNA_sparse_seq_15	0	0.8	midpoint_S	16745.0	16745	True
2026_all5mer	5mers_A_RNA_sparse_seq_15	0	0.8	minimum_S	16745.0	16745	True
2026_all5mer	5mers_A_RNA_sparse_seq_15	0	0.8	maximum_S	16932.0	16932	True
2026_all5mer	5mers_A_RNA_sparse_seq_15	1	0.8	midpoint_Brier	0.05547707077420928	0.05547707077420928	True
2026_all5mer	5mers_A_RNA_sparse_seq_15	1	0.8	midpoint_S	54374.0	54374	True
2026_all5mer	5mers_A_RNA_sparse_seq_15	1	0.8	minimum_S	54374.0	54374	True
2026_all5mer	5mers_A_RNA_sparse_seq_15	1	0.8	maximum_S	54663.0	54663	True
2026_all5mer	5mers_A_RNA_sparse_seq_16	0	0.8	midpoint_Brier	0.045056527218346375	0.045056527218346375	True
2026_all5mer	5mers_A_RNA_sparse_seq_16	0	0.8	midpoint_S	18567.0	18567	True
2026_all5mer	5mers_A_RNA_sparse_seq_16	0	0.8	minimum_S	18567.0	18567	True
2026_all5mer	5mers_A_RNA_sparse_seq_16	0	0.8	maximum_S	18747.0	18747	True
2026_all5mer	5mers_A_RNA_sparse_seq_16	1	0.8	midpoint_Brier	0.04176206541255676	0.04176206541255676	True
2026_all5mer	5mers_A_RNA_sparse_seq_16	1	0.8	midpoint_S	55225.0	55225	True
2026_all5mer	5mers_A_RNA_sparse_seq_16	1	0.8	minimum_S	55225.0	55225	True
2026_all5mer	5mers_A_RNA_sparse_seq_16	1	0.8	maximum_S	55446.0	55446	True
2026_all5mer	5mers_A_RNA_sparse_seq_17	0	0.8	midpoint_Brier	0.03727942071555225	0.03727942071555225	True
2026_all5mer	5mers_A_RNA_sparse_seq_17	0	0.8	midpoint_S	14412.0	14412	True
2026_all5mer	5mers_A_RNA_sparse_seq_17	0	0.8	minimum_S	14412.0	14412	True
2026_all5mer	5mers_A_RNA_sparse_seq_17	0	0.8	maximum_S	14501.0	14501	True
2026_all5mer	5mers_A_RNA_sparse_seq_17	1	0.8	midpoint_Brier	0.024819211608557205	0.024819211608557205	True
2026_all5mer	5mers_A_RNA_sparse_seq_17	1	0.8	midpoint_S	58532.0	58532	True
2026_all5mer	5mers_A_RNA_sparse_seq_17	1	0.8	minimum_S	58532.0	58532	True
2026_all5mer	5mers_A_RNA_sparse_seq_17	1	0.8	maximum_S	58715.0	58715	True
2026_all5mer	5mers_A_RNA_sparse_seq_18	0	0.8	midpoint_Brier	0.058665140006706154	0.058665140006706154	True
2026_all5mer	5mers_A_RNA_sparse_seq_18	0	0.8	midpoint_S	12972.0	12972	True
2026_all5mer	5mers_A_RNA_sparse_seq_18	0	0.8	minimum_S	12972.0	12972	True
2026_all5mer	5mers_A_RNA_sparse_seq_18	0	0.8	maximum_S	13098.0	13098	True
2026_all5mer	5mers_A_RNA_sparse_seq_18	1	0.8	midpoint_Brier	0.02292489892449375	0.02292489892449375	True
2026_all5mer	5mers_A_RNA_sparse_seq_18	1	0.8	midpoint_S	62007.0	62007	True
2026_all5mer	5mers_A_RNA_sparse_seq_18	1	0.8	minimum_S	62007.0	62007	True
2026_all5mer	5mers_A_RNA_sparse_seq_18	1	0.8	maximum_S	62178.0	62178	True
2026_all5mer	5mers_A_RNA_sparse_seq_19	0	0.8	midpoint_Brier	0.03839154854852024	0.03839154854852024	True
2026_all5mer	5mers_A_RNA_sparse_seq_19	0	0.8	midpoint_S	9211.0	9211	True
2026_all5mer	5mers_A_RNA_sparse_seq_19	0	0.8	minimum_S	9211.0	9211	True
2026_all5mer	5mers_A_RNA_sparse_seq_19	0	0.8	maximum_S	9298.0	9298	True
2026_all5mer	5mers_A_RNA_sparse_seq_19	1	0.8	midpoint_Brier	0.03097378551571838	0.03097378551571838	True
2026_all5mer	5mers_A_RNA_sparse_seq_19	1	0.8	midpoint_S	59274.0	59274	True
2026_all5mer	5mers_A_RNA_sparse_seq_19	1	0.8	minimum_S	59274.0	59274	True
2026_all5mer	5mers_A_RNA_sparse_seq_19	1	0.8	maximum_S	59440.0	59440	True
2026_all5mer	5mers_A_RNA_sparse_seq_20	0	0.8	midpoint_Brier	0.09497977032555115	0.09497977032555115	True
2026_all5mer	5mers_A_RNA_sparse_seq_20	0	0.8	midpoint_S	17715.0	17715	True
2026_all5mer	5mers_A_RNA_sparse_seq_20	0	0.8	minimum_S	17715.0	17715	True
2026_all5mer	5mers_A_RNA_sparse_seq_20	0	0.8	maximum_S	17904.0	17904	True
2026_all5mer	5mers_A_RNA_sparse_seq_20	1	0.8	midpoint_Brier	0.0414966323223016	0.0414966323223016	True
2026_all5mer	5mers_A_RNA_sparse_seq_20	1	0.8	midpoint_S	58197.0	58197	True
2026_all5mer	5mers_A_RNA_sparse_seq_20	1	0.8	minimum_S	58197.0	58197	True
2026_all5mer	5mers_A_RNA_sparse_seq_20	1	0.8	maximum_S	58409.0	58409	True
2026_all5mer	5mers_A_RNA_sparse_seq_21	0	0.8	midpoint_Brier	0.048229431841243134	0.048229431841243134	True
2026_all5mer	5mers_A_RNA_sparse_seq_21	0	0.8	midpoint_S	13777.0	13777	True
2026_all5mer	5mers_A_RNA_sparse_seq_21	0	0.8	minimum_S	13777.0	13777	True
2026_all5mer	5mers_A_RNA_sparse_seq_21	0	0.8	maximum_S	13905.0	13905	True
2026_all5mer	5mers_A_RNA_sparse_seq_21	1	0.8	midpoint_Brier	0.02826917833413321	0.02826917833413321	True
2026_all5mer	5mers_A_RNA_sparse_seq_21	1	0.8	midpoint_S	60601.0	60601	True
2026_all5mer	5mers_A_RNA_sparse_seq_21	1	0.8	minimum_S	60601.0	60601	True
2026_all5mer	5mers_A_RNA_sparse_seq_21	1	0.8	maximum_S	60764.0	60764	True
2026_all5mer	5mers_A_RNA_sparse_seq_22	0	0.8	midpoint_Brier	0.06475993704081645	0.06475993704081645	True
2026_all5mer	5mers_A_RNA_sparse_seq_22	0	0.8	midpoint_S	17259.0	17259	True
2026_all5mer	5mers_A_RNA_sparse_seq_22	0	0.8	minimum_S	17259.0	17259	True
2026_all5mer	5mers_A_RNA_sparse_seq_22	0	0.8	maximum_S	17460.0	17460	True
2026_all5mer	5mers_A_RNA_sparse_seq_22	1	0.8	midpoint_Brier	0.05902241198310225	0.05902241198310225	True
2026_all5mer	5mers_A_RNA_sparse_seq_22	1	0.8	midpoint_S	48916.0	48916	True
2026_all5mer	5mers_A_RNA_sparse_seq_22	1	0.8	minimum_S	48916.0	48916	True
2026_all5mer	5mers_A_RNA_sparse_seq_22	1	0.8	maximum_S	49229.0	49229	True
2026_all5mer	5mers_A_RNA_sparse_seq_23	0	0.8	midpoint_Brier	0.06543979243026932	0.06543979243026932	True
2026_all5mer	5mers_A_RNA_sparse_seq_23	0	0.8	midpoint_S	13958.0	13958	True
2026_all5mer	5mers_A_RNA_sparse_seq_23	0	0.8	minimum_S	13958.0	13958	True
2026_all5mer	5mers_A_RNA_sparse_seq_23	0	0.8	maximum_S	14147.0	14147	True
2026_all5mer	5mers_A_RNA_sparse_seq_23	1	0.8	midpoint_Brier	0.03889979659740964	0.03889979659740964	True
2026_all5mer	5mers_A_RNA_sparse_seq_23	1	0.8	midpoint_S	55266.0	55266	True
2026_all5mer	5mers_A_RNA_sparse_seq_23	1	0.8	minimum_S	55266.0	55266	True
2026_all5mer	5mers_A_RNA_sparse_seq_23	1	0.8	maximum_S	55517.0	55517	True
2026_all5mer	5mers_A_RNA_sparse_seq_24	0	0.8	midpoint_Brier	0.06917333999136076	0.06917333999136076	True
2026_all5mer	5mers_A_RNA_sparse_seq_24	0	0.8	midpoint_S	16126.0	16126	True
2026_all5mer	5mers_A_RNA_sparse_seq_24	0	0.8	minimum_S	16126.0	16126	True
2026_all5mer	5mers_A_RNA_sparse_seq_24	0	0.8	maximum_S	16299.0	16299	True
2026_all5mer	5mers_A_RNA_sparse_seq_24	1	0.8	midpoint_Brier	0.027860560783606964	0.027860560783606964	True
2026_all5mer	5mers_A_RNA_sparse_seq_24	1	0.8	midpoint_S	60107.0	60107	True
2026_all5mer	5mers_A_RNA_sparse_seq_24	1	0.8	minimum_S	60107.0	60107	True
2026_all5mer	5mers_A_RNA_sparse_seq_24	1	0.8	maximum_S	60331.0	60331	True
2026_all5mer	5mers_A_RNA_sparse_seq_25	0	0.8	midpoint_Brier	0.048952330495943594	0.048952330495943594	True
2026_all5mer	5mers_A_RNA_sparse_seq_25	0	0.8	midpoint_S	14282.0	14282	True
2026_all5mer	5mers_A_RNA_sparse_seq_25	0	0.8	minimum_S	14282.0	14282	True
2026_all5mer	5mers_A_RNA_sparse_seq_25	0	0.8	maximum_S	14434.0	14434	True
2026_all5mer	5mers_A_RNA_sparse_seq_25	1	0.8	midpoint_Brier	0.05198568459715045	0.05198568459715045	True
2026_all5mer	5mers_A_RNA_sparse_seq_25	1	0.8	midpoint_S	59366.0	59366	True
2026_all5mer	5mers_A_RNA_sparse_seq_25	1	0.8	minimum_S	59366.0	59366	True
2026_all5mer	5mers_A_RNA_sparse_seq_25	1	0.8	maximum_S	59591.0	59591	True
2026_all5mer	5mers_A_RNA_sparse_seq_26	0	0.8	midpoint_Brier	0.03924676084554253	0.03924676084554253	True
2026_all5mer	5mers_A_RNA_sparse_seq_26	0	0.8	midpoint_S	14643.0	14643	True
2026_all5mer	5mers_A_RNA_sparse_seq_26	0	0.8	minimum_S	14643.0	14643	True
2026_all5mer	5mers_A_RNA_sparse_seq_26	0	0.8	maximum_S	14797.0	14797	True
2026_all5mer	5mers_A_RNA_sparse_seq_26	1	0.8	midpoint_Brier	0.03226840686778281	0.03226840686778281	True
2026_all5mer	5mers_A_RNA_sparse_seq_26	1	0.8	midpoint_S	57756.0	57756	True
2026_all5mer	5mers_A_RNA_sparse_seq_26	1	0.8	minimum_S	57756.0	57756	True
2026_all5mer	5mers_A_RNA_sparse_seq_26	1	0.8	maximum_S	57985.0	57985	True
2026_all5mer	5mers_A_RNA_sparse_seq_27	0	0.8	midpoint_Brier	0.04340788417282342	0.04340788417282342	True
2026_all5mer	5mers_A_RNA_sparse_seq_27	0	0.8	midpoint_S	12527.0	12527	True
2026_all5mer	5mers_A_RNA_sparse_seq_27	0	0.8	minimum_S	12527.0	12527	True
2026_all5mer	5mers_A_RNA_sparse_seq_27	0	0.8	maximum_S	12645.0	12645	True
2026_all5mer	5mers_A_RNA_sparse_seq_27	1	0.8	midpoint_Brier	0.028923214840767424	0.028923214840767424	True
2026_all5mer	5mers_A_RNA_sparse_seq_27	1	0.8	midpoint_S	62374.0	62374	True
2026_all5mer	5mers_A_RNA_sparse_seq_27	1	0.8	minimum_S	62374.0	62374	True
2026_all5mer	5mers_A_RNA_sparse_seq_27	1	0.8	maximum_S	62538.0	62538	True
2026_all5mer	5mers_A_RNA_sparse_seq_28	0	0.8	midpoint_Brier	0.026601534600398206	0.026601534600398206	True
2026_all5mer	5mers_A_RNA_sparse_seq_28	0	0.8	midpoint_S	12776.0	12776	True
2026_all5mer	5mers_A_RNA_sparse_seq_28	0	0.8	minimum_S	12776.0	12776	True
2026_all5mer	5mers_A_RNA_sparse_seq_28	0	0.8	maximum_S	12873.0	12873	True
2026_all5mer	5mers_A_RNA_sparse_seq_28	1	0.8	midpoint_Brier	0.04652818480494543	0.04652818480494543	True
2026_all5mer	5mers_A_RNA_sparse_seq_28	1	0.8	midpoint_S	60087.0	60087	True
2026_all5mer	5mers_A_RNA_sparse_seq_28	1	0.8	minimum_S	60087.0	60087	True
2026_all5mer	5mers_A_RNA_sparse_seq_28	1	0.8	maximum_S	60238.0	60238	True
2026_all5mer	5mers_A_RNA_sparse_seq_29	0	0.8	midpoint_Brier	0.05639989205575828	0.05639989205575828	True
2026_all5mer	5mers_A_RNA_sparse_seq_29	0	0.8	midpoint_S	10572.0	10572	True
2026_all5mer	5mers_A_RNA_sparse_seq_29	0	0.8	minimum_S	10572.0	10572	True
2026_all5mer	5mers_A_RNA_sparse_seq_29	0	0.8	maximum_S	10663.0	10663	True
2026_all5mer	5mers_A_RNA_sparse_seq_29	1	0.8	midpoint_Brier	0.019674635867819392	0.019674635867819392	True
2026_all5mer	5mers_A_RNA_sparse_seq_29	1	0.8	midpoint_S	62619.0	62619	True
2026_all5mer	5mers_A_RNA_sparse_seq_29	1	0.8	minimum_S	62619.0	62619	True
2026_all5mer	5mers_A_RNA_sparse_seq_29	1	0.8	maximum_S	62752.0	62752	True
2026_all5mer	5mers_A_RNA_sparse_seq_30	0	0.8	midpoint_Brier	0.028875758558463117	0.028875758558463117	True
2026_all5mer	5mers_A_RNA_sparse_seq_30	0	0.8	midpoint_S	18390.0	18390	True
2026_all5mer	5mers_A_RNA_sparse_seq_30	0	0.8	minimum_S	18390.0	18390	True
2026_all5mer	5mers_A_RNA_sparse_seq_30	0	0.8	maximum_S	18528.0	18528	True
2026_all5mer	5mers_A_RNA_sparse_seq_30	1	0.8	midpoint_Brier	0.05192335018862155	0.05192335018862155	True
2026_all5mer	5mers_A_RNA_sparse_seq_30	1	0.8	midpoint_S	51587.0	51587	True
2026_all5mer	5mers_A_RNA_sparse_seq_30	1	0.8	minimum_S	51587.0	51587	True
2026_all5mer	5mers_A_RNA_sparse_seq_30	1	0.8	maximum_S	51862.0	51862	True
2026_all5mer	5mers_A_RNA_sparse_seq_31	0	0.8	midpoint_Brier	0.043009419936589265	0.043009419936589265	True
2026_all5mer	5mers_A_RNA_sparse_seq_31	0	0.8	midpoint_S	10088.0	10088	True
2026_all5mer	5mers_A_RNA_sparse_seq_31	0	0.8	minimum_S	10088.0	10088	True
2026_all5mer	5mers_A_RNA_sparse_seq_31	0	0.8	maximum_S	10187.0	10187	True
2026_all5mer	5mers_A_RNA_sparse_seq_31	1	0.8	midpoint_Brier	0.02539498931901729	0.02539498931901729	True
2026_all5mer	5mers_A_RNA_sparse_seq_31	1	0.8	midpoint_S	62965.0	62965	True
2026_all5mer	5mers_A_RNA_sparse_seq_31	1	0.8	minimum_S	62965.0	62965	True
2026_all5mer	5mers_A_RNA_sparse_seq_31	1	0.8	maximum_S	63128.0	63128	True
2026_all5mer	5mers_A_RNA_sparse_seq_32	0	0.8	midpoint_Brier	0.06220265855618399	0.06220265855618399	True
2026_all5mer	5mers_A_RNA_sparse_seq_32	0	0.8	midpoint_S	17143.0	17143	True
2026_all5mer	5mers_A_RNA_sparse_seq_32	0	0.8	minimum_S	17143.0	17143	True
2026_all5mer	5mers_A_RNA_sparse_seq_32	0	0.8	maximum_S	17331.0	17331	True
2026_all5mer	5mers_A_RNA_sparse_seq_32	1	0.8	midpoint_Brier	0.0412598108745481	0.0412598108745481	True
2026_all5mer	5mers_A_RNA_sparse_seq_32	1	0.8	midpoint_S	54713.0	54713	True
2026_all5mer	5mers_A_RNA_sparse_seq_32	1	0.8	minimum_S	54713.0	54713	True
2026_all5mer	5mers_A_RNA_sparse_seq_32	1	0.8	maximum_S	54938.0	54938	True
2026_all5mer	ALL	0	0.8	midpoint_Brier	0.050684642501283766	0.050684642501283766	True
2026_all5mer	ALL	0	0.8	midpoint_S	456047.0	456047	True
2026_all5mer	ALL	0	0.8	minimum_S	456047.0	456047	True
2026_all5mer	ALL	0	0.8	maximum_S	460386.0	460386	True
2026_all5mer	ALL	1	0.8	midpoint_Brier	0.03491678962877256	0.03491678962877256	True
2026_all5mer	ALL	1	0.8	midpoint_S	1873456.0	1873456	True
2026_all5mer	ALL	1	0.8	minimum_S	1873456.0	1873456	True
2026_all5mer	ALL	1	0.8	maximum_S	1879998.0	1879998	True
2026_all5mer	5mers_A_RNA_sparse_seq_01	0	0.9	midpoint_Brier	0.029205640735143788	0.029205640735143788	True
2026_all5mer	5mers_A_RNA_sparse_seq_01	0	0.9	midpoint_S	12098.0	12098	True
2026_all5mer	5mers_A_RNA_sparse_seq_01	0	0.9	minimum_S	11755.0	11755	True
2026_all5mer	5mers_A_RNA_sparse_seq_01	0	0.9	maximum_S	12098.0	12098	True
2026_all5mer	5mers_A_RNA_sparse_seq_01	1	0.9	midpoint_Brier	0.018281084254609798	0.018281084254609798	True
2026_all5mer	5mers_A_RNA_sparse_seq_01	1	0.9	midpoint_S	53068.0	53068	True
2026_all5mer	5mers_A_RNA_sparse_seq_01	1	0.9	minimum_S	52700.0	52700	True
2026_all5mer	5mers_A_RNA_sparse_seq_01	1	0.9	maximum_S	53068.0	53068	True
2026_all5mer	5mers_A_RNA_sparse_seq_02	0	0.9	midpoint_Brier	0.02533989330052718	0.02533989330052718	True
2026_all5mer	5mers_A_RNA_sparse_seq_02	0	0.9	midpoint_S	10916.0	10916	True
2026_all5mer	5mers_A_RNA_sparse_seq_02	0	0.9	minimum_S	10600.0	10600	True
2026_all5mer	5mers_A_RNA_sparse_seq_02	0	0.9	maximum_S	10916.0	10916	True
2026_all5mer	5mers_A_RNA_sparse_seq_02	1	0.9	midpoint_Brier	0.022171508380961793	0.022171508380961793	True
2026_all5mer	5mers_A_RNA_sparse_seq_02	1	0.9	midpoint_S	47485.0	47485	True
2026_all5mer	5mers_A_RNA_sparse_seq_02	1	0.9	minimum_S	47040.0	47040	True
2026_all5mer	5mers_A_RNA_sparse_seq_02	1	0.9	maximum_S	47485.0	47485	True
2026_all5mer	5mers_A_RNA_sparse_seq_03	0	0.9	midpoint_Brier	0.03598756630327449	0.03598756630327449	True
2026_all5mer	5mers_A_RNA_sparse_seq_03	0	0.9	midpoint_S	8592.0	8592	True
2026_all5mer	5mers_A_RNA_sparse_seq_03	0	0.9	minimum_S	8276.0	8276	True
2026_all5mer	5mers_A_RNA_sparse_seq_03	0	0.9	maximum_S	8592.0	8592	True
2026_all5mer	5mers_A_RNA_sparse_seq_03	1	0.9	midpoint_Brier	0.014194176220159668	0.014194176220159668	True
2026_all5mer	5mers_A_RNA_sparse_seq_03	1	0.9	midpoint_S	53549.0	53549	True
2026_all5mer	5mers_A_RNA_sparse_seq_03	1	0.9	minimum_S	53192.0	53192	True
2026_all5mer	5mers_A_RNA_sparse_seq_03	1	0.9	maximum_S	53549.0	53549	True
2026_all5mer	5mers_A_RNA_sparse_seq_04	0	0.9	midpoint_Brier	0.06487271796477964	0.06487271796477964	True
2026_all5mer	5mers_A_RNA_sparse_seq_04	0	0.9	midpoint_S	9322.0	9322	True
2026_all5mer	5mers_A_RNA_sparse_seq_04	0	0.9	minimum_S	8987.0	8987	True
2026_all5mer	5mers_A_RNA_sparse_seq_04	0	0.9	maximum_S	9322.0	9322	True
2026_all5mer	5mers_A_RNA_sparse_seq_04	1	0.9	midpoint_Brier	0.01855521094942548	0.01855521094942548	True
2026_all5mer	5mers_A_RNA_sparse_seq_04	1	0.9	midpoint_S	50423.0	50423	True
2026_all5mer	5mers_A_RNA_sparse_seq_04	1	0.9	minimum_S	50024.0	50024	True
2026_all5mer	5mers_A_RNA_sparse_seq_04	1	0.9	maximum_S	50423.0	50423	True
2026_all5mer	5mers_A_RNA_sparse_seq_05	0	0.9	midpoint_Brier	0.03799913535357004	0.03799913535357004	True
2026_all5mer	5mers_A_RNA_sparse_seq_05	0	0.9	midpoint_S	8902.0	8902	True
2026_all5mer	5mers_A_RNA_sparse_seq_05	0	0.9	minimum_S	8590.0	8590	True
2026_all5mer	5mers_A_RNA_sparse_seq_05	0	0.9	maximum_S	8902.0	8902	True
2026_all5mer	5mers_A_RNA_sparse_seq_05	1	0.9	midpoint_Brier	0.0121665251053653	0.0121665251053653	True
2026_all5mer	5mers_A_RNA_sparse_seq_05	1	0.9	midpoint_S	55111.0	55111	True
2026_all5mer	5mers_A_RNA_sparse_seq_05	1	0.9	minimum_S	54754.0	54754	True
2026_all5mer	5mers_A_RNA_sparse_seq_05	1	0.9	maximum_S	55111.0	55111	True
2026_all5mer	5mers_A_RNA_sparse_seq_06	0	0.9	midpoint_Brier	0.02448136779083603	0.02448136779083603	True
2026_all5mer	5mers_A_RNA_sparse_seq_06	0	0.9	midpoint_S	10614.0	10614	True
2026_all5mer	5mers_A_RNA_sparse_seq_06	0	0.9	minimum_S	10306.0	10306	True
2026_all5mer	5mers_A_RNA_sparse_seq_06	0	0.9	maximum_S	10614.0	10614	True
2026_all5mer	5mers_A_RNA_sparse_seq_06	1	0.9	midpoint_Brier	0.019634598583843955	0.019634598583843955	True
2026_all5mer	5mers_A_RNA_sparse_seq_06	1	0.9	midpoint_S	53551.0	53551	True
2026_all5mer	5mers_A_RNA_sparse_seq_06	1	0.9	minimum_S	53179.0	53179	True
2026_all5mer	5mers_A_RNA_sparse_seq_06	1	0.9	maximum_S	53551.0	53551	True
2026_all5mer	5mers_A_RNA_sparse_seq_07	0	0.9	midpoint_Brier	0.033202932185767545	0.033202932185767545	True
2026_all5mer	5mers_A_RNA_sparse_seq_07	0	0.9	midpoint_S	8072.0	8072	True
2026_all5mer	5mers_A_RNA_sparse_seq_07	0	0.9	minimum_S	7756.0	7756	True
2026_all5mer	5mers_A_RNA_sparse_seq_07	0	0.9	maximum_S	8072.0	8072	True
2026_all5mer	5mers_A_RNA_sparse_seq_07	1	0.9	midpoint_Brier	0.019693894411003113	0.019693894411003113	True
2026_all5mer	5mers_A_RNA_sparse_seq_07	1	0.9	midpoint_S	49205.0	49205	True
2026_all5mer	5mers_A_RNA_sparse_seq_07	1	0.9	minimum_S	48843.0	48843	True
2026_all5mer	5mers_A_RNA_sparse_seq_07	1	0.9	maximum_S	49205.0	49205	True
2026_all5mer	5mers_A_RNA_sparse_seq_08	0	0.9	midpoint_Brier	0.03513609634604077	0.03513609634604077	True
2026_all5mer	5mers_A_RNA_sparse_seq_08	0	0.9	midpoint_S	7381.0	7381	True
2026_all5mer	5mers_A_RNA_sparse_seq_08	0	0.9	minimum_S	7157.0	7157	True
2026_all5mer	5mers_A_RNA_sparse_seq_08	0	0.9	maximum_S	7381.0	7381	True
2026_all5mer	5mers_A_RNA_sparse_seq_08	1	0.9	midpoint_Brier	0.015416960705284198	0.015416960705284198	True
2026_all5mer	5mers_A_RNA_sparse_seq_08	1	0.9	midpoint_S	55237.0	55237	True
2026_all5mer	5mers_A_RNA_sparse_seq_08	1	0.9	minimum_S	54910.0	54910	True
2026_all5mer	5mers_A_RNA_sparse_seq_08	1	0.9	maximum_S	55237.0	55237	True
2026_all5mer	5mers_A_RNA_sparse_seq_09	0	0.9	midpoint_Brier	0.01957311154663406	0.01957311154663406	True
2026_all5mer	5mers_A_RNA_sparse_seq_09	0	0.9	midpoint_S	11049.0	11049	True
2026_all5mer	5mers_A_RNA_sparse_seq_09	0	0.9	minimum_S	10807.0	10807	True
2026_all5mer	5mers_A_RNA_sparse_seq_09	0	0.9	maximum_S	11049.0	11049	True
2026_all5mer	5mers_A_RNA_sparse_seq_09	1	0.9	midpoint_Brier	0.021817835760526896	0.021817835760526896	True
2026_all5mer	5mers_A_RNA_sparse_seq_09	1	0.9	midpoint_S	49506.0	49506	True
2026_all5mer	5mers_A_RNA_sparse_seq_09	1	0.9	minimum_S	49110.0	49110	True
2026_all5mer	5mers_A_RNA_sparse_seq_09	1	0.9	maximum_S	49506.0	49506	True
2026_all5mer	5mers_A_RNA_sparse_seq_10	0	0.9	midpoint_Brier	0.03321237308038163	0.03321237308038163	True
2026_all5mer	5mers_A_RNA_sparse_seq_10	0	0.9	midpoint_S	6667.0	6667	True
2026_all5mer	5mers_A_RNA_sparse_seq_10	0	0.9	minimum_S	6437.0	6437	True
2026_all5mer	5mers_A_RNA_sparse_seq_10	0	0.9	maximum_S	6667.0	6667	True
2026_all5mer	5mers_A_RNA_sparse_seq_10	1	0.9	midpoint_Brier	0.009592523776024724	0.009592523776024724	True
2026_all5mer	5mers_A_RNA_sparse_seq_10	1	0.9	midpoint_S	53989.0	53989	True
2026_all5mer	5mers_A_RNA_sparse_seq_10	1	0.9	minimum_S	53731.0	53731	True
2026_all5mer	5mers_A_RNA_sparse_seq_10	1	0.9	maximum_S	53989.0	53989	True
2026_all5mer	5mers_A_RNA_sparse_seq_11	0	0.9	midpoint_Brier	0.02945754606627652	0.02945754606627652	True
2026_all5mer	5mers_A_RNA_sparse_seq_11	0	0.9	midpoint_S	11954.0	11954	True
2026_all5mer	5mers_A_RNA_sparse_seq_11	0	0.9	minimum_S	11682.0	11682	True
2026_all5mer	5mers_A_RNA_sparse_seq_11	0	0.9	maximum_S	11954.0	11954	True
2026_all5mer	5mers_A_RNA_sparse_seq_11	1	0.9	midpoint_Brier	0.0163878221010521	0.0163878221010521	True
2026_all5mer	5mers_A_RNA_sparse_seq_11	1	0.9	midpoint_S	55586.0	55586	True
2026_all5mer	5mers_A_RNA_sparse_seq_11	1	0.9	minimum_S	55266.0	55266	True
2026_all5mer	5mers_A_RNA_sparse_seq_11	1	0.9	maximum_S	55586.0	55586	True
2026_all5mer	5mers_A_RNA_sparse_seq_12	0	0.9	midpoint_Brier	0.05295579266280014	0.05295579266280014	True
2026_all5mer	5mers_A_RNA_sparse_seq_12	0	0.9	midpoint_S	8358.0	8358	True
2026_all5mer	5mers_A_RNA_sparse_seq_12	0	0.9	minimum_S	8088.0	8088	True
2026_all5mer	5mers_A_RNA_sparse_seq_12	0	0.9	maximum_S	8358.0	8358	True
2026_all5mer	5mers_A_RNA_sparse_seq_12	1	0.9	midpoint_Brier	0.015543808697434677	0.015543808697434677	True
2026_all5mer	5mers_A_RNA_sparse_seq_12	1	0.9	midpoint_S	52591.0	52591	True
2026_all5mer	5mers_A_RNA_sparse_seq_12	1	0.9	minimum_S	52188.0	52188	True
2026_all5mer	5mers_A_RNA_sparse_seq_12	1	0.9	maximum_S	52591.0	52591	True
2026_all5mer	5mers_A_RNA_sparse_seq_13	0	0.9	midpoint_Brier	0.04161555115002904	0.04161555115002904	True
2026_all5mer	5mers_A_RNA_sparse_seq_13	0	0.9	midpoint_S	7130.0	7130	True
2026_all5mer	5mers_A_RNA_sparse_seq_13	0	0.9	minimum_S	6915.0	6915	True
2026_all5mer	5mers_A_RNA_sparse_seq_13	0	0.9	maximum_S	7130.0	7130	True
2026_all5mer	5mers_A_RNA_sparse_seq_13	1	0.9	midpoint_Brier	0.012093105816949992	0.012093105816949992	True
2026_all5mer	5mers_A_RNA_sparse_seq_13	1	0.9	midpoint_S	56064.0	56064	True
2026_all5mer	5mers_A_RNA_sparse_seq_13	1	0.9	minimum_S	55763.0	55763	True
2026_all5mer	5mers_A_RNA_sparse_seq_13	1	0.9	maximum_S	56064.0	56064	True
2026_all5mer	5mers_A_RNA_sparse_seq_14	0	0.9	midpoint_Brier	0.027597553199540784	0.027597553199540784	True
2026_all5mer	5mers_A_RNA_sparse_seq_14	0	0.9	midpoint_S	10171.0	10171	True
2026_all5mer	5mers_A_RNA_sparse_seq_14	0	0.9	minimum_S	9912.0	9912	True
2026_all5mer	5mers_A_RNA_sparse_seq_14	0	0.9	maximum_S	10171.0	10171	True
2026_all5mer	5mers_A_RNA_sparse_seq_14	1	0.9	midpoint_Brier	0.013277398497103637	0.013277398497103637	True
2026_all5mer	5mers_A_RNA_sparse_seq_14	1	0.9	midpoint_S	53978.0	53978	True
2026_all5mer	5mers_A_RNA_sparse_seq_14	1	0.9	minimum_S	53680.0	53680	True
2026_all5mer	5mers_A_RNA_sparse_seq_14	1	0.9	maximum_S	53978.0	53978	True
2026_all5mer	5mers_A_RNA_sparse_seq_15	0	0.9	midpoint_Brier	0.044648830736606304	0.044648830736606304	True
2026_all5mer	5mers_A_RNA_sparse_seq_15	0	0.9	midpoint_S	9998.0	9998	True
2026_all5mer	5mers_A_RNA_sparse_seq_15	0	0.9	minimum_S	9575.0	9575	True
2026_all5mer	5mers_A_RNA_sparse_seq_15	0	0.9	maximum_S	9998.0	9998	True
2026_all5mer	5mers_A_RNA_sparse_seq_15	1	0.9	midpoint_Brier	0.029982372338380005	0.029982372338380005	True
2026_all5mer	5mers_A_RNA_sparse_seq_15	1	0.9	midpoint_S	45753.0	45753	True
2026_all5mer	5mers_A_RNA_sparse_seq_15	1	0.9	minimum_S	45313.0	45313	True
2026_all5mer	5mers_A_RNA_sparse_seq_15	1	0.9	maximum_S	45753.0	45753	True
2026_all5mer	5mers_A_RNA_sparse_seq_16	0	0.9	midpoint_Brier	0.030129157483321015	0.030129157483321015	True
2026_all5mer	5mers_A_RNA_sparse_seq_16	0	0.9	midpoint_S	12538.0	12538	True
2026_all5mer	5mers_A_RNA_sparse_seq_16	0	0.9	minimum_S	12180.0	12180	True
2026_all5mer	5mers_A_RNA_sparse_seq_16	0	0.9	maximum_S	12538.0	12538	True
2026_all5mer	5mers_A_RNA_sparse_seq_16	1	0.9	midpoint_Brier	0.022776811728968987	0.022776811728968987	True
2026_all5mer	5mers_A_RNA_sparse_seq_16	1	0.9	midpoint_S	47906.0	47906	True
2026_all5mer	5mers_A_RNA_sparse_seq_16	1	0.9	minimum_S	47499.0	47499	True
2026_all5mer	5mers_A_RNA_sparse_seq_16	1	0.9	maximum_S	47906.0	47906	True
2026_all5mer	5mers_A_RNA_sparse_seq_17	0	0.9	midpoint_Brier	0.02530397512318302	0.02530397512318302	True
2026_all5mer	5mers_A_RNA_sparse_seq_17	0	0.9	midpoint_S	11190.0	11190	True
2026_all5mer	5mers_A_RNA_sparse_seq_17	0	0.9	minimum_S	10994.0	10994	True
2026_all5mer	5mers_A_RNA_sparse_seq_17	0	0.9	maximum_S	11190.0	11190	True
2026_all5mer	5mers_A_RNA_sparse_seq_17	1	0.9	midpoint_Brier	0.012538243182299378	0.012538243182299378	True
2026_all5mer	5mers_A_RNA_sparse_seq_17	1	0.9	midpoint_S	53107.0	53107	True
2026_all5mer	5mers_A_RNA_sparse_seq_17	1	0.9	minimum_S	52782.0	52782	True
2026_all5mer	5mers_A_RNA_sparse_seq_17	1	0.9	maximum_S	53107.0	53107	True
2026_all5mer	5mers_A_RNA_sparse_seq_18	0	0.9	midpoint_Brier	0.041632080792487786	0.041632080792487786	True
2026_all5mer	5mers_A_RNA_sparse_seq_18	0	0.9	midpoint_S	8544.0	8544	True
2026_all5mer	5mers_A_RNA_sparse_seq_18	0	0.9	minimum_S	8255.0	8255	True
2026_all5mer	5mers_A_RNA_sparse_seq_18	0	0.9	maximum_S	8544.0	8544	True
2026_all5mer	5mers_A_RNA_sparse_seq_18	1	0.9	midpoint_Brier	0.011433578224729174	0.011433578224729174	True
2026_all5mer	5mers_A_RNA_sparse_seq_18	1	0.9	midpoint_S	56344.0	56344	True
2026_all5mer	5mers_A_RNA_sparse_seq_18	1	0.9	minimum_S	55995.0	55995	True
2026_all5mer	5mers_A_RNA_sparse_seq_18	1	0.9	maximum_S	56344.0	56344	True
2026_all5mer	5mers_A_RNA_sparse_seq_19	0	0.9	midpoint_Brier	0.02919563637782491	0.02919563637782491	True
2026_all5mer	5mers_A_RNA_sparse_seq_19	0	0.9	midpoint_S	6049.0	6049	True
2026_all5mer	5mers_A_RNA_sparse_seq_19	0	0.9	minimum_S	5872.0	5872	True
2026_all5mer	5mers_A_RNA_sparse_seq_19	0	0.9	maximum_S	6049.0	6049	True
2026_all5mer	5mers_A_RNA_sparse_seq_19	1	0.9	midpoint_Brier	0.014105737602637348	0.014105737602637348	True
2026_all5mer	5mers_A_RNA_sparse_seq_19	1	0.9	midpoint_S	54101.0	54101	True
2026_all5mer	5mers_A_RNA_sparse_seq_19	1	0.9	minimum_S	53836.0	53836	True
2026_all5mer	5mers_A_RNA_sparse_seq_19	1	0.9	maximum_S	54101.0	54101	True
2026_all5mer	5mers_A_RNA_sparse_seq_20	0	0.9	midpoint_Brier	0.08465717596997778	0.08465717596997778	True
2026_all5mer	5mers_A_RNA_sparse_seq_20	0	0.9	midpoint_S	10997.0	10997	True
2026_all5mer	5mers_A_RNA_sparse_seq_20	0	0.9	minimum_S	10604.0	10604	True
2026_all5mer	5mers_A_RNA_sparse_seq_20	0	0.9	maximum_S	10997.0	10997	True
2026_all5mer	5mers_A_RNA_sparse_seq_20	1	0.9	midpoint_Brier	0.0215503583910942	0.0215503583910942	True
2026_all5mer	5mers_A_RNA_sparse_seq_20	1	0.9	midpoint_S	50668.0	50668	True
2026_all5mer	5mers_A_RNA_sparse_seq_20	1	0.9	minimum_S	50274.0	50274	True
2026_all5mer	5mers_A_RNA_sparse_seq_20	1	0.9	maximum_S	50668.0	50668	True
2026_all5mer	5mers_A_RNA_sparse_seq_21	0	0.9	midpoint_Brier	0.034268349008291246	0.034268349008291246	True
2026_all5mer	5mers_A_RNA_sparse_seq_21	0	0.9	midpoint_S	9220.0	9220	True
2026_all5mer	5mers_A_RNA_sparse_seq_21	0	0.9	minimum_S	8945.0	8945	True
2026_all5mer	5mers_A_RNA_sparse_seq_21	0	0.9	maximum_S	9220.0	9220	True
2026_all5mer	5mers_A_RNA_sparse_seq_21	1	0.9	midpoint_Brier	0.013838789902550892	0.013838789902550892	True
2026_all5mer	5mers_A_RNA_sparse_seq_21	1	0.9	midpoint_S	54876.0	54876	True
2026_all5mer	5mers_A_RNA_sparse_seq_21	1	0.9	minimum_S	54556.0	54556	True
2026_all5mer	5mers_A_RNA_sparse_seq_21	1	0.9	maximum_S	54876.0	54876	True
2026_all5mer	5mers_A_RNA_sparse_seq_22	0	0.9	midpoint_Brier	0.049934629809169115	0.049934629809169115	True
2026_all5mer	5mers_A_RNA_sparse_seq_22	0	0.9	midpoint_S	10771.0	10771	True
2026_all5mer	5mers_A_RNA_sparse_seq_22	0	0.9	minimum_S	10409.0	10409	True
2026_all5mer	5mers_A_RNA_sparse_seq_22	0	0.9	maximum_S	10771.0	10771	True
2026_all5mer	5mers_A_RNA_sparse_seq_22	1	0.9	midpoint_Brier	0.033444394590864436	0.033444394590864436	True
2026_all5mer	5mers_A_RNA_sparse_seq_22	1	0.9	midpoint_S	39438.0	39438	True
2026_all5mer	5mers_A_RNA_sparse_seq_22	1	0.9	minimum_S	38901.0	38901	True
2026_all5mer	5mers_A_RNA_sparse_seq_22	1	0.9	maximum_S	39438.0	39438	True
2026_all5mer	5mers_A_RNA_sparse_seq_23	0	0.9	midpoint_Brier	0.051209604508262965	0.051209604508262965	True
2026_all5mer	5mers_A_RNA_sparse_seq_23	0	0.9	midpoint_S	8277.0	8277	True
2026_all5mer	5mers_A_RNA_sparse_seq_23	0	0.9	minimum_S	7891.0	7891	True
2026_all5mer	5mers_A_RNA_sparse_seq_23	0	0.9	maximum_S	8277.0	8277	True
2026_all5mer	5mers_A_RNA_sparse_seq_23	1	0.9	midpoint_Brier	0.01807348196736069	0.01807348196736069	True
2026_all5mer	5mers_A_RNA_sparse_seq_23	1	0.9	midpoint_S	47119.0	47119	True
2026_all5mer	5mers_A_RNA_sparse_seq_23	1	0.9	minimum_S	46716.0	46716	True
2026_all5mer	5mers_A_RNA_sparse_seq_23	1	0.9	maximum_S	47119.0	47119	True
2026_all5mer	5mers_A_RNA_sparse_seq_24	0	0.9	midpoint_Brier	0.04980427427565909	0.04980427427565909	True
2026_all5mer	5mers_A_RNA_sparse_seq_24	0	0.9	midpoint_S	10127.0	10127	True
2026_all5mer	5mers_A_RNA_sparse_seq_24	0	0.9	minimum_S	9782.0	9782	True
2026_all5mer	5mers_A_RNA_sparse_seq_24	0	0.9	maximum_S	10127.0	10127	True
2026_all5mer	5mers_A_RNA_sparse_seq_24	1	0.9	midpoint_Brier	0.013889141689179254	0.013889141689179254	True
2026_all5mer	5mers_A_RNA_sparse_seq_24	1	0.9	midpoint_S	53344.0	53344	True
2026_all5mer	5mers_A_RNA_sparse_seq_24	1	0.9	minimum_S	52958.0	52958	True
2026_all5mer	5mers_A_RNA_sparse_seq_24	1	0.9	maximum_S	53344.0	53344	True
2026_all5mer	5mers_A_RNA_sparse_seq_25	0	0.9	midpoint_Brier	0.03551946648691148	0.03551946648691148	True
2026_all5mer	5mers_A_RNA_sparse_seq_25	0	0.9	midpoint_S	9013.0	9013	True
2026_all5mer	5mers_A_RNA_sparse_seq_25	0	0.9	minimum_S	8702.0	8702	True
2026_all5mer	5mers_A_RNA_sparse_seq_25	0	0.9	maximum_S	9013.0	9013	True
2026_all5mer	5mers_A_RNA_sparse_seq_25	1	0.9	midpoint_Brier	0.027347775339407045	0.027347775339407045	True
2026_all5mer	5mers_A_RNA_sparse_seq_25	1	0.9	midpoint_S	52591.0	52591	True
2026_all5mer	5mers_A_RNA_sparse_seq_25	1	0.9	minimum_S	52241.0	52241	True
2026_all5mer	5mers_A_RNA_sparse_seq_25	1	0.9	maximum_S	52591.0	52591	True
2026_all5mer	5mers_A_RNA_sparse_seq_26	0	0.9	midpoint_Brier	0.024309027303916396	0.024309027303916396	True
2026_all5mer	5mers_A_RNA_sparse_seq_26	0	0.9	midpoint_S	9739.0	9739	True
2026_all5mer	5mers_A_RNA_sparse_seq_26	0	0.9	minimum_S	9427.0	9427	True
2026_all5mer	5mers_A_RNA_sparse_seq_26	0	0.9	maximum_S	9739.0	9739	True
2026_all5mer	5mers_A_RNA_sparse_seq_26	1	0.9	midpoint_Brier	0.015166651040910615	0.015166651040910615	True
2026_all5mer	5mers_A_RNA_sparse_seq_26	1	0.9	midpoint_S	50590.0	50590	True
2026_all5mer	5mers_A_RNA_sparse_seq_26	1	0.9	minimum_S	50168.0	50168	True
2026_all5mer	5mers_A_RNA_sparse_seq_26	1	0.9	maximum_S	50590.0	50590	True
2026_all5mer	5mers_A_RNA_sparse_seq_27	0	0.9	midpoint_Brier	0.030818489340955456	0.030818489340955456	True
2026_all5mer	5mers_A_RNA_sparse_seq_27	0	0.9	midpoint_S	8310.0	8310	True
2026_all5mer	5mers_A_RNA_sparse_seq_27	0	0.9	minimum_S	8057.0	8057	True
2026_all5mer	5mers_A_RNA_sparse_seq_27	0	0.9	maximum_S	8310.0	8310	True
2026_all5mer	5mers_A_RNA_sparse_seq_27	1	0.9	midpoint_Brier	0.013749849421550586	0.013749849421550586	True
2026_all5mer	5mers_A_RNA_sparse_seq_27	1	0.9	midpoint_S	56496.0	56496	True
2026_all5mer	5mers_A_RNA_sparse_seq_27	1	0.9	minimum_S	56152.0	56152	True
2026_all5mer	5mers_A_RNA_sparse_seq_27	1	0.9	maximum_S	56496.0	56496	True
2026_all5mer	5mers_A_RNA_sparse_seq_28	0	0.9	midpoint_Brier	0.015788629752438086	0.015788629752438086	True
2026_all5mer	5mers_A_RNA_sparse_seq_28	0	0.9	midpoint_S	9408.0	9408	True
2026_all5mer	5mers_A_RNA_sparse_seq_28	0	0.9	minimum_S	9222.0	9222	True
2026_all5mer	5mers_A_RNA_sparse_seq_28	0	0.9	maximum_S	9408.0	9408	True
2026_all5mer	5mers_A_RNA_sparse_seq_28	1	0.9	midpoint_Brier	0.02904106084233048	0.02904106084233048	True
2026_all5mer	5mers_A_RNA_sparse_seq_28	1	0.9	midpoint_S	54999.0	54999	True
2026_all5mer	5mers_A_RNA_sparse_seq_28	1	0.9	minimum_S	54704.0	54704	True
2026_all5mer	5mers_A_RNA_sparse_seq_28	1	0.9	maximum_S	54999.0	54999	True
2026_all5mer	5mers_A_RNA_sparse_seq_29	0	0.9	midpoint_Brier	0.04354148922751819	0.04354148922751819	True
2026_all5mer	5mers_A_RNA_sparse_seq_29	0	0.9	midpoint_S	6971.0	6971	True
2026_all5mer	5mers_A_RNA_sparse_seq_29	0	0.9	minimum_S	6745.0	6745	True
2026_all5mer	5mers_A_RNA_sparse_seq_29	0	0.9	maximum_S	6971.0	6971	True
2026_all5mer	5mers_A_RNA_sparse_seq_29	1	0.9	midpoint_Brier	0.009326160756813343	0.009326160756813343	True
2026_all5mer	5mers_A_RNA_sparse_seq_29	1	0.9	midpoint_S	57916.0	57916	True
2026_all5mer	5mers_A_RNA_sparse_seq_29	1	0.9	minimum_S	57629.0	57629	True
2026_all5mer	5mers_A_RNA_sparse_seq_29	1	0.9	maximum_S	57916.0	57916	True
2026_all5mer	5mers_A_RNA_sparse_seq_30	0	0.9	midpoint_Brier	0.017759932620350558	0.017759932620350558	True
2026_all5mer	5mers_A_RNA_sparse_seq_30	0	0.9	midpoint_S	13353.0	13353	True
2026_all5mer	5mers_A_RNA_sparse_seq_30	0	0.9	minimum_S	13052.0	13052	True
2026_all5mer	5mers_A_RNA_sparse_seq_30	0	0.9	maximum_S	13353.0	13353	True
2026_all5mer	5mers_A_RNA_sparse_seq_30	1	0.9	midpoint_Brier	0.029051686643135826	0.029051686643135826	True
2026_all5mer	5mers_A_RNA_sparse_seq_30	1	0.9	midpoint_S	43538.0	43538	True
2026_all5mer	5mers_A_RNA_sparse_seq_30	1	0.9	minimum_S	43070.0	43070	True
2026_all5mer	5mers_A_RNA_sparse_seq_30	1	0.9	maximum_S	43538.0	43538	True
2026_all5mer	5mers_A_RNA_sparse_seq_31	0	0.9	midpoint_Brier	0.029315104989478306	0.029315104989478306	True
2026_all5mer	5mers_A_RNA_sparse_seq_31	0	0.9	midpoint_S	6639.0	6639	True
2026_all5mer	5mers_A_RNA_sparse_seq_31	0	0.9	minimum_S	6440.0	6440	True
2026_all5mer	5mers_A_RNA_sparse_seq_31	0	0.9	maximum_S	6639.0	6639	True
2026_all5mer	5mers_A_RNA_sparse_seq_31	1	0.9	midpoint_Brier	0.013252936376740134	0.013252936376740134	True
2026_all5mer	5mers_A_RNA_sparse_seq_31	1	0.9	midpoint_S	57771.0	57771	True
2026_all5mer	5mers_A_RNA_sparse_seq_31	1	0.9	minimum_S	57459.0	57459	True
2026_all5mer	5mers_A_RNA_sparse_seq_31	1	0.9	maximum_S	57771.0	57771	True
2026_all5mer	5mers_A_RNA_sparse_seq_32	0	0.9	midpoint_Brier	0.04787640412465612	0.04787640412465612	True
2026_all5mer	5mers_A_RNA_sparse_seq_32	0	0.9	midpoint_S	10428.0	10428	True
2026_all5mer	5mers_A_RNA_sparse_seq_32	0	0.9	minimum_S	10022.0	10022	True
2026_all5mer	5mers_A_RNA_sparse_seq_32	0	0.9	maximum_S	10428.0	10428	True
2026_all5mer	5mers_A_RNA_sparse_seq_32	1	0.9	midpoint_Brier	0.019801343479896736	0.019801343479896736	True
2026_all5mer	5mers_A_RNA_sparse_seq_32	1	0.9	midpoint_S	46792.0	46792	True
2026_all5mer	5mers_A_RNA_sparse_seq_32	1	0.9	minimum_S	46357.0	46357	True
2026_all5mer	5mers_A_RNA_sparse_seq_32	1	0.9	maximum_S	46792.0	46792	True
2026_all5mer	ALL	0	0.9	midpoint_Brier	0.036419993449271916	0.036419993449271916	True
2026_all5mer	ALL	0	0.9	midpoint_S	302798.0	302798	True
2026_all5mer	ALL	0	0.9	minimum_S	293442.0	293442	True
2026_all5mer	ALL	0	0.9	maximum_S	302798.0	302798	True
2026_all5mer	ALL	1	0.9	midpoint_Brier	0.017656914591142544	0.017656914591142544	True
2026_all5mer	ALL	1	0.9	midpoint_S	1662692.0	1662692	True
2026_all5mer	ALL	1	0.9	minimum_S	1650990.0	1650990	True
2026_all5mer	ALL	1	0.9	maximum_S	1662692.0	1662692	True
2026_all5mer	5mers_A_RNA_sparse_seq_01	0	0.95	midpoint_Brier	0.0302365860003282	0.0302365860003282	True
2026_all5mer	5mers_A_RNA_sparse_seq_01	0	0.95	midpoint_S	5957.0	5957	True
2026_all5mer	5mers_A_RNA_sparse_seq_01	0	0.95	minimum_S	5173.0	5173	True
2026_all5mer	5mers_A_RNA_sparse_seq_01	0	0.95	maximum_S	5957.0	5957	True
2026_all5mer	5mers_A_RNA_sparse_seq_01	1	0.95	midpoint_Brier	0.0055832996654067235	0.0055832996654067235	True
2026_all5mer	5mers_A_RNA_sparse_seq_01	1	0.95	midpoint_S	46472.0	46472	True
2026_all5mer	5mers_A_RNA_sparse_seq_01	1	0.95	minimum_S	45659.0	45659	True
2026_all5mer	5mers_A_RNA_sparse_seq_01	1	0.95	maximum_S	46472.0	46472	True
2026_all5mer	5mers_A_RNA_sparse_seq_02	0	0.95	midpoint_Brier	0.023702634514058043	0.023702634514058043	True
2026_all5mer	5mers_A_RNA_sparse_seq_02	0	0.95	midpoint_S	5260.0	5260	True
2026_all5mer	5mers_A_RNA_sparse_seq_02	0	0.95	minimum_S	4572.0	4572	True
2026_all5mer	5mers_A_RNA_sparse_seq_02	0	0.95	maximum_S	5260.0	5260	True
2026_all5mer	5mers_A_RNA_sparse_seq_02	1	0.95	midpoint_Brier	0.005495580643664099	0.005495580643664099	True
2026_all5mer	5mers_A_RNA_sparse_seq_02	1	0.95	midpoint_S	40272.0	40272	True
2026_all5mer	5mers_A_RNA_sparse_seq_02	1	0.95	minimum_S	39476.0	39476	True
2026_all5mer	5mers_A_RNA_sparse_seq_02	1	0.95	maximum_S	40272.0	40272	True
2026_all5mer	5mers_A_RNA_sparse_seq_03	0	0.95	midpoint_Brier	0.04700124440250936	0.04700124440250936	True
2026_all5mer	5mers_A_RNA_sparse_seq_03	0	0.95	midpoint_S	2972.0	2972	True
2026_all5mer	5mers_A_RNA_sparse_seq_03	0	0.95	minimum_S	2225.0	2225	True
2026_all5mer	5mers_A_RNA_sparse_seq_03	0	0.95	maximum_S	2972.0	2972	True
2026_all5mer	5mers_A_RNA_sparse_seq_03	1	0.95	midpoint_Brier	0.0036303965034582093	0.0036303965034582093	True
2026_all5mer	5mers_A_RNA_sparse_seq_03	1	0.95	midpoint_S	47080.0	47080	True
2026_all5mer	5mers_A_RNA_sparse_seq_03	1	0.95	minimum_S	46300.0	46300	True
2026_all5mer	5mers_A_RNA_sparse_seq_03	1	0.95	maximum_S	47080.0	47080	True
2026_all5mer	5mers_A_RNA_sparse_seq_04	0	0.95	midpoint_Brier	0.09251798749882169	0.09251798749882169	True
2026_all5mer	5mers_A_RNA_sparse_seq_04	0	0.95	midpoint_S	3398.0	3398	True
2026_all5mer	5mers_A_RNA_sparse_seq_04	0	0.95	minimum_S	2666.0	2666	True
2026_all5mer	5mers_A_RNA_sparse_seq_04	0	0.95	maximum_S	3398.0	3398	True
2026_all5mer	5mers_A_RNA_sparse_seq_04	1	0.95	midpoint_Brier	0.00364984253102825	0.00364984253102825	True
2026_all5mer	5mers_A_RNA_sparse_seq_04	1	0.95	midpoint_S	43713.0	43713	True
2026_all5mer	5mers_A_RNA_sparse_seq_04	1	0.95	minimum_S	42962.0	42962	True
2026_all5mer	5mers_A_RNA_sparse_seq_04	1	0.95	maximum_S	43713.0	43713	True
2026_all5mer	5mers_A_RNA_sparse_seq_05	0	0.95	midpoint_Brier	0.043868743074713605	0.043868743074713605	True
2026_all5mer	5mers_A_RNA_sparse_seq_05	0	0.95	midpoint_S	3268.0	3268	True
2026_all5mer	5mers_A_RNA_sparse_seq_05	0	0.95	minimum_S	2612.0	2612	True
2026_all5mer	5mers_A_RNA_sparse_seq_05	0	0.95	maximum_S	3268.0	3268	True
2026_all5mer	5mers_A_RNA_sparse_seq_05	1	0.95	midpoint_Brier	0.002938885004404074	0.002938885004404074	True
2026_all5mer	5mers_A_RNA_sparse_seq_05	1	0.95	midpoint_S	48814.0	48814	True
2026_all5mer	5mers_A_RNA_sparse_seq_05	1	0.95	minimum_S	48099.0	48099	True
2026_all5mer	5mers_A_RNA_sparse_seq_05	1	0.95	maximum_S	48814.0	48814	True
2026_all5mer	5mers_A_RNA_sparse_seq_06	0	0.95	midpoint_Brier	0.018436903241036952	0.018436903241036952	True
2026_all5mer	5mers_A_RNA_sparse_seq_06	0	0.95	midpoint_S	5568.0	5568	True
2026_all5mer	5mers_A_RNA_sparse_seq_06	0	0.95	minimum_S	4931.0	4931	True
2026_all5mer	5mers_A_RNA_sparse_seq_06	0	0.95	maximum_S	5568.0	5568	True
2026_all5mer	5mers_A_RNA_sparse_seq_06	1	0.95	midpoint_Brier	0.006452685491492988	0.006452685491492988	True
2026_all5mer	5mers_A_RNA_sparse_seq_06	1	0.95	midpoint_S	46728.0	46728	True
2026_all5mer	5mers_A_RNA_sparse_seq_06	1	0.95	minimum_S	45938.0	45938	True
2026_all5mer	5mers_A_RNA_sparse_seq_06	1	0.95	maximum_S	46728.0	46728	True
2026_all5mer	5mers_A_RNA_sparse_seq_07	0	0.95	midpoint_Brier	0.04514378739291147	0.04514378739291147	True
2026_all5mer	5mers_A_RNA_sparse_seq_07	0	0.95	midpoint_S	2578.0	2578	True
2026_all5mer	5mers_A_RNA_sparse_seq_07	0	0.95	minimum_S	1933.0	1933	True
2026_all5mer	5mers_A_RNA_sparse_seq_07	0	0.95	maximum_S	2578.0	2578	True
2026_all5mer	5mers_A_RNA_sparse_seq_07	1	0.95	midpoint_Brier	0.0047144788829246356	0.0047144788829246356	True
2026_all5mer	5mers_A_RNA_sparse_seq_07	1	0.95	midpoint_S	43056.0	43056	True
2026_all5mer	5mers_A_RNA_sparse_seq_07	1	0.95	minimum_S	42351.0	42351	True
2026_all5mer	5mers_A_RNA_sparse_seq_07	1	0.95	maximum_S	43056.0	43056	True
2026_all5mer	5mers_A_RNA_sparse_seq_08	0	0.95	midpoint_Brier	0.0353498343819625	0.0353498343819625	True
2026_all5mer	5mers_A_RNA_sparse_seq_08	0	0.95	midpoint_S	3233.0	3233	True
2026_all5mer	5mers_A_RNA_sparse_seq_08	0	0.95	minimum_S	2730.0	2730	True
2026_all5mer	5mers_A_RNA_sparse_seq_08	0	0.95	maximum_S	3233.0	3233	True
2026_all5mer	5mers_A_RNA_sparse_seq_08	1	0.95	midpoint_Brier	0.0037632825051219588	0.0037632825051219588	True
2026_all5mer	5mers_A_RNA_sparse_seq_08	1	0.95	midpoint_S	49227.0	49227	True
2026_all5mer	5mers_A_RNA_sparse_seq_08	1	0.95	minimum_S	48523.0	48523	True
2026_all5mer	5mers_A_RNA_sparse_seq_08	1	0.95	maximum_S	49227.0	49227	True
2026_all5mer	5mers_A_RNA_sparse_seq_09	0	0.95	midpoint_Brier	0.015737178686174014	0.015737178686174014	True
2026_all5mer	5mers_A_RNA_sparse_seq_09	0	0.95	midpoint_S	6428.0	6428	True
2026_all5mer	5mers_A_RNA_sparse_seq_09	0	0.95	minimum_S	5812.0	5812	True
2026_all5mer	5mers_A_RNA_sparse_seq_09	0	0.95	maximum_S	6428.0	6428	True
2026_all5mer	5mers_A_RNA_sparse_seq_09	1	0.95	midpoint_Brier	0.006006674247699852	0.006006674247699852	True
2026_all5mer	5mers_A_RNA_sparse_seq_09	1	0.95	midpoint_S	42662.0	42662	True
2026_all5mer	5mers_A_RNA_sparse_seq_09	1	0.95	minimum_S	41897.0	41897	True
2026_all5mer	5mers_A_RNA_sparse_seq_09	1	0.95	maximum_S	42662.0	42662	True
2026_all5mer	5mers_A_RNA_sparse_seq_10	0	0.95	midpoint_Brier	0.05357482775914704	0.05357482775914704	True
2026_all5mer	5mers_A_RNA_sparse_seq_10	0	0.95	midpoint_S	2046.0	2046	True
2026_all5mer	5mers_A_RNA_sparse_seq_10	0	0.95	minimum_S	1477.0	1477	True
2026_all5mer	5mers_A_RNA_sparse_seq_10	0	0.95	maximum_S	2046.0	2046	True
2026_all5mer	5mers_A_RNA_sparse_seq_10	1	0.95	midpoint_Brier	0.0026921919416746875	0.0026921919416746875	True
2026_all5mer	5mers_A_RNA_sparse_seq_10	1	0.95	midpoint_S	49156.0	49156	True
2026_all5mer	5mers_A_RNA_sparse_seq_10	1	0.95	minimum_S	48554.0	48554	True
2026_all5mer	5mers_A_RNA_sparse_seq_10	1	0.95	maximum_S	49156.0	49156	True
2026_all5mer	5mers_A_RNA_sparse_seq_11	0	0.95	midpoint_Brier	0.02315229192338977	0.02315229192338977	True
2026_all5mer	5mers_A_RNA_sparse_seq_11	0	0.95	midpoint_S	6416.0	6416	True
2026_all5mer	5mers_A_RNA_sparse_seq_11	0	0.95	minimum_S	5700.0	5700	True
2026_all5mer	5mers_A_RNA_sparse_seq_11	0	0.95	maximum_S	6416.0	6416	True
2026_all5mer	5mers_A_RNA_sparse_seq_11	1	0.95	midpoint_Brier	0.006280588169290562	0.006280588169290562	True
2026_all5mer	5mers_A_RNA_sparse_seq_11	1	0.95	midpoint_S	49500.0	49500	True
2026_all5mer	5mers_A_RNA_sparse_seq_11	1	0.95	minimum_S	48768.0	48768	True
2026_all5mer	5mers_A_RNA_sparse_seq_11	1	0.95	maximum_S	49500.0	49500	True
2026_all5mer	5mers_A_RNA_sparse_seq_12	0	0.95	midpoint_Brier	0.06808378008338108	0.06808378008338108	True
2026_all5mer	5mers_A_RNA_sparse_seq_12	0	0.95	midpoint_S	3205.0	3205	True
2026_all5mer	5mers_A_RNA_sparse_seq_12	0	0.95	minimum_S	2576.0	2576	True
2026_all5mer	5mers_A_RNA_sparse_seq_12	0	0.95	maximum_S	3205.0	3205	True
2026_all5mer	5mers_A_RNA_sparse_seq_12	1	0.95	midpoint_Brier	0.004608345750833697	0.004608345750833697	True
2026_all5mer	5mers_A_RNA_sparse_seq_12	1	0.95	midpoint_S	45887.0	45887	True
2026_all5mer	5mers_A_RNA_sparse_seq_12	1	0.95	minimum_S	45063.0	45063	True
2026_all5mer	5mers_A_RNA_sparse_seq_12	1	0.95	maximum_S	45887.0	45887	True
2026_all5mer	5mers_A_RNA_sparse_seq_13	0	0.95	midpoint_Brier	0.04772380885639113	0.04772380885639113	True
2026_all5mer	5mers_A_RNA_sparse_seq_13	0	0.95	midpoint_S	2956.0	2956	True
2026_all5mer	5mers_A_RNA_sparse_seq_13	0	0.95	minimum_S	2426.0	2426	True
2026_all5mer	5mers_A_RNA_sparse_seq_13	0	0.95	maximum_S	2956.0	2956	True
2026_all5mer	5mers_A_RNA_sparse_seq_13	1	0.95	midpoint_Brier	0.0028568716434953585	0.0028568716434953585	True
2026_all5mer	5mers_A_RNA_sparse_seq_13	1	0.95	midpoint_S	51224.0	51224	True
2026_all5mer	5mers_A_RNA_sparse_seq_13	1	0.95	minimum_S	50626.0	50626	True
2026_all5mer	5mers_A_RNA_sparse_seq_13	1	0.95	maximum_S	51224.0	51224	True
2026_all5mer	5mers_A_RNA_sparse_seq_14	0	0.95	midpoint_Brier	0.023231026904830514	0.023231026904830514	True
2026_all5mer	5mers_A_RNA_sparse_seq_14	0	0.95	midpoint_S	5307.0	5307	True
2026_all5mer	5mers_A_RNA_sparse_seq_14	0	0.95	minimum_S	4706.0	4706	True
2026_all5mer	5mers_A_RNA_sparse_seq_14	0	0.95	maximum_S	5307.0	5307	True
2026_all5mer	5mers_A_RNA_sparse_seq_14	1	0.95	midpoint_Brier	0.003547924456818734	0.003547924456818734	True
2026_all5mer	5mers_A_RNA_sparse_seq_14	1	0.95	midpoint_S	48250.0	48250	True
2026_all5mer	5mers_A_RNA_sparse_seq_14	1	0.95	minimum_S	47558.0	47558	True
2026_all5mer	5mers_A_RNA_sparse_seq_14	1	0.95	maximum_S	48250.0	48250	True
2026_all5mer	5mers_A_RNA_sparse_seq_15	0	0.95	midpoint_Brier	0.06225170063274863	0.06225170063274863	True
2026_all5mer	5mers_A_RNA_sparse_seq_15	0	0.95	midpoint_S	2905.0	2905	True
2026_all5mer	5mers_A_RNA_sparse_seq_15	0	0.95	minimum_S	2056.0	2056	True
2026_all5mer	5mers_A_RNA_sparse_seq_15	0	0.95	maximum_S	2905.0	2905	True
2026_all5mer	5mers_A_RNA_sparse_seq_15	1	0.95	midpoint_Brier	0.010650092202971624	0.010650092202971624	True
2026_all5mer	5mers_A_RNA_sparse_seq_15	1	0.95	midpoint_S	38241.0	38241	True
2026_all5mer	5mers_A_RNA_sparse_seq_15	1	0.95	minimum_S	37425.0	37425	True
2026_all5mer	5mers_A_RNA_sparse_seq_15	1	0.95	maximum_S	38241.0	38241	True
2026_all5mer	5mers_A_RNA_sparse_seq_16	0	0.95	midpoint_Brier	0.025726401757614814	0.025726401757614814	True
2026_all5mer	5mers_A_RNA_sparse_seq_16	0	0.95	midpoint_S	6175.0	6175	True
2026_all5mer	5mers_A_RNA_sparse_seq_16	0	0.95	minimum_S	5449.0	5449	True
2026_all5mer	5mers_A_RNA_sparse_seq_16	0	0.95	maximum_S	6175.0	6175	True
2026_all5mer	5mers_A_RNA_sparse_seq_16	1	0.95	midpoint_Brier	0.008041036061463726	0.008041036061463726	True
2026_all5mer	5mers_A_RNA_sparse_seq_16	1	0.95	midpoint_S	40952.0	40952	True
2026_all5mer	5mers_A_RNA_sparse_seq_16	1	0.95	minimum_S	40141.0	40141	True
2026_all5mer	5mers_A_RNA_sparse_seq_16	1	0.95	maximum_S	40952.0	40952	True
2026_all5mer	5mers_A_RNA_sparse_seq_17	0	0.95	midpoint_Brier	0.01979926234202978	0.01979926234202978	True
2026_all5mer	5mers_A_RNA_sparse_seq_17	0	0.95	midpoint_S	7346.0	7346	True
2026_all5mer	5mers_A_RNA_sparse_seq_17	0	0.95	minimum_S	6862.0	6862	True
2026_all5mer	5mers_A_RNA_sparse_seq_17	0	0.95	maximum_S	7346.0	7346	True
2026_all5mer	5mers_A_RNA_sparse_seq_17	1	0.95	midpoint_Brier	0.004012733406679614	0.004012733406679614	True
2026_all5mer	5mers_A_RNA_sparse_seq_17	1	0.95	midpoint_S	47690.0	47690	True
2026_all5mer	5mers_A_RNA_sparse_seq_17	1	0.95	minimum_S	47058.0	47058	True
2026_all5mer	5mers_A_RNA_sparse_seq_17	1	0.95	maximum_S	47690.0	47690	True
2026_all5mer	5mers_A_RNA_sparse_seq_18	0	0.95	midpoint_Brier	0.04884368415006808	0.04884368415006808	True
2026_all5mer	5mers_A_RNA_sparse_seq_18	0	0.95	midpoint_S	3391.0	3391	True
2026_all5mer	5mers_A_RNA_sparse_seq_18	0	0.95	minimum_S	2778.0	2778	True
2026_all5mer	5mers_A_RNA_sparse_seq_18	0	0.95	maximum_S	3391.0	3391	True
2026_all5mer	5mers_A_RNA_sparse_seq_18	1	0.95	midpoint_Brier	0.0032683931456933876	0.0032683931456933876	True
2026_all5mer	5mers_A_RNA_sparse_seq_18	1	0.95	midpoint_S	50545.0	50545	True
2026_all5mer	5mers_A_RNA_sparse_seq_18	1	0.95	minimum_S	49861.0	49861	True
2026_all5mer	5mers_A_RNA_sparse_seq_18	1	0.95	maximum_S	50545.0	50545	True
2026_all5mer	5mers_A_RNA_sparse_seq_19	0	0.95	midpoint_Brier	0.027845780866859602	0.027845780866859602	True
2026_all5mer	5mers_A_RNA_sparse_seq_19	0	0.95	midpoint_S	2740.0	2740	True
2026_all5mer	5mers_A_RNA_sparse_seq_19	0	0.95	minimum_S	2364.0	2364	True
2026_all5mer	5mers_A_RNA_sparse_seq_19	0	0.95	maximum_S	2740.0	2740	True
2026_all5mer	5mers_A_RNA_sparse_seq_19	1	0.95	midpoint_Brier	0.0032890603889225325	0.0032890603889225325	True
2026_all5mer	5mers_A_RNA_sparse_seq_19	1	0.95	midpoint_S	49526.0	49526	True
2026_all5mer	5mers_A_RNA_sparse_seq_19	1	0.95	minimum_S	49027.0	49027	True
2026_all5mer	5mers_A_RNA_sparse_seq_19	1	0.95	maximum_S	49526.0	49526	True
2026_all5mer	5mers_A_RNA_sparse_seq_20	0	0.95	midpoint_Brier	0.11979835383964026	0.11979835383964026	True
2026_all5mer	5mers_A_RNA_sparse_seq_20	0	0.95	midpoint_S	4108.0	4108	True
2026_all5mer	5mers_A_RNA_sparse_seq_20	0	0.95	minimum_S	3358.0	3358	True
2026_all5mer	5mers_A_RNA_sparse_seq_20	0	0.95	maximum_S	4108.0	4108	True
2026_all5mer	5mers_A_RNA_sparse_seq_20	1	0.95	midpoint_Brier	0.0070126410659095174	0.0070126410659095174	True
2026_all5mer	5mers_A_RNA_sparse_seq_20	1	0.95	midpoint_S	43853.0	43853	True
2026_all5mer	5mers_A_RNA_sparse_seq_20	1	0.95	minimum_S	43125.0	43125	True
2026_all5mer	5mers_A_RNA_sparse_seq_20	1	0.95	maximum_S	43853.0	43853	True
2026_all5mer	5mers_A_RNA_sparse_seq_21	0	0.95	midpoint_Brier	0.03627304741792621	0.03627304741792621	True
2026_all5mer	5mers_A_RNA_sparse_seq_21	0	0.95	midpoint_S	3811.0	3811	True
2026_all5mer	5mers_A_RNA_sparse_seq_21	0	0.95	minimum_S	3152.0	3152	True
2026_all5mer	5mers_A_RNA_sparse_seq_21	0	0.95	maximum_S	3811.0	3811	True
2026_all5mer	5mers_A_RNA_sparse_seq_21	1	0.95	midpoint_Brier	0.003624600820751449	0.003624600820751449	True
2026_all5mer	5mers_A_RNA_sparse_seq_21	1	0.95	midpoint_S	49212.0	49212	True
2026_all5mer	5mers_A_RNA_sparse_seq_21	1	0.95	minimum_S	48550.0	48550	True
2026_all5mer	5mers_A_RNA_sparse_seq_21	1	0.95	maximum_S	49212.0	49212	True
2026_all5mer	5mers_A_RNA_sparse_seq_22	0	0.95	midpoint_Brier	0.0624904642344621	0.0624904642344621	True
2026_all5mer	5mers_A_RNA_sparse_seq_22	0	0.95	midpoint_S	3902.0	3902	True
2026_all5mer	5mers_A_RNA_sparse_seq_22	0	0.95	minimum_S	3054.0	3054	True
2026_all5mer	5mers_A_RNA_sparse_seq_22	0	0.95	maximum_S	3902.0	3902	True
2026_all5mer	5mers_A_RNA_sparse_seq_22	1	0.95	midpoint_Brier	0.010861830457026963	0.010861830457026963	True
2026_all5mer	5mers_A_RNA_sparse_seq_22	1	0.95	midpoint_S	30972.0	30972	True
2026_all5mer	5mers_A_RNA_sparse_seq_22	1	0.95	minimum_S	30097.0	30097	True
2026_all5mer	5mers_A_RNA_sparse_seq_22	1	0.95	maximum_S	30972.0	30972	True
2026_all5mer	5mers_A_RNA_sparse_seq_23	0	0.95	midpoint_Brier	0.09627676192828065	0.09627676192828065	True
2026_all5mer	5mers_A_RNA_sparse_seq_23	0	0.95	midpoint_S	2088.0	2088	True
2026_all5mer	5mers_A_RNA_sparse_seq_23	0	0.95	minimum_S	1361.0	1361	True
2026_all5mer	5mers_A_RNA_sparse_seq_23	0	0.95	maximum_S	2088.0	2088	True
2026_all5mer	5mers_A_RNA_sparse_seq_23	1	0.95	midpoint_Brier	0.004439922826837926	0.004439922826837926	True
2026_all5mer	5mers_A_RNA_sparse_seq_23	1	0.95	midpoint_S	39863.0	39863	True
2026_all5mer	5mers_A_RNA_sparse_seq_23	1	0.95	minimum_S	39045.0	39045	True
2026_all5mer	5mers_A_RNA_sparse_seq_23	1	0.95	maximum_S	39863.0	39863	True
2026_all5mer	5mers_A_RNA_sparse_seq_24	0	0.95	midpoint_Brier	0.05500869315425971	0.05500869315425971	True
2026_all5mer	5mers_A_RNA_sparse_seq_24	0	0.95	midpoint_S	4204.0	4204	True
2026_all5mer	5mers_A_RNA_sparse_seq_24	0	0.95	minimum_S	3503.0	3503	True
2026_all5mer	5mers_A_RNA_sparse_seq_24	0	0.95	maximum_S	4204.0	4204	True
2026_all5mer	5mers_A_RNA_sparse_seq_24	1	0.95	midpoint_Brier	0.0038659556584273165	0.0038659556584273165	True
2026_all5mer	5mers_A_RNA_sparse_seq_24	1	0.95	midpoint_S	46591.0	46591	True
2026_all5mer	5mers_A_RNA_sparse_seq_24	1	0.95	minimum_S	45803.0	45803	True
2026_all5mer	5mers_A_RNA_sparse_seq_24	1	0.95	maximum_S	46591.0	46591	True
2026_all5mer	5mers_A_RNA_sparse_seq_25	0	0.95	midpoint_Brier	0.040455282480280505	0.040455282480280505	True
2026_all5mer	5mers_A_RNA_sparse_seq_25	0	0.95	midpoint_S	2957.0	2957	True
2026_all5mer	5mers_A_RNA_sparse_seq_25	0	0.95	minimum_S	2246.0	2246	True
2026_all5mer	5mers_A_RNA_sparse_seq_25	0	0.95	maximum_S	2957.0	2957	True
2026_all5mer	5mers_A_RNA_sparse_seq_25	1	0.95	midpoint_Brier	0.00701299976096703	0.00701299976096703	True
2026_all5mer	5mers_A_RNA_sparse_seq_25	1	0.95	midpoint_S	46365.0	46365	True
2026_all5mer	5mers_A_RNA_sparse_seq_25	1	0.95	minimum_S	45643.0	45643	True
2026_all5mer	5mers_A_RNA_sparse_seq_25	1	0.95	maximum_S	46365.0	46365	True
2026_all5mer	5mers_A_RNA_sparse_seq_26	0	0.95	midpoint_Brier	0.0231138888788046	0.0231138888788046	True
2026_all5mer	5mers_A_RNA_sparse_seq_26	0	0.95	midpoint_S	4304.0	4304	True
2026_all5mer	5mers_A_RNA_sparse_seq_26	0	0.95	minimum_S	3627.0	3627	True
2026_all5mer	5mers_A_RNA_sparse_seq_26	0	0.95	maximum_S	4304.0	4304	True
2026_all5mer	5mers_A_RNA_sparse_seq_26	1	0.95	midpoint_Brier	0.003483292064119943	0.003483292064119943	True
2026_all5mer	5mers_A_RNA_sparse_seq_26	1	0.95	midpoint_S	43637.0	43637	True
2026_all5mer	5mers_A_RNA_sparse_seq_26	1	0.95	minimum_S	42812.0	42812	True
2026_all5mer	5mers_A_RNA_sparse_seq_26	1	0.95	maximum_S	43637.0	43637	True
2026_all5mer	5mers_A_RNA_sparse_seq_27	0	0.95	midpoint_Brier	0.036447597455374806	0.036447597455374806	True
2026_all5mer	5mers_A_RNA_sparse_seq_27	0	0.95	midpoint_S	3476.0	3476	True
2026_all5mer	5mers_A_RNA_sparse_seq_27	0	0.95	minimum_S	2874.0	2874	True
2026_all5mer	5mers_A_RNA_sparse_seq_27	0	0.95	maximum_S	3476.0	3476	True
2026_all5mer	5mers_A_RNA_sparse_seq_27	1	0.95	midpoint_Brier	0.003834051747633944	0.003834051747633944	True
2026_all5mer	5mers_A_RNA_sparse_seq_27	1	0.95	midpoint_S	50610.0	50610	True
2026_all5mer	5mers_A_RNA_sparse_seq_27	1	0.95	minimum_S	49916.0	49916	True
2026_all5mer	5mers_A_RNA_sparse_seq_27	1	0.95	maximum_S	50610.0	50610	True
2026_all5mer	5mers_A_RNA_sparse_seq_28	0	0.95	midpoint_Brier	0.01220400166498462	0.01220400166498462	True
2026_all5mer	5mers_A_RNA_sparse_seq_28	0	0.95	midpoint_S	5471.0	5471	True
2026_all5mer	5mers_A_RNA_sparse_seq_28	0	0.95	minimum_S	4910.0	4910	True
2026_all5mer	5mers_A_RNA_sparse_seq_28	0	0.95	maximum_S	5471.0	5471	True
2026_all5mer	5mers_A_RNA_sparse_seq_28	1	0.95	midpoint_Brier	0.012825763685200652	0.012825763685200652	True
2026_all5mer	5mers_A_RNA_sparse_seq_28	1	0.95	midpoint_S	49925.0	49925	True
2026_all5mer	5mers_A_RNA_sparse_seq_28	1	0.95	minimum_S	49341.0	49341	True
2026_all5mer	5mers_A_RNA_sparse_seq_28	1	0.95	maximum_S	49925.0	49925	True
2026_all5mer	5mers_A_RNA_sparse_seq_29	0	0.95	midpoint_Brier	0.05080001185932111	0.05080001185932111	True
2026_all5mer	5mers_A_RNA_sparse_seq_29	0	0.95	midpoint_S	2791.0	2791	True
2026_all5mer	5mers_A_RNA_sparse_seq_29	0	0.95	minimum_S	2244.0	2244	True
2026_all5mer	5mers_A_RNA_sparse_seq_29	0	0.95	maximum_S	2791.0	2791	True
2026_all5mer	5mers_A_RNA_sparse_seq_29	1	0.95	midpoint_Brier	0.0028995740379643953	0.0028995740379643953	True
2026_all5mer	5mers_A_RNA_sparse_seq_29	1	0.95	midpoint_S	52909.0	52909	True
2026_all5mer	5mers_A_RNA_sparse_seq_29	1	0.95	minimum_S	52290.0	52290	True
2026_all5mer	5mers_A_RNA_sparse_seq_29	1	0.95	maximum_S	52909.0	52909	True
2026_all5mer	5mers_A_RNA_sparse_seq_30	0	0.95	midpoint_Brier	0.012568337576729911	0.012568337576729911	True
2026_all5mer	5mers_A_RNA_sparse_seq_30	0	0.95	midpoint_S	7469.0	7469	True
2026_all5mer	5mers_A_RNA_sparse_seq_30	0	0.95	minimum_S	6763.0	6763	True
2026_all5mer	5mers_A_RNA_sparse_seq_30	0	0.95	maximum_S	7469.0	7469	True
2026_all5mer	5mers_A_RNA_sparse_seq_30	1	0.95	midpoint_Brier	0.012168232090893264	0.012168232090893264	True
2026_all5mer	5mers_A_RNA_sparse_seq_30	1	0.95	midpoint_S	36317.0	36317	True
2026_all5mer	5mers_A_RNA_sparse_seq_30	1	0.95	minimum_S	35536.0	35536	True
2026_all5mer	5mers_A_RNA_sparse_seq_30	1	0.95	maximum_S	36317.0	36317	True
2026_all5mer	5mers_A_RNA_sparse_seq_31	0	0.95	midpoint_Brier	0.03092738434798152	0.03092738434798152	True
2026_all5mer	5mers_A_RNA_sparse_seq_31	0	0.95	midpoint_S	2606.0	2606	True
2026_all5mer	5mers_A_RNA_sparse_seq_31	0	0.95	minimum_S	2098.0	2098	True
2026_all5mer	5mers_A_RNA_sparse_seq_31	0	0.95	maximum_S	2606.0	2606	True
2026_all5mer	5mers_A_RNA_sparse_seq_31	1	0.95	midpoint_Brier	0.0033541706510915275	0.0033541706510915275	True
2026_all5mer	5mers_A_RNA_sparse_seq_31	1	0.95	midpoint_S	52098.0	52098	True
2026_all5mer	5mers_A_RNA_sparse_seq_31	1	0.95	minimum_S	51429.0	51429	True
2026_all5mer	5mers_A_RNA_sparse_seq_31	1	0.95	maximum_S	52098.0	52098	True
2026_all5mer	5mers_A_RNA_sparse_seq_32	0	0.95	midpoint_Brier	0.06632760362122607	0.06632760362122607	True
2026_all5mer	5mers_A_RNA_sparse_seq_32	0	0.95	midpoint_S	3454.0	3454	True
2026_all5mer	5mers_A_RNA_sparse_seq_32	0	0.95	minimum_S	2628.0	2628	True
2026_all5mer	5mers_A_RNA_sparse_seq_32	0	0.95	maximum_S	3454.0	3454	True
2026_all5mer	5mers_A_RNA_sparse_seq_32	1	0.95	midpoint_Brier	0.005612968010269082	0.005612968010269082	True
2026_all5mer	5mers_A_RNA_sparse_seq_32	1	0.95	midpoint_S	39415.0	39415	True
2026_all5mer	5mers_A_RNA_sparse_seq_32	1	0.95	minimum_S	38618.0	38618	True
2026_all5mer	5mers_A_RNA_sparse_seq_32	1	0.95	maximum_S	39415.0	39415	True
2026_all5mer	ALL	0	0.95	midpoint_Brier	0.038462013391091975	0.038462013391091975	True
2026_all5mer	ALL	0	0.95	midpoint_S	131790.0	131790	True
2026_all5mer	ALL	0	0.95	minimum_S	110866.0	110866	True
2026_all5mer	ALL	0	0.95	maximum_S	131790.0	131790	True
2026_all5mer	ALL	1	0.95	midpoint_Brier	0.005210449916903721	0.005210449916903721	True
2026_all5mer	ALL	1	0.95	midpoint_S	1460762.0	1460762	True
2026_all5mer	ALL	1	0.95	minimum_S	1437491.0	1437491	True
2026_all5mer	ALL	1	0.95	maximum_S	1460762.0	1460762	True
2026_all5mer	5mers_A_RNA_sparse_seq_01	0	0.99	midpoint_Brier	0.012713708152658024	0.012713708152658024	True
2026_all5mer	5mers_A_RNA_sparse_seq_01	0	0.99	midpoint_S	3039.0	3039	True
2026_all5mer	5mers_A_RNA_sparse_seq_01	0	0.99	minimum_S	2536.0	2536	True
2026_all5mer	5mers_A_RNA_sparse_seq_01	0	0.99	maximum_S	3039.0	3039	True
2026_all5mer	5mers_A_RNA_sparse_seq_01	1	0.99	midpoint_Brier	0.0010569698883996404	0.0010569698883996404	True
2026_all5mer	5mers_A_RNA_sparse_seq_01	1	0.99	midpoint_S	30850.0	30850	True
2026_all5mer	5mers_A_RNA_sparse_seq_01	1	0.99	minimum_S	25227.0	25227	True
2026_all5mer	5mers_A_RNA_sparse_seq_01	1	0.99	maximum_S	30850.0	30850	True
2026_all5mer	5mers_A_RNA_sparse_seq_02	0	0.99	midpoint_Brier	0.011341501621498148	0.011341501621498148	True
2026_all5mer	5mers_A_RNA_sparse_seq_02	0	0.99	midpoint_S	2439.0	2439	True
2026_all5mer	5mers_A_RNA_sparse_seq_02	0	0.99	minimum_S	2015.0	2015	True
2026_all5mer	5mers_A_RNA_sparse_seq_02	0	0.99	maximum_S	2439.0	2439	True
2026_all5mer	5mers_A_RNA_sparse_seq_02	1	0.99	midpoint_Brier	0.0011062905877111257	0.0011062905877111257	True
2026_all5mer	5mers_A_RNA_sparse_seq_02	1	0.99	midpoint_S	27420.0	27420	True
2026_all5mer	5mers_A_RNA_sparse_seq_02	1	0.99	minimum_S	23909.0	23909	True
2026_all5mer	5mers_A_RNA_sparse_seq_02	1	0.99	maximum_S	27420.0	27420	True
2026_all5mer	5mers_A_RNA_sparse_seq_03	0	0.99	midpoint_Brier	0.025243953782684948	0.025243953782684948	True
2026_all5mer	5mers_A_RNA_sparse_seq_03	0	0.99	midpoint_S	784.0	784	True
2026_all5mer	5mers_A_RNA_sparse_seq_03	0	0.99	minimum_S	543.0	543	True
2026_all5mer	5mers_A_RNA_sparse_seq_03	0	0.99	maximum_S	784.0	784	True
2026_all5mer	5mers_A_RNA_sparse_seq_03	1	0.99	midpoint_Brier	0.0005983941153089254	0.0005983941153089254	True
2026_all5mer	5mers_A_RNA_sparse_seq_03	1	0.99	midpoint_S	32696.0	32696	True
2026_all5mer	5mers_A_RNA_sparse_seq_03	1	0.99	minimum_S	28207.0	28207	True
2026_all5mer	5mers_A_RNA_sparse_seq_03	1	0.99	maximum_S	32696.0	32696	True
2026_all5mer	5mers_A_RNA_sparse_seq_04	0	0.99	midpoint_Brier	0.07419011524475883	0.07419011524475883	True
2026_all5mer	5mers_A_RNA_sparse_seq_04	0	0.99	midpoint_S	1011.0	1011	True
2026_all5mer	5mers_A_RNA_sparse_seq_04	0	0.99	minimum_S	747.0	747	True
2026_all5mer	5mers_A_RNA_sparse_seq_04	0	0.99	maximum_S	1011.0	1011	True
2026_all5mer	5mers_A_RNA_sparse_seq_04	1	0.99	midpoint_Brier	0.0006510963302005387	0.0006510963302005387	True
2026_all5mer	5mers_A_RNA_sparse_seq_04	1	0.99	midpoint_S	29868.0	29868	True
2026_all5mer	5mers_A_RNA_sparse_seq_04	1	0.99	minimum_S	25758.0	25758	True
2026_all5mer	5mers_A_RNA_sparse_seq_04	1	0.99	maximum_S	29868.0	29868	True
2026_all5mer	5mers_A_RNA_sparse_seq_05	0	0.99	midpoint_Brier	0.023864947947686028	0.023864947947686028	True
2026_all5mer	5mers_A_RNA_sparse_seq_05	0	0.99	midpoint_S	1115.0	1115	True
2026_all5mer	5mers_A_RNA_sparse_seq_05	0	0.99	minimum_S	807.0	807	True
2026_all5mer	5mers_A_RNA_sparse_seq_05	0	0.99	maximum_S	1115.0	1115	True
2026_all5mer	5mers_A_RNA_sparse_seq_05	1	0.99	midpoint_Brier	0.000523592082840787	0.000523592082840787	True
2026_all5mer	5mers_A_RNA_sparse_seq_05	1	0.99	midpoint_S	35490.0	35490	True
2026_all5mer	5mers_A_RNA_sparse_seq_05	1	0.99	minimum_S	31071.0	31071	True
2026_all5mer	5mers_A_RNA_sparse_seq_05	1	0.99	maximum_S	35490.0	35490	True
2026_all5mer	5mers_A_RNA_sparse_seq_06	0	0.99	midpoint_Brier	0.006193921850361955	0.006193921850361955	True
2026_all5mer	5mers_A_RNA_sparse_seq_06	0	0.99	midpoint_S	2725.0	2725	True
2026_all5mer	5mers_A_RNA_sparse_seq_06	0	0.99	minimum_S	2226.0	2226	True
2026_all5mer	5mers_A_RNA_sparse_seq_06	0	0.99	maximum_S	2725.0	2725	True
2026_all5mer	5mers_A_RNA_sparse_seq_06	1	0.99	midpoint_Brier	0.001295289046910039	0.001295289046910039	True
2026_all5mer	5mers_A_RNA_sparse_seq_06	1	0.99	midpoint_S	31884.0	31884	True
2026_all5mer	5mers_A_RNA_sparse_seq_06	1	0.99	minimum_S	27369.0	27369	True
2026_all5mer	5mers_A_RNA_sparse_seq_06	1	0.99	maximum_S	31884.0	31884	True
2026_all5mer	5mers_A_RNA_sparse_seq_07	0	0.99	midpoint_Brier	0.029266065991183098	0.029266065991183098	True
2026_all5mer	5mers_A_RNA_sparse_seq_07	0	0.99	midpoint_S	877.0	877	True
2026_all5mer	5mers_A_RNA_sparse_seq_07	0	0.99	minimum_S	704.0	704	True
2026_all5mer	5mers_A_RNA_sparse_seq_07	0	0.99	maximum_S	877.0	877	True
2026_all5mer	5mers_A_RNA_sparse_seq_07	1	0.99	midpoint_Brier	0.000472149701059876	0.000472149701059876	True
2026_all5mer	5mers_A_RNA_sparse_seq_07	1	0.99	midpoint_S	30762.0	30762	True
2026_all5mer	5mers_A_RNA_sparse_seq_07	1	0.99	minimum_S	26866.0	26866	True
2026_all5mer	5mers_A_RNA_sparse_seq_07	1	0.99	maximum_S	30762.0	30762	True
2026_all5mer	5mers_A_RNA_sparse_seq_08	0	0.99	midpoint_Brier	0.011775608232537788	0.011775608232537788	True
2026_all5mer	5mers_A_RNA_sparse_seq_08	0	0.99	midpoint_S	1348.0	1348	True
2026_all5mer	5mers_A_RNA_sparse_seq_08	0	0.99	minimum_S	1045.0	1045	True
2026_all5mer	5mers_A_RNA_sparse_seq_08	0	0.99	maximum_S	1348.0	1348	True
2026_all5mer	5mers_A_RNA_sparse_seq_08	1	0.99	midpoint_Brier	0.0007184035377760114	0.0007184035377760114	True
2026_all5mer	5mers_A_RNA_sparse_seq_08	1	0.99	midpoint_S	36863.0	36863	True
2026_all5mer	5mers_A_RNA_sparse_seq_08	1	0.99	minimum_S	32847.0	32847	True
2026_all5mer	5mers_A_RNA_sparse_seq_08	1	0.99	maximum_S	36863.0	36863	True
2026_all5mer	5mers_A_RNA_sparse_seq_09	0	0.99	midpoint_Brier	0.006431218914740409	0.006431218914740409	True
2026_all5mer	5mers_A_RNA_sparse_seq_09	0	0.99	midpoint_S	3247.0	3247	True
2026_all5mer	5mers_A_RNA_sparse_seq_09	0	0.99	minimum_S	2636.0	2636	True
2026_all5mer	5mers_A_RNA_sparse_seq_09	0	0.99	maximum_S	3247.0	3247	True
2026_all5mer	5mers_A_RNA_sparse_seq_09	1	0.99	midpoint_Brier	0.0014412276086081185	0.0014412276086081185	True
2026_all5mer	5mers_A_RNA_sparse_seq_09	1	0.99	midpoint_S	29225.0	29225	True
2026_all5mer	5mers_A_RNA_sparse_seq_09	1	0.99	minimum_S	25308.0	25308	True
2026_all5mer	5mers_A_RNA_sparse_seq_09	1	0.99	maximum_S	29225.0	29225	True
2026_all5mer	5mers_A_RNA_sparse_seq_10	0	0.99	midpoint_Brier	0.06415489228699496	0.06415489228699496	True
2026_all5mer	5mers_A_RNA_sparse_seq_10	0	0.99	midpoint_S	478.0	478	True
2026_all5mer	5mers_A_RNA_sparse_seq_10	0	0.99	minimum_S	324.0	324	True
2026_all5mer	5mers_A_RNA_sparse_seq_10	0	0.99	maximum_S	478.0	478	True
2026_all5mer	5mers_A_RNA_sparse_seq_10	1	0.99	midpoint_Brier	0.0006254371869215773	0.0006254371869215773	True
2026_all5mer	5mers_A_RNA_sparse_seq_10	1	0.99	midpoint_S	37582.0	37582	True
2026_all5mer	5mers_A_RNA_sparse_seq_10	1	0.99	minimum_S	33501.0	33501	True
2026_all5mer	5mers_A_RNA_sparse_seq_10	1	0.99	maximum_S	37582.0	37582	True
2026_all5mer	5mers_A_RNA_sparse_seq_11	0	0.99	midpoint_Brier	0.00925360989857869	0.00925360989857869	True
2026_all5mer	5mers_A_RNA_sparse_seq_11	0	0.99	midpoint_S	3320.0	3320	True
2026_all5mer	5mers_A_RNA_sparse_seq_11	0	0.99	minimum_S	2696.0	2696	True
2026_all5mer	5mers_A_RNA_sparse_seq_11	0	0.99	maximum_S	3320.0	3320	True
2026_all5mer	5mers_A_RNA_sparse_seq_11	1	0.99	midpoint_Brier	0.001432225065673856	0.001432225065673856	True
2026_all5mer	5mers_A_RNA_sparse_seq_11	1	0.99	midpoint_S	35084.0	35084	True
2026_all5mer	5mers_A_RNA_sparse_seq_11	1	0.99	minimum_S	30271.0	30271	True
2026_all5mer	5mers_A_RNA_sparse_seq_11	1	0.99	maximum_S	35084.0	35084	True
2026_all5mer	5mers_A_RNA_sparse_seq_12	0	0.99	midpoint_Brier	0.04927716936383929	0.04927716936383929	True
2026_all5mer	5mers_A_RNA_sparse_seq_12	0	0.99	midpoint_S	1120.0	1120	True
2026_all5mer	5mers_A_RNA_sparse_seq_12	0	0.99	minimum_S	833.0	833	True
2026_all5mer	5mers_A_RNA_sparse_seq_12	0	0.99	maximum_S	1120.0	1120	True
2026_all5mer	5mers_A_RNA_sparse_seq_12	1	0.99	midpoint_Brier	0.000950418106917324	0.000950418106917324	True
2026_all5mer	5mers_A_RNA_sparse_seq_12	1	0.99	midpoint_S	31092.0	31092	True
2026_all5mer	5mers_A_RNA_sparse_seq_12	1	0.99	minimum_S	25677.0	25677	True
2026_all5mer	5mers_A_RNA_sparse_seq_12	1	0.99	maximum_S	31092.0	31092	True
2026_all5mer	5mers_A_RNA_sparse_seq_13	0	0.99	midpoint_Brier	0.03179099824693468	0.03179099824693468	True
2026_all5mer	5mers_A_RNA_sparse_seq_13	0	0.99	midpoint_S	1152.0	1152	True
2026_all5mer	5mers_A_RNA_sparse_seq_13	0	0.99	minimum_S	869.0	869	True
2026_all5mer	5mers_A_RNA_sparse_seq_13	0	0.99	maximum_S	1152.0	1152	True
2026_all5mer	5mers_A_RNA_sparse_seq_13	1	0.99	midpoint_Brier	0.0005134811172714005	0.0005134811172714005	True
2026_all5mer	5mers_A_RNA_sparse_seq_13	1	0.99	midpoint_S	40040.0	40040	True
2026_all5mer	5mers_A_RNA_sparse_seq_13	1	0.99	minimum_S	36032.0	36032	True
2026_all5mer	5mers_A_RNA_sparse_seq_13	1	0.99	maximum_S	40040.0	40040	True
2026_all5mer	5mers_A_RNA_sparse_seq_14	0	0.99	midpoint_Brier	0.00919709907066946	0.00919709907066946	True
2026_all5mer	5mers_A_RNA_sparse_seq_14	0	0.99	midpoint_S	2692.0	2692	True
2026_all5mer	5mers_A_RNA_sparse_seq_14	0	0.99	minimum_S	2221.0	2221	True
2026_all5mer	5mers_A_RNA_sparse_seq_14	0	0.99	maximum_S	2692.0	2692	True
2026_all5mer	5mers_A_RNA_sparse_seq_14	1	0.99	midpoint_Brier	0.0005203892644324748	0.0005203892644324748	True
2026_all5mer	5mers_A_RNA_sparse_seq_14	1	0.99	midpoint_S	35714.0	35714	True
2026_all5mer	5mers_A_RNA_sparse_seq_14	1	0.99	minimum_S	31602.0	31602	True
2026_all5mer	5mers_A_RNA_sparse_seq_14	1	0.99	maximum_S	35714.0	35714	True
2026_all5mer	5mers_A_RNA_sparse_seq_15	0	0.99	midpoint_Brier	0.05257578157587313	0.05257578157587313	True
2026_all5mer	5mers_A_RNA_sparse_seq_15	0	0.99	midpoint_S	693.0	693	True
2026_all5mer	5mers_A_RNA_sparse_seq_15	0	0.99	minimum_S	441.0	441	True
2026_all5mer	5mers_A_RNA_sparse_seq_15	0	0.99	maximum_S	693.0	693	True
2026_all5mer	5mers_A_RNA_sparse_seq_15	1	0.99	midpoint_Brier	0.0030545101730374436	0.0030545101730374436	True
2026_all5mer	5mers_A_RNA_sparse_seq_15	1	0.99	midpoint_S	24188.0	24188	True
2026_all5mer	5mers_A_RNA_sparse_seq_15	1	0.99	minimum_S	19880.0	19880	True
2026_all5mer	5mers_A_RNA_sparse_seq_15	1	0.99	maximum_S	24188.0	24188	True
2026_all5mer	5mers_A_RNA_sparse_seq_16	0	0.99	midpoint_Brier	0.007942129236848233	0.007942129236848233	True
2026_all5mer	5mers_A_RNA_sparse_seq_16	0	0.99	midpoint_S	2869.0	2869	True
2026_all5mer	5mers_A_RNA_sparse_seq_16	0	0.99	minimum_S	2302.0	2302	True
2026_all5mer	5mers_A_RNA_sparse_seq_16	0	0.99	maximum_S	2869.0	2869	True
2026_all5mer	5mers_A_RNA_sparse_seq_16	1	0.99	midpoint_Brier	0.0026595280392193365	0.0026595280392193365	True
2026_all5mer	5mers_A_RNA_sparse_seq_16	1	0.99	midpoint_S	25965.0	25965	True
2026_all5mer	5mers_A_RNA_sparse_seq_16	1	0.99	minimum_S	21091.0	21091	True
2026_all5mer	5mers_A_RNA_sparse_seq_16	1	0.99	maximum_S	25965.0	25965	True
2026_all5mer	5mers_A_RNA_sparse_seq_17	0	0.99	midpoint_Brier	0.006979593818035554	0.006979593818035554	True
2026_all5mer	5mers_A_RNA_sparse_seq_17	0	0.99	midpoint_S	4403.0	4403	True
2026_all5mer	5mers_A_RNA_sparse_seq_17	0	0.99	minimum_S	3748.0	3748	True
2026_all5mer	5mers_A_RNA_sparse_seq_17	0	0.99	maximum_S	4403.0	4403	True
2026_all5mer	5mers_A_RNA_sparse_seq_17	1	0.99	midpoint_Brier	0.0009053174470060328	0.0009053174470060328	True
2026_all5mer	5mers_A_RNA_sparse_seq_17	1	0.99	midpoint_S	35693.0	35693	True
2026_all5mer	5mers_A_RNA_sparse_seq_17	1	0.99	minimum_S	31906.0	31906	True
2026_all5mer	5mers_A_RNA_sparse_seq_17	1	0.99	maximum_S	35693.0	35693	True
2026_all5mer	5mers_A_RNA_sparse_seq_18	0	0.99	midpoint_Brier	0.02547263638779509	0.02547263638779509	True
2026_all5mer	5mers_A_RNA_sparse_seq_18	0	0.99	midpoint_S	1243.0	1243	True
2026_all5mer	5mers_A_RNA_sparse_seq_18	0	0.99	minimum_S	947.0	947	True
2026_all5mer	5mers_A_RNA_sparse_seq_18	0	0.99	maximum_S	1243.0	1243	True
2026_all5mer	5mers_A_RNA_sparse_seq_18	1	0.99	midpoint_Brier	0.0007349836439885875	0.0007349836439885875	True
2026_all5mer	5mers_A_RNA_sparse_seq_18	1	0.99	midpoint_S	37388.0	37388	True
2026_all5mer	5mers_A_RNA_sparse_seq_18	1	0.99	minimum_S	33143.0	33143	True
2026_all5mer	5mers_A_RNA_sparse_seq_18	1	0.99	maximum_S	37388.0	37388	True
2026_all5mer	5mers_A_RNA_sparse_seq_19	0	0.99	midpoint_Brier	0.022719559160251063	0.022719559160251063	True
2026_all5mer	5mers_A_RNA_sparse_seq_19	0	0.99	midpoint_S	1133.0	1133	True
2026_all5mer	5mers_A_RNA_sparse_seq_19	0	0.99	minimum_S	882.0	882	True
2026_all5mer	5mers_A_RNA_sparse_seq_19	0	0.99	maximum_S	1133.0	1133	True
2026_all5mer	5mers_A_RNA_sparse_seq_19	1	0.99	midpoint_Brier	0.0005518689055377975	0.0005518689055377975	True
2026_all5mer	5mers_A_RNA_sparse_seq_19	1	0.99	midpoint_S	40450.0	40450	True
2026_all5mer	5mers_A_RNA_sparse_seq_19	1	0.99	minimum_S	37477.0	37477	True
2026_all5mer	5mers_A_RNA_sparse_seq_19	1	0.99	maximum_S	40450.0	40450	True
2026_all5mer	5mers_A_RNA_sparse_seq_20	0	0.99	midpoint_Brier	0.07541974545726247	0.07541974545726247	True
2026_all5mer	5mers_A_RNA_sparse_seq_20	0	0.99	midpoint_S	1191.0	1191	True
2026_all5mer	5mers_A_RNA_sparse_seq_20	0	0.99	minimum_S	861.0	861	True
2026_all5mer	5mers_A_RNA_sparse_seq_20	0	0.99	maximum_S	1191.0	1191	True
2026_all5mer	5mers_A_RNA_sparse_seq_20	1	0.99	midpoint_Brier	0.0016433865219679718	0.0016433865219679718	True
2026_all5mer	5mers_A_RNA_sparse_seq_20	1	0.99	midpoint_S	30436.0	30436	True
2026_all5mer	5mers_A_RNA_sparse_seq_20	1	0.99	minimum_S	26464.0	26464	True
2026_all5mer	5mers_A_RNA_sparse_seq_20	1	0.99	maximum_S	30436.0	30436	True
2026_all5mer	5mers_A_RNA_sparse_seq_21	0	0.99	midpoint_Brier	0.020089336596580576	0.020089336596580576	True
2026_all5mer	5mers_A_RNA_sparse_seq_21	0	0.99	midpoint_S	1478.0	1478	True
2026_all5mer	5mers_A_RNA_sparse_seq_21	0	0.99	minimum_S	1140.0	1140	True
2026_all5mer	5mers_A_RNA_sparse_seq_21	0	0.99	maximum_S	1478.0	1478	True
2026_all5mer	5mers_A_RNA_sparse_seq_21	1	0.99	midpoint_Brier	0.0006800726553038392	0.0006800726553038392	True
2026_all5mer	5mers_A_RNA_sparse_seq_21	1	0.99	midpoint_S	36073.0	36073	True
2026_all5mer	5mers_A_RNA_sparse_seq_21	1	0.99	minimum_S	31481.0	31481	True
2026_all5mer	5mers_A_RNA_sparse_seq_21	1	0.99	maximum_S	36073.0	36073	True
2026_all5mer	5mers_A_RNA_sparse_seq_22	0	0.99	midpoint_Brier	0.02505120132833467	0.02505120132833467	True
2026_all5mer	5mers_A_RNA_sparse_seq_22	0	0.99	midpoint_S	1537.0	1537	True
2026_all5mer	5mers_A_RNA_sparse_seq_22	0	0.99	minimum_S	1238.0	1238	True
2026_all5mer	5mers_A_RNA_sparse_seq_22	0	0.99	maximum_S	1537.0	1537	True
2026_all5mer	5mers_A_RNA_sparse_seq_22	1	0.99	midpoint_Brier	0.0028972229119284616	0.0028972229119284616	True
2026_all5mer	5mers_A_RNA_sparse_seq_22	1	0.99	midpoint_S	16928.0	16928	True
2026_all5mer	5mers_A_RNA_sparse_seq_22	1	0.99	minimum_S	13217.0	13217	True
2026_all5mer	5mers_A_RNA_sparse_seq_22	1	0.99	maximum_S	16928.0	16928	True
2026_all5mer	5mers_A_RNA_sparse_seq_23	0	0.99	midpoint_Brier	0.06718578673245613	0.06718578673245613	True
2026_all5mer	5mers_A_RNA_sparse_seq_23	0	0.99	midpoint_S	456.0	456	True
2026_all5mer	5mers_A_RNA_sparse_seq_23	0	0.99	minimum_S	361.0	361	True
2026_all5mer	5mers_A_RNA_sparse_seq_23	0	0.99	maximum_S	456.0	456	True
2026_all5mer	5mers_A_RNA_sparse_seq_23	1	0.99	midpoint_Brier	0.0007018097226222847	0.0007018097226222847	True
2026_all5mer	5mers_A_RNA_sparse_seq_23	1	0.99	midpoint_S	25129.0	25129	True
2026_all5mer	5mers_A_RNA_sparse_seq_23	1	0.99	minimum_S	20567.0	20567	True
2026_all5mer	5mers_A_RNA_sparse_seq_23	1	0.99	maximum_S	25129.0	25129	True
2026_all5mer	5mers_A_RNA_sparse_seq_24	0	0.99	midpoint_Brier	0.019206857502236684	0.019206857502236684	True
2026_all5mer	5mers_A_RNA_sparse_seq_24	0	0.99	midpoint_S	1598.0	1598	True
2026_all5mer	5mers_A_RNA_sparse_seq_24	0	0.99	minimum_S	1224.0	1224	True
2026_all5mer	5mers_A_RNA_sparse_seq_24	0	0.99	maximum_S	1598.0	1598	True
2026_all5mer	5mers_A_RNA_sparse_seq_24	1	0.99	midpoint_Brier	0.00070338349433651	0.00070338349433651	True
2026_all5mer	5mers_A_RNA_sparse_seq_24	1	0.99	midpoint_S	32066.0	32066	True
2026_all5mer	5mers_A_RNA_sparse_seq_24	1	0.99	minimum_S	27614.0	27614	True
2026_all5mer	5mers_A_RNA_sparse_seq_24	1	0.99	maximum_S	32066.0	32066	True
2026_all5mer	5mers_A_RNA_sparse_seq_25	0	0.99	midpoint_Brier	0.017902062114251938	0.017902062114251938	True
2026_all5mer	5mers_A_RNA_sparse_seq_25	0	0.99	midpoint_S	831.0	831	True
2026_all5mer	5mers_A_RNA_sparse_seq_25	0	0.99	minimum_S	559.0	559	True
2026_all5mer	5mers_A_RNA_sparse_seq_25	0	0.99	maximum_S	831.0	831	True
2026_all5mer	5mers_A_RNA_sparse_seq_25	1	0.99	midpoint_Brier	0.0010586416393755754	0.0010586416393755754	True
2026_all5mer	5mers_A_RNA_sparse_seq_25	1	0.99	midpoint_S	33406.0	33406	True
2026_all5mer	5mers_A_RNA_sparse_seq_25	1	0.99	minimum_S	28905.0	28905	True
2026_all5mer	5mers_A_RNA_sparse_seq_25	1	0.99	maximum_S	33406.0	33406	True
2026_all5mer	5mers_A_RNA_sparse_seq_26	0	0.99	midpoint_Brier	0.009421721131073597	0.009421721131073597	True
2026_all5mer	5mers_A_RNA_sparse_seq_26	0	0.99	midpoint_S	1477.0	1477	True
2026_all5mer	5mers_A_RNA_sparse_seq_26	0	0.99	minimum_S	1082.0	1082	True
2026_all5mer	5mers_A_RNA_sparse_seq_26	0	0.99	maximum_S	1477.0	1477	True
2026_all5mer	5mers_A_RNA_sparse_seq_26	1	0.99	midpoint_Brier	0.0005348975348953546	0.0005348975348953546	True
2026_all5mer	5mers_A_RNA_sparse_seq_26	1	0.99	midpoint_S	29099.0	29099	True
2026_all5mer	5mers_A_RNA_sparse_seq_26	1	0.99	minimum_S	24556.0	24556	True
2026_all5mer	5mers_A_RNA_sparse_seq_26	1	0.99	maximum_S	29099.0	29099	True
2026_all5mer	5mers_A_RNA_sparse_seq_27	0	0.99	midpoint_Brier	0.01705903111241799	0.01705903111241799	True
2026_all5mer	5mers_A_RNA_sparse_seq_27	0	0.99	midpoint_S	1448.0	1448	True
2026_all5mer	5mers_A_RNA_sparse_seq_27	0	0.99	minimum_S	1111.0	1111	True
2026_all5mer	5mers_A_RNA_sparse_seq_27	0	0.99	maximum_S	1448.0	1448	True
2026_all5mer	5mers_A_RNA_sparse_seq_27	1	0.99	midpoint_Brier	0.0009251766331250146	0.0009251766331250146	True
2026_all5mer	5mers_A_RNA_sparse_seq_27	1	0.99	midpoint_S	37267.0	37267	True
2026_all5mer	5mers_A_RNA_sparse_seq_27	1	0.99	minimum_S	32609.0	32609	True
2026_all5mer	5mers_A_RNA_sparse_seq_27	1	0.99	maximum_S	37267.0	37267	True
2026_all5mer	5mers_A_RNA_sparse_seq_28	0	0.99	midpoint_Brier	0.006613820205150597	0.006613820205150597	True
2026_all5mer	5mers_A_RNA_sparse_seq_28	0	0.99	midpoint_S	2695.0	2695	True
2026_all5mer	5mers_A_RNA_sparse_seq_28	0	0.99	minimum_S	2155.0	2155	True
2026_all5mer	5mers_A_RNA_sparse_seq_28	0	0.99	maximum_S	2695.0	2695	True
2026_all5mer	5mers_A_RNA_sparse_seq_28	1	0.99	midpoint_Brier	0.004991026017904239	0.004991026017904239	True
2026_all5mer	5mers_A_RNA_sparse_seq_28	1	0.99	midpoint_S	38977.0	38977	True
2026_all5mer	5mers_A_RNA_sparse_seq_28	1	0.99	minimum_S	34755.0	34755	True
2026_all5mer	5mers_A_RNA_sparse_seq_28	1	0.99	maximum_S	38977.0	38977	True
2026_all5mer	5mers_A_RNA_sparse_seq_29	0	0.99	midpoint_Brier	0.043821238650313746	0.043821238650313746	True
2026_all5mer	5mers_A_RNA_sparse_seq_29	0	0.99	midpoint_S	813.0	813	True
2026_all5mer	5mers_A_RNA_sparse_seq_29	0	0.99	minimum_S	584.0	584	True
2026_all5mer	5mers_A_RNA_sparse_seq_29	0	0.99	maximum_S	813.0	813	True
2026_all5mer	5mers_A_RNA_sparse_seq_29	1	0.99	midpoint_Brier	0.000541695884660893	0.000541695884660893	True
2026_all5mer	5mers_A_RNA_sparse_seq_29	1	0.99	midpoint_S	39983.0	39983	True
2026_all5mer	5mers_A_RNA_sparse_seq_29	1	0.99	minimum_S	35268.0	35268	True
2026_all5mer	5mers_A_RNA_sparse_seq_29	1	0.99	maximum_S	39983.0	39983	True
2026_all5mer	5mers_A_RNA_sparse_seq_30	0	0.99	midpoint_Brier	0.005211379452931283	0.005211379452931283	True
2026_all5mer	5mers_A_RNA_sparse_seq_30	0	0.99	midpoint_S	3428.0	3428	True
2026_all5mer	5mers_A_RNA_sparse_seq_30	0	0.99	minimum_S	2734.0	2734	True
2026_all5mer	5mers_A_RNA_sparse_seq_30	0	0.99	maximum_S	3428.0	3428	True
2026_all5mer	5mers_A_RNA_sparse_seq_30	1	0.99	midpoint_Brier	0.00397446779046459	0.00397446779046459	True
2026_all5mer	5mers_A_RNA_sparse_seq_30	1	0.99	midpoint_S	22798.0	22798	True
2026_all5mer	5mers_A_RNA_sparse_seq_30	1	0.99	minimum_S	19076.0	19076	True
2026_all5mer	5mers_A_RNA_sparse_seq_30	1	0.99	maximum_S	22798.0	22798	True
2026_all5mer	5mers_A_RNA_sparse_seq_31	0	0.99	midpoint_Brier	0.014699465219518475	0.014699465219518475	True
2026_all5mer	5mers_A_RNA_sparse_seq_31	0	0.99	midpoint_S	1009.0	1009	True
2026_all5mer	5mers_A_RNA_sparse_seq_31	0	0.99	minimum_S	740.0	740	True
2026_all5mer	5mers_A_RNA_sparse_seq_31	0	0.99	maximum_S	1009.0	1009	True
2026_all5mer	5mers_A_RNA_sparse_seq_31	1	0.99	midpoint_Brier	0.0005471965483564144	0.0005471965483564144	True
2026_all5mer	5mers_A_RNA_sparse_seq_31	1	0.99	midpoint_S	37894.0	37894	True
2026_all5mer	5mers_A_RNA_sparse_seq_31	1	0.99	minimum_S	32664.0	32664	True
2026_all5mer	5mers_A_RNA_sparse_seq_31	1	0.99	maximum_S	37894.0	37894	True
2026_all5mer	5mers_A_RNA_sparse_seq_32	0	0.99	midpoint_Brier	0.03546905860935214	0.03546905860935214	True
2026_all5mer	5mers_A_RNA_sparse_seq_32	0	0.99	midpoint_S	1111.0	1111	True
2026_all5mer	5mers_A_RNA_sparse_seq_32	0	0.99	minimum_S	846.0	846	True
2026_all5mer	5mers_A_RNA_sparse_seq_32	0	0.99	maximum_S	1111.0	1111	True
2026_all5mer	5mers_A_RNA_sparse_seq_32	1	0.99	midpoint_Brier	0.0017749520789531704	0.0017749520789531704	True
2026_all5mer	5mers_A_RNA_sparse_seq_32	1	0.99	midpoint_S	23369.0	23369	True
2026_all5mer	5mers_A_RNA_sparse_seq_32	1	0.99	minimum_S	17569.0	17569	True
2026_all5mer	5mers_A_RNA_sparse_seq_32	1	0.99	maximum_S	23369.0	23369	True
2026_all5mer	ALL	0	0.99	midpoint_Brier	0.018092032433252775	0.018092032433252775	True
2026_all5mer	ALL	0	0.99	midpoint_S	54760.0	54760	True
2026_all5mer	ALL	0	0.99	minimum_S	43157.0	43157	True
2026_all5mer	ALL	0	0.99	maximum_S	54760.0	54760	True
2026_all5mer	ALL	1	0.99	midpoint_Brier	0.0011928862130226457	0.0011928862130226457	True
2026_all5mer	ALL	1	0.99	midpoint_S	1031679.0	1031679	True
2026_all5mer	ALL	1	0.99	minimum_S	891887.0	891887	True
2026_all5mer	ALL	1	0.99	maximum_S	1031679.0	1031679	True
